,Moving Average,ARIMA,Exponential,Linear Regression,Bayesian Regression,SIRH1,SIRH2,SIRH3,SIRH4,VAR,Exponential Multi,SIRH Multi1,SIRH Multi2,SEIR Mob
EnsAvg,0.07142857142857142,0.07142857142857142,0.07142857142857142,0.07142857142857142,0.07142857142857142,0.07142857142857142,0.07142857142857142,0.07142857142857142,0.07142857142857142,0.07142857142857142,0.07142857142857142,0.07142857142857142,0.07142857142857142,0.07142857142857142
EnsMedian,0.07142857142857142,0.07142857142857142,0.07142857142857142,0.07142857142857142,0.07142857142857142,0.07142857142857142,0.07142857142857142,0.07142857142857142,0.07142857142857142,0.07142857142857142,0.07142857142857142,0.07142857142857142,0.07142857142857142,0.07142857142857142
EnsRegr,-0.34445082801712634,0.08929448115044855,0.1828835225856077,-0.001560436989034103,0.006491022305962088,0.057640144336074076,-0.15046228177913318,-0.20990698354481352,0.3100095294062846,0.23523706870728203,-0.000946418047823333,0.41341118263834287,0.0036464166474902138,0.15549224789654167
EnsRMSE,4.3837807035186327e-10,0.20313505433643275,0.08528106235814059,3.6670084497227324e-10,0.002894530154575599,0.18428936056830278,1.2591323567072764e-09,9.49692287440801e-10,0.01636141160416628,0.20353601063216561,2.440164913987637e-10,7.189828632949037e-10,2.204642222899222e-10,0.3045025661488493
EnsWIS,0.0504934334,0.213393611,3.93579881e-13,5.34458293e-11,2.1185109e-05,0.079214839,0.0084119796,0.124978107,0.0172881968,0.255651612,2.10544472e-15,0.0730780345,1.36975342e-07,0.177468865
