,Moving Average,ARIMA,Exponential,Linear Regression,Bayesian Regression,SIRH1,SIRH2,SIRH3,SIRH4,VAR,Exponential Multi,SIRH Multi1,SIRH Multi2,SEIR Mob
all,0.0,0.19629468748660645,0.0,0.0,0.0,0.0,0.16240916969084693,0.20174064372858483,0.0,0.24709196348167697,0.0,0.0,0.0,0.19246353561228485
very high transmission,0.0,0.0,0.0,0.0,0.19293442752882195,0.12889802215569712,0.0,0.13977902402598327,0.0,0.4139609557692581,0.0,0.0,0.12442757052023944,0.0
high transmission,0.0,0.17495033373685615,0.0,0.12915544525581077,0.16098597877082035,0.0,0.0,0.0,0.0,0.4094991328126414,0.0,0.0,0.12540910942387143,0.0
stable,0.17360252382108152,0.21848076929026847,0.0,0.0,0.0,0.0,0.0,0.2051607521290774,0.0,0.2067749806021799,0.0,0.19598097415739274,0.0,0.0
low transmission,0.0,0.0,0.0,0.0,0.0,0.24422143003148591,0.16885181728609933,0.2124208952256089,0.15252602194604456,0.0,0.0,0.0,0.0,0.22197983551076128
minimal transmission,0.0,0.0,0.0,0.0,0.0,0.16536012355738253,0.1849249661275652,0.1906786359252024,0.0,0.15234333232227243,0.0,0.0,0.0,0.30669294206757736
