,Moving Average,ARIMA,Exponential,Linear Regression,Bayesian Regression,SIRH1,SIRH2,SIRH3,SIRH4,VAR,Exponential Multi,SIRH Multi1,SIRH Multi2,SEIR Mob
all,0.0,0.21465966550610516,0.0,0.0,0.16225189899428547,0.0,0.0,0.18516666239426802,0.0,0.25895290457882725,0.0,0.0,0.0,0.17896886852651395
very high transmission,0.0,0.0,0.0,0.0,0.201844955240937,0.12947874984699825,0.0,0.16955905330941773,0.0,0.38471753870987996,0.0,0.0,0.0,0.11439970289276707
high transmission,0.0,0.17307445526010784,0.0,0.13443547098693304,0.1730332176010037,0.0,0.0,0.0,0.0,0.4084479270367899,0.0,0.0,0.11100892911516547,0.0
stable,0.0,0.23177730453796108,0.0,0.0,0.0,0.0,0.15443283385236523,0.2062142598840141,0.0,0.2444455000199222,0.0,0.16313010170573744,0.0,0.0
low transmission,0.0,0.18976255188128283,0.0,0.0,0.0,0.21639061982027818,0.0,0.21006924562503634,0.0,0.1732551830516404,0.0,0.0,0.0,0.21052239962176214
minimal transmission,0.0,0.19877535400950644,0.0,0.0,0.0,0.0,0.1626619690825885,0.17360454568055592,0.0,0.17396900588842273,0.0,0.0,0.0,0.29098912533892635
