{"[20]": [2.0, 2.0, 2.0000000000619162, 1.9999999999040325, 2.000001049028629], "[40]": [2.7889104383405177, 20.993137020030595, 19.993662894232717, 357.43477149159435, 4.2133097468537315], "[60]": [16.762519182972728, 620825.2588546708, 194.99635312803233, 6256.895918921497, 205.32644808636584], "[80]": [65.10970617569879, 3253.5678702956307, 1151.997684947522, 104024.22972846276, 1002.4903938340666], "[100]": [804.887997487682, 27437.664413323702, 2996.997365187296, 3280.947429329887, 1710.0223312841479], "[120]": [208.07349200625669, 3224.37428600058, 2033.9956274242804, 284.4065079441995, 375.48492370271623], "[140]": [190.45466420053134, 2156.6882916695736, 1776.993889147545, 29584.31157091956, 331.03939045854423], "[160]": [40.85402220363748, 169.8489996202579, 494.99319048648607, 12404.912996118797, 192.13308831098905], "[180]": [19.09744762487144, 48.24701775481371, 77.93952505348054, 110580.56339738387, 27.51646308895876], "[200]": [20.648082097157538, 9.511931044666536, 19.999118111919778, 44019.09591709242, 11.931290928591991], "[220]": [19.07347459876458, 2.894620384715992, 6.995145665234029, 22006.111199421364, 5.719463346094172], "[240]": [18.558037115756466, 25.18261153240751, 0.004971298183567275, 15369.517769900818, 0.2007335278373487], "[260]": [17.346894237273297, 0.9938962650019394, 5.921267618775679e-05, 0.042258021053961474, 0.031830456362381444], "[280]": [16.918003519127893, 33302297.98780995, 0.9997261558874887, 12310.794689899136, 1.005047103476983]}