{"[20]": [4.0, 4.0, 4.000000000071379, 3.9999999999870344, 4.000001266604183], "[40]": [5.396483830771878, 62.66616807492245, 10.727147393628229, 29.00937281707003, 11.037280842109737], "[60]": [26.00221138093059, 700.2657507895656, 130.7856364676437, 130.5749596573736, 451.76365976168853], "[80]": [202.12600798203312, 2658.6142569221674, 5315.0000007109975, 874.2248866004575, 937.2399005859224], "[100]": [4326.424260158783, 30249.14385714286, 15495.000000235614, 141.4933074691071, 3816.272192577104], "[120]": [8641.017601427448, 15683.143076302935, 11825.999999922096, 3854.2032995974223, 549.271327159775], "[140]": [3287.1307281568843, 2046.1624882637516, 7027.999999973908, 317.1124070914557, 507.35669621741727], "[160]": [186.54332638328196, 75.00084452741294, 1706.9999999915663, 36.56216406585236, 375.01373028786566], "[180]": [699.3004940829243, 241.2668041812483, 471.9999999972083, 121.34847189601714, 251.37111434239478], "[200]": [862.2930406332148, 30.33193344899405, 141.99999999918703, 70.96973658275033, 106.91015208309932], "[220]": [822.8961098418208, 33.42472478446135, 68.99999999960903, 913.3820226794169, 63.45790798235669], "[240]": [791.8863271526218, 34.31128275913474, 7.9999999996817905, 548.7363032241101, 7.12566751347282], "[260]": [709.150999649903, 7.3437220143810436, 10.000000000317556, 359.4511352337531, 9.862088143630587], "[280]": [639.1308718395765, 2.1165702316779686, 5.000000000318892, 241.9958286018732, 4.9782472424316495]}