{"[20]": [0.0, 0.0, 0.0, 0.0, 0.0, 2.04902493435812e-06, 2.4016839286035485e-05, 2.9658181560170987e-16, 3.2721986845422965e-08], "[40]": [5.857142857142857, 2.6276669851855683, 17.65367474488776, 5.857142857142857, 13.472835273416539, 10.034635608054902, 10.259864642962413, 9.863080023497176, 10.17751537539737], "[60]": [112.42857142857143, 44.834738461124516, 17.73733299295202, 437.44303080403915, 26.491298093475095, 80.53475985723794, 90.07223664011529, 37.78613915567492, 47.563324888142446], "[80]": [1800.857142857143, 810.2373234545603, 163.37692444591403, 87.8325173936737, 96.4101739912644, 638.5111394056746, 732.3704232586838, 875.497022564289, 826.6603811781281], "[100]": [6514.0, 3752.0447445931404, 7354.226861235165, 7152.972435349015, 6256.0302916691635, 1127.4171876233613, 1365.2465729037158, 876.797367029485, 260.05411828918477], "[120]": [5065.285714285714, 95.92860870798177, 5308.024077280159, 14925.406675135717, 13350.071586731956, 3089.6183739894186, 1855.2998460207327, 3091.0670075984435, 2270.5308101391], "[140]": [2682.7142857142853, 54.371421473806095, 370.3552395668121, 1438.711634949268, 1183.1120060592766, 1100.5559050626189, 812.1800299482566, 980.1603646409421, 873.2480523548888], "[160]": [422.0, 157.12039618514927, 3.1500536732182525, 338.4899248206535, 261.54629263651367, 167.82888295952688, 231.61438746477802, 132.3365684357493, 235.36492505640194], "[180]": [57.14285714285714, 247.25841499105218, 2.0500073962375076, 113.31730062947713, 128.60290421786732, 28.926711793389018, 54.713175728653894, 20.157676347398045, 57.25343404751406], "[200]": [4.714285714285714, 211.0117757715684, 1.004024815890767, 86.1260092467022, 89.36744759134638, 3.3977852642478457, 13.937819808374156, 1.40313958673196, 14.482815487481247], "[220]": [0.5714285714285714, 186.95125423210675, 286.9797293693223, 74.65696743049071, 75.7603160307972, 0.23589532011931658, 1.5729162752588053, 0.18736085874161335, 44.21302460684956], "[240]": [0.0, 174.02781342642174, 0.0648306523133152, 59.74283665235784, 60.97781710772678, 0.10196441667369997, 0.448644795744524, 0.013744053604002627, 0.4923713169810596], "[260]": [0.0, 158.9512636748068, 0.0, 52.25814458552962, 52.505402583117046, 0.020021864038360333, 0.08108549624510297, 0.0019426196144218014, 15.076751626311122], "[280]": [0.0, 144.9145142927082, 0.0, 44.59024796307965, 44.96320199736968, 0.003931631287184896, 0.014471508549790329, 0.00027119792530418813, 0.01626205695668545]}