{"[20]": [6.0, 6.0, 6.000000000142683, 5.999999999980503, 6.000001655803103], "[40]": [68.22341537019012, 22.67222160257895, 20.995887757734717, 48.23860736433067, 1.6408714146171945], "[60]": [91.53121634449472, 3211.1564496155675, 174.99844192244723, 146290.47121099086, 161.76030614870973], "[80]": [344.18575690170945, 82728453.79209203, 1100.9990531097503, 23426.66529736407, 1027.8330238711894], "[100]": [569.5036004892733, 11612.384959922552, 2632.999534709703, 107118.3246770352, 2471.9208342395705], "[120]": [851.0646570808511, 169861697.41764265, 1535.9970567807688, 197.78741112772514, 8472.198843824921], "[140]": [93.39789495691532, 253.718265529332, 1816.9974046612365, 19051.16805233016, 240.32599165488168], "[160]": [43.86272443221085, 245.9168547376512, 474.9969122671603, 32905.269787089375, 104.3404487997984], "[180]": [68.02395857897133, 162.94447866165282, 92.93846516719874, 26696.31241101012, 27.222966668594168], "[200]": [55.68311166790907, 8.724692095376259, 19.99910205870217, 11772.383984428418, 8.938517517678179], "[220]": [50.00580521201007, 1.8238500217455762, 5.995056264812439, 8804.95126294774, 4.157284569359447], "[240]": [42.63194200974571, 1.647241333805216, 0.9822143772512995, 10472.023501746351, 0.6935155453781122], "[260]": [38.16234137017649, 0.06751105053226435, 0.9992096356718533, 11565.333738555892, 0.9490374864912208], "[280]": [34.03814381428896, 0.9998264844997173, 0.9991538369969366, 10974.865695948603, 1.0084442921122667]}