{"[20]": [4.834189147553855, 3.965617047628276, 65038.0535506195, 6.93167701863354, 3.5198580912515602, 6.593792481694781, 5.389323724073052, 7.9640864106545735, 37.80089458255947], "[40]": [170.5854553591711, 108.28990589759773, 21.979323382592813, 121.14782656869981, 83.17935628351361, 4.817320107109543, 166.79229816302882, 12.587518253966605, 119.72146889943043], "[60]": [4735.762650765898, 12293.617280017872, 181773.5243952632, 237.81363176355623, 44.05468523749264, 2472.79258561362, 614.0833787108519, 932.3010782095589, 3205.7903774616602], "[80]": [718.6350575909232, 1173.6651968587244, 17845.23751915031, 278.35420587251593, 4323.171596845774, 2933.0246430385614, 934.0826761527051, 2404.905509374448, 573.0602448765469], "[100]": [4580.413688870932, 383.3298789172728, 1714816.306027188, 302.6128133752871, 1911.9950899003322, 2089.805136914322, 304.8030972549828, 1485.9864008779334, 179.52181232720616], "[120]": [799.2694976492162, 153.61850057682898, 81.45974271991822, 752.5332919263715, 657.4765330728362, 248.0186475865782, 217.45899330811207, 162.3102033356433, 117.13288665631835], "[140]": [179.2030139515885, 94.92565186585074, 16.127615009112606, 58.72125993473285, 2.798731093454851, 0.39376516511337206, 204.60129375201785, 11.07823319456916, 188.324623612869], "[160]": [67.25592815860524, 95.98950352467355, 3.437771584084487, 208.41950144978364, 236.32351155114003, 0.5932151238435805, 83.72656245166978, 1.0260591214353292, 95.59598084709785], "[180]": [26.787971243389073, 79.17743648776522, 1.6113188077222969, 143.23565501105958, 170.85917179576327, 3.7042785422367377, 34.76383900012891, 3.4592456754771708, 46.175216085600425], "[200]": [20.756169353980546, 61.209454890188006, 7.458387120159613, 122.07844721625057, 132.09617744819073, 10.247264046083489, 5.724992488657909, 10.212668292740876, 76.32500839244516], "[220]": [0.23319690751828226, 57.11902592958371, 2963.4251457833634, 117.3605863145944, 122.15140355145023, 1.9792758275302287, 5.599720935453415, 1.9842422063406395, 44.36501011199695], "[240]": [0.6460307347209061, 58.18117487857888, 1863.5657634559288, 113.64009928868087, 118.00017133963563, 1.1331730708221444, 3.210011231301442, 1.133872106445272, 24.569158861818483], "[260]": [3.3611577858577135, 46.96888386421427, 7.59961851904391, 77.08959445067985, 79.17125695112821, 1.8662214568646094, 0.2127814016595016, 1.8661253533531086, 13.944907835050786], "[280]": [1.0, 45.55735218231747, 1.0, 67.73754446105295, 70.13290865240951, 0.716544772708403, 0.19676105125398538, 0.7165312829101791, 8.12205828685203]}