{"[20]": [14.017089507625663, 14.343665388297229, 14.018089507625662, 14.981366459627328, 6685.750191410152, 20.56982079326071, 7.8087606918961185, 20.737649294865005, 16716.74891828156], "[40]": [223.24789193633703, 210.96694807223304, 12.781532325750648, 21.684613607015205, 32.57235608080312, 15.430836518629155, 238.50917195992275, 43.654306827833636, 189.5203645665891], "[60]": [4436.21275134865, 2739.3289669536675, 161847.0808918089, 34027.08050836847, 1614.5572149678865, 3536.6197289264446, 2885.590268921437, 1075.8265612815599, 9454.752815240967], "[80]": [8824.34636868618, 2689.4658796341455, 43619.92624618341, 80244.01401511855, 148596.08579188955, 4563.155715980943, 5645.603851807584, 2090.5802895797106, 6632.882598413983], "[100]": [10126.15275781833, 3437.4457525035637, 1757532.1640812655, 143635.80259801281, 138990.9340338213, 5373.508069209435, 964.6656140915196, 4265.860063936481, 1045.9219142347908], "[120]": [2722.882799637361, 461.43814782969895, 59622.604294125566, 14734.63724316987, 14525.638936726757, 1068.922923069551, 135.09476691009874, 799.8753605007171, 146.2249041981792], "[140]": [354.16206111552174, 312.2211414716939, 2270.8848059183847, 422.47903822176727, 375.16370146734187, 120.05217017622861, 25.833834811867288, 75.59209281224429, 22.47189445898516], "[160]": [62.826522090144124, 286.09642538159767, 4856.685938769279, 1254.6540893321069, 1218.042760798484, 21.55442461177375, 7.057361110833186, 14.16212411878531, 6.597503047134395], "[180]": [17.175978238098356, 233.4145648887359, 1.4038325440568016, 1128.0125043391452, 1134.9870949593217, 7.503958922040556, 0.8785418719335647, 6.294348560250759, 8673.972274727095], "[200]": [0.9739225141545359, 206.25075918112876, 301.33235636741256, 743.6575369493683, 749.3414826982056, 0.30762997518271873, 0.7222623493885827, 0.5036393593481908, 11812.061301505957], "[220]": [1.0, 196.48781619162307, 6178.8782149372755, 667.9586167721117, 676.2084646217334, 0.5173217957194032, 0.037396501256104976, 0.486192427634093, 162.66911648167564], "[240]": [0.0, 181.4573588336754, 0.0, 541.1516291028332, 549.6987380058536, 0.004984780807886255, 0.004689407951452698, 4.635477372545173e-05, 2425.288883647928], "[260]": [0.0, 169.63520130283206, 0.0, 468.53846907313795, 474.3380900758445, 0.0007850359060453859, 0.0006328642416734044, 4.336509553578779e-06, 286.8414111081282], "[280]": [1.0, 161.15778201366112, 1.0, 410.1112634994086, 414.8510348352344, 0.9998733932002387, 0.9999177987479207, 0.9999993984733956, 45.840613799430955]}