{"[20]": [6.47288743843697, 190159.6925052616, 7.000000000410281, 43.94972699709677, 49.24918189601926], "[40]": [5.7021013844479995, 482.83301655187506, 68.00000000020768, 14.128303709066984, 17.660504331931577], "[60]": [253.0201603699792, 590.9339985011563, 110.00000000007432, 482.7860055335052, 187.94903503370244], "[80]": [5.917925058584956, 22.509842448056872, 5.000000000024954, 176.37080085713285, 164.42963130631261], "[100]": [21.71861556507963, 47.08478199692644, 29.0000000000083, 21.380208678405097, 143.92912686699083], "[120]": [83.75298979932012, 87.12254622513228, 113.00000000000273, 115.6598840882848, 209.14300595916373], "[140]": [67.81478373955633, 3930.6216550569793, 3765.000000000001, 1030.9761868501573, 3176.3597058770456], "[160]": [201.31632411764076, 28128.89236705067, 9062.0, 21780.690057308428, 4892.479483889059], "[180]": [3832.801303343271, 18527.179809532474, 8152.0, 4804.634690581795, 500.40310609367407], "[200]": [243.65654747191797, 256.17203098144387, 4023.0, 19138.41086041372, 65.68092486998421], "[220]": [433.4655121676233, 114.87304884327216, 742.0, 6638.384794244563, 142.5899575861452], "[240]": [180.6543424139418, 2.268446230803704, 140.00000000000006, 2884.019472716157, 20.86942965895581], "[260]": [223.16244569568792, 0.4926060269707482, 18.000000000000014, 1414.56210544332, 11.26839280199804], "[280]": [553.6790580386717, 0.027685826564017097, 1.1374917181733118e-14, 751.3993588185213, 1.7569784220215652]}