{"[20]": [2.0, 2.0, 2.000000000142683, 1.9999999999805025, 2.000001655803103], "[40]": [24.81637907830943, 102.14451012212542, 32.99730960331785, 3735.4130207209573, 66.42968209173414], "[60]": [50.72296713111493, 1596.4695429290703, 229.99761690982524, 2203.6683068830175, 261.2158394321786], "[80]": [71.34491513349165, 110754.97382865628, 1832.9987588394627, 3492.667456991607, 1841.421958777417], "[100]": [1793.1365035128345, 6199.955091684328, 5745.999312587583, 1387.357222923844, 3863.8249285019497], "[120]": [2213.1443710705607, 9905.952634101463, 2212.9971916295976, 14825.571428896077, 1264.7607050580702], "[140]": [862.1606869036549, 332.43220272498166, 4002.9973014522498, 141.36604891472754, 177.61218252545615], "[160]": [132.13697068520725, 102.35693543556741, 1221.996746598425, 46782.6058564344, 212.19752678843398], "[180]": [48.345619160688706, 11.396836032144568, 246.9351084999582, 80086.04851666758, 58.03677855224998], "[200]": [61.21382277331473, 39.08677946870552, 48.999053297959975, 91799.91130709607, 16.049809920338518], "[220]": [60.47028282250245, 3.6432227317811634, 10.99478596426115, 42584.27216473173, 5.328231581831886], "[240]": [55.31338775464742, 494.4163745733183, 6.98124265986798, 21313.226643181493, 6.025920999039458], "[260]": [51.76505177319177, 0.5633082116887193, 1.9991664485131317, 26194.311949082465, 1.8327747266060819], "[280]": [49.07116306378885, 1.925056753986065, 0.9991076028448674, 13135.633603648548, 1.0286344806604852]}