{"[20]": [3.2842633508858885, 5.0, 4.000000000410281, 56.0445730327202, 72.85591449103826], "[40]": [0.11527139343495207, 25.330584693175062, 7.000000000207681, 21.09526299279836, 8.53252298836501], "[60]": [7.362006395671417, 4.264110334238968, 5.000000000074328, 8.743358972025185, 13.115640069446695], "[80]": [0.07218352218143309, 9.83144293951859, 5.000000000024958, 1.1482939757968538, 10.795343969396555], "[100]": [6.5188697609969, 3.691253135852712, 1.0000000000082565, 2.0702922587827643, 5.5153567047536], "[120]": [1.9919099892306917, 17.528955041728935, 2.0000000000027285, 2.5616442472194763, 9.19740667918916], "[140]": [7.0428774050921135, 28.11675278785173, 8.999999999999098, 13.673087566317562, 3.3042668642595174], "[160]": [12.053338466301511, 9.81126382581369, 14.00000000000027, 11.422488931202267, 23.83521849368471], "[180]": [10.629102126940232, 7.344791027546911, 8.000000000000178, 1.3357259131107995, 17.725427371219602], "[200]": [25.401325203247822, 3.9837507613111285, 43.000000000000014, 32.197416482321685, 44.78206357192957], "[220]": [10.740574169912804, 314.398213699273, 129.99999999999997, 62.01835797615172, 119.70826991777298], "[240]": [54.74847793046513, 92.0773768210505, 300.99999999999994, 114.02109004187491, 110.09815217297489], "[260]": [99.93577709571991, 57.482716561029065, 378.0, 91.66035349896447, 203.92905239699257], "[280]": [67.15124515011166, 245.488156581187, 397.0, 385.33528905022104, 374.67980639905363]}