{"[20]": [1.0, 1.0, 1.000000000061916, 0.9999999999040325, 1.0000010490286289], "[40]": [0.46664076000327115, 46.44159540233796, 0.9985120746731887, 1588.998018767344, 0.4739493060636328], "[60]": [3.629913603965501, 1.2419745176956167, 0.9998231890746679, 448.4850481648965, 0.07669139629908378], "[80]": [3.6163460285411997, 22.106270511129317, 10.999966698477378, 425.4358265151678, 12.315371978597884], "[100]": [8.481500087000887, 20.09374868602194, 16.99997792948992, 122.75325483702166, 19.61755776774027], "[120]": [6.73702520944832, 38.17296459012477, 91.99996456583445, 214.52998730521298, 101.02201635958109], "[140]": [19.572227209370155, 297.28426862816616, 211.9998599586469, 35723.67216778476, 127.54010870964667], "[160]": [31.564135991035638, 366.8956705085161, 415.99957032045785, 39.39383992785264, 307.9562091570759], "[180]": [3.12564952981217, 171.09373264793095, 192.9913080877094, 6491.083781742545, 198.49657239164702], "[200]": [8.904794404251971, 36642042.72545339, 317.9998067236414, 2191.064468473321, 49.80951497207537], "[220]": [47.05841764060583, 399.12752803079724, 350.9987882412316, 13639.257481988474, 61.43410231565442], "[240]": [4.754911688226223, 43.79349768841364, 145.99552773485283, 1625.8854738493667, 26.675333229663327], "[260]": [4.361191218223414, 43.97387382780855, 48.99994651541205, 1389.5743385750409, 9.918462899896264], "[280]": [4.171531317221704, 35.3031202841231, 27.999929518924112, 7114.424492029992, 16.127122806209282]}