{"[20]": [13.642671596134385, 12.7077906603749, 24.61891420514913, 2.1592819366657174, 0.9954959903499738, 46.89418037412316, 28.09163373428498, 204.26621758296963, 323.7439144140475], "[40]": [45.78212351084625, 40.47482467623276, 33.73100385505675, 35.28632613382793, 31.14095718817873, 13.506904654284018, 64.31601822790552, 21.811152232867823, 78.1712001248721], "[60]": [8.31607613862079, 2.4544192744442803, 57149.92772324189, 7463.854791337426, 75.36957700042474, 30.06959339043111, 40.12152998088656, 17.90227832280485, 10.674406171963863], "[80]": [72.7702515405662, 61.96006353409974, 8086.032844692116, 49.678065099276225, 20.091966924830654, 116.24622082767782, 142.1324782110204, 112.16578126923883, 61.95223634343883], "[100]": [197.83312432577873, 187.2690653910857, 49850.256897130304, 149.90045296855106, 150.9852448494937, 268.230437535925, 191.9586004283797, 237.58722373687536, 151.57350746774347], "[120]": [422.4362439840768, 13.181799779231653, 73900.66034836457, 165.2239203405736, 167.776863642857, 483.0004342549534, 551.2454140401467, 83.78165184904503, 594.6699359630219], "[140]": [544.7556175794259, 167.54343851020525, 128.83082220189704, 152.0705977225721, 158.23332379436366, 655.2970611403001, 275.2642076764549, 33.2834076706212, 237.2565057792448], "[160]": [458.4731544281131, 248.97173804788176, 26435.204332011283, 758.387478649264, 694.7668008450603, 816.4735538867625, 275.52135603401103, 293.20993848664284, 143.34554145708762], "[180]": [1237.4300695349216, 642.3587617181879, 567.6669543639583, 576.1585325004635, 525.0414387648292, 1894.7865513664913, 1077.9030789727226, 1513.476800939982, 909.3840963516271], "[200]": [3602.887609024581, 440.17548175266796, 14468.395053300042, 556.4850221511322, 585.1937160454594, 4448.505166672456, 3086.8379202331535, 2751.2607986307225, 2389.4910736516845], "[220]": [3120.6965659520206, 468.2547919404774, 53637.204723440766, 236.66920436170253, 279.57442002689316, 7557.053070151055, 427.93118914642383, 1574.2564458148029, 1515.8758004344868], "[240]": [1028.262443519707, 174.03256960727643, 3883.1412187394685, 751.069056834631, 726.8472448880954, 5168.045088039201, 2220.653582366926, 1349.7396324756767, 2296.490244111861], "[260]": [4305.258566728857, 309.44099856825744, 234152.16613845713, 844.871506607426, 849.2322543175345, 1155.9879233357885, 1838.2610489424071, 2079.8237428951247, 1363.4583644476413], "[280]": [2579.3283258059987, 450.44314139421556, 266.72061239403104, 1396.4546471851663, 1450.9679960607114, 50.817767508775106, 1238.5758265417476, 1064.606925862607, 1365.0175372850044]}