{"[20]": [44.01644941809021, 40.904360460011354, 337.1174311969774, 48.850931677018636, 346.8701690805412, 714.9937814178628, 495.27812720162837, 11980.088700308588, 21454.725168458543], "[40]": [1402.914461308399, 1453.1865444302027, 584.3431706677981, 748.5939590162722, 362.6584706749159, 547.1473437444871, 1450.825944392186, 326.5603917087634, 1344.9045734110246], "[60]": [23621.993654005033, 13722.360688502318, 16499.77164250594, 14837.497252561665, 12887.475157177494, 16334.354621553186, 13472.940973180876, 3631.3772341772415, 12718.532138198427], "[80]": [3550.000611314293, 3550.0016113142933, 10442848.401433269, 448664.03046482435, 375659.6987017841, 14017.540588512571, 5399.036865149391, 13801.888039651165, 1727.1538520329593], "[100]": [13807.773791336907, 3101.5889674656796, 3050.7817659132807, 348516.8177109363, 393186.1472871624, 5226.565014198667, 228.701197477781, 3951.6350179815113, 129.31957971462333], "[120]": [2417.597086873198, 1336.4132041797727, 401.61170729919974, 2251.6708758827467, 2271.293000432187, 430.7686884541814, 753.5670275026463, 237.0717609494466, 597.2233341071596], "[140]": [572.8069904334628, 1000.661941149587, 7902.680838773111, 3663.5159818794923, 3497.807354471232, 32.7677307548532, 456.44067806247205, 59.71712333584993, 436.28095092495215], "[160]": [263.56761883620993, 724.8053962795141, 43.80301079523348, 3027.7003245324076, 2785.0684250700606, 9.427721145980835, 167.92281693822108, 5.460904546916261, 179.47501166026038], "[180]": [96.80193267601818, 504.90834398668, 5.000751317049254, 1419.855253097605, 1512.0904707530538, 4.868873296893845, 58.46386187528409, 4.3213619522286315, 65.54370973112964], "[200]": [24.6171060515437, 484.6062751066687, 3867.8344891728498, 1433.7253584376385, 1473.5560956358142, 6.181740741928131, 28.22176279845179, 6.2579690239598, 31.28816637528096], "[220]": [18.392802664162147, 415.2018550202979, 9.571059150287896, 1038.2096762426465, 1054.2870091819975, 3.723650468968322, 4.60383423686728, 3.713495467915994, 5.890161400516619], "[240]": [2.9338753660435546, 412.37941611422156, 1163.3113648187616, 1052.489668771062, 1066.550868752366, 0.45839348781780526, 0.7910036937353213, 0.45701934145935985, 0.9825978507008896], "[260]": [0.4136274293026382, 389.76739128722977, 1033.8005576463, 889.0003591582739, 894.882777579053, 0.028466306782644255, 0.8615589744476242, 0.028656013203705425, 0.9967360972397291], "[280]": [2.1706196363152075, 373.92665077722063, 336.5462694554917, 793.9614653039207, 794.800031466469, 2.9999743769124625, 2.999976710472853, 2.9999999744818946, 2.999629571356931]}