{"[20]": [16.0, 16.00000082568756, 16.0, 16.0, 16.0, 15.999997066097865, 15.999967466648387, 15.999997916354598, 15.999320681345859], "[40]": [111.9390210289574, 87.64143981156525, 8.589071968350886, 22909.042440791975, 13.615194097114578, 6.713770153516108, 128.55993173307007, 19.365949663462924, 109.11169667844977], "[60]": [1937.959505530409, 1316.1336127729946, 631.0484116393045, 24256.51740105854, 613.5371930232493, 1854.234525405216, 1937.2372779934524, 1402.1170676758823, 12395.086915422107], "[80]": [17715.955462872033, 7061.3028938895995, 11742.570753620492, 8421.216983697806, 8682.801060933896, 4761.164539893489, 3801.680888792882, 4648.043250768982, 25541.74253327133], "[100]": [645.9055756252598, 8058.712413684086, 58983.60407502007, 21681.507483689278, 11593.27426859538, 11460.191991295562, 13116.679848448604, 12743.80980966133, 6617.8561138985915], "[120]": [13639.303635465507, 5639.6641781699755, 3222461.761877215, 544857.4873048639, 341924.97972644586, 6189.046607080998, 1739.8839566288768, 4913.70528725601, 1196.791002756934], "[140]": [3035.6648603546378, 1049.3329928712672, 137.2223222874205, 15226.723750841698, 12789.434908849289, 1229.9587630046788, 359.7065128192941, 940.1155641057616, 231.44519797906398], "[160]": [429.599319471381, 493.99780328196, 1.965614184411931, 522.3162956793623, 676.4759853937646, 182.38222110130283, 59.960120563852335, 126.86970093357709, 44.920436276820276], "[180]": [70.237548786774, 322.5300611472241, 2.881432219390162, 1304.9388878905086, 1341.3372264745383, 35.0233807020755, 16.670742333349985, 24.537606723417337, 18.839899514075288], "[200]": [7.102645466817477, 306.8880071020626, 0.2539506274934857, 1266.9785099452263, 1251.647388086562, 5.083374623223009, 3.1046496296456714, 3.1380703063336584, 2.3711561094379916], "[220]": [0.2096267607981488, 278.7864878050805, 23.27528825455713, 1038.4577011305378, 1024.669785348754, 0.3868846096876844, 0.5807076153813389, 0.03090891789621718, 0.7063298149898101], "[240]": [0.0, 259.72107341830906, 0.0, 886.2128271664554, 875.5156535633943, 0.06810998691587855, 0.08773362337306125, 0.003817551123960101, 0.10509296809207126], "[260]": [0.0, 244.14094532958177, 0.0, 756.9764305445103, 748.9351152469927, 0.011990139146904073, 0.013484861877110132, 0.00047601526653808396, 0.015919638811054678], "[280]": [0.0, 230.8104146957238, 0.0, 660.7229524850388, 654.3427643205441, 0.0021106426317069687, 0.0020523855187617192, 5.7435610224094435e-05, 0.0026844954981917082]}