{"[20]": [21.881153046443565, 3295942424.0557013, 6.668530770903655, 3609.168204760074, 60.95558270885079], "[40]": [345.24068599186603, 311.6877008381735, 263.52336692664636, 46.97924210414035, 664.9999746192306], "[60]": [382.2439173737501, 6845.999999999972, 6077.263493175508, 1791.1307445469688, 6128.077212238354], "[80]": [12789.102564067727, 27939.13868936336, 27742.89612666057, 43267.12540249752, 18639.667273909665], "[100]": [17421.567181623286, 248439.15760012373, 21153.36800947745, 107304.8514766664, 846.4401478479242], "[120]": [2664.026492652322, 8032.95141237093, 9837.27486486472, 55345.55414765096, 535.4374789437794], "[140]": [322.29378401815393, 73136.12699687721, 2014.355879291974, 20020.244053300525, 753.165939011192], "[160]": [332.7041206319702, 18098.05406496361, 515.8899749740112, 9123.749097816311, 375.68756734819345], "[180]": [329.1621782568271, 4.815283984512849, 82.09653418757173, 2235.7358262412786, 83.24567229213798], "[200]": [298.30635124521, 192.2878773960454, 22.605584332656143, 6768.116702839027, 20.95903338819663], "[220]": [276.8338680096569, 666384739.3696735, 2.8567996541026046, 4140.141187989933, 4.702240482432743], "[240]": [265.6367424109818, 0.22083974326545763, 2.893841644170795, 1381.4723312220863, 0.9804341855986679], "[260]": [265.7229097301466, 0.0, 0.1093413889761453, 844.1616147718761, 0.003260596129228979], "[280]": [273.4386068654539, 0.0, 0.07897130366671598, 1340.5440277843795, 0.00020108280432687875]}