{"[20]": [54.562203264131654, 13.429571428571428, 1.878255459459286, 8.285329155149313, 8.22967721423299], "[40]": [6.582615734871894, 120313.13913108293, 28.529742025624216, 31.399822361962748, 23.716886566944424], "[60]": [1097.9038421529242, 459.0536249650813, 306.0835059621852, 490.4581687323773, 490.8423832055273], "[80]": [44.649223482162824, 144.23096938207652, 112.41235006589943, 378.9688285507491, 410.18317476166465], "[100]": [35.77219668236842, 137.49881735844633, 6.0055808098816215, 69.99118480679203, 360.2907368693287], "[120]": [278.861345573359, 330.37519989400005, 384.00000014126545, 374.75416165220474, 599.4460074178614], "[140]": [915.5197550683297, 11847.092966105854, 11477.000000046819, 4101.674188250341, 7934.973235866253], "[160]": [2859.4698205247187, 26621.19170820243, 29636.00000001527, 45181.19415050358, 11455.908497871176], "[180]": [11817.70537701534, 63353.95127780043, 26062.999999995052, 15602.482447538794, 1690.1945476954133], "[200]": [78.19718259240653, 1027.6342563366552, 12741.999999998312, 707.4799935396404, 33.30840968036864], "[220]": [1672.308637370426, 68.73123409249979, 2485.9999999991524, 21797.169175957395, 162.05557855655616], "[240]": [504.92596281522935, 14.234406151978192, 501.99999999930776, 9804.115096679501, 126.77466976520793], "[260]": [618.3987984321781, 25.581433570856916, 59.00000000069083, 3330.502743936984, 7.5336256302600795], "[280]": [1566.1074012334038, 0.07530812053295488, 7.000000000693555, 2354.0341419624165, 1.3715688956512793]}