{"[20]": [3.0, 3.0, 3.000000000150173, 2.999999999987051, 3.00000192967922], "[40]": [4.250101393161776, 49.3816550339388, 9.000000000207681, 1.4043128222104446, 4.666504855722366], "[60]": [57.2999789749326, 6607.624469984809, 102.00000000007432, 64.41617021506326, 112.63199240439059], "[80]": [40.02127212295784, 854.7770749837053, 631.000000000025, 229.28271942326455, 678.9891806880419], "[100]": [169.89714402567824, 3217.9985510539896, 2625.000000000008, 173.91252135408467, 2472.3896930141755], "[120]": [571.3410022638727, 2777.6126033088085, 3375.0000000000027, 1305.5963572511355, 2706.3318290318675], "[140]": [1113.4768821243706, 7309.782226458985, 2918.999999999998, 137.62238342136152, 604.5111058590928], "[160]": [316.16352593585566, 1421.6025516264067, 2702.999999999999, 206.78665631627337, 263.7058773314038], "[180]": [37.09792730320703, 87.61023341046922, 819.9999999999998, 3152.80983691848, 148.73607561380118], "[200]": [139.5101801534313, 47.282011887941835, 215.0, 1543.4747095759121, 71.78847094177834], "[220]": [141.23279353068048, 8.336418263650181, 34.000000000000014, 783.6588675430826, 5.099635710335917], "[240]": [135.4673830681879, 14.136343932649122, 15.000000000000053, 418.1706569233479, 9.234107205191084], "[260]": [126.24780771928224, 1.178112654282925, 6.0000000000000115, 254.65828249920992, 4.852228263315115], "[280]": [111.93831639959552, 0.001, 1.137491708061297e-14, 154.2236881904007, 0.228375404501852]}