{"[20]": [11.0, 11.0, 11.0, 11.0, 11.0, 10.999997527040032, 10.999972467511984, 11.0, 10.999999994023183], "[40]": [208.57142857142858, 186.20902922308244, 224.5783889241157, 208.57142857142858, 1225.1025616746526, 124.55083845355335, 214.6630598535225, 105.42668599924656, 220.16889629866904], "[60]": [6020.285714285715, 4470.959242656528, 2383.0893847924126, 901.0361691967146, 1297.4572009680269, 2268.195408171223, 3057.9399906771905, 3979.6997286437727, 3681.517961301526], "[80]": [26049.571428571428, 1107.984853463473, 74988.44515736435, 141209.29698084318, 169365.46154595946, 2262.733392531096, 7300.603457154539, 5592.632951233129, 8500.129033171506], "[100]": [20274.0, 5614.937477867194, 37905.45214312991, 356139.19682588737, 94402.70643097526, 12800.496684500438, 5435.233264627135, 12855.317287283888, 6325.20567750838], "[120]": [9254.0, 3817.47274159484, 560.232823432209, 12589.415481255517, 6434.535137117911, 2761.8768227127894, 67.13745102209941, 2233.566172007232, 72.40114751376495], "[140]": [1678.0, 1485.3272089215188, 166.4241308081364, 857.7807319171, 1007.8548327478135, 296.51220460486456, 416.91418659990194, 187.5464490725176, 375.43638075916346], "[160]": [470.1428571428571, 459.4866892897062, 13.429275820683301, 1059.4912080169106, 963.0314677661429, 53.034558774899324, 193.24135468265035, 32.84187648804692, 191.66860576276366], "[180]": [150.28571428571428, 759.5964651755139, 11.443531424618726, 1910.9192355259156, 1916.5476540606185, 18.308344213144565, 64.07794062203965, 14.795156815300345, 66.9297922984437], "[200]": [39.714285714285715, 471.7296199858938, 5.235715271866638, 1233.4819385792548, 1293.6280918212042, 0.49666139955678545, 19.152157506168766, 0.09150559673745917, 20.165859154737195], "[220]": [11.142857142857142, 491.6288927950973, 0.4000268239168312, 1053.1065041220195, 1109.5816974108434, 0.09920088745870714, 6.266474092250929, 0.19537088416590453, 6.71613819786282], "[240]": [2.857142857142857, 511.4849620793366, 0.07880245036796096, 981.7354026228676, 1009.1901724606037, 0.012627768732295097, 0.8950641207373421, 0.02812267633190957, 0.9572372324286637], "[260]": [0.8571428571428571, 385.5236162759975, 1.0, 726.2964230848928, 757.8250817845164, 0.0025338603837361967, 0.0020467947932564065, 5.1021361480092195e-05, 0.00637367048531641], "[280]": [0.0, 365.6472427351873, 0.0, 697.190268769581, 716.2794602594663, 0.0004005681879990172, 0.00027202452582219974, 5.317965537807405e-06, 0.0009509296582057859]}