{"[20]": [21.0, 21.0, 20.99999999976101, 20.999999996992518, 21.00000165711409], "[40]": [25.704837175657104, 213.80447897711093, 28.491805358844356, 17.49410720209718, 69.08828753416029], "[60]": [3.6610025059476046, 13.77301605648428, 56.64471731130912, 38.28680560259285, 97.07309143962003], "[80]": [4.896410082466675, 4550341.858443783, 160.94693424461516, 76.78712049258796, 247.96544765543803], "[100]": [37.94164082661182, 58.80102691903654, 492.9868552181852, 25.628055707146295, 543.1037622749245], "[120]": [221.5308495938501, 3508.744190150245, 1136.816159240411, 633.404949430041, 664.1125406020764], "[140]": [152.74939721918895, 954.4701978750066, 1489.8198345830913, 1285.2805117463615, 1868.8784706027689], "[160]": [232.91264369670273, 1307.9893253422497, 888.582434873561, 3285.976247415462, 2135.1486009863297], "[180]": [98.61307626201734, 599.9412288720886, 1120.6674406323432, 5577.894612717569, 2563.728369405811], "[200]": [1162.521590680076, 5894.260738126723, 595.8373864688616, 7649.974724915815, 1865.6442339250673], "[220]": [427.0855732079961, 788.0228482216589, 1863.911072550386, 8983.78068213111, 174.84834914352928], "[240]": [32.462849072380514, 605.5368110387247, 1949.7167976664261, 6457.771276979957, 24.062732296428166], "[260]": [92.66692305746744, 399.21176431623286, 1405.762327368922, 11963.12714088033, 308.8678788035837], "[280]": [42.87872304610694, 2.5415080599968856, 614.694789145105, 5021.481979818479, 197.61967135693004]}