{"[20]": [1.0, 1.0, 1.0, 1.0, 1.0, 0.9999975270400308, 0.999972467511985, 1.0000000000000002, 0.9999999940231835], "[40]": [22.714285714285715, 18.894148538165627, 91.15618878062483, 22.714285714285715, 10.676995129759995, 56.73347273094568, 50.98258643855384, 47.22667401884833, 44.5218416252478], "[60]": [237.71428571428572, 193.54776617537632, 60.292472863868625, 281752727.7110036, 9.443109392197414, 224.3966381871478, 247.49331586695047, 175.94611888584205, 188.3013998745081], "[80]": [2756.0, 1670.8520893260638, 488.4748278286661, 818.8377591886497, 663.3763554873681, 630.7540930412074, 865.2644937951486, 1616.3090576897907, 1570.5367397511566], "[100]": [14189.285714285714, 4826.379089651149, 10456.889202354825, 12518.160288888424, 13625.55703577142, 4276.841700893037, 3103.118651254046, 2847.3169838137874, 4841.18401553791], "[120]": [637.8571428571413, 20540.0, 33760.41456506188, 6495.450285559928, 19386.8804644217, 8364.155837495062, 12470.621500111003, 9805.496202163173, 7455.394606262787], "[140]": [12056.285714285714, 284.3728633585715, 5137.832859631344, 42853.41296542841, 35844.02043137694, 5090.469235330209, 2385.8882561422415, 4925.923481215521, 2728.3370350807963], "[160]": [3717.142857142857, 780.0418563951325, 247.66300614667512, 8245.73411655152, 6303.422450321667, 1295.7271627036612, 710.2028670958487, 1136.0253543188978, 3108.35913336836], "[180]": [664.4285714285714, 614.7366668733912, 20.361686483987597, 1632.8390308035669, 1414.2367087535254, 258.6012267940889, 193.30108498954576, 208.70638786446995, 227.54257154952143], "[200]": [104.0, 527.7397166434494, 3.621202630319768, 765.9355401776168, 801.0175701370723, 52.786723590866416, 54.702872496317354, 39.40794095903573, 68.52221956693774], "[220]": [11.857142857142858, 235.76157689885258, 1.0121209932729565, 388.8822138313225, 404.8630339765687, 7.2565848135071835, 11.010489503651911, 3.9048451465504135, 13.963221489960127], "[240]": [2.4285714285714284, 282.20073285547824, 0.9845591059894927, 395.3836827335442, 403.05136270342757, 2.1373989992984628, 2.83899005202848, 1.3282222007445132, 3.85712201733003], "[260]": [0.0, 243.55313619640583, 5.969960549408918e-06, 312.66957226482646, 323.6630963762625, 0.2518900502761476, 0.557376849863631, 0.062107423011683004, 0.8117589539516717], "[280]": [0.0, 220.21630831617222, 0.0, 271.85222604639347, 280.5289591192095, 0.05441506105526877, 0.11373360946315328, 0.010719147438739222, 0.17382091337544983]}