{"[20]": [9.588260092294822, 9.787591475814661, 9.594471272419046, 9.993788819875776, 9.705050376915912, 20.55304425112861, 9.573341966973164, 31.105647267102967, 126168.52660162585], "[40]": [20.61022750549764, 16.38355609022468, 81168.22027730723, 775.7521203312684, 48.710084544371504, 60.2285359616333, 31.923343832883713, 38.220674398248725, 135.84176770164217], "[60]": [13.507843824360165, 27.37320214316343, 59.36690515337477, 34542.31569039655, 11.60081497305832, 0.32946482001789684, 10.640444392690696, 2.8030095631234393, 10.432341055417936], "[80]": [0.5399525443063379, 17.5898677784293, 10.08584698269286, 26.66316375769462, 56.630052171627234, 12.998603171780658, 19.65218668590934, 13.287553375495229, 11.863491093339356], "[100]": [9.90988256075479, 2.053452352659721, 1.1352185057700046, 0.8032193561292698, 1.451703143273413, 24.879236341961047, 12.666627622796822, 24.914882915241172, 12.904291885694931], "[120]": [14.730747046997724, 11.822171838448451, 16402.83404380994, 19.044647460015142, 20.187317296363428, 39.15060601031623, 61.92344309960981, 28.047322631191566, 14.636175362800794], "[140]": [11.70813142733605, 8.844833964067965, 36999.415156128525, 6.415272387373584, 7.07269433239109, 44.91318187382217, 75.98909428284331, 2.109388323989648, 11.61151732048627], "[160]": [0.8870138329278865, 6.510291803990103, 1823.7556414982164, 6.516586594850097, 6.309615691928866, 40.45948189416773, 72.99034602931613, 8.749600346935729, 3.3526181869580656], "[180]": [28.48438637987431, 24.66123344888457, 1264.1692846659032, 27.51279676912107, 27.68855640072805, 67.06022249190937, 102.9718138666482, 49.96796433419449, 26.30101356695897], "[200]": [125.1930551157872, 106.66647527632662, 112521.3171021985, 73.6493759803429, 72.84494562762262, 189.06325377935576, 258.9993729583695, 189.06325948310604, 111.0696309032942], "[220]": [358.1216589262786, 306.8892757622414, 38.143053062337195, 88.77526480581874, 83.56831708683573, 519.2441176411514, 696.9649522106025, 519.2441182570425, 226.63894675719618], "[240]": [820.760876802313, 298.8354922562483, 33872.234671974395, 105.25021721268398, 112.73885826690888, 1233.7234344807323, 1664.9842740964643, 1233.7234345345937, 379.0159963481481], "[260]": [1402.7744233636365, 25.62632721551048, 43859.37393204906, 653.9126293495699, 662.8996248421814, 2412.150976275289, 3484.9995099859802, 2412.1509762764404, 555.5142222496621], "[280]": [1344.8680082343726, 42.351576986122424, 696.6801584107362, 222.59809428685892, 128.77828128310333, 3300.143803445784, 5270.91638082426, 3300.1438034462303, 551.0109001164604]}