{"[20]": [2.0, 2.0, 2.000000000142683, 1.9999999999805025, 2.000001655803103], "[40]": [1.0587319630980883, 1.931342801676022, 1.998390703459343, 8.05164185940628, 1.3757395574174165], "[60]": [0.9859363210086035, 3.6380802971491737, 0.9997583160452809, 68225.71341919397, 1.2036829315559536], "[80]": [0.97050147562092, 24.20986415235353, 1.9999714961844803, 0.8770530105465228, 0.17839291541381225], "[100]": [0.30122217423137754, 0.001, 0.00149751209114065, 0.4146183497220895, 0.1835899189063546], "[120]": [0.2320544770899603, 0.0, 0.0027742361098309774, 0.09062594726172918, 0.016854485789753255], "[140]": [0.26834440723038727, 0.0, 0.0004009058334747352, 0.6353747831914685, 0.0015239461609265707], "[160]": [0.22300295722259883, 0.0, 0.00045547041114639577, 0.8155067955841426, 0.00013528565623706368], "[180]": [0.1923916264308386, 0.0, 1.7738803117520663e-05, 0.2605361120442699, 1.2355348376072372e-05], "[200]": [0.1802093478664999, 0.0, 2.5875954873822915e-07, 0.14475793270791845, 1.1077230595274524e-06], "[220]": [0.17011070861288954, 0.0, 1.425126143119007e-06, 0.11608289166517989, 9.975235412293464e-08], "[240]": [0.154371974430534, 0.0, 0.0011553975999949373, 0.06275914809617712, 9.19302793153323e-09], "[260]": [0.14829194233128715, 0.0, 4.797866096076622e-05, 0.029088546010229553, 7.842675815333698e-10], "[280]": [0.1526106460266399, 0.0, 1.7093724950660684e-05, 0.013107230371954189, 7.332344865972974e-11]}