{"[20]": [2.7197129310279964, 0.9999364759727583, 0.0049383943183650605, 103045.30193644478, 1.2361776033439429], "[40]": [22.34123520177436, 1729.420749293149, 22.99452408618265, 603356.021517554, 10.568262537230606], "[60]": [27.367690601488903, 116526.53943719176, 80.99435610295923, 122.4490107550737, 89.68020094267851], "[80]": [4.09443586180185, 91.351094430873, 77.99863856531765, 45.04260406067649, 179.70170308310816], "[100]": [5.025188031080411, 182.88746015696216, 96.9994590772159, 37.13558078979008, 60.7808571721913], "[120]": [125.4776775869064, 213646.55180321788, 213.99946872470554, 57.011439353351996, 82.40419766245044], "[140]": [758.7901853054153, 19881.336777669592, 2046.9980898179094, 988.6265868665454, 1545.388866335637], "[160]": [164.31071798786988, 2483.9256528042156, 1411.9942012299273, 1339.5114941916313, 1016.4814332352984], "[180]": [307.8534550769441, 140.8105308951141, 942.9431466359957, 1472.990330216824, 50.24788990209833], "[200]": [191.70132852375093, 22245.469374305703, 203.9991610400758, 3083.0429137088145, 53.95473866062656], "[220]": [75.5026552389602, 166.81401136671147, 53.99537913300817, 5702.368711345764, 4.225584163678255], "[240]": [23.012780531807767, 314.6664901908534, 12.988370206017377, 1005.2643776943853, 0.050461264806013074], "[260]": [20.899178079124116, 4424.543792273137, 2.9998615436602596, 1299.773921447022, 0.40144231662817037], "[280]": [21.647300167744245, 0.3538807955779612, 1.999713131118293, 984.2188353454352, 1.5044622798173422]}