{"[20]": [2.0, 2.0, 2.0000000000619162, 1.9999999999040325, 2.000001049028629], "[40]": [2.769307514873756, 1.0994873468584292, 0.9973944619792057, 23.824209834273574, 2.33266704932859], "[60]": [3.455948574166045, 904.6866812723413, 20.99914115883954, 1458.3892280071072, 24.939031352427012], "[80]": [8.787169814996993, 58.92358298587899, 84.99968248588353, 286.8978500009067, 100.57753521528848], "[100]": [21.354869736278378, 1821.2840436303675, 329.99986686692426, 822.6793498546617, 324.6488273769166], "[120]": [22.49901227490154, 1631.7638724982849, 1052.9997758447694, 854.0627421116462, 917.2201878945267], "[140]": [202.50398757081862, 91195217.18751396, 2211.999181925519, 32098.595360628708, 1813.8425249420777], "[160]": [10.19289293894218, 9112.445025296203, 555.9978548935543, 4438.308742627092, 1143.029737563372], "[180]": [67.25114050334642, 1388.155760276782, 1705.971303617434, 749.480037763153, 272.7085204090506], "[200]": [29.287957306771137, 1680.5090053459458, 1403.9995320075454, 132.69183933122642, 195.20623681647083], "[220]": [10.57001213907396, 117.02287415847853, 562.9973719608164, 58.83235494729153, 157.18725313879048], "[240]": [13.428111682840903, 20067455.45607665, 208.9905248264982, 18.84762070601212, 97.38471904270908], "[260]": [10.132619812235163, 39.43056175070703, 76.99988709829965, 7445.739613108916, 47.94540812659263], "[280]": [11.755675718612844, 54.11394401603297, 36.99985129032774, 82231.5365320438, 29.537527609937317]}