{"[20]": [3.0, 3.0, 3.0, 3.0, 3.0, 2.9999975270400308, 2.9999724675119848, 3.0000000000000004, 2.9999999940231836], "[40]": [15.285714285714285, 14.99182625598974, 20.80470719813087, 15.285714285714285, 8.456758976286938, 17.220458973215678, 17.875732079194037, 16.970677957385334, 17.48577588911133], "[60]": [14.857142857142858, 19.098887169934663, 30.227102942077195, 2360.822968819373, 12.41873094402196, 20.677221070876865, 28.820769653339774, 34.28386103177978, 27.88803516419091], "[80]": [69.57142857142857, 64.27996001558796, 15.492002468689051, 539.7410545528649, 12.237124942078054, 83.53263012726971, 99.1725335076659, 84.33298619014485, 59.46297890206845], "[100]": [262.7142857142857, 232.71065548845132, 56.71416207999971, 56.302489707039285, 61.58909904652387, 267.6060501326735, 307.8204992892484, 104.29260287607582, 87.10560085595472], "[120]": [841.4285714285714, 284.2540903202639, 112.09799346873137, 119.21720751015914, 140.03241724732334, 651.8981348104179, 671.8335573335022, 184.9258258460045, 231.55821381904616], "[140]": [1695.142857142857, 400.4702326384381, 414.23307738168296, 1176.7610640564535, 1129.1411774907929, 1146.5149408124034, 1009.7203038570333, 536.5965054802427, 476.9812369295669], "[160]": [1217.2857142857142, 587.602707496595, 1592.800155822857, 460.7741983875294, 409.8043538148322, 814.800938587357, 89.27497316612153, 29.954998936867014, 187.1539742180903], "[180]": [4.857142857143117, 6.050501118474131, 869.4278176361504, 672.8922174992022, 979.780291454399, 952.3137400578316, 369.0583998031525, 385.96726239173313, 178.89570242442642], "[200]": [626.0, 113.83882907985571, 478.8361028559684, 553.3435349119154, 550.9728858410263, 1011.6363849902418, 277.3110315328231, 360.3886705054656, 454.3002977551114], "[220]": [1287.0, 237.72233353372758, 534.5451777782678, 111.99531582631516, 123.13984893746601, 404.2550490590975, 687.3473288202613, 766.7197260448338, 605.4177313835394], "[240]": [1011.0, 209.61495496957582, 103.32535043118628, 13.246033374071203, 20.242785514082925, 371.61096461962416, 393.72236740376457, 527.371672660131, 306.845794079956], "[260]": [642.4285714285713, 19.521504395006104, 80.46316717379727, 65.39280269806272, 85.7583404017546, 104.19383040163245, 236.43830519409437, 336.0100886605436, 168.82732057707324], "[280]": [314.28571428571433, 19.13107695438589, 4.495421831293015, 40.35972359520167, 38.248243972308956, 32.96498803182112, 99.13659366592458, 182.29400514406967, 65.80423471465292]}