{"[20]": [2.0, 2.0000008256875623, 2.0, 2.0, 2.0, 1.9999973665461301, 1.999940091083803, 1.9999997019740667, 1.999999690005653], "[40]": [2.055821456300638, 0.2411838829677982, 6265.750081183855, 2.660458789992016, 0.4423398555513259, 2.584978044398739, 2.17933329201785, 2.135744072498883, 9.429692411438252], "[60]": [1.24167157803002, 1.1479740553143103, 26.88901895485433, 14.867779831122593, 21.131252471293738, 0.342745560260122, 4.491523264751796, 16.07554214143883, 1.7394983064280678], "[80]": [4.854971780362466, 1.2986361253117782, 1.056218110066228, 73.1107313209433, 5.397868063401294, 0.023399583796306085, 4.717867357690224, 0.2614722433447079, 1.080336741842008], "[100]": [3.032219641992359, 1.8683957155873088, 1.1888204056353886, 0.6391068908085046, 0.11977113430111463, 1.9652234005569773, 0.005600329029476915, 1.8845233799763719, 1.5411439359138133], "[120]": [1.3490682705561579, 0.7747911330805303, 2.5322054246719263, 3.6383221312252916, 3.982105603688584, 0.7274422549216308, 0.13462924129980464, 0.7170875036826538, 0.5920459741063874], "[140]": [1.0, 0.4595813214124825, 1.0, 1.5273958542413806, 1.554389592084258, 0.9987281872406908, 0.9732165024664994, 0.9999825548481917, 0.9964000936735049], "[160]": [2.547551075113695, 0.8367276261363573, 19.80975416143144, 0.035536593986428104, 0.1676250026229075, 2.5667913974914036, 3.9974428651901404, 2.566936752608562, 3.999081562722255], "[180]": [7.623436072649187, 3.8679654556953618, 1.2480564498553006, 3.9331944606153684, 4.114598634056586, 8.834669978892913, 15.999640348657072, 8.83468676726613, 15.999818015988504], "[200]": [17.92214837534904, 11.967685027794163, 30381.46328894005, 17.75824508450796, 17.955868068766396, 24.637933065276048, 48.99563989857885, 24.637935067865374, 48.99957617035509], "[220]": [68.87537069768673, 33.633386069651024, 13.14727767867859, 23.19240298006076, 22.50075268016056, 89.64605554774963, 156.9997926292571, 89.64605579201148, 898.6511985109108], "[240]": [53.2925080538742, 2.1275836917663202, 63701.35104280115, 13.903641410009003, 15.802071029293856, 5.874768168267856, 136.99957172363366, 5.87476820144646, 42.07973088408749], "[260]": [17.908070259269483, 4.1019626868385215, 12046.896139633705, 16.03511319511149, 13.772787668995305, 10.630336540135449, 82.99859059220489, 10.630336544205615, 12.38992498405741], "[280]": [85.69932476235711, 2.9930691969617205, 81916.10648884391, 12.931090979779178, 12.808092268313521, 111.9376451961488, 222.99455535328403, 111.93764519653213, 62.75674509058856]}