{"[20]": [2.0, 2.0, 2.0000000000619162, 1.9999999999040325, 2.000001049028629], "[40]": [0.5092011707265631, 472.15441446536136, 2.997261374157508, 14.690634885208295, 0.7625988591564562], "[60]": [23.197163640533084, 296.49597617016843, 38.99935677933481, 2541.788678952444, 42.495664365724835], "[80]": [30.819058349583845, 434.58132134721296, 236.99956539474564, 58.54115365885552, 223.48124391134237], "[100]": [31.529293372405338, 852.6868075161839, 990.999605465231, 47.53384805654724, 691.0754788841477], "[120]": [37.868611488717235, 5412.239479867511, 2125.9990060560763, 1014.5260910020014, 1117.1481374548787], "[140]": [38.0486139093257, 2769.946025585691, 1120.9972031531906, 137.83095131352874, 308.579350671725], "[160]": [105.1361442854373, 552.7011798434077, 1552.9961026820058, 194.87926096669435, 201.10924934040202], "[180]": [23.13770898013791, 836.8404334182701, 508.9644243104799, 37651.41057631888, 116.18787342581808], "[200]": [11.390104787677052, 27.512161138973475, 130.99948037476162, 4410.277616279933, 46.18398351488213], "[220]": [13.769590757012654, 2.7248683936283906, 19.997138638021813, 26645.953341256383, 2.8437061395311214], "[240]": [12.155101485841977, 7.229074943302189, 8.989710975907174, 14008.637196214597, 5.576146305754145], "[260]": [10.786162108590577, 43.43920973070258, 5.999877443652691, 19528.402840740335, 5.3185097552409895], "[280]": [10.983954261298438, 0.001, 4.5970513647923235e-05, 9605.636099879137, 0.13425328984184856]}