{"[20]": [45.57142857142857, 44.291324356887046, 629.8739432739006, 45.57142857142857, 396.01267080687444, 873.1937139937284, 877.3270143823804, 895.4743800663379, 892.7704851814443], "[40]": [1424.5714285714287, 1490.8317187847815, 641.7229275178385, 754.7530616422996, 410.2762553274347, 592.0864616805967, 1454.6156075965644, 598.430533435059, 1374.5571159631327], "[60]": [24215.571428571428, 14529.164271543985, 17531.592193972887, 15105.687748138487, 13173.57439986102, 16732.289995367126, 15905.24197615057, 4785.275739678065, 3711.5519475704605], "[80]": [6126.285714285714, 6126.286714285714, 113566.77384901559, 456443.93918170896, 385124.4776714448, 14081.847426674707, 6179.924969983676, 14590.742395356996, 2930.170751996029], "[100]": [16307.428571428572, 5374.01015152449, 3789.5545246501897, 351496.27664850524, 395980.3124126023, 5249.771187427579, 254.93452048658492, 4216.140637059791, 221.46993863766147], "[120]": [2857.857142857143, 2525.682071209163, 439.91070696226143, 2274.476908825838, 2291.940746929936, 434.4479955674519, 758.1045145373103, 254.30718445734328, 610.0553660017579], "[140]": [686.0, 1849.9486911833283, 99.95744838184845, 3671.5585067832544, 3505.699192013257, 33.24266065534789, 457.4415002421465, 60.76679398348642, 443.30423657216954], "[160]": [310.71428571428567, 1244.7381876467316, 58.654414545603515, 3031.9385835962016, 2789.3393970054576, 9.487680302777136, 168.05354339982833, 5.5236064493479375, 180.8441743009837], "[180]": [110.0, 652.9756723139508, 7.857490810139353, 1422.3088476006385, 1514.582638250965, 4.876490958643544, 58.47895229250999, 4.3256175818842735, 65.96459321130615], "[200]": [29.142857142857146, 653.0929479165488, 9.327123106172373, 1435.410485698063, 1475.3096958681217, 6.1827146645978885, 28.223477798695004, 6.2582296822758146, 31.311501167507146], "[220]": [21.285714285714285, 470.8395326657592, 10.670821064085153, 1039.3953399606498, 1055.503883484107, 3.723775625367768, 4.604029518168998, 3.713511188778762, 5.89247507410455], "[240]": [3.7142857142857144, 501.3542315538707, 0.3472514645241529, 1053.4227386045654, 1067.5119389887739, 0.4584096397808788, 0.7910260136759482, 0.4570203279914036, 0.9833116192946121], "[260]": [0.7142857142857142, 456.9957334383462, 0.324095241749931, 889.7192687598717, 895.6262960283225, 0.02846839865029549, 0.8615615347858865, 0.02865607630139, 0.9968390699498901], "[280]": [2.5714285714285716, 431.2654257685808, 2.9571698227775056, 794.5668690846558, 795.4229051570824, 2.9999746486505643, 2.9999770049074517, 2.9999999784528404, 2.999630249758354]}