{"[20]": [42.584738472061986, 42.10611200896079, 42.58573847206198, 43.975155279503106, 5454181.335028479, 38.346273842688035, 19.802398100562527, 43.44506536969518, 42409.74859882053], "[40]": [788.2897647082035, 759.6310206462667, 406056.26003164094, 8899.318825223274, 32.62141744816707, 54.876785822284525, 835.754303928489, 108.04869223683463, 814.2377040866963], "[60]": [17543.925211304788, 13423.463660532692, 362.50299016085404, 609.729072083306, 284.24623224417616, 15180.343228828131, 12559.633592624425, 7151.83936629929, 16131.708501406329], "[80]": [37063.72225032066, 23015.758428751644, 9184962.760616543, 232038.67992527533, 56606.56636480084, 11134.573775703753, 17061.76616491198, 14114.344604566795, 12682.038100310905], "[100]": [40362.72119991496, 11944.325847752192, 41093.67812659381, 1972279.2759534256, 713077.9407500785, 20760.14897323874, 8844.78024759083, 17527.904066325464, 5187.077300971153], "[120]": [10816.293925843998, 3936.52870514278, 393.767439363788, 248858.98219328176, 173123.11572873456, 3960.780309919955, 584.4714372489881, 3134.5295299188147, 162.01783882237086], "[140]": [1729.172504419335, 1132.8380880411978, 79.99393225114206, 4612.256614201806, 4136.046538328387, 493.4919022927324, 110.88302685248219, 368.26099745882277, 135.5573755652571], "[160]": [333.74347089379125, 1111.8761452861088, 7.798535798427951, 4980.074259570664, 4754.326946649695, 90.31921567896548, 38.52447748500536, 71.28780836372407, 54.16504299009476], "[180]": [65.25065435424509, 834.2830902297544, 0.9023407399692929, 2080.431545789426, 2287.89139664326, 10.509403989054816, 13.885541720923184, 7.719572347760363, 17.995442292443617], "[200]": [13.749755101083824, 825.4298801368426, 2702.4728075421153, 2029.6410670875923, 2129.632375364785, 1.142604217292164, 5.411939963111141, 0.7394361391529682, 7.353055211946662], "[220]": [2.5911556449017796, 792.8621536185525, 883.7749316242065, 1884.5372918984854, 1933.8192933313896, 0.510233187864183, 2.145605190867644, 0.567311577280737, 2.728681938496103], "[240]": [2.0, 729.5895589903239, 0.4436558106536628, 1576.620145642903, 1618.2366966203692, 0.46533018786671615, 0.503562818441815, 0.4572274267747189, 0.9115669509043841], "[260]": [0.1251317730650826, 697.4096929904765, 2.3732288383007436, 1349.5359198597953, 1378.8580530600648, 0.027469452766098777, 0.6709227520077519, 0.028624771913120257, 0.9522347796246057], "[280]": [0.3140212685294781, 650.3383566750798, 32.46263398203082, 1123.960703860103, 1147.5705617269696, 0.028491367929860106, 0.6713831326532458, 0.028653581968857745, 0.9549081252486785]}