{"[20]": [3.0, 3.0, 3.00000000007138, 3.000000000000033, 3.0000019333297634], "[40]": [28.84887829629389, 139.30229602271228, 41.00000000011191, 30.83005213464527, 22.12552347557019], "[60]": [118.15061189654034, 1446.5135311768774, 1010.0000000000407, 594.2397396720862, 891.1694264191136], "[80]": [2311.2670071653993, 5748.2072371683025, 6897.000000000015, 5491.629126981596, 870.2080168552147], "[100]": [3864.737710108351, 11392.572428571428, 5307.9999999999945, 31664.66721459062, 216.6261291210085], "[120]": [800.3961889062643, 1615.9193463317492, 1633.9999999999982, 10138.798543826702, 103.4840466012306], "[140]": [121.72822180997372, 302.4541543929829, 319.99999999999955, 2278.253661722546, 140.72637260702572], "[160]": [251.5119998796991, 124.0447043461337, 97.99999999999983, 592.7567137307706, 76.26293196705905], "[180]": [251.3224393906387, 2.843389597338799, 25.99999999999993, 137.31691924850497, 24.397852470901526], "[200]": [207.17667410277605, 20.683055702675894, 16.999999999999993, 2.4601256908812275, 16.803669196048453], "[220]": [187.31186847157147, 5.02633635922554, 1.0658141036401503e-14, 36.546236423312166, 0.021948906366601406], "[240]": [182.39136906203737, 1.4482665076272694, 4.000000000000023, 28.955988736464576, 3.9976295603305942], "[260]": [206.48300317672135, 8.829238867942792, 5.995204332975845e-15, 23.85683041179982, 0.00024039853925861276], "[280]": [250.54239082895276, 201.26900281082266, 1.9999999999999944, 19.523599387437258, 2.0000214237669924]}