{"[20]": [4.428571428571429, 4.1015591949810055, 6.637572712178018, 1.0, 0.2961685091293864, 5.0602738482751, 5.023835069811346, 5.0593529697735615, 5.309359818590053], "[40]": [28.857142857142858, 20.562698789994442, 6.554854124491705, 10.118401613384933, 5.2347768204429315, 2.3376751253005708, 31.08543874934384, 2.3179786757565637, 0.6648935139804877], "[60]": [116.28571428571428, 71.30854749281565, 179.36005908598435, 304.9837226378994, 123.21152946110391, 50.36958236387767, 89.53412273920614, 46.111861057855435, 70.39815856293325], "[80]": [10.571428571428555, 24.39553357656814, 49.238184936327855, 134.08245579819794, 291.45303027490843, 59.684195615419014, 6.1169819586041285, 47.593679213325686, 7.477457298850368], "[100]": [28.571428571428555, 13.183215208235879, 32.11926564095671, 59.303806667283766, 20.492281893193706, 102.33889498213898, 21.356407346541175, 31.840669583886495, 21.169942910550674], "[120]": [1.0, 31.390572668512505, 10.377035877238768, 16.172455413383773, 15.345754247589412, 103.82382339122677, 9.841906569398873, 10.773979028966153, 9.96151046291078], "[140]": [1437.4285714285716, 700.034562912168, 1010.1052775689875, 108.22623279169375, 107.52376441779097, 1451.4318526795614, 1231.968263809379, 1345.8116497642159, 1231.9993564986805], "[160]": [7387.714285714285, 63.80762851474174, 4999.471716754582, 2088.367701876694, 2190.0689799312477, 3969.7148444649974, 2963.3064606267762, 2553.988608761958, 3830.3315879604306], "[180]": [3906.0, 155.11613424410825, 8539.574688674478, 1292.5114975430442, 1788.37729998143, 1378.4409149696803, 7625.578666638721, 7884.889749052356, 7621.657889344966], "[200]": [4177.571428571428, 27.159071691785357, 815.3883073919183, 1695.631793692612, 1712.817396023625, 910.3147841564114, 3283.979650188002, 2741.7660445912006, 4723.044535027549], "[220]": [823.5714285714287, 122.3720736625005, 5.4590533429081916, 56.363422023117664, 78.19915274416792, 188.4207717541958, 1231.9941950249392, 596.2096422943212, 1909.1306156241053], "[240]": [164.71428571428572, 55.168588344223735, 21.086604809094197, 96.70246564790443, 96.09769285063771, 40.12523268811054, 438.99487729803457, 183.5889040765344, 676.9861834905576], "[260]": [23.428571428571427, 67.44246696677556, 4.409683216290205, 81.94629623384535, 80.98868018197314, 7.614095219792835, 159.43108515747022, 39.78594736714725, 254.27070734490889], "[280]": [0.7142857142857143, 37.8361557106341, 0.196827329337928, 61.06617006003251, 60.745059817302824, 1.270647418107697e-08, 50.15283529882973, 9.94662911356549, 84.08503464090695]}