{"[20]": [8.0, 8.0, 8.000000000142686, 7.999999999980503, 8.000001655803104], "[40]": [23.442516846170697, 62.091529100461386, 52.992901538184036, 588.0757431437295, 51.9901043868259], "[60]": [2082.8170171850957, 1996.596682472978, 98.99585894692093, 32911.124134367856, 156.01418119580794], "[80]": [2.2606357323491464, 42.04558626172684, 18.99903069522708, 136.3788386909976, 104.25598834324224], "[100]": [10.51955162899596, 44.12078569379328, 0.999902649544108, 203.19569482285996, 74.23303083745459], "[120]": [81.18570947699244, 30.069284455857076, 46.99982284590906, 38.396636930150855, 104.06541929825309], "[140]": [59.152433377022845, 252809.382226437, 1969.999784624733, 476.1480456785128, 1808.5548863246859], "[160]": [1562.964426074578, 4248.451014179469, 7789.998770790599, 10918.53648389514, 1804.9217158503895], "[180]": [4006.711048406649, 20302.113882443926, 5010.898448716653, 2618.1477815209364, 161.2101378370481], "[200]": [193.87697423834533, 103.78655137496116, 3971.9979350007493, 9814.779252003706, 175.55863327044509], "[220]": [197.72847221890333, 372.4503088806956, 741.9884052570544, 34150.42488199547, 7.660830777923218], "[240]": [87.17697955824416, 5.9486356251507795, 118.97079197047924, 4016.3241852896217, 5.671548306847247], "[260]": [92.57953982545678, 0.5610289998959015, 11.998702197454001, 5672.750512970451, 4.992007888591274], "[280]": [243.81972852255626, 0.0225738318114396, 2.043765801793736, 5676.181765419391, 1.9095828330590283]}