{"[20]": [0.3202856009049856, 4.07718974257191, 0.9879822634983514, 4867359.963750139, 3.364836224855799], "[40]": [1.185607668215787, 6.5106994461853285, 3.996731709759721, 7.258374645590452, 0.6222935527534542], "[60]": [4.314565226066196, 12.116134904574846, 0.00035102337665733786, 951.3012151882863, 5.764231763739496], "[80]": [2.2543878479347588, 2361.729608534767, 4.999826713447289, 37.606385617149655, 4.730193705811504], "[100]": [2.003994075268008, 13.737311725562549, 1.9999785895653421, 2.8124077655867374, 3.6754400339609834], "[120]": [5.012761112159802, 4587.985307007732, 12.99999111854658, 7.008228469656242, 6.9212883146142685], "[140]": [22.433441945420643, 31.662859491216853, 50.99998377685989, 20.555320431541258, 51.11670760776661], "[160]": [5.817532605431473, 238.14743876249696, 487.9999485741304, 19.372226002697992, 48.63533656239113], "[180]": [28.61433374436916, 1720.9095345596481, 2208.996560431077, 6653.795538250128, 148.74153436928032], "[200]": [446.7987190218021, 13130.705290748014, 405.99980204252864, 43421.87783342514, 378.62601287945955], "[220]": [77.28273211222667, 520.5979390620457, 2006.998264903603, 4355.270560345153, 374.75967426593127], "[240]": [125.20448129617014, 67.44342261230659, 878.9953480503468, 4804.0990482874995, 92.16974166496358], "[260]": [13.70442399418801, 41.105907140118255, 89.99994450123086, 736.5929043209318, 81.64311466271629], "[280]": [25.544125099738995, 1.7190244148182006, 7.999885015916777, 6.819049149246651, 18.70200969422816]}