{"[20]": [3.9302936557418695, 4.0489761444210455, 207857.96761478056, 5.93167701863354, 2.3597016270923934, 1.7061843937589538, 3.2670907884223874, 1.97406191133143, 13.711551645864873], "[40]": [100.3892040907871, 86.18819953718476, 8.587909118661702, 27.882198738706542, 22.647032746360548, 15.5277319138316, 113.41123324639887, 13.196553458604203, 119.77449610985917], "[60]": [1190.9109144466188, 437.78155464778825, 55697.72570315213, 1533.803453171135, 413.38609532289934, 789.6394894278244, 664.7636248581249, 259.0450139442898, 1541.8198026352227], "[80]": [10286.73493845945, 2077.278488005473, 1669.2863182396547, 195.46683022011823, 455.82403065965127, 5272.473091911401, 4193.861508919234, 1641.3231853007278, 14271.614068827897], "[100]": [17821.249782961622, 1558.0186883462457, 22629.466225173386, 13199.73360589153, 13739.721214768924, 3663.72834998496, 1620.3435021087225, 882.3820491440041, 321.1688326412765], "[120]": [16051.738488646351, 468.7436077809656, 16165.40973786453, 19251.835787350807, 12476.254499635295, 6854.26077348468, 2850.8425002806002, 5919.725882072746, 2126.0369894813816], "[140]": [9433.229564041365, 325.2683819900993, 386545.8071534057, 8100.396478189201, 9662.965401080572, 3106.8273387414256, 705.8293522325175, 2513.725989444846, 279.76018452251253], "[160]": [2521.2743871537846, 188.71809832295932, 36170.499892838845, 156.19576099675126, 104.94152056251772, 541.587266132956, 305.0441734118699, 409.61909083643144, 382.74865844768044], "[180]": [725.0106939726935, 192.83395701555742, 45.330982921579015, 384.2931799849025, 457.3465226236537, 89.40255932459897, 211.04941229831852, 63.5202146216643, 223.04179827050353], "[200]": [239.03658193670537, 172.3183930434154, 13.4365842425778, 383.75720223095783, 354.2562683062255, 18.45289968843437, 87.03656813605978, 13.529556608544175, 91.29926772363015], "[220]": [79.89581799273654, 136.06097891380801, 3.576131460892438, 230.0505334662721, 228.57314766271023, 2.1254658259761254, 42.253839484038515, 2.8486304214041365, 44.22961125785776], "[240]": [23.317609660980292, 135.09035951372041, 32501.504230766866, 245.78471099503236, 252.73691283052264, 9.836061871491346, 28.772829651425408, 9.978475364499444, 295.4291575235665], "[260]": [16.275828799367382, 102.10721270254285, 15365.91397806594, 163.51655083884705, 171.1697912800007, 0.703720003485828, 10.017094451696778, 0.7308379293573573, 291.2268091193496], "[280]": [8.548761638089983, 93.0226325003699, 4211.697208647764, 116.35770795252644, 120.71583727181293, 1.930774954407369, 6.950849992837204, 1.9358046073915869, 7.22765045967323]}