{"[20]": [3.6986512423574833, 3.31904221403524, 3.520393466994858, 0.542811171856836, 0.2734038996185626, 2.9142194220805666, 3.200696324903051, 2.7871596509912844, 14.058529978099063], "[40]": [10.395851001444582, 7.024902226264351, 37551.1382206498, 2.7078256511333625, 8.552954483757958, 7.886034241760424, 10.173753509823362, 6.059542152629889, 661.94518877407], "[60]": [3.2165226153441684, 2.1378588785143906, 1419.8927010643035, 108.97992925556805, 24.668151815437287, 10.535552930216385, 22.228253490940595, 9.239153852199866, 18.75132841404484], "[80]": [8.930753112679529, 5.516285848419574, 1.7228853133747188, 17.425270232361832, 11.679970027195365, 20.922103890938867, 29.406904087962857, 18.41129183605909, 7.522552110913194], "[100]": [19.674322711303365, 18.436411764283488, 3.1178231430458765, 16.341099924307972, 13.00769475858907, 38.53222363393121, 54.92402946043508, 33.53915995263366, 20.512572610834834], "[120]": [69.86261301888744, 58.24888372906078, 10454.273065218176, 40.8696387756143, 39.9221788061432, 89.04481656364688, 120.7329687983585, 78.06720545488989, 53.768028148459], "[140]": [59.94533040728388, 12.941581859722072, 49937.15998619895, 41.35810556431215, 50.2470356788881, 59.675439950236424, 65.00352620445982, 19.70380737688372, 329.17707942943014], "[160]": [15.267547949801486, 20.901147257566713, 4583.682013356334, 47.91825025802839, 48.941582870225474, 56.49001084129618, 117.1719197280078, 7.007150565310765, 9.49753965303649], "[180]": [154.33511189019768, 25.23907348159349, 5067.651133252527, 46.9860056918291, 53.994926408755674, 234.414421072371, 379.697388258695, 143.83280255378418, 84.66781541981814], "[200]": [568.1706448450547, 172.57849956802823, 96.53570104833261, 78.00860880383915, 83.76184741498913, 584.33196008308, 488.918369068154, 340.59969562279224, 329.68914619041493], "[220]": [1143.53526220123, 122.24005328417832, 359.17927545229395, 71.17012420174555, 73.10274263502004, 1870.5171101968394, 4075.217487675893, 159.38483804828348, 382.0555796299583], "[240]": [589.8417675175623, 207.91701303681128, 49260.65145763263, 175.92890035305928, 187.27711120376708, 2131.3708889396025, 5631.84098256645, 2131.3708867059413, 281.4719543242478], "[260]": [955.56431786877, 70.76918053363146, 221326.5969661403, 266.8669596144988, 246.3729025455918, 938.4662489862436, 978.5195909535291, 938.4662487651877, 658.5454206872859], "[280]": [1100.9023400539563, 33.03325509898069, 77250.37624195297, 506.00185015594997, 536.7291035047634, 12.407080629919992, 839.5510912264712, 12.407080587644147, 2897.0265301327745]}