{"[20]": [2.0, 2.0, 2.000000000150173, 1.999999999987051, 2.00000192967922], "[40]": [0.5455431745658439, 0.9424535444043505, 1.0000000002076808, 2.97195546364114, 4.60307381462167], "[60]": [3.361206609537609, 6.266096866740284, 1.9999999999256723, 4.061019745077218, 0.5581997429516847], "[80]": [0.24618746993574425, 0.480720781458166, 0.9999999999750426, 0.2883745966535374, 0.666835247082473], "[100]": [0.9640130252095719, 3.016434457632656, 1.999999999991744, 1.6395787563181294, 1.9580792551106478], "[120]": [0.38340222479670893, 0.010259579979328321, 2.7295655180149273e-12, 0.24904774839425142, 0.0036529868840230956], "[140]": [0.6520766636600398, 0.0, 9.046503260541264e-13, 0.22125132203223036, 0.0003077901629204983], "[160]": [0.4516862156468197, 0.0, 2.7175892547411745e-13, 0.1924781039209434, 2.5830340168896152e-05], "[180]": [0.2934374867937772, 0.0, 1.7574249290379996e-13, 0.12529338176219673, 2.1658227324087124e-06], "[200]": [0.25157254558105696, 0.0, 6.808861352723298e-15, 0.03646391415263145, 1.8157113859265702e-07], "[220]": [0.22015687932472566, 0.0, 2.3212964862531457e-14, 0.015756962831023347, 1.522018968189364e-08], "[240]": [0.08378535820645298, 0.0, 5.095496385976614e-14, 0.05710946593453248, 1.2758181354544848e-09], "[260]": [0.08222353766157398, 0.0, 1.2160733139896709e-14, 0.04154523879624342, 1.0694520696970823e-10], "[280]": [0.214961783663173, 0.0, 1.1374917526277464e-14, 0.00993379876779301, 8.98189702938932e-12]}