{"[20]": [1.0, 1.0, 1.0, 1.0, 1.0, 0.9999979509750656, 0.999975983160714, 1.0000000000000002, 0.9999999672780131], "[40]": [26.57142857142857, 12.142905142664159, 33.31834657076513, 26.57142857142857, 28.97565723392087, 21.354946666391868, 12.88229846936413, 19.55300883359471, 18.620317908491437], "[60]": [123.57142857142857, 94.19552244081109, 11.871588935323985, 3205.0036999434406, 90.66203797100366, 99.05317610505683, 122.19064316580116, 53.41539977062874, 51.595302581900455], "[80]": [34.14285714285717, 58.22292745417457, 102.76329247391436, 61.44593758519278, 110.05665872474412, 56.871278377716976, 8.487165432789652, 47.027907218807286, 85.40995530789587], "[100]": [14.142857142857167, 55.13012685074267, 3.5030398918763694, 54.00113890298314, 79.88243596110209, 95.59705181745824, 21.706035013913663, 103.44018469476339, 20.63854937813386], "[120]": [13.714285714285722, 2.102289556716187, 53.35124539706163, 25.86682232072451, 25.38832576151617, 87.95158591176471, 13.440113208879893, 7.7592636786203, 13.102161952674408], "[140]": [590.5714285714286, 356.7551108041156, 537.0187875992706, 251.08965467977464, 259.56983113083777, 656.2608865435357, 521.9320775156206, 550.7677745735737, 521.9879903751905], "[160]": [6891.142857142857, 1742.3256978083973, 1358.9953837405028, 352.45782501269605, 375.30136071915695, 4687.023605971262, 4147.192104063976, 5112.949074776035, 4728.889031993845], "[180]": [5726.857142857141, 427.41112005814284, 15488.034562687986, 6427.375662694998, 6325.3312663718825, 9846.692525771548, 3301.015038734735, 5436.10879474393, 2815.8520102045222], "[200]": [9697.428571428572, 1575.037771434434, 4953.2192333092025, 2859.4706316365155, 2248.830449723806, 1608.3984783992455, 8022.127490949155, 8684.318976965485, 10503.510252923443], "[220]": [2891.5714285714284, 243.64596694362626, 57.50617709626022, 1210.143244228263, 1081.6899097614596, 595.0624089808525, 2665.533755991367, 2020.1099763960265, 4833.844581486704], "[240]": [621.7142857142858, 149.57613939762814, 47.52570812834227, 188.38666814184643, 149.37038268121876, 147.45324731854782, 932.5207542275675, 643.4921237744193, 1830.5163350701018], "[260]": [115.28571428571428, 96.91537001988218, 9.382209819599247, 99.20171828955361, 108.0368817040972, 36.68457064231167, 341.0875890546728, 153.61274174167943, 735.7427358471784], "[280]": [8.571428571428573, 29.47617050052031, 2.5802044390526104, 43.07842788589713, 44.0789158265638, 1.1181554557598155, 108.92078751714142, 47.99099543055492, 273.51989062268404]}