{"[20]": [0.29714394794977395, 3.428571428571429, 3.000000000195013, 3.455578640088275, 4.745639043375972], "[40]": [10.206217960289592, 19.703422820263278, 26.00000000011191, 11.99134306681377, 10.382642486941506], "[60]": [6.1041528219215735, 53.922827238226574, 19.000000000040757, 8.134055800082564, 45.6361391207965], "[80]": [16.624632337211153, 25.970693992341978, 77.00000000001373, 54.74651017819838, 103.57274211490028], "[100]": [25.72636397630174, 28.751300467339775, 197.0000000000046, 52.874510868065954, 254.7122687154736], "[120]": [47.01396947145827, 118.57370120007386, 469.00000000000136, 98.70981053489959, 322.27290302883625], "[140]": [6.297129869777109, 159.77496063164017, 905.0000000000005, 516.5174387430052, 1017.6131877498942], "[160]": [92.9762509908096, 208.50236529374888, 944.0000000000009, 1643.8766280124546, 1160.8445722003526], "[180]": [99.01553900073668, 138.34295863999432, 1524.0, 2769.7411586948547, 1684.1980601894247], "[200]": [353.7364795247813, 388.92095271979997, 3601.0, 3508.582605947475, 2491.461372316562], "[220]": [772.573045220528, 1532.1457921370056, 1764.0, 9092.338111064702, 650.1393563792335], "[240]": [839.885081318258, 3957.1903221651737, 2401.0, 1041.0307546120239, 421.05276417293135], "[260]": [484.44617280644525, 207.78539950153572, 3341.0, 1477.8182192890526, 270.6680155958802], "[280]": [470.4404234736103, 300.3813278573589, 2134.0, 8727.992534379398, 424.4910009799105]}