{"[20]": [1.126480904843195, 92.23057559317814, 3.0000000001950133, 2.35050900303895, 1.4396408962832004], "[40]": [16.755147591573973, 2058.1337170067686, 38.00000000011191, 24.122175677521454, 21.13697297279498], "[60]": [14.089246059464585, 1393.526419732878, 1400.0000000000407, 727.8763919187472, 1073.2849913305563], "[80]": [1142.4437926343198, 3829.8546430295974, 7842.000000000015, 8884.536307491602, 3931.69630649393], "[100]": [1297.445682687814, 6379.574329728304, 6132.999999999996, 36805.59756126977, 26.993963858702045], "[120]": [441.7135993493039, 1720.1547326675154, 2353.999999999998, 13189.664412463095, 540.9301350761557], "[140]": [31.772349565284003, 342.2595307048201, 362.99999999999955, 2712.5442334397703, 154.52930628892705], "[160]": [33.70511477472975, 51.68455539380841, 57.99999999999986, 678.8622818276099, 39.26112191706281], "[180]": [26.300770867699526, 18.754778055093993, 12.999999999999918, 131.69972851338434, 11.01843004530068], "[200]": [21.28387641140151, 2.300446111644285, 3.9999999999999973, 15.701957463902204, 3.8665903837067717], "[220]": [18.112227927599175, 0.10780271491363823, 1.071178593968426e-14, 15.126312248435852, 0.01667584949864821], "[240]": [17.73327051695708, 0.0, 2.345251993664329e-14, 18.70834140359119, 0.004196558922080973], "[260]": [20.014768584994915, 0.0, 6.090456127421861e-15, 22.252039183275656, 0.00029029780810718096], "[280]": [24.249838837627095, 0.0, 5.626124413078368e-15, 16.817737148250885, 3.560340700073025e-05]}