{"[20]": [17.857142857142858, 17.29321466567739, 43.26159075209182, 5.698297615169505, 4.596538601488259, 49.91024446718295, 47.93659414875508, 49.93056776972337, 54.56142682742487], "[40]": [184.57142857142856, 134.49352526308354, 50.63482146605992, 177.55635197751064, 2.294113566535998, 0.27629674848077457, 204.08855741583068, 0.18371496459644732, 205.63707133679813], "[60]": [424.0, 16.149867420636497, 1585.2974519085628, 12731337.22052878, 1228.7746065228566, 300.89017682421445, 484.93567971098764, 131.72084828324762, 152.35965677032698], "[80]": [146.1428571428571, 34.24748354311896, 199.86942555630844, 11680.51898960659, 2136.3138526361213, 398.57630097644244, 51.871468096797344, 3.9628238853858875, 62.70774494433033], "[100]": [80.42857142857144, 82.71561177309559, 71.34825041724935, 196.37998192363602, 280.79011957386433, 495.1474610390596, 57.66143468925975, 40.6659311763425, 36.781169248054425], "[120]": [384.1428571428571, 241.63158227721078, 265.1403771764235, 80.96434926852726, 143.65095008281924, 866.2966732153401, 348.83580618726796, 377.11775463802974, 333.92690039756235], "[140]": [10360.57142857143, 6886.052965596602, 7141.122192679306, 2150.2688973133336, 1721.4834797727835, 10944.759742376744, 9752.639357153525, 10423.685393007234, 9573.57164427053], "[160]": [18665.571428571428, 7816.357602754288, 55519.5771275795, 6921.3104269557225, 7151.283905279699, 7076.8813872792525, 937.4172502804358, 2243.5117724498778, 7803.626146210001], "[180]": [18632.714285714283, 2708.7920288975474, 23884.688835351197, 36058.260760010686, 33697.86662285367, 22576.664222195584, 27398.69560743306, 27715.7074113685, 26508.03204547587], "[200]": [9464.42857142857, 2715.38073147485, 1093.423429932373, 16594.36711560768, 15877.458978356954, 1739.0437126489705, 5978.000640153383, 6046.2695355040905, 7739.360354733517], "[220]": [1790.7142857142858, 579.0, 51.30898218382413, 173.02725441975076, 767.9302200387972, 302.494350924134, 1635.3145057868305, 1237.7283516333516, 2610.9050732970677], "[240]": [357.0, 84.0, 22.610974974638822, 767.9818887581625, 819.8432966627005, 71.90065271541883, 535.8800154062785, 329.58143130017436, 855.5965554439349], "[260]": [50.714285714285715, 6.0, 1.8690829921047944, 583.7278785818826, 582.9653088080852, 12.455529015448995, 169.49628966229884, 123.16858607998657, 472.01125739937925], "[280]": [0.7142857142857144, 5076.752961258131, 3.2881818272388177, 510.3121159784955, 518.0554317087682, 2.0573127814840166, 49.44379645389252, 32.22698782839904, 233.55421443952199]}