{"[20]": [1.0, 1.0, 1.000000000061916, 0.9999999999040325, 1.0000010490286289], "[40]": [7.266714431935344, 468.9817861389232, 14.33498932088611, 3520823.0404158067, 13.000425113280965], "[60]": [6.853998268314308, 865.4183182397962, 26.908082474218265, 66.42600390187029, 129.68862730035573], "[80]": [6.570001691637616, 445.0212846836649, 165.79054495408994, 1325.6920453189687, 772.1224920804067], "[100]": [707.8193238345538, 1085.789052504628, 5395.99170459537, 202799.1110823239, 55.72360925881226], "[120]": [2690.7817128656498, 9527.816019846794, 789.9769248945772, 53107.671157998266, 982.8759542146404], "[140]": [2112.571595050301, 318.76212978490065, 5053.957145336314, 5868.562396916357, 426.2169715250402], "[160]": [313.6253973457169, 2253.8519849483505, 1808.9999961168944, 79.45862003554817, 294.6940200591647], "[180]": [121.10550645200344, 27.50385783159317, 410.99999627040927, 76.36256100783505, 107.301159726303], "[200]": [183.1912488782137, 3497.2000460524646, 110.99999898126805, 62012.43778024713, 56.13145868110761], "[220]": [184.24336737048895, 37.652544075725935, 27.99999994380305, 23794.36579820414, 18.28580189804992], "[240]": [164.4127230965044, 241.38724495672182, 9.999997674999815, 72188.72758368838, 8.286424198877492], "[260]": [147.6727952125609, 2.7772406355493833, 0.9999954247398632, 41512.77770455913, 0.6979199748894177], "[280]": [133.18163386893895, 1.9733853238512307, 0.9999975115217031, 34148.90253022103, 1.0529164310857009]}