{"[20]": [16.56610650561517, 16.787591475814658, 16.572317685739396, 16.993788819875775, 16.705050376915914, 20.857392077215568, 10.80881923398018, 31.409995093189924, 126168.83094945193], "[40]": [447.8339421283193, 407.1505036771962, 293310.0052096358, 1451.4488570227345, 10.545676125352344, 11.142313781628168, 463.54181397228405, 95.91648230754127, 215.93073166232517], "[60]": [8431.387717648166, 4732.563175377545, 248597.007655479, 3894.2653048159427, 4759.901340597092, 6317.590324235431, 1162.9333498194123, 1585.139089170279, 8598.967557798522], "[80]": [1703.0979033167355, 9922.288449583213, 2856924.5042838543, 68058.43957269398, 88262.2612357355, 6133.941137158849, 7954.483425856554, 5940.317436852001, 1614.9667861557139], "[100]": [8667.915642191425, 1830.914650383437, 3633.6519327672645, 623469.3229842648, 548.2389210846451, 3724.758302348619, 256.49812831326375, 2823.885917938484, 241.90914369586517], "[120]": [1624.3103894542899, 574.1926662849851, 2318.464828524393, 366.28542535024, 2210.0647067165387, 479.0678852874664, 172.0798446524156, 322.1315835726338, 112.69510856666824], "[140]": [309.99695398590313, 306.9502673727594, 2497.591556916366, 1136.4233893821663, 1154.0627689034368, 44.74347218549744, 127.86228025166996, 20.384941778441302, 113.15273305085603], "[160]": [70.66200931270822, 357.2119949441895, 15.467936716225735, 1548.2595184537713, 1549.9990409834322, 6.849410283981184, 67.09220892155756, 10.60272265654345, 64.75329224213063], "[180]": [38.71250297766513, 228.28410378306842, 5.676943221804049, 754.5660667594982, 826.3749452893957, 3.7638164162912804, 22.956549166798997, 3.186179681862936, 23.007714736429115], "[200]": [11.910601968382789, 237.771742946067, 2.14027266848249, 786.3657019761623, 832.1846896401709, 2.3728960052568824, 4.645198491709228, 2.2863830978907917, 3947.656146435041], "[220]": [0.8584204445294948, 199.9610693861213, 2.058727668104228, 547.0711709511424, 570.5066800825822, 1.0440170180930501, 2.9308353044584754, 1.0571504487617702, 1143.7473826905111], "[240]": [2.3656381823964137, 178.470502434292, 0.6585967235964446, 450.1638228723378, 471.527511051111, 0.973258148509713, 0.024755195864454196, 0.9713510871762948, 0.007422851193267696], "[260]": [1.0, 170.2739784205318, 60.86448239125171, 411.86401224006534, 429.77382417549717, 0.9997107548252206, 0.9994921764068544, 0.9999991385500758, 307.09020833812315], "[280]": [0.6129186691128587, 158.2746037272142, 1.4169085068667677, 338.9447179391558, 355.00052482211703, 4.173057416240845e-05, 6.894341002950194e-05, 4.239531166643245e-08, 34.153709969817776]}