{"[20]": [4.428571428571429, 5.0, 828.7790286069925, 4.428571428571429, 4.08605785778226, 70.32040339953994, 72.86058754594856, 70.87917442654799, 69.30616450976974], "[40]": [9.428571428571429, 7.170405756804364, 27.335795375743565, 10.659595653674725, 14.122298823186743, 27.99280390226125, 29.82965714281365, 27.890876897642592, 29.790507964797932], "[60]": [3.2857142857142865, 7.918553378132216, 2.8031388142459264, 134.55257073730297, 70.33533178533892, 10.880017549842947, 16.250967213379525, 13.83620385601715, 16.475508413769674], "[80]": [3.2857142857142847, 5.948324089589075, 6.354648355786253, 8.041533660682893, 6.605243516782563, 12.358479594399771, 18.112894749597743, 12.130971477629075, 18.580521815358818], "[100]": [1.571428571428573, 1.8966648681791227, 0.835095275603976, 0.9331731849945797, 1.4342970825737709, 12.14628089521625, 21.14813212587581, 11.532707259715826, 0.999938489064153], "[120]": [6.0, 2.1432262835891436, 6.6304241253465435, 2.75137324877112, 3.9227844632033566, 17.84442561341451, 1.999268297453881, 16.307230977116642, 14.969719722850066], "[140]": [8.42857142857143, 9.04971941012628, 24.923624931508883, 10.523469849849256, 10.835692645903336, 8.243876560778382, 9.000164140333581, 3.0720744637028403, 9.000000007322036], "[160]": [15.714285714285715, 14.956175126851207, 22.714426548063905, 18.58958672037543, 18.022717208939813, 28.82356197518674, 38.412566391399345, 28.106439505723397, 13.999999999592085], "[180]": [12.857142857142854, 8.797951880233377, 8.01017589545998, 12.599704538036804, 12.299572147704964, 33.646917325587395, 52.60111268929651, 29.70505136995903, 7.9979600077473805], "[200]": [51.57142857142857, 44.51284075461638, 12.460613821007655, 32.63600500340796, 32.476684952061504, 74.965104377778, 92.2282867419689, 67.64210568878383, 42.951763394840555], "[220]": [159.85714285714286, 25.706525938648497, 57.608938850161195, 22.98545060563015, 16.30981090964889, 142.784525896418, 111.345961192466, 160.5596006314612, 83.02920245824961], "[240]": [358.85714285714283, 49.37978243827638, 81.65262989155474, 109.63605268487743, 106.16942389969142, 135.7784118561109, 714.9999967548979, 385.5185821348792, 236.02101128926307], "[260]": [462.57142857142856, 346.5164614506331, 306.37032078375205, 279.1425309356798, 278.60300866424654, 834.2091063409656, 1264.999999686143, 834.2091063196398, 237.77872827617284], "[280]": [458.7142857142858, 129.8059455411733, 151.27515042570553, 322.2775608957081, 323.7892175402071, 1116.5451406903444, 1795.9999978527235, 1116.5451406905474, 217.38164144608072]}