{"[20]": [3.0, 3.000000825687562, 3.0, 3.0, 3.0, 2.9999973665461304, 2.9999400910838023, 2.9999997019740667, 2.999999690005653], "[40]": [27.350525801600234, 3.2830011497603557, 34206.70627190114, 43.40993788819876, 16.348322778256282, 4.858320127472348, 25.373486533795525, 6.203809458548616, 1905.7229820492287], "[60]": [366.48895183968716, 224.2068291162152, 47.00156686229116, 91.64986620655918, 76.73333935348155, 314.34074108081956, 352.2436377077255, 191.1743990447978, 1167.1950649571388], "[80]": [6126.239234619169, 1667.8007266890706, 33.82469361882727, 141.17625373859136, 360.62946227863614, 1984.4922125631297, 1888.610013914471, 2243.137572379442, 6974.05048926803], "[100]": [23578.070844490558, 789.5206501446133, 4651680.98824022, 15956.80738092605, 15353.456978728185, 2651.5786724497725, 1644.642288467563, 2198.923110373607, 5098.9953563348745], "[120]": [19144.653612166865, 280.3289574429615, 21572.28408450665, 9283.666410432828, 1160.2418294319414, 13063.158678678525, 9860.708371322893, 8686.330439098832, 8960.204572592145], "[140]": [8327.549817794486, 451.672834738862, 234891.14495914333, 1503.937895428915, 1719.0270221050644, 3873.555643963186, 1775.1360182357337, 2702.8151853241666, 1537.087002532599], "[160]": [1610.2983447252418, 267.45943538017303, 18475.71025874337, 120.29373428208665, 51.812764670458776, 688.3210273554358, 218.33063458186834, 482.6448440956653, 247.05944860051474], "[180]": [294.81132925314347, 160.96816515378384, 8.336255452774532, 226.15528288161022, 285.4534475448968, 107.2547201427558, 16.842356592501893, 70.83903596949179, 34.56902782074351], "[200]": [68.75700458097204, 140.93772864082788, 6.672034554734378, 202.62611102666853, 223.17915129960977, 31.838416567541948, 14.564458752387543, 25.184067099049255, 15.76153663695831], "[220]": [3.874155373153, 123.58934408170342, 3.0231301994236133, 267.5878294992763, 285.0539695698631, 0.15649916051334853, 2.129532048504999, 0.5156836600388481, 0.6783835362813728], "[240]": [0.9124895811666248, 113.74896595400932, 1124.073845843343, 201.5989061722333, 212.9612043783316, 0.9693932758030502, 0.7930494276921776, 0.7434259313162263, 1.409646129830801], "[260]": [0.0, 107.5926652668922, 0.001, 170.57374626001325, 178.93217963738607, 0.045394745730345756, 0.04842501662542489, 0.005460813525210795, 0.2500107295446889], "[280]": [0.0, 102.90519680781973, 0.0, 152.23205130385077, 158.71905430464258, 0.008148991300870196, 0.007919977934734335, 0.000788522242895193, 0.046561345577950435]}