{"[20]": [8.714285714285714, 9.74385209904018, 2931.4103579855246, 8.714285714285714, 12.842514215891942, 1.6381003001632113, 2.3928015174234876, 2.394225884963049, 2.2603171703015965], "[40]": [10.285714285714285, 9.459868560743708, 6.6613390296780395, 0.6928863780944745, 0.250254656994251, 8.26593487559051, 19.798483563421364, 8.25742230063544, 11.707096491382408], "[60]": [9.714285714285715, 9.80723300299421, 3.1357701853479156, 1.4737322459803863, 1.2384949042604845, 11.154629055193958, 33.33200178817735, 9.531194119714762, 0.4480208628983533], "[80]": [21.142857142857146, 20.497529853849628, 13.721819228510256, 54.417651049642444, 25.89074309061767, 33.96974061875867, 59.57647291866034, 31.82371349198644, 19.99138726984978], "[100]": [27.85714285714286, 9.486361751213181, 14.893727050074276, 6.752031443402302, 7.912230943817178, 40.758436129365435, 76.56717210982302, 33.91225941988394, 16.7048550230908], "[120]": [106.14285714285714, 54.5381872846167, 14.801563688864121, 30.773852829332895, 30.790558346537637, 119.78023752021332, 158.8177967913921, 59.05245861724674, 59.73098009199791], "[140]": [181.14285714285717, 5.403575272457829, 55.43996586061871, 74.1987323678668, 78.71706596140893, 132.46135274901775, 168.24568367366737, 3.6134422874079064, 3.857232846531815], "[160]": [91.14285714285711, 39.40590032508169, 112.27991210743016, 33.73112503805237, 32.13130448463221, 106.05960787094159, 187.50855880476286, 11.045113495822534, 11.13714480005649], "[180]": [468.7142857142858, 194.10270945304364, 241.24671801254067, 5.372292791663767, 9.679950781696334, 557.4249204615925, 742.6324254462828, 443.47654429467116, 365.1776266202178], "[200]": [1693.2857142857142, 469.6978618426315, 251.9491753184002, 362.95461355295174, 351.4759016554358, 1304.3672544525311, 1277.9238865900506, 989.2578581136931, 875.4704291631256], "[220]": [4322.571428571428, 296.4654582540916, 902.6955119545764, 282.94100677960523, 293.2997300427778, 5546.02686522298, 1444.645068689073, 804.3672718318903, 2392.4024259168327], "[240]": [4669.0, 280.8415859228553, 3127.479189506408, 402.7704530205192, 427.6116663145767, 8372.80089332104, 311.6955941566557, 8372.800893093328, 1582.9973795899532], "[260]": [2915.1428571428587, 108.72266355137981, 4711.927739901439, 2501.547422926422, 2485.8894212435043, 4066.6533349556194, 4779.305439531156, 4411.570386017091, 4414.794858881345], "[280]": [5464.0, 447.7289531065435, 1528.404794289796, 3545.688207443218, 3616.290446273337, 44.96051557790997, 3678.349514315847, 3805.640962305424, 5212.57755617373]}