{"[20]": [5.0, 5.000000825687563, 5.0, 5.0, 5.0, 4.999997366546131, 4.999940091083803, 4.999999701974067, 4.9999996900056525], "[40]": [135.34266223279624, 27.876610201615023, 135833.62204063212, 187.14906832298138, 82.6046439489882, 24.36816407686644, 121.25052122949496, 19.783416290780497, 58.296480595809875], "[60]": [2836.9835888461935, 1428.8588499604186, 152156.26150498673, 193.48166577937454, 22.10469483257548, 1977.3560696129894, 1819.052985954173, 872.4791087098187, 7087.133108239458], "[80]": [13513.07550566181, 3279.545640997504, 16967.55032435415, 4071.6824125719977, 15081.039132481596, 618.0022116813464, 252.31494342750858, 1096.964532834134, 2420.3656120646806], "[100]": [10923.508867810573, 809.3542354215773, 12237624.95440729, 73309.63308952801, 33429.22731248811, 6182.440623153438, 1795.874917402794, 4683.09771885712, 1748.347441646619], "[120]": [3953.672523613332, 721.5354921867623, 228.50464451325072, 722.8737600577194, 677.4997322797689, 1683.374461586852, 248.61293472830909, 1264.2854415462152, 208.6847556410639], "[140]": [699.0577427357105, 150.09748460626042, 9066.985073922677, 22.300883038298707, 11.294807303688359, 270.20031900367286, 29.32560678059833, 204.68038758321035, 11.949466666463001], "[160]": [119.8139335832239, 120.43564849561346, 0.9752139298700443, 419.37255181131195, 431.2035780620089, 44.60313116317634, 14.238770932929338, 34.38777602026526, 10.525982723602496], "[180]": [12.526925884020342, 106.00131170590403, 3.0163721376344497, 343.98363017251364, 359.9474807306509, 5.0131658108183075, 3.6523998970674127, 3.42178186316469, 2.920707704729341], "[200]": [3.6810454961576515, 92.9464847000931, 0.3895934835821186, 244.2172254020408, 251.69301930027075, 1.5518459622659144, 0.7460003443635882, 1.306162130652526, 0.6876485749853469], "[220]": [0.0, 85.08233453694957, 214.64683780737133, 198.18724623514987, 205.0614995303597, 0.038309558482878314, 0.09923231406458481, 0.0007263305672729372, 0.13194607634114097], "[240]": [0.0, 80.27321171763866, 0.0, 162.34832539921095, 168.05875708867484, 0.005808555070208638, 0.0132835094928367, 6.51700225623037e-05, 0.018400447754102316], "[260]": [0.0, 75.66293017884526, 0.0, 138.73479368925558, 143.230940680954, 0.0008806483050806129, 0.0017781411800894841, 5.925832966412523e-06, 0.002567804476980751], "[280]": [0.0, 71.7255970092615, 0.0, 121.12053717624661, 124.7555472492313, 0.00013350904037043865, 0.00023803321922126735, 5.503015005369118e-07, 0.00035800422667755957]}