{"[20]": [4.946617663731155, 6.0, 5.000000000195013, 8.824562368839096, 0.8897047933417506], "[40]": [12.611661425777584, 27.45007446074868, 94.00000000011191, 67.86850627221907, 0.1483821488761805], "[60]": [327.305008453377, 2532.582057172828, 2507.000000000041, 809.0389027760116, 1683.856307491223], "[80]": [3129.3835226573774, 6955.912961367663, 3118.0000000000146, 22271.012731565017, 2685.5881852184593], "[100]": [435.8939135195842, 12668.718974833297, 4621.9999999999945, 26844.194364213312, 546.180681331386], "[120]": [917.3681909113425, 766.6971146440412, 873.9999999999982, 6373.7130652926135, 190.94223165675476], "[140]": [337.9081000088112, 154.81667501419957, 155.9999999999995, 1384.070276376367, 79.54711454183149], "[160]": [81.22725300109983, 10384.538152064079, 33.99999999999986, 376.59853247670026, 25.282051501272548], "[180]": [0.8922955534353036, 29.708854503748242, 26.999999999999915, 100.64472620495326, 26.309541538152132], "[200]": [19.972243745951587, 153.4310082796094, 2.9999999999999964, 8.605940414146175, 2.9266659736042424], "[220]": [24.768743118123123, 8300.297894609073, 0.9999999999999893, 12.988472140072759, 1.0066236526821903], "[240]": [23.347535637463483, 1.2973059747161817, 1.0000000000000235, 19.72145967519606, 0.9983764508965662], "[260]": [25.821516366700656, 0.0, 6.090456127421861e-15, 16.317412349205682, 6.79797087612074e-05], "[280]": [31.167147989813746, 0.8571428571428571, 5.626124413078368e-15, 10.291841406948691, 6.00637539697706e-06]}