{"[20]": [11.420337836110036, 23.81877437996604, 23.97951991061282, 1412.7107388660952, 15.774737429256422], "[40]": [29.72622567191701, 384.8922776069354, 339.9777492352863, 181.47466824193887, 37.317329568907546], "[60]": [415.4273858016215, 458151170.54641974, 3338.9767576970557, 1695.1963122283073, 3538.873068463349], "[80]": [2668.0324469168486, 4038.3077920797136, 23413.983074532942, 9638.782277317396, 22191.456079179618], "[100]": [12886.280195753878, 57242.94609073984, 17650.989655386522, 5745.06698872256, 19495.71340883918], "[120]": [10127.698639034916, 30777.657874861474, 27282.929366762735, 1797.1465690039859, 2353.2444587289256], "[140]": [2362.5824349778554, 471.2045974393047, 12087.946970007073, 610.9297664623249, 1213.791001646923], "[160]": [334.52268460677465, 610.6923596979514, 3545.9380565638726, 190.83893207679762, 1526.6180088012318], "[180]": [311.95271043214774, 67.24007713663316, 1040.7659690585215, 304.926039323629, 722.0259118015589], "[200]": [361.5997495528839, 5267157.26591532, 313.98198902879557, 170.66794672287094, 264.7203247004053], "[220]": [358.2318371323973, 59.50510551615278, 93.90085318549427, 67106.40728828657, 86.44420707520094], "[240]": [342.51930693104697, 6.7359330404292805, 41.64330131089348, 439276.977233326, 40.842298718082624], "[260]": [321.5895219338889, 6.063719990983367, 22.984148925071004, 174232.0211500404, 22.822633720114347], "[280]": [300.79584617525296, 2.1883072536416814, 17.98302983536697, 547008.776002147, 17.972826644676708]}