{"[20]": [6.0, 6.000000825687563, 6.0, 6.0, 6.0, 5.999997366546129, 5.999940091083803, 5.999999701974067, 5.9999996900056525], "[40]": [70.72296784931872, 54.309089427219995, 3.0796260459154503, 801.492514904133, 30.94694226011897, 15.739841832468997, 72.25248105609609, 11.581133679121454, 52.5418022235716], "[60]": [2013.9379684095054, 836.7430121114704, 88.51973792205233, 2341.6322735851722, 224.48403988763826, 390.9531953453221, 294.5557974365003, 586.3624757806084, 2127.759515292904], "[80]": [16699.1063300183, 503.46498738406945, 1073048.96052697, 24008.74861773444, 24962.10263325566, 1060.4044174134892, 812.2355014696296, 831.3961719721698, 4292.590756775315], "[100]": [12704.991191943654, 1654.1810203308332, 5484916.379088654, 2328.4021304190987, 3539.905670547847, 8331.783925699514, 3738.7672375053344, 5710.536190067619, 2758.069537528792], "[120]": [4516.888338456095, 657.4841690070305, 165.70501569619174, 7374.5424567574, 3883.2139256253, 1889.2652397057448, 58.24543843257187, 1305.2032396914078, 491.78750524555556], "[140]": [783.1626385698133, 207.69624506683977, 131.10202521163265, 25.412909067955034, 81.67840832465669, 153.82922128702688, 514.6194379048582, 65.65679194502393, 364.5075934735752], "[160]": [263.596630437822, 133.63409899934513, 10191.846564426525, 240.32679009361797, 255.82196342463357, 19.16606669849054, 295.3840807414266, 5.357734690900129, 355.88791053312815], "[180]": [91.86303882193604, 124.76196989468731, 3.966381526541307, 381.13171015751794, 379.8114415934526, 1.6090327213419153, 128.87595991609368, 3.5111186311966835, 170.41648427232508], "[200]": [52.30494263304192, 86.36294759356723, 4.575083513258369, 33.299688637800536, 70.05434951564243, 13.601866268504967, 39.33207856185098, 13.261850933840778, 58.248933445440194], "[220]": [6.857494736186408, 78.47999541906904, 2.761435560587781, 159.4176018774237, 171.19906252636198, 4.180900678081956, 14.612233392201881, 4.232646821585895, 18.83439960633118], "[240]": [8.616957212144474, 75.84070772675611, 8.757156319005034, 132.3977974841898, 140.25647712033313, 2.18933579116997, 5.898984646237649, 2.181133118241359, 8.90139780093818], "[260]": [1.8581934345790534, 75.33510909506232, 0.19573675896390427, 133.12510660030392, 138.90148358504652, 1.150872067688414, 0.2804293991672449, 1.1496036215866516, 0.8716066223195046], "[280]": [0.0, 69.79487876309979, 0.6269926145023602, 100.48984154985799, 105.51712277930471, 0.283267237747044, 0.7605748955196223, 0.2834657936252333, 0.9633906843149289]}