{"[20]": [1.0, 1.000000825687562, 1.0, 1.0, 1.0, 0.9999970660978678, 0.9999674666483876, 0.9999979163545994, 0.9993206813458585], "[40]": [0.0, 0.47705019533890214, 832.4378085899868, 0.9565217391304348, 0.17924472826788507, 2.9679796707526553, 3.1807652487243923, 2.55817539450922, 26.354728455984883], "[60]": [0.4201602264328475, 0.47486702175814594, 3.9101493900740727, 0.9999999999999677, 0.9987042365209418, 2.2898407468217075, 1.36531295016861, 1.8624131235790897, 27.172048412637086], "[80]": [0.32348303205008455, 0.24699348094201098, 0.018616861757867063, 3.4334390151722514, 3.415982622938663, 0.04067769901629588, 0.09611548381667374, 0.5775215958611639, 0.0297301018880753], "[100]": [0.0, 0.17525239030352663, 0.0, 0.6635000667750831, 0.9185046093952288, 0.003343181184270378, 0.011894963548515925, 0.00027798283367948864, 0.04608487946610046], "[120]": [0.0, 0.13027821434650394, 0.0, 0.5095488798093925, 0.6022509926336482, 0.0002449124827909532, 0.002670101183747757, 8.892916192970327e-06, 7.96266729500247e-05], "[140]": [0.0, 0.14258464238869936, 0.0, 0.309069174285975, 0.360422432740558, 2.5147264345072627e-05, 0.0001947861782310874, 3.9133710531805864e-07, 2168.09676884314], "[160]": [0.0, 0.10590191800198567, 0.0, 0.22187006913252924, 0.25440224103582304, 2.5969858862532795e-06, 0.002395651011958718, 8.702635059838745e-09, 0.0006319320621789449], "[180]": [0.0, 0.09796492802697909, 0.0, 0.1730911952042657, 0.19555160227822752, 2.682688942690204e-07, 0.00028077670500653335, 6.268911056617654e-11, 5.052568535800016], "[200]": [0.0, 0.0984458486631692, 0.0, 0.14191851277663717, 0.15835989043456786, 2.7704800693720055e-08, 6.136862566441581e-07, 2.3883247982248585e-11, 0.00025356610182639355], "[220]": [0.0, 0.09202472036692359, 0.0, 0.12027360222443939, 0.13283013299922022, 2.86053898413652e-09, 1.0174470986263117e-07, 5.395758412160198e-12, 5.037350783809024e-10], "[240]": [0.0, 0.08252937698151065, 0.0, 0.10436539349147894, 0.11426836442297303, 2.952832046689822e-10, 5.773896411398882e-08, 1.4836085324931682e-11, 0.36047634199191697], "[260]": [0.0, 0.0862398785249327, 0.0, 0.09217897478499139, 0.10018891724145007, 2.8656653627795933e-11, 3.6432512912246746e-06, 4.749745188124124e-15, 3.5066152498878723e-10], "[280]": [0.0, 0.07177781822172605, 0.0, 0.08254436592099128, 0.08915650607203442, 3.5833444284088017e-12, 4.882928454323703e-10, 9.89707028321469e-13, 1.3327745034669736e-06]}