{"[20]": [3.0, 3.000000825687562, 3.0, 3.0, 3.0, 2.999997066097868, 2.999967466648388, 2.9999979163546, 2.9993206813458584], "[40]": [0.20811412974553156, 0.34182497973307413, 8.612159444725458, 4.884451041734561, 4.619855206294241, 11.39797304917945, 12.234041272545594, 7.95592770153766, 8.795247587069468], "[60]": [1.2070031005915103, 0.6621829159147345, 0.4114440868874658, 21288.92263249036, 3.1921078798087326, 2.7391333744921353, 0.22737607520042355, 2.136583906269395, 0.03053022369281111], "[80]": [0.0, 0.2502293725530442, 0.0011562492988334843, 2.6817713643872003, 2.7144770932521034, 0.19530372198837923, 0.02324914030539222, 0.4999910062266856, 0.0003375018630439165], "[100]": [0.0, 0.19710001409780098, 0.0, 0.3833509837653991, 0.7365886608784575, 0.0004994934007880982, 0.001367928221897601, 0.13171629654752237, 4.045265050627428e-06], "[120]": [0.0, 0.14994279288432344, 0.0, 0.12483186449965746, 0.223120972841947, 4.3466834186483555e-05, 0.00023709679237024175, 2.609686406156365e-10, 0.7974275806964578], "[140]": [0.0, 0.0868652863074404, 0.0, 0.07467518302080464, 0.12172192755648145, 3.7965252353298064e-06, 1.6205899332882797e-05, 1.172201156772841e-10, 972.3620227441926], "[160]": [0.0, 0.07919944335963088, 0.0, 0.05330527543890843, 0.08077534309534067, 3.3163939542634715e-07, 1.3777414822083115e-06, 1.581774973498874e-14, 60.18106812129597], "[180]": [0.0, 0.1238649578550822, 0.0, 0.04145796777502296, 0.059361404941845435, 2.896384732077617e-08, 8.112021472424959e-07, 1.2845943235321533e-14, 6.685784678044586], "[200]": [0.0, 0.0886178958966996, 0.0, 0.03392534637301845, 0.04646108193859879, 2.52917901871735e-09, 2.5985582890649943e-07, 4.0281962828156314e-14, 17.95485615854913], "[220]": [0.0, 0.10546715143204713, 0.0, 0.028712325583928843, 0.037948981350323506, 2.204261487499021e-10, 4.0519607964337235e-08, 2.030344834468049e-12, 0.10145550499234099], "[240]": [0.0, 0.11509779622597396, 0.0, 0.02488987477783232, 0.03196147691511066, 1.385026786494941e-11, 1.8440085450706511e-09, 3.6057422752760853e-12, 0.00017387900484342202], "[260]": [0.0, 0.12118814045215072, 0.0, 0.021966782184385792, 0.027545022759010954, 1.6732610848516923e-12, 5.523967643827499e-06, 2.4054393176789526e-14, 0.0016835320262094226], "[280]": [0.0, 0.060453852121394494, 0.0, 0.019658886620266394, 0.02416585814900405, 1.458654647380789e-13, 2.8931099011578753e-11, 2.481644214576537e-13, 0.00042438729727867734]}