{"[20]": [7.0, 7.000000825687562, 7.0, 7.0, 7.0, 6.999997066097867, 6.999967466648387, 6.999997916354599, 6.999320681345858], "[40]": [41.818609850826455, 38.865599192399586, 4.33328194693866, 51.61490683229813, 2.4647744851596007, 7.074869991114917, 48.24744887846199, 14.252711117928357, 199.5563198792526], "[60]": [159.12620466108277, 81.86092549877712, 69.49215826222904, 84.00567392661817, 74.50986929901714, 159.0633014999487, 182.76583750584123, 82.39387943745741, 80.17669894074982], "[80]": [11.86029004264444, 40.096124173688104, 65249.17903104302, 1739.9659068515473, 1531.6095846798185, 75.16540679595757, 11.485204451998307, 33.475520056715276, 34.762548135971244], "[100]": [3.4808521291645365, 25.46761627642722, 16.21860903575235, 639.0323923037333, 326.33222271976547, 105.8137853306738, 20.74641201484566, 99.87204061878516, 34.98354458374381], "[120]": [20.034429691647915, 13.133768458593622, 45.12033602574998, 56.427433865454034, 14.995106933249634, 99.79361882482503, 5.852423359759469, 22.330134062772803, 2.92170044336705], "[140]": [737.1854725002734, 636.74110779437, 4867.3967766936485, 677.4829126470402, 669.2203128735922, 858.5840031586292, 738.7403697503556, 772.0939931940827, 735.6847160049512], "[160]": [6261.888299644348, 2460.5349537153306, 904453.3196551985, 3416.260040200147, 3514.012993791422, 3540.36822073835, 5927.777041440108, 4045.9589329966925, 5930.408405243018], "[180]": [1565.8667688894434, 5008.129093282597, 3016408.1989079774, 14352.38766259567, 14789.162691947682, 2249.7520419008774, 3135.109871147642, 3551.4639349956983, 34992.766680038556], "[200]": [6524.343569815181, 2436.7159164752934, 1958960.4336078148, 1192.6460477988512, 2028.6430078789158, 932.1109371273726, 5475.702041205836, 3984.268656403652, 91899.28682246227], "[220]": [1828.0695449074499, 829.883330685445, 35.7560293936833, 5050.533458267431, 3896.5703332700864, 375.84902189494403, 2015.0702058133015, 1199.3831387652642, 8616.666643997773], "[240]": [358.0949247707572, 178.45224632749404, 3998.915486189689, 56.02349003225073, 20.585078455868675, 97.58245652084739, 741.1087414399825, 223.96713871465082, 2427.1655638582165], "[260]": [50.17612690051566, 101.96434267448436, 1.8325200553621683, 289.141928264129, 281.6716675204687, 13.826574988911098, 270.66241187967717, 90.99600324728732, 642.8131033873589], "[280]": [3.3770408445227122, 91.85280690059649, 0.793591369285023, 217.98901967284334, 224.47405125632164, 0.42835897704558606, 96.16192318914872, 16.570820808223832, 216.4197464517457]}