{"[20]": [2.0, 2.0000008256875623, 2.0, 2.0, 2.0, 1.9999970660978674, 1.999967466648388, 1.9999979163545993, 1.9993206813458584], "[40]": [34.83153329317517, 32.01357879754963, 125563.31204772451, 40.80124223602485, 62.05279786323272, 67.24747688130851, 76.14159940345097, 59.31897337991573, 5434.161345685293], "[60]": [239.26851541319064, 189.9621312314749, 83.77005361760025, 1047.2546971170266, 3.3109537503343027, 225.41349709355495, 254.74505678106382, 106.03254787196363, 640.8912364296235], "[80]": [1914.976634143619, 937.4772429686378, 211766.88180562368, 235.7454468314342, 121.96486708905857, 1609.783361991068, 1693.6064736089563, 297.73169261440324, 4573.3711520957495], "[100]": [6322.70440356805, 747.0983785521183, 79558.45474166896, 7650.058205057696, 8074.028746661251, 2274.1131203365603, 128.9678103787692, 179.54074498764584, 2449.846605814312], "[120]": [1281.9762093367476, 1428.8992743338092, 510777.33040195314, 21547.335045238317, 16818.844504934248, 1873.5671819682548, 4315.306755689982, 1791.5171912697858, 258.3594086862805], "[140]": [4506.827995325998, 1695.655498670209, 1589.8599716876245, 15574.44387063668, 13551.235686583737, 1730.4403681612998, 173.39160103132562, 1395.7256490692882, 198.78483863687782], "[160]": [1470.9158744057058, 129.4486917800761, 100.71947352442547, 154.9457993122501, 767.4919670787152, 501.4184359809878, 83.8319408102168, 386.175769672698, 63.11378928617137], "[180]": [293.46234623276547, 201.69474219067888, 3945.086417675817, 426.2606043788092, 368.2896928395836, 90.90209614446867, 1.4510673676882233, 61.574788566561615, 1.7095481089574438], "[200]": [57.72053896558775, 125.11962537350838, 4005.3978977456118, 386.6791243749731, 382.8884561848228, 13.778555524939648, 7.803741033634787, 6.6829321892325195, 8.825676395514723], "[220]": [13.038736041090798, 111.9683514433733, 1.6412774163283594, 271.1759220034847, 279.0117993461981, 0.822517676468072, 6.501740887123737, 0.5362349234484625, 736.4266441992828], "[240]": [7.029909563951137, 97.1174576359366, 0.7414448575296013, 212.40304575048825, 225.5011072948557, 1.8107037071648733, 2.6322098507320772, 1.4269759138122808, 2.5577915661732895], "[260]": [2.5762855878445747, 89.35813114722124, 1198.184172364632, 162.276832843317, 177.89077530681686, 0.5582700234820362, 0.7143595449490812, 0.47114438943005865, 333.76089114417897], "[280]": [1.0, 82.73637813165976, 356.61482576013265, 152.18036589949548, 158.67100775748878, 1.4921007573252383, 1.9354559400944227, 1.5106743157661866, 160.0957150797337]}