{"[20]": [1.2857142857142856, 1.861667091185887, 14.229130493125336, 1.2857142857142856, 1.03694725967899, 3.3847370310871403, 3.227095919325058, 3.435797452912743, 3.268868202295346], "[40]": [7.571428571428571, 2.8425254634730805, 6.698677068090774, 6.7633440157645985, 6.722640632781303, 3.473418775552677, 10.518325515017434, 3.4657955803176677, 4.6189425071650625], "[60]": [13.714285714285715, 9.514005262257541, 3.948103028151131, 27.74805689220046, 3.901306719468465, 15.552635336998915, 25.02246141664681, 2.0988932193434664, 22.166561561396904], "[80]": [5.285714285714285, 0.40343098725558235, 4.385227528479064, 11.461742854913439, 2.999488862191278, 3.8469295182379, 14.810992063417217, 1.9337712223526609, 16.747510561255606], "[100]": [6.428571428571431, 2.890433035558999, 13.47424629560826, 5.049933986152276, 5.525434231558506, 14.33146098373598, 41.849235057944256, 13.585567970085698, 2.007471215397068], "[120]": [54.71428571428571, 26.670681445764288, 4.827439424547038, 30.44295140619016, 26.873762182270326, 61.49201109712958, 89.31423514770252, 35.33130523692773, 41.99810560697746], "[140]": [68.42857142857142, 13.18253724954775, 37.64163899953195, 38.54188760145661, 36.728836090777236, 39.9003824613726, 58.68560322800107, 12.907804598886969, 17.48595851445276], "[160]": [76.0, 95.57316840231965, 73.99141001341422, 43.63584583871631, 36.634590324746455, 84.901680796417, 115.64182593109979, 13.276085391535787, 33.3178625718636], "[180]": [118.42857142857144, 104.6685168804919, 29.937888881127833, 30.232936493164402, 34.31310896373634, 167.9610880798777, 236.10886810339076, 101.2951296776098, 85.81446752543206], "[200]": [510.0, 149.5513491188733, 206.96410647350172, 119.01577455545339, 98.63016207306055, 516.6925922062201, 1189.1787747859717, 384.02346154134307, 341.22245931566795], "[220]": [1196.1428571428573, 194.95302798647663, 78.21067741425259, 75.41135032966577, 79.89328294848974, 1601.8055705489735, 3308.0047267671084, 437.10438206954086, 578.7396833986459], "[240]": [1282.4285714285716, 260.5022381084418, 689.4544215220621, 225.84514928837507, 219.43417084915654, 2318.832779206208, 5955.883877861931, 2318.8327789159507, 517.8487089536202], "[260]": [478.1428571428569, 303.66042177328745, 1107.3144893072958, 167.4262431564939, 162.901280146516, 1425.7599271985482, 4932.616744419552, 1425.7599272004018, 959.3943700971959], "[280]": [1530.0, 156.00672325517735, 356.792010982449, 542.8526405442617, 499.1341004288033, 138.09582885930286, 1696.8396435659283, 138.09582885948748, 1473.5276278238034]}