{"[20]": [5.285714285714286, 6.0, 147.21712365830194, 5.285714285714286, 5.04794384384307, 25.13818288958036, 23.847019983315864, 25.63287264803629, 24.25914490640788], "[40]": [35.285714285714285, 18.887771280145124, 36.75193683348297, 27.374810019563768, 34.54608448922386, 39.9391432544129, 40.03702731130519, 39.53619170818247, 59.412678468430784], "[60]": [209.0, 181.62712195045938, 60.81846450302294, 9401.177055884084, 23.32757856209946, 199.28532777074773, 234.50551398492124, 123.56585111272258, 21.544333429353458], "[80]": [37.28571428571428, 157.7560689482197, 447.8123418961941, 15668.745668242927, 3748.732449795174, 83.6946979958183, 26.843946447899782, 36.94548297206296, 111.86504553025833], "[100]": [27.857142857142833, 15.535596276380375, 7.7947562755416016, 1965.7319957939812, 139.42235703828388, 168.49761683148935, 38.363407217912766, 169.76233508226653, 39.960768759490236], "[120]": [18.142857142857167, 19.667077594805505, 54.18034545524563, 13.067457627463966, 12.394715464030185, 196.53075896477534, 12.186313666625495, 35.9119087043984, 12.853220984375412], "[140]": [1677.0, 1394.8521977841613, 1603.124136393047, 1372.3357314838454, 1388.533271727873, 1857.1638476574533, 1613.8529248183768, 1664.0769538150234, 1613.9664905240488], "[160]": [10566.857142857143, 2255.286956055832, 8737.746491493726, 7360.743532546225, 6824.5922908022985, 7529.8773301645215, 6486.463359156471, 8717.061088764141, 7794.452039630576], "[180]": [1337.4285714285706, 1548.4560109829345, 25121.09545230576, 18505.459621498427, 19429.30327663879, 9125.200221277715, 11646.228753631462, 17619.30815485359, 11087.20739650337], "[200]": [8745.285714285714, 2647.41122325654, 3502.102630176196, 10573.81293116498, 10360.225920770223, 1523.1072685106437, 6878.831492146353, 7423.952936303989, 8331.469401235267], "[220]": [2064.0, 605.0365384341299, 12.520527699258423, 321.1802344908756, 260.1853796779433, 351.48244195919517, 2015.4334852183374, 1463.1015336247137, 2591.914284562971], "[240]": [407.71428571428567, 387.2053490856142, 16.701594424231757, 863.217524852435, 847.3341387377448, 77.98215986222283, 737.6071290391916, 465.63696461817904, 962.6857002902566], "[260]": [76.0, 152.49712244444163, 8.062663779804513, 224.43213617631974, 221.2999927395772, 13.711949529048386, 263.8212821561449, 139.82497891451854, 350.72022207282333], "[280]": [8.428571428571429, 203.17200929404908, 1.0933555902407768, 325.14980521101404, 315.0694283106159, 2.342389754527326, 91.50914815367082, 47.38837103305751, 129.51602489119912]}