{"[20]": [8.0, 8.0, 8.000000000150173, 7.999999999987051, 8.00000192967922], "[40]": [29.9725149629785, 90.95374607525916, 77.00000000020768, 38.63889882087329, 18.54988025010597], "[60]": [89.67522875344332, 455.18818493685376, 745.0000000000744, 40.683105521238986, 803.0995304908645], "[80]": [864.4051909318423, 1453.9214344322136, 6424.0000000000255, 1680.3462479262153, 6215.654586973031], "[100]": [749.7183096262088, 24711.830761667552, 24542.000000000007, 1549.960177415589, 13018.055213778018], "[120]": [10949.503560407662, 59031.700244747655, 5735.999999999993, 2429.0171906871765, 4043.310387639729], "[140]": [5786.751472180145, 11122.239150922145, 18534.0, 1971.9660067265213, 862.4176023893087], "[160]": [1229.9735709610013, 2493.712589701997, 5507.0, 372.8956996820725, 409.0571303638062], "[180]": [93.09948589203873, 23.0481655650824, 1464.0, 48.433730190341294, 468.5838752714217], "[200]": [394.9380962077131, 123.73855125942015, 417.0, 4690.843924086272, 238.7836200912128], "[220]": [461.3936559705545, 71.38118093426843, 139.00000000000003, 2748.7493531190903, 107.61892755528262], "[240]": [448.3315512994777, 10.42021744709129, 37.00000000000004, 1462.441254739364, 31.49051244315757], "[260]": [412.4646305407764, 9.801722824820299, 15.000000000000007, 920.4892956450058, 14.033217449828463], "[280]": [378.7928362784295, 2.532443018133886, 7.000000000000012, 615.054794627069, 6.8303675792918845]}