{"[20]": [18.142857142857142, 16.542096885156663, 14.009705622285207, 76.21093750001529, 16.23811641202402, 12.87960357521395, 12.865753178629904, 12.879406949865212, 12.917241050978477], "[40]": [356.57142857142856, 176.88560513473294, 21.094244423333578, 42.12668257003071, 17.267116331491877, 43.79895163910504, 350.7805666723599, 173.07208061303362, 263.6979120557045], "[60]": [7713.428571428572, 2313.5503689324005, 624.4597206279941, 283.3466698014163, 515.9039791972009, 4465.343492844109, 4244.330948280325, 1983.7736225837298, 1787.57041674227], "[80]": [14841.571428571428, 5325.158244589424, 39712.122131310156, 1197.167883218921, 24487.066743401345, 1888.6015451448766, 34.201399602068705, 2436.668635686772, 6437.155770898156], "[100]": [17004.142857142855, 19.6271440763594, 8416.905246857623, 18316.37496262264, 14300.750529062989, 6872.770471072094, 1267.7702249270114, 5972.632867963526, 1335.0987243903364], "[120]": [4268.0, 803.5906806792609, 112.81320852435329, 2923.1484647087477, 3534.8503546713346, 1329.6650733942397, 9.440419732262399, 1106.8747885168236, 71.87954393810423], "[140]": [719.7142857142858, 13.220561855050619, 10.317447249781708, 205.2646996564397, 164.1602060315239, 187.90637457933826, 84.37484128572027, 151.130635577759, 61.78793660429619], "[160]": [134.85714285714286, 65.05890513864142, 4.9755133410299806, 390.8867000123629, 393.3646553038509, 34.817287788247654, 19.137335367117146, 29.19511211506267, 15.983503675085117], "[180]": [22.714285714285715, 75.38901513948076, 0.01189358737384083, 309.7011940627592, 315.9660481849899, 1.5302936715431628, 13.102079218257844, 0.7117674987854343, 14.092664491685444], "[200]": [8.428571428571429, 117.39753475928683, 1.1016983324918597, 268.53992727324624, 285.90921709877824, 4.434838751745582, 0.5750091866593898, 4.31867724044351, 1.4512956396053993], "[220]": [0.8571428571428572, 106.27464543652331, 0.1606111745323755, 237.7528458120398, 244.67548193382905, 0.16614789627445292, 1.0056676556276605, 0.14987326214621666, 1.2472621336042031], "[240]": [0.5714285714285714, 87.2679932506635, 0.26847316913831376, 166.1479391409185, 171.80229394799684, 0.28118375244721894, 0.6746129374041742, 0.2834476254612275, 0.768845196202288], "[260]": [0.0, 73.62007497114064, 0.01693231069696141, 138.6577835677718, 144.1841924948548, 0.00031539538192008236, 0.00039319077413569925, 1.5439848562365315e-06, 0.001986387037611373], "[280]": [1.0, 66.3655015349841, 1.0, 120.76001927468293, 125.14550635081707, 0.9999564686073121, 0.9999535334779868, 0.9999998848038161, 0.9997227832152038]}