{"[20]": [0.9358052952406307, 7.7799486426309965, 15.92110488067253, 28.756617572705487, 5.489979330346462], "[40]": [11.676897777013101, 49.48704161973772, 33.96122441925615, 13.906022729744329, 41.70365373723154], "[60]": [1.3312079144841984, 2.985796531338873, 13.993439136106751, 8.63340028937452, 48.927181388229876], "[80]": [17.77417009111349, 338.6850058928027, 83.99924105191835, 39.28825522952846, 117.75758653774321], "[100]": [20.450048898275387, 67.1932895711828, 193.9997991671469, 52.58364252704529, 198.6200092374424], "[120]": [2.4578189017905987, 225.63316464274266, 482.99980445471834, 35.62345043303831, 441.93655995956794], "[140]": [88.31299057350317, 187.65070766437606, 637.9993029672793, 369.4140622882913, 725.2798697790474], "[160]": [39.33021472857506, 338.760557633184, 708.9985487820146, 881.8949207293873, 1131.1749524351326], "[180]": [133.62510592178864, 365.0214201610995, 1773.9765508955315, 2415.708825917535, 1887.1022427048902], "[200]": [332.53731564656226, 254.8568884013708, 3954.9993798083774, 2501.9416436522038, 2080.901321641708], "[220]": [43.948211872755934, 705.2534496013732, 1882.9935234893812, 8843.195404527216, 224.6415304754378], "[240]": [442.1024692168741, 1616.6593559993385, 2697.9653297752875, 4264.074468296471, 77.85758175356982], "[260]": [437.0562991348073, 192.2863027807023, 4043.9995385881743, 1078.9653085766156, 990.902564896797], "[280]": [87.41340741853286, 394.4451707806383, 1821.9995192926337, 13218.827376966081, 135.62118187719602]}