{"[20]": [7.794192894593455, 7.710786651048014, 24.96568299970118, 1.6001774025639677, 0.854660904129373, 34.98385174084587, 22.41068599237095, 55.28715784889907, 54.51457305972913], "[40]": [77.85377965514877, 70.59803232136798, 44227.778947422674, 9.338024961265141, 10.578558648780964, 3.8354540066730225, 90.94869760070975, 4.056277206437117, 23.17924089889602], "[60]": [154.8648155371049, 119.39169662090494, 44314.06173098669, 384.83359704326784, 408.59498105594906, 151.83651467142607, 199.10572166183493, 10.285334006710103, 1121.4675600053017], "[80]": [2.4660794822936603, 9.626063117797235, 95.51815085514271, 1599.572318167426, 684.163356444522, 116.4145953138232, 9.371887167710174, 111.83854416825265, 47.48902518378086], "[100]": [5.351365282583578, 9.310498462551305, 1386.077703948702, 213.4808635127874, 147.08976383196656, 150.71782610900738, 15.823219973102704, 40.11452775100842, 17.57016819894284], "[120]": [123.91884943608102, 125.10150687081544, 141.13774244765278, 176.0549590714858, 166.16469763939938, 285.67394073539435, 131.89687385539247, 148.04253554698647, 128.51018078636986], "[140]": [3151.887193722317, 2314.842903332596, 512445.3161791742, 1224.8174574104153, 1288.9495774877446, 3426.900317548399, 3070.261760092366, 3233.2714876251034, 3070.4341017969905], "[160]": [10665.014014725362, 692.0311120324887, 17982.18333466195, 6888.070912136256, 6378.471691418556, 3641.1482308506124, 2687.076145758667, 2847.911639668929, 11935.478499060458], "[180]": [7030.96541675262, 1942.0758232269434, 1016620.0020427348, 42530.475324330786, 45886.78388646488, 10944.684991859638, 15438.06275507349, 9807.923160309527, 14560.367621155978], "[200]": [5310.380051503948, 1175.12761517885, 861.5146109519271, 18796.833005819895, 17917.5430999613, 1120.486605357268, 4360.196314857381, 2429.050052127605, 32994.7724221132], "[220]": [1062.283719712142, 305.62027468319513, 3.9272933832425156, 607.1105319271138, 743.8353090659317, 228.23154707028436, 1251.0641817221858, 501.3330676314344, 4162.592765368483], "[240]": [203.47219608981774, 141.7431806889434, 7692.667083106224, 96.51437951752423, 69.03405211377208, 60.562719783740626, 476.01137340252023, 227.8961284944181, 933.3228609419727], "[260]": [14.419453082427978, 343.76226238942627, 989.0766710535672, 476.66983819128194, 476.86449344524766, 1.2564206696469158, 155.21154229569035, 55.859925788936046, 190.42273881420977], "[280]": [3.2973866399310965, 325.242275348781, 560.6221685702394, 284.45672922834876, 287.0283970040013, 0.942687174647923, 51.93565981461665, 16.488786586974676, 88.89069082607459]}