{"[20]": [2.2136763347022885, 58.84344199241066, 8.000000000195014, 1.3762131257379622, 5.575202246623011], "[40]": [36.212563398700595, 3404.117156604402, 78.00000000011191, 56.7777469501213, 39.37689490853833], "[60]": [253.33264117582144, 166.57843251343343, 196.0000000000407, 178.1907339901627, 263.07639463384726], "[80]": [49.87205985465562, 214.690163091675, 19.999999999986244, 100.14400635032416, 225.82071641688947], "[100]": [12.75722999599543, 86.41014660796964, 63.00000000000455, 64.899365863762, 224.49895597133252], "[120]": [26.232622473010565, 116.34349836927754, 72.00000000000159, 82.3254729186342, 198.84897185774025], "[140]": [80.65816461379745, 3404.659860262961, 4396.0, 78.16821122481815, 3368.695563039446], "[160]": [94.5232836563955, 8777.809609383006, 8866.0, 10598.569015212182, 6404.541445277231], "[180]": [1713.3302210522488, 11525.087438570783, 9226.0, 4232.892646946413, 1746.4973186825518], "[200]": [33.830019408926546, 98.90842437106448, 3257.0, 243.7474418882066, 120.56149878039378], "[220]": [330.57300997135667, 31.5148167083089, 562.0, 4941.325201435342, 25.89997072846029], "[240]": [83.65503826620704, 34.44453527921422, 131.00000000000006, 2018.910872684888, 46.26484330362564], "[260]": [132.61820034259762, 9.667884510603766, 19.0, 940.8446404193683, 7.475283577371918], "[280]": [330.1596231506524, 1.5327816458610197, 7.105427357601002e-15, 537.6258592933832, 1.2740850980112164]}