{"[20]": [10.996893046114648, 11.710901498146574, 3528890.7920983704, 11.975155279503106, 10.251948609677658, 42.06568482468521, 35.244035297466084, 1172.2447706259868, 2276.462049676463], "[40]": [88.76527409434217, 38.605648746391964, 27302.296737013527, 2652.80456228026, 31.111900260287058, 40.86351665551968, 102.91932006305767, 27.95863614912682, 88.19315795193573], "[60]": [775.1844895730077, 482.6656850770998, 18467.109781132716, 78.7468386693526, 187.42183116890897, 774.1369505540072, 853.8209630352405, 559.6354477809533, 1940.9143977139101], "[80]": [4686.357630889708, 1674.1744270709485, 280544.6959042415, 1386.0479410494568, 1542.9366929101798, 3847.723154516466, 4071.8677182120077, 1576.499333650168, 4079.8445503890457], "[100]": [3550.9239311141396, 2444.8770563788667, 368425.1543059206, 2309.4344680492122, 14463.582836415833, 1085.316608326195, 528.277711567245, 616.9695524776602, 422.455804162108], "[120]": [5748.866203404889, 401.1452274393267, 5468.074874466253, 14760.729696888093, 11156.534843112968, 2337.8464033915197, 1721.7698335927548, 1964.973739822794, 604.0289964027178], "[140]": [2692.6223488651985, 350.9150710636804, 294.19876638641415, 6241.301838744903, 5336.462186326387, 912.6181742187347, 259.79557695499153, 723.2438528827107, 52.02471114561336], "[160]": [609.0213476068988, 230.72688933894923, 5003.8747962053085, 434.52893633919905, 570.7037384971569, 185.09688449273574, 44.394733832131635, 138.86225132686224, 16.904435593280127], "[180]": [127.41587380162981, 390.81902740192305, 1.0789092170244845, 552.0609318447597, 542.5420993539481, 37.586868481071576, 2.6346934571921126, 27.365207234514333, 14.076927028425844], "[200]": [28.405138719754508, 293.18296484465617, 1.526672628488143, 251.1248849011934, 282.8830995827934, 5.051395706459089, 3.5129768516177524, 2.881133963291205, 7.892873796511598], "[220]": [10.620740518540583, 294.9921015377861, 3378.0218366043164, 206.11498232865645, 209.939512950068, 3.3101401627200633, 0.6451633996081985, 2.8617751944780854, 845.2874631033009], "[240]": [1.5766403246548029, 256.58053213228885, 303.247129465273, 211.59122943305385, 210.03570429685755, 0.07078239677148827, 0.4088150415910638, 0.016173889260184104, 1360.405913699827], "[260]": [1.0, 227.1349458616564, 0.6195699034422981, 162.21761998880626, 162.7749913129788, 1.4946777733704213, 1.8172276242604186, 1.512674425990912, 555.4807623998737], "[280]": [1.2149094293181881, 214.59902263651577, 1.5593818247699343, 135.11403855217108, 135.3642565216964, 0.4894413126296799, 0.1209440500684896, 0.4858330577617418, 90.50727631792748]}