{"[20]": [12.0, 12.0, 11.999999999852161, 11.999999976813129, 11.999996755970018], "[40]": [37.153862602292264, 297.6991461213836, 271.9790241042961, 112.34072750937877, 60.979471014774646], "[60]": [368.69794153869907, 8284.0, 7418.95809398447, 1722.281743458155, 7425.815069725943], "[80]": [17036.843656629844, 68696.089470059, 19485.928152381577, 60366.23046974113, 14566.19292224334], "[100]": [9056.859342059115, 21443.498581193555, 19844.96934365299, 75431.5742927939, 133.0556506005847], "[120]": [1713.5976988838293, 13159.878400501664, 5109.921075541253, 47561.971353400244, 280.9975336509648], "[140]": [341.92384327323225, 3493.465653939219, 1010.9682509953486, 25526.319323435877, 442.053729924175], "[160]": [259.1034820626315, 406.9536344643626, 356.9804978730186, 11798.50429654318, 286.306410824729], "[180]": [260.05588302306876, 33.43202423265855, 139.19431568235868, 9087.467445941846, 129.10482559352658], "[200]": [251.23855728797105, 3983.352646011672, 71.9816417574314, 13945.651298729867, 71.30035554429092], "[220]": [241.36270518108356, 14.742464478308237, 0.035133652019185, 4549.983972939383, 0.08756259148084959], "[240]": [231.766001916022, 10.02204919294983, 11.543719416425695, 3912.8477211018567, 11.992401516724662], "[260]": [233.0592585817217, 0.2307167281188934, 1.9822977170818863, 1140.288558055742, 1.9975103331639783], "[280]": [241.44215645322166, 114.34476274430695, 0.9865898168330368, 505.19620742996847, 0.9998562967541196]}