{"[20]": [1.0, 1.000000825687562, 1.0, 1.0, 1.0, 0.9999970660978678, 0.9999674666483876, 0.9999979163545994, 0.9993206813458585], "[40]": [0.0, 0.3917088426675341, 0.0, 0.9565217391304348, 0.07405699847863724, 1.3609873095751852, 1.8130877491557553, 2.937395474140573, 3.3514449514282383], "[60]": [0.0, 0.11215195440819252, 0.0, 0.9565217391304348, 0.0002950618517158851, 0.32440113642341745, 0.6045521022282307, 0.2580775962378711, 9.110158626854314], "[80]": [0.15685704351488475, 0.06732947412007143, 2029.7141526805433, 0.5493972923162981, 0.46715182246639425, 0.0015780348278909438, 0.03758413090469161, 0.22852852957117925, 0.006956865010286867], "[100]": [0.598892152138853, 0.651176132578546, 917838.7369776986, 0.7185530897114021, 0.8380165826789977, 0.48580965202900966, 0.0024258250538311253, 0.4852626710642816, 0.7571629914000233], "[120]": [0.10089896250798765, 0.41807858514005103, 2.2818660451810238, 0.724577684059922, 0.733150187166564, 0.4856845069110406, 0.00021165258189299838, 0.4856718021591904, 13.71292486364291], "[140]": [0.0, 0.329650069227406, 615.629164297257, 1.047109562974856, 0.9964865663406345, 1.1483724280414119e-06, 0.002767647560432695, 0.015284956320492012, 8.430253605419603], "[160]": [0.0, 0.1635304076114345, 0.0, 0.5643738911249584, 0.5579627197526043, 9.966986716826217e-08, 0.0002866409223564835, 4.580191993227829e-10, 0.009032675088905314], "[180]": [0.0, 0.1448469162016049, 0.0, 0.26126468747066584, 0.272984040148295, 8.64618460214342e-09, 0.0004937297488840207, 0.00031058728317280646, 0.0014655777114901973], "[200]": [0.0, 0.12112423346374311, 0.0, 0.17077485629356864, 0.17865546415919334, 7.497188168658489e-10, 0.0009861779407831603, 0.00012461262760051015, 0.00022100695637018342], "[220]": [0.0, 0.10656571160856322, 0.0, 0.12690064071344595, 0.132527856980401, 6.437269947039305e-11, 0.000837292188573718, 9.568007854706683e-06, 4.025245955768857e-05], "[240]": [0.0, 0.093253386453565, 0.0, 0.10099428447576099, 0.10522156372710079, 3.1335958897798244e-12, 1.3063190150347916e-05, 4.485085820040326e-06, 7.384630316001668e-06], "[260]": [0.0, 0.09004385375057922, 0.0, 0.08389020132755672, 0.08718870244945949, 4.847126159120503e-13, 7.078691395034821e-06, 7.958153157770944e-07, 1.9603768748848635e-05], "[280]": [0.0, 0.0868330578069665, 0.0, 0.07175134082580456, 0.07440072396871428, 4.118123683901969e-14, 5.3350212504435024e-12, 1.2519083814837015e-07, 2.086204499291732e-06]}