{"[20]": [3.336529975892352, 14.213281882287928, 13.633178270304336, 1906.5897414860203, 52.86704316105884], "[40]": [14.7338956337189, 451.1419756433835, 415.40663078889526, 289.15821423387547, 21.04330165973174], "[60]": [3950.471518069273, 29972.94874957539, 6043.740434698663, 758.4025790570289, 5525.22741991544], "[80]": [11833.304783992613, 9133.193334173493, 3248.8889286731223, 43269.56901892104, 472.2557149186022], "[100]": [120.36669789093784, 5780.720134931607, 2753.8041708715464, 16774.736160931032, 188.8901138171357], "[120]": [1035.3323667687316, 2612.966236702088, 509.5782440502284, 4990.361421243018, 235.1822801555634], "[140]": [542.1201410892686, 6114.928449995286, 132.84432023730892, 5267.63617741908, 99.87223465036534], "[160]": [282.13363621609807, 685.8356785458453, 32.97367620445184, 3037.687551346641, 28.492677900155996], "[180]": [156.18655700170092, 7.148412513238981, 21.1615528994203, 2066.3010174504902, 24.712264554657587], "[200]": [120.68582749627194, 1.186099851567544e+20, 11.904780623349824, 1499.8195370889314, 11.953124020385795], "[220]": [109.48579521113648, 15.291327147395327, 2.34800121680616, 789.5078266582277, 2.9961823453877026], "[240]": [105.2370687694352, 1.2484987502270102, 0.6858029694724378, 1253.5217242965307, 0.00020867283656226298], "[260]": [105.03562004049384, 0.0, 0.026233423592646417, 161.91074309900935, 2.460148772034584e-05], "[280]": [111.47779355091299, 0.0, 0.018943086609612, 66.21914887636652, 2.176709588617027e-06]}