{"[20]": [2.028267605904727, 4.0, 2.715654324092608, 521375.20574524195, 47.26037308481485], "[40]": [0.24854171076973505, 11.117579376242366, 0.6129997405282289, 13.524364188201528, 5.121648164684269], "[60]": [0.3301389421810874, 73.40698716469964, 1.9364742274591789, 2.333102031109532, 0.7103544758188053], "[80]": [2.7217946357567753, 1.2494689999154363, 2.995137560465477, 1.4643997483656954, 2.6317295040819504], "[100]": [0.2868076904963502, 0.0, 1.5825832796194807e-05, 0.27210326584823624, 0.031594934607505426], "[120]": [0.2827685785178981, 1.0, 0.9999493478198648, 0.7583599744564392, 1.0028283706677423], "[140]": [0.5175831055532361, 1.0, 0.9999980137079574, 0.7753700038937754, 1.0003562933774037], "[160]": [0.4332112423333783, 1.0276659485494022, 0.9999976887724628, 0.8376424366349928, 1.0000298406650079], "[180]": [0.22554611818421239, 0.17194283374525957, 0.9999538483485143, 0.8030795611014888, 0.9999977261622651], "[200]": [0.24408649206201338, 0.0, 1.9124061403811602e-07, 0.04240189741232732, 2.4262205498499124e-07], "[220]": [0.22704524408355128, 0.0, 1.0506368900570482e-06, 0.010124288093781582, 2.292284843083903e-08], "[240]": [0.21378107591933643, 0.0, 3.7749771724305194e-06, 0.04110642179793301, 8.822952913574793e-10], "[260]": [0.19865240930588435, 0.0, 1.679087519322639e-07, 0.025059417926706268, 1.9291266199643695e-10], "[280]": [0.19006814721533338, 0.0, 1.7976030811046484e-07, 0.01299222878195964, 1.779345260740337e-11]}