{"[20]": [12.285714285714286, 11.4698692120564, 18.454086196827326, 12.285714285714286, 3.0961253148381935, 17.277065627657358, 17.179550413548174, 17.237291633381254, 17.122477851361975], "[40]": [119.57142857142857, 50.93848423101761, 0.8050244816414249, 2.721791971075845, 4.190340104720889, 2.057844124599143, 128.98692517029968, 2.203106911527726, 119.91851907924186], "[60]": [1160.142857142857, 377.6706316685538, 1.1589516908807127, 140.17917492957736, 1.891187112228181, 868.4717120497918, 759.4133888989326, 482.52223029812785, 513.0204202549676], "[80]": [9145.0, 1964.4485118296234, 2754.7211593385, 2136.5069525789877, 2016.2352791491794, 4087.5689382304117, 3733.3327420688875, 1404.5077853471903, 761.6094124032716], "[100]": [678.1428571428587, 1884.9995170512884, 16080.452709583362, 2708.333535294856, 3930.3681559579927, 1811.3364313155143, 3535.703343768986, 4861.735282313275, 1382.1784151337524], "[120]": [8476.142857142859, 1384.2987562245617, 2895.751840877896, 4222.09879854801, 5263.799496763848, 2975.7093906662412, 1088.7318319008282, 2586.6258409656766, 680.284880253319], "[140]": [2342.4285714285716, 351.5461873149943, 68.04548934845752, 74.067175967401, 0.16936786077485522, 600.7154408309252, 26.166100960192125, 482.8733322572507, 118.28210899137139], "[160]": [548.0, 347.82223406856974, 32.487418546283266, 482.0827048731194, 454.7679047628935, 100.7572444240966, 112.76535076133939, 74.9607990393215, 113.61184754568319], "[180]": [154.57142857142856, 57.88068638206096, 9.87521190955789, 189.53304768598207, 197.73107302306266, 16.457249738915834, 57.902421997388046, 11.332775942003451, 50.25035627896099], "[200]": [39.571428571428584, 10.443020378661458, 2.253999435893661, 81.46139734267283, 95.1988364669001, 11.466007322864769, 46.45016938590534, 12.426462087617821, 39.70119274292628], "[220]": [22.42857142857143, 9.88526690197159, 7.163904540061836, 143.42837066941706, 132.61355463675537, 5.934482256929094, 27.44666705634853, 6.108375309172104, 22.339444555708916], "[240]": [12.0, 81.60195174993714, 2.454071579628348, 164.31074535442409, 164.10831814293059, 1.7231610285244798, 15.577476668833892, 1.754054261620901, 12.099010383082131], "[260]": [2.2857142857142847, 32.96891063795101, 2.892061992345745, 50.72455353241271, 56.20750967295112, 5.648000473582858, 13.995179698544987, 5.653424238524945, 11.867025204556363], "[280]": [1.571428571428573, 64.78480125482247, 10.384195063800675, 97.10832454368364, 96.34971409231146, 4.636964340450074, 15.163101702418496, 4.637909274606979, 12.460550494492711]}