{"[20]": [5.708141699128162, 648748.7901920716, 6.975706516303436, 369012.1883089608, 39.681657928300986], "[40]": [0.494789196375787, 460.30656008838116, 73.98925299792832, 17506.98835496998, 6.438019314852461], "[60]": [26.65276153809844, 2297.7546906921366, 639.9946237904159, 1924.305042504251, 718.6973706485296], "[80]": [186.081073823494, 3791.572819376701, 4301.996724405961, 11006.418518879611, 4161.8666061448475], "[100]": [4677.618686336927, 18470.27888460349, 6094.99818157285, 98514.5268292323, 5814.19950300559], "[120]": [2201.2458718411744, 12083.016031138863, 6012.986213687784, 527.3004739249969, 858.7280810727635], "[140]": [105.61040081608814, 400.6833705813362, 3936.9889479938456, 205.33441099631273, 580.1820624512652], "[160]": [159.2602629151641, 423.84267387554627, 861.9870375459428, 306.500073592095, 179.19941543474496], "[180]": [197.70251453151116, 17.55265302158489, 167.74186157099243, 204709.54261075702, 54.43309631185009], "[200]": [175.53545570364562, 6.663520358107083, 43.99623301314948, 206606.41048556782, 25.789567690085857], "[220]": [152.01396078777583, 86.99021553449818, 11.979261845215136, 12857.763250098964, 9.097907489817196], "[240]": [134.51767068036975, 733.5795246595743, 1.9253916841105625, 64634.15217171896, 1.5379724710650788], "[260]": [120.77712477194439, 57.93590305082972, 1.996684532412419, 58883.45835183146, 1.926454204946007], "[280]": [109.66738417840335, 2.741672256966177, 1.996450463227001, 34686.293511781194, 1.9882931535242232]}