{"[20]": [22.428571428571427, 22.98296372306209, 149.6099079558444, 22.428571428571427, 21.994368924728594, 20.805127363860507, 16.879506894785287, 21.09431215915702, 18.419706991814095], "[40]": [58.285714285714285, 88.87513079093165, 282.2920379011894, 5952.395010665578, 380.8301711746215, 157.582035669407, 80.12694877689587, 156.6966078986719, 87.92305942146737], "[60]": [78.0, 51.809527528519666, 27.20615194390095, 117.79742082286634, 55.293915335184735, 114.94996411348592, 154.19889641042272, 121.9398265158798, 31.946486471964022], "[80]": [155.14285714285714, 77.04807023855028, 10.613356283764347, 14.251557978679784, 9.393268539003714, 227.2787927343093, 134.8780421112619, 204.6447622843744, 131.19717874945135], "[100]": [489.2857142857143, 412.9267390681043, 160.04356747619033, 181.19334316500021, 170.4395061471937, 598.8709072174773, 418.94616464787265, 525.7633969455294, 387.43139373829007], "[120]": [1450.2857142857142, 497.4220776220618, 190.09871662827982, 206.10077522393158, 332.73713750987736, 1476.8543121379016, 1136.5665825425338, 526.6314880437719, 370.5834807975252], "[140]": [2293.4285714285716, 371.34509420177164, 1124.2014286711237, 432.5599483784954, 435.8084528730951, 1926.3795855414942, 1265.9276129539999, 564.5589654496143, 405.877832898449], "[160]": [2381.857142857143, 244.20069373885963, 1690.3102558063547, 1207.4176905706481, 1334.1744964440804, 2638.3810323812786, 1226.993972696835, 1520.7017280550153, 1151.7246418297746], "[180]": [3957.4285714285706, 1336.1273971163573, 764.1990357054292, 286.0334222598758, 478.4927687022464, 5410.611952916993, 3021.753817059509, 3423.4012823574285, 2318.8901354622085], "[200]": [8399.0, 1276.085893206051, 1303.1596862534134, 334.8843559039997, 273.4359916050307, 10686.580453310986, 6650.228324330019, 8253.264196226535, 5321.224374157817], "[220]": [2961.8571428571413, 21787.775627597006, 8207.89150814237, 3370.2760004370793, 3533.7147299775716, 14291.086117008195, 76.12491722937557, 2499.8033386016796, 1775.1269352635827], "[240]": [6248.5714285714275, 117.2293649768144, 5752.598291223585, 807.3723460152614, 447.29228441393207, 7249.37674028362, 6629.7591081308165, 6474.077959121289, 9401.088523480423], "[260]": [7956.4285714285725, 221.70892740445197, 2234.983381649421, 4543.483725726266, 4347.447779243648, 1919.9369311703358, 3203.1736150264733, 3289.966039680161, 2984.184726202331], "[280]": [4828.0, 150.81552020332583, 402.6370945363087, 824.1702845532845, 808.2943548860394, 266.40858800357, 1505.2478153668326, 1629.9287141713257, 1571.3245625918962]}