{"[20]": [2.0, 2.0, 2.0, 2.0, 2.0, 1.9999979509750656, 1.999975983160714, 2.0000000000000004, 1.999999967278013], "[40]": [18.57142857142857, 14.962977339604269, 12.571291959395312, 18.57142857142857, 2.3340519624894682, 9.697867732408417, 9.02442151807361, 9.726031871583897, 9.128524519871485], "[60]": [185.85714285714286, 161.18300993215828, 79.65270747203408, 6.433108574785592, 3.719821162600226, 162.68492848748275, 192.24066575843923, 145.59415086821667, 157.2852588250576], "[80]": [1816.0, 1378.2766476209636, 253.06051718552135, 612.0239143621193, 466.27768798751185, 854.8380300321339, 514.8168104609576, 528.7648005989076, 501.86973020544565], "[100]": [5094.714285714285, 197.0680183763452, 5057.189195548945, 1313.6738269137059, 1490.9945403961156, 392.5126583342553, 167.61275592929815, 117.95166598299875, 367.4851520400698], "[120]": [3538.0, 52.74353827257619, 4458.277140976164, 10522.746486131127, 4731.262841903563, 1893.6157156604095, 604.8087603298009, 1809.9665080894847, 587.0860080254661], "[140]": [2658.0, 494.6356738889276, 339.5971767049441, 198.1248340780926, 463.14455256985366, 869.5307956573074, 213.69797876599023, 751.549262244625, 183.35354386905965], "[160]": [632.0, 120.25899792197242, 32.92543432498144, 317.3941653904151, 383.6457218891477, 183.07486926432387, 33.642929623684495, 146.6438184982652, 39.46134299424739], "[180]": [138.57142857142856, 164.921202949271, 21.13770566120482, 60.04255244158645, 65.64072986425504, 13.357022659865919, 62.13049997036228, 4.216068315001479, 62.10720894500338], "[200]": [31.714285714285708, 245.73565790595057, 20.620586415444933, 190.75809088442276, 185.2254058268526, 0.1857836180497543, 36.80523212266288, 2.298466282223174, 36.90876756448915], "[220]": [13.285714285714285, 149.2021849967582, 1.486111566220579, 72.32393770378272, 74.59923748866558, 4.897636485853795, 26.654304308305612, 5.359967085717944, 49.12773806993195], "[240]": [4.428571428571427, 149.14105225520598, 1.6671607247006577, 67.21971790163633, 68.72766415093461, 3.6732201314033865, 20.521090213284488, 3.771159992177477, 37.85622157798277], "[260]": [13.57142857142857, 156.99253324595452, 23.62714594916197, 50.46404240045807, 49.81024272992326, 4.817852868057432, 15.321823384095374, 4.797462566150486, 29.317889905988274], "[280]": [0.7142857142857135, 122.9019578135867, 5.636154591921786, 34.94111621562456, 36.30916265249034, 5.964043529745545, 13.815907851733474, 5.96822853693371, 8.447321149289575]}