{"[20]": [3.829167320157577, 20.999206906801167, 15.000000000195014, 4.936934525800918, 1.5046805952892406], "[40]": [5.501005995815831, 43.72741816861961, 176.00000000011192, 42.17166864559073, 23.34425417969976], "[60]": [6.2821650978862635, 467.31680298382753, 2012.000000000041, 756.6732492780184, 2033.9559216041137], "[80]": [479.3931668489495, 7992.312632739155, 13475.000000000015, 3130.328792456101, 10619.093157514584], "[100]": [343.6073675790976, 14433.232663355346, 5705.0, 376.8018138847692, 9827.341201826195], "[120]": [2586.113370266743, 7538.33005975288, 14603.0, 2205.347695624143, 592.0643718173633], "[140]": [1160.6612236057008, 674.3623772020037, 5128.0, 194.68493123312328, 1285.2787700516747], "[160]": [146.9793597886819, 38.38598988904823, 1358.0, 212.55310212735367, 736.2114426422131], "[180]": [177.98647349919463, 401.4172693150024, 353.9999999999998, 130.5355522597165, 263.41618412204514], "[200]": [235.72769373178562, 48.02124660351069, 107.0, 1528.7512541684373, 94.0284350639945], "[220]": [235.00333995985784, 37.13026154489819, 59.0, 880.2072385319807, 57.14738061500918], "[240]": [236.50212796889687, 0.6663224442333444, 9.000000000000028, 509.77147986051114, 8.735509923863106], "[260]": [208.382593818578, 4.967482209546684, 10.000000000000007, 341.9638651283731, 9.962242089565123], "[280]": [196.8348211294802, 4.85275856638118, 1.9999999999999964, 222.19162498143714, 2.0053901743750053]}