{"[20]": [0.0, 0.0, 0.0, 0.0, 0.0, 2.04902493435812e-06, 2.4016839286035485e-05, 2.9658181560170987e-16, 3.2721986845422965e-08], "[40]": [2.0, 2.4301536753053505, 0.7154930350195992, 2.0, 2.0248724423933333, 0.5006811907001811, 2.059534288196728, 0.5194687390535524, 1.1617669934646697], "[60]": [13.857142857142858, 13.654948311866914, 3.0534316274390285, 11.052401823461537, 5.490034943986018, 4.425288989157181, 17.239300703404265, 4.448398556328144, 16.80937387467953], "[80]": [6.428571428571431, 2.654394136119272, 12.30477198633421, 24.053472157923693, 15.593182354065931, 8.774353072579501, 17.87137734882493, 3.8314959844477983, 7.422477722733085], "[100]": [15.714285714285715, 2.062255434735583, 12.409681070152608, 4.869674943202362, 3.7008012283166636, 3.8309486783121507, 6.855461818164237, 4.932363814857279, 4.647655084983377], "[120]": [3.8571428571428577, 2.616966884462583, 1.0445095841964598, 18.553258438009117, 17.975663065475047, 0.4329730561888976, 9.106746779995774, 0.5758200462486034, 0.12709761622197036], "[140]": [16.0, 17.67791080377308, 16.55113053028996, 15.582918501952104, 15.162763199226346, 20.055257393163604, 27.23634796548517, 20.062105735711434, 19.470518248438722], "[160]": [127.14285714285714, 21.57350831317416, 5.777723299645231, 37.703993021959604, 32.31335569237518, 122.05141701013699, 192.83222281148457, 122.05965775856863, 96.09212330014446], "[180]": [1177.2857142857142, 395.6366738543418, 53.445690355846864, 77.07597978398803, 65.71825666088375, 1194.0214812441272, 1777.8013666984325, 1194.0268031566343, 871.095711913992], "[200]": [3290.5714285714284, 399.2788625798512, 1876.9968714889146, 832.9253476669746, 899.4253936365631, 3859.406788218717, 7468.423455492465, 3859.406786664304, 1995.6501652256475], "[220]": [734.0, 367.82730370618447, 3190.674800723051, 434.1891940567002, 444.88884835346835, 1855.173561799881, 4985.725363417354, 1855.1735618977536, 2939.073259124443], "[240]": [3062.5714285714284, 144.57746301949146, 1319.867888433614, 1202.6950709226462, 1330.807662700276, 624.6393204439591, 2508.875238626096, 624.6393204282631, 3465.2778986712474], "[260]": [861.1428571428571, 110.3246396431482, 100.74917259645468, 12.289244416656004, 22.932618372780894, 233.81531214414542, 1347.307610546282, 233.81531214247264, 2008.486657186685], "[280]": [81.85714285714286, 38.41623546235178, 12.847332993839338, 47.854649400802145, 61.173272558774656, 17.8027260984763, 558.3309376866478, 17.802726098306024, 864.3811408146577]}