{"[20]": [2.0, 2.0, 2.00000000007138, 1.9999999999870344, 2.000001266604183], "[40]": [8.155601798626071, 6.415843536963706, 17.00000000011191, 10.294325554657933, 9.520899530254141], "[60]": [40.72169773922508, 5.539698343817264, 163.00000000004076, 98.95769205825283, 179.77611617721817], "[80]": [165.15345543552849, 511.1161159259732, 1476.0000000000139, 529.4911172583643, 1007.047671347158], "[100]": [978.7478499004319, 2663.5230507726483, 3461.0000000000055, 162.80709209329507, 1310.3564096725986], "[120]": [1918.3343753321515, 3432.2216341828316, 2904.999999999998, 450.15763576014433, 18.426731412873778], "[140]": [663.3254421764004, 458.4705876276025, 1637.999999999999, 116.34201779384239, 195.80429639800923], "[160]": [8.127782463381664, 45.98182018671412, 402.9999999999998, 1753.6173781192956, 120.16181060538474], "[180]": [194.3187519628371, 44.012883967139686, 74.99999999999989, 738.7397844890356, 29.126417624692323], "[200]": [204.1726059376133, 39.45474520821169, 23.0, 373.6176828775665, 15.81938693117118], "[220]": [194.9312667930062, 10.3414432931474, 7.000000000000007, 204.49694156734085, 5.882687217010442], "[240]": [176.25286532755598, 23.423521511120967, 5.000000000000025, 119.97519685778298, 4.826311109582694], "[260]": [153.63712892844458, 17.773007380733716, 15.0, 91.71923117258893, 14.973003668181583], "[280]": [147.62047393242412, 4.353688171321414, 1.999999999999993, 0.2867142857142865, 2.004195918251911]}