{"[20]": [2.8942723610519443, 0.1428571428571429, 1.9501322778836538e-10, 2.5884912924585217, 3.3570214072462905], "[40]": [1.2303558952956095, 6.815056030424593, 15.000000000111909, 0.734746942784561, 0.6947829931658447], "[60]": [88.81398389390705, 120.49792862127242, 102.00000000004076, 42.066735087909706, 96.38654295367192], "[80]": [4.195374837373777, 146.10125202246024, 93.00000000001376, 63.33895830908773, 192.14988374459108], "[100]": [48.48276596888138, 1062.4644478044017, 175.00000000000455, 97.7338100675114, 71.53661129404395], "[120]": [14.733332966777652, 633.5724285714286, 122.00000000000136, 34.014873210934184, 62.21034411800656], "[140]": [304.45550923112023, 2413.9876914560305, 1945.0000000000005, 450.2511129978084, 802.1244017892986], "[160]": [15.844095368050148, 2871.4892850124197, 970.9999999999991, 3639.5758213617773, 1000.8618686044174], "[180]": [349.0437883865907, 2241.9792105384945, 1119.0, 3394.8679882299484, 109.04791745544844], "[200]": [162.9164301427619, 89.56368328466993, 244.0, 1316.9428751257337, 55.36304397468973], "[220]": [69.78460165369586, 2.308198638712298, 49.0, 512.9340513050433, 13.43558210006546], "[240]": [7.00070531057365, 15.876655797551706, 23.00000000000003, 267.3423713215566, 10.556768408679389], "[260]": [6.7141947805878255, 9.386403021439593, 6.000000000000007, 131.91852775625125, 3.786306008068447], "[280]": [17.461518841029612, 0.019969664665929532, 2.0000000000000053, 85.2820243428963, 1.6510026318172786]}