{"[20]": [0.32532326114000815, 9.13335340035688, 5.967977615774676, 1267.4627261685469, 0.7745525552740188], "[40]": [4.263248053020987, 94.75807765268215, 38.98875372867581, 4680.822476628698, 9.588501210268827], "[60]": [35.87519100575896, 601.1081424889486, 460.9917191734349, 232.34526726439708, 471.1433152531317], "[80]": [89.38150427023633, 5435.929257053814, 3123.994237930034, 123453.47863366803, 2344.7787624187526], "[100]": [999.4459902803432, 31635.248380066365, 1801.9872619276443, 421.3521990938144, 2521.432423185378], "[120]": [189.1951170206434, 3282.523739919931, 3663.9828304573375, 675.5115999043356, 211.40500187884672], "[140]": [31.208012595101604, 868.5482399236716, 1324.9785352105498, 68.45406554678507, 330.4699995967698], "[160]": [67.41877695992999, 49.22527666454484, 321.97632739864906, 529.0237869288164, 158.31432765857954], "[180]": [67.22397857682705, 13.478883654109445, 93.78985061051601, 9938.261339012994, 69.90603193112398], "[200]": [48.5587785066337, 9.498869727004008, 19.996933966343644, 37224.17877962974, 16.517721872542673], "[220]": [42.075712721710865, 1115.0012370196087, 8.983133317899183, 20835.709806863106, 8.49811217909666], "[240]": [38.77068000527781, 1.3342899425893233, 1.9393448048990893, 16712.958745390562, 1.9276934229899205], "[260]": [34.19306094754469, 539.0117892199124, 0.00020573351908978487, 4679.173549449045, 0.010277898439256687], "[280]": [31.866250162268255, 0.6037278531488625, 0.9990485031783606, 5708.818674421556, 0.9984992133459202]}