{"[20]": [5.0, 5.000000825687563, 5.0, 5.0, 5.0, 4.999997066097869, 4.999967466648387, 4.9999979163546, 4.999320681345859], "[40]": [52.007253140627526, 46.41445517097072, 33.62045395445126, 57.76397515527951, 6.292770492226543, 21.290967626279627, 18.343395900444147, 19.54093775688735, 15.374923754758823], "[60]": [314.74856579291855, 289.5770696758148, 29.26149071179628, 238.69843865933123, 199.2213925342521, 314.3180874732009, 354.4023035640386, 284.8464779813563, 187.87477888484167], "[80]": [131.1672311968407, 111.87581079241566, 162493.50534964728, 5097.846799897235, 5616.1972508496865, 193.64831699959896, 16.31179782303993, 183.10084966302466, 132.6706879537586], "[100]": [189.06883296815573, 140.62012745975818, 18554.463270164324, 273.5564445939845, 333.141693556081, 445.1726264838286, 148.51304037327006, 165.10452365175692, 159.02475531533065], "[120]": [204.54155535847534, 67.18899445638667, 62.29677109621598, 162.84917302799138, 147.2067020212913, 612.6005680994866, 180.23682258164408, 235.22828482799204, 61.24561803247434], "[140]": [4488.465373474698, 3401.6291599105475, 13586.198823225795, 3511.6755426800896, 3486.1730313377243, 5022.0742890259, 4369.466257827268, 4592.875756966308, 2293.1103654049825], "[160]": [5186.89007896423, 3499.778265719946, 19811.118793417365, 4814.369761533891, 5517.74156401082, 1467.3343442964067, 1775.2540871757317, 3685.149684702462, 154102.04206281915], "[180]": [7042.804150211435, 1514.4416333126285, 555421.1406302432, 6370.114599576308, 7017.7717080638395, 7908.5479675860615, 5985.755906282526, 4724.100140391066, 113760.01262489262], "[200]": [2793.9428017902046, 260.9035508275518, 58129.45195163594, 1641.2191148802915, 1677.707559988559, 1916.5861924630524, 2027.0092878763387, 1119.6271117767187, 4882.930122034268], "[220]": [479.99137016019876, 213.84854277307252, 51.66902030369371, 838.8134416750232, 961.1520391738677, 389.52511412094134, 617.5182402061698, 199.00659295737046, 940.0729391355458], "[240]": [146.47114023598763, 124.26035778256023, 13.008663254901698, 87.65987545369981, 160.939741985018, 126.34958173395121, 214.74029372009963, 64.67607478770957, 404.07313023835724], "[260]": [25.766793088798956, 128.85631858944873, 1.7084368021243304, 322.1792359324606, 304.92204616427733, 37.948703573973425, 81.51226694314046, 18.658637703765628, 92.25732497959831], "[280]": [3.054954077616339, 107.2344476544239, 995.5635338794636, 200.58420911340573, 194.30365843609852, 10.190453260564, 26.126121415522235, 4.4806778382275585, 34.56780268391071]}