{"[20]": [4.428571428571429, 4.666820741650795, 18.060715240188998, 4.428571428571429, 3.9957194788178505, 3.227113025365764, 2.7173184383827245, 3.2586995493857938, 2.901608700684813], "[40]": [35.285714285714285, 29.69397977167929, 22.079695278447282, 26.91370603016425, 14.43430078535161, 12.90091149643547, 40.6498887612593, 12.911797027758894, 40.87826857680398], "[60]": [306.1428571428571, 99.97296541712376, 0.017942448762653385, 17.645911386886496, 7.960044125667935, 228.35737295680926, 278.98964107223657, 121.3966115968829, 100.30114761396584], "[80]": [105.71428571428567, 129.05262099767788, 233.66784404405257, 1322.0995201948713, 1076.3299088494505, 134.92066404409115, 11.815943535379915, 111.47015583272469, 55.95365885621595], "[100]": [63.571428571428555, 95.07053764134548, 42.520490901087896, 76.31645682015778, 146.7811761717703, 254.45857390230583, 50.455411054560614, 37.02468046817262, 39.579076709411765], "[120]": [90.28571428571433, 103.47090764257518, 27.233314130735607, 110.6354925060516, 91.3751863727017, 336.51600285488496, 81.35778111824914, 83.20327294157005, 72.00629438615783], "[140]": [1652.4285714285713, 802.7759367178278, 1347.1658058340543, 544.390633307597, 593.2927482891791, 1839.4695994420256, 1430.6256329079072, 1563.9650017289325, 1404.1259878279654], "[160]": [13306.0, 736.0645435925908, 7173.450049487936, 771.7340003550271, 755.4678991635774, 7892.384670568956, 6476.148576476604, 6041.272605656362, 7337.534225421909], "[180]": [3182.0, 1835.5818888386311, 17360.1490295022, 1383.3134234511017, 1665.5711026759018, 7379.938751933223, 12882.799958049989, 14137.71077147963, 14240.5942148358], "[200]": [9583.714285714286, 2235.4524421513806, 2442.4254413394337, 4600.352104776859, 2874.4671516367825, 1776.6154081885452, 6432.651537186897, 6455.230283567786, 10206.243292190386], "[220]": [2243.0, 164.8548099325808, 41.299608633345315, 824.1530766737587, 803.0161141902531, 394.78967868450036, 1916.7479246710495, 1420.3844410579827, 4106.25822562991], "[240]": [568.4285714285714, 400.24265917518915, 66.83309891714299, 207.41035123974098, 218.1195228459868, 161.76867747651988, 696.3288015087803, 528.2627850723607, 1476.4190558255132], "[260]": [78.28571428571429, 330.87681439557764, 3.194666742005694, 74.00144405993599, 79.06908489909343, 21.188631096128013, 219.36568695070224, 139.05409376366808, 569.3609758279201], "[280]": [6.428571428571429, 335.5309837358427, 0.6347676178319888, 72.05057901981903, 74.22319976540659, 0.5826566274034239, 66.66577252545711, 45.190350646545355, 193.8226972862769]}