{"[20]": [3.0, 3.0, 3.0000000000619162, 2.9999999999040328, 3.000001049028629], "[40]": [14.488591853382228, 4.772870745196755, 4.996273319982287, 29.787882610977817, 0.8298915802500496], "[60]": [2.4384513902603517, 42.34066528519738, 16.99870377282036, 12860.40632233707, 7.330840837162694], "[80]": [0.8197690616429155, 5.34235424271595, 0.9997254362188354, 1375.1117007367932, 21.007004719711635], "[100]": [1.5996484766116048, 8.22622060782979, 0.9999468209714885, 114.68952888389863, 7.806686839454684], "[120]": [0.7799702343588082, 4.581319868940673, 2.999966305282456, 3.4088737492122756, 4.2143106143982045], "[140]": [23.08751916113609, 291.2327127511495, 145.99993366906963, 17.48857978474303, 144.53582327361005], "[160]": [93.90759878067867, 622.2915935252189, 1185.999710145068, 52.88953189214615, 393.0804804103438], "[180]": [208.86056405918313, 2253.8359550868436, 748.9848054715163, 3713.6232813201545, 42.53527145919365], "[200]": [268.54283536061064, 71.54542687321899, 1602.9995770173516, 3840.9017403137877, 225.59258609444817], "[220]": [67.41431424467164, 184.01986780086332, 478.9975157875209, 1583.751566777426, 61.22689783361793], "[240]": [12.872092995469194, 107.76179380834483, 87.99373341582435, 2053.891626422796, 5.91601944084482], "[260]": [11.107356485274416, 4.192985430620653, 10.999925394769244, 1664.6461148871415, 1.7733008729286], "[280]": [11.279468239215737, 0.6841032981874694, 4.402326271935921e-05, 1419.5008769769308, 1.5445028403776566]}