{"[20]": [0.0, 0.0, 7.137977433891978e-11, 3.2810088385806005e-14, 1.9333297632306143e-06], "[40]": [4.82249674510183, 20875.646177808936, 2.8828888885144544, 7.069764829669433, 1.7684735888040954], "[60]": [2.262759929989386, 251.53660624816587, 116.94697203526187, 155.76091426077318, 260.6313085808231], "[80]": [135.58355455821675, 1364.6194911240464, 4131.0000007109975, 1192.5618239826454, 2210.6590998010597], "[100]": [4050.441940874767, 11891.685731162263, 458.9999997643863, 18852.991870803482, 114.91128220959035], "[120]": [2009.1883984927626, 3614.483254809107, 3665.9999999220927, 16635.29173785908, 592.8306972676837], "[140]": [18.129094791035868, 616.1450322337005, 614.9999999739084, 3924.8257157808075, 4.4206761168585444], "[160]": [251.1837199643116, 210.79646292405943, 96.9999999915658, 732.6879287441952, 16.098453871685464], "[180]": [222.33842538086503, 10.110318297572544, 17.99999999720826, 176.33304547717648, 8.568193684450222], "[200]": [176.28081373446653, 4.142857142857143, 1.9999999991870456, 14.2559178608592, 1.2485122408170717], "[220]": [148.00323594756617, 0.001, 3.9098448484754074e-10, 31.423414115199762, 0.0700248865902335], "[240]": [143.51540845639127, 0.0, 3.1820776423792807e-10, 40.66355625958073, 0.031532468990998035], "[260]": [161.1176314557613, 0.0, 3.1756688942022375e-10, 26.705513085131372, 0.00138626812721397], "[280]": [193.4920901496525, 0.0, 3.1889975453493243e-10, 11.469561554736401, 0.00019480091667638851]}