{"[20]": [72.8884743868395, 45.806514841980594, 315258.0504812664, 125.60821350461487, 31.25917318081559, 119.40680619643439, 69.4923170616201, 130.54726771000296, 269.4073120644089], "[40]": [1349.1059521798531, 1265.5340630809148, 243.65524840146057, 123492.96712903817, 433.6727653113497, 682.1653573833258, 1347.3722648049347, 1108.3782474633213, 290.40088013398514], "[60]": [27466.84258611987, 16867.89755076012, 507715.68077129824, 1959.2352188213256, 2390.1116614325624, 23736.945760483803, 16495.25366901251, 14511.115985960745, 18097.179547457596], "[80]": [36718.989417862605, 38348.263769432146, 624142.8231977577, 151698.49595096963, 63560.12329192366, 18753.12731464645, 35861.57155187035, 17732.16755863752, 7938.608594385735], "[100]": [48205.02654822223, 4947.071576297382, 40060.12329441625, 2739817.4607049366, 1416339.9368944918, 20839.09118039634, 9241.599529819423, 17863.800095970644, 3802.0946583924083], "[120]": [13567.813275871844, 1409.6590502353588, 81250.69457780861, 13597.441232105271, 7094.752235666803, 3593.9857709003704, 29.3523743674553, 2836.7543162896386, 633.0312493924529], "[140]": [2881.6224644740946, 2572.629607740388, 20477.26134169664, 4838.387114343649, 5545.066517226071, 603.6055219774744, 299.32913294890704, 490.4876443472949, 509.8775936376416], "[160]": [717.7842225226433, 1337.7004353746875, 5.052945844159647, 5068.806178572241, 4683.164853094032, 133.35988428601223, 99.12572808961299, 117.2351132755361, 191.59000584877725], "[180]": [163.145581877084, 1146.159289163385, 8448.563784829035, 4681.085965000761, 4650.794153869646, 29.80784483261441, 25.081580081115323, 27.579134098504, 2863.0576939229372], "[200]": [41.05770666160129, 938.8600798358019, 2.406083631812275, 3112.487181375374, 3190.0622447459355, 10.182310703959965, 0.8046009259258924, 9.881626598549659, 7.278163690834876], "[220]": [5.664812072996828, 874.9842609466235, 0.4099719511125261, 2777.0180257004704, 2765.9914196537006, 1.9562931861415862, 0.4829077398176459, 1.9164510945863018, 0.29405341279760205], "[240]": [0.4292284521800913, 819.3146825491216, 0.06248418683389454, 2193.484832732885, 2197.474697688115, 0.00546050388779388, 0.0017910444554539084, 0.0002045542277965651, 0.07627915636204938], "[260]": [0.0, 769.4053224116213, 0.0, 1853.1599929893127, 1855.2144264955239, 0.0007054893287327156, 0.0001780022354754238, 1.758964882839933e-05, 0.012025632354764438], "[280]": [0.0, 733.9651079613958, 0.0, 1607.6222474100537, 1609.731068192768, 9.114297958536235e-05, 1.765926524190352e-05, 1.5289852733115859e-06, 0.0025859489644658286]}