{"[20]": [0.26018983431626985, 2.949269072035426, 2.0000000001950133, 1.2231339498056713, 2.6357458270494876], "[40]": [9.076910561163508, 78.51349095834487, 8.000000000111907, 10.133102695340739, 10.516915314937705], "[60]": [8.903811730831592, 21.236722749568628, 95.00000000004076, 26.873922653896102, 106.92111345222668], "[80]": [5.99328891551454, 1011.0011723361872, 958.0000000000138, 181.11289004114064, 656.7712630452543], "[100]": [451.4604190075879, 290.40625866401933, 4046.0000000000045, 608.624965161729, 2037.652694569746], "[120]": [2020.494386687078, 4851.03205561966, 1189.9999999999982, 230.60557710635294, 634.662405657411], "[140]": [1299.3890194712776, 195.4699545084668, 2982.0, 521.831910955193, 413.5609205285782], "[160]": [171.67876136475638, 37.08417486953749, 869.0, 2915.0994569248924, 198.34456614444434], "[180]": [169.22118145494886, 34.948239941450765, 201.9999999999999, 1189.4072557770787, 78.89450778550588], "[200]": [245.10805628476018, 94.96796067499542, 25.0, 581.8209273542152, 3.9496250358007217], "[220]": [206.89777584468922, 0.8534972268398135, 20.000000000000007, 314.68365382773163, 16.44656581897918], "[240]": [189.49248036803868, 1.4521769433050187, 5.000000000000023, 184.7171526664979, 4.4014988747047035], "[260]": [173.7473671489027, 0.3897409522137685, 6.217248937900877e-15, 106.58734806396001, 0.10076673932210412], "[280]": [156.3364609696293, 0.17572740774085285, 5.6261245170988985e-15, 73.19286726814858, 0.01696451787256111]}