{"[20]": [24.428571428571427, 24.98296372306209, 147.6099079558444, 24.428571428571427, 23.994368924728594, 18.805127363860507, 14.879506894785287, 19.09431215915702, 16.419706991814095], "[40]": [351.14285714285717, 348.6746387651527, 6.721081782305134, 189.45337728069273, 14.314449799244358, 67.5078643239886, 374.7652723093125, 68.93583441806629, 384.0426595529832], "[60]": [3590.285714285714, 1724.2111217435222, 1473.3905515019042, 137624.3095219267, 2068.7893873978473, 3109.8596099940787, 3397.600360392511, 2050.6792549020884, 2162.605492529949], "[80]": [25551.857142857145, 11109.785966136267, 8172.9503677979665, 5537.832843673459, 3528.262677173945, 18752.897712787722, 16892.96253008114, 18201.948807710236, 4788.298543639739], "[100]": [25392.428571428572, 18052.555988770648, 85598.93760075292, 97731.96672157322, 96075.61332570718, 2220.840255410403, 932.6691231942823, 4199.386565191977, 10725.457433015239], "[120]": [31271.714285714283, 6377.193311581108, 31360.007185443654, 213472.77640198218, 110546.04438365884, 10781.272767503237, 3397.3217857306445, 10154.832263263597, 2053.083382820867], "[140]": [16572.714285714286, 2392.681207968444, 1105.955889590441, 49018.16625507339, 45567.52002984207, 3300.232630749537, 245.47780667881307, 2851.016359802772, 838.2717980721363], "[160]": [4828.428571428572, 1436.7627036783852, 81.2766158136551, 2222.58026813414, 3231.7714505207286, 645.952021424328, 574.5239042869616, 520.6033427053476, 637.8521300832472], "[180]": [1404.4285714285716, 1243.3437540923624, 60.427198519344756, 740.7067616875179, 1177.1217306435083, 87.25809740094905, 320.6298773437958, 58.767389606511074, 333.38891849329616], "[200]": [435.57142857142856, 739.3015323783657, 34.898988671303925, 1210.8139273835884, 1260.0370210736899, 23.88718967028285, 169.1406290822577, 29.749315078724237, 198.0309074177559], "[220]": [141.28571428571428, 766.7487737010943, 14.565245704963985, 1258.2875193255177, 1202.5859085930845, 39.56329795261604, 96.93719106620098, 40.709789683866546, 99.74473739618747], "[240]": [59.428571428571416, 432.7523481095086, 1.0676461566700937, 921.4698216817844, 923.8863466658436, 29.70919630279873, 60.396152995456795, 29.92863420334757, 62.1010311599123], "[260]": [25.14285714285714, 530.9084416503065, 0.8105403273565486, 1012.4297932211944, 967.549708867866, 25.80953002004175, 46.654589030487585, 25.8502192414229, 117.28776131011631], "[280]": [25.57142857142857, 483.85317442477026, 7.899741881746898, 698.1546393788185, 682.7229377641372, 10.279060958128913, 22.35932573519529, 10.286521248397435, 104.21542769006476]}