{"[20]": [22.0, 22.0, 22.000000000150173, 21.999999999999996, 22.000002946704665], "[40]": [62.68884249737357, 52.21630432462382, 43.499543930499385, 162.32901080983396, 282.1188161744575], "[60]": [195.2719151186684, 9165.368991485942, 3132.7193252596953, 645.3492215528058, 9266.226002343596], "[80]": [25497.966453775203, 51638.78234074528, 13656.00000129162, 87124.17518428278, 12144.36753581748], "[100]": [2650.868887849907, 13327.996198617038, 17372.99999957272, 127530.98254978322, 304.10593804497876], "[120]": [955.6566607281165, 6915.4215373244915, 4660.999999858735, 45253.01616717549, 972.8202916840883], "[140]": [1153.2675771410636, 825.8976989014843, 807.9999999531808, 9225.753807815552, 436.06259820205423], "[160]": [881.0508075598049, 486.38882094356006, 147.99999998473373, 1775.8891757346228, 79.54619703378837], "[180]": [639.303827518234, 2.121522412499277, 17.99999999505227, 362.9110349111347, 13.651365560595131], "[200]": [485.8493178713478, 254.44640173654156, 5.9999999983109555, 41.077193823664174, 5.480749391591545], "[220]": [404.18133309656275, 5.1808749801573225e-08, 8.475565877141952e-10, 35.877379996427635, 0.05045322903229367], "[240]": [392.0048908925422, 0.0, 6.921650178699665e-10, 75.39484941692888, 0.0041440964279197], "[260]": [439.935157111652, 0.0, 6.908368993953365e-10, 53.07679213134952, 0.0007080474985803593], "[280]": [527.8141559582285, 0.0, 6.935553993128534e-10, 28.700573731883253, 3.869193829939349e-05]}