{"[20]": [8.726096064443473, 8.710786651048014, 24.48742213013596, 2.1404699257487936, 0.5972981942858643, 33.98385174084587, 21.758512079327474, 55.156723066290375, 54.384138277120435], "[40]": [13.647255450674695, 9.661012644984114, 82831.77517110562, 49.206726707135886, 42.60215163988487, 46.235825947015435, 21.22815827243622, 46.02771372031692, 139.81311225629733], "[60]": [12.2154139466587, 12.51995809846422, 1555.581844935437, 335.58551368163955, 77.07967111889448, 27.25575229675119, 39.25508811531254, 25.95951217015844, 28.30806835907602], "[80]": [8.86971538580087, 4.892368841838748, 1.5918557448271997, 16.65036605417497, 6.085839818809139, 32.16669673632757, 41.307786616381215, 29.132906933395883, 6.967444052987179], "[100]": [34.47243326310572, 32.159222291526795, 3.104607343131169, 21.400309152581805, 22.979019088429887, 69.0251525995805, 76.10777131321953, 62.18374909854558, 34.944449135043435], "[120]": [126.93968269880048, 113.61619358369705, 12627.867180135929, 74.61448306425626, 71.6325430807357, 171.9155265694069, 199.0962442083217, 155.42605395193291, 100.53590659167438], "[140]": [108.21324546285545, 54.445514158045796, 66155.9301385708, 119.11427647456553, 137.4555084576527, 144.61911835023892, 165.10754272593894, 32.92123144284687, 629.9936107002396], "[160]": [104.82221596518912, 17.27661035461071, 5288.11635581752, 79.44726234756757, 83.86747427437706, 211.85607292205756, 282.31956963188134, 52.55119747403307, 34.63256532200811], "[180]": [376.30933405316426, 154.77268283171108, 5964.91643518786, 77.30701669995786, 83.468128394538, 563.9623684677432, 689.5510657186417, 399.46713766737395, 258.8348849908569], "[200]": [1273.4238505182066, 578.7357240857401, 287.43411192099427, 247.063430450782, 263.4721944106865, 1427.8687672932722, 1285.6191364995116, 848.8543805440091, 863.1457912885812], "[220]": [2129.475313021231, 275.975996734106, 1113.6011796475912, 248.22874956828218, 247.50559012768915, 3619.421849119181, 5174.542409398865, 231.90957570926366, 807.1819126336035], "[240]": [830.8150339339444, 527.7167100558873, 60255.14545473542, 265.47942828334885, 291.53683389709016, 3732.138117137591, 6549.558730080566, 3732.1381161019976, 634.7109471718521], "[260]": [2163.1309552636, 59.271737824796645, 221023.37643696458, 68.57256680811417, 37.015147562186016, 1157.1756940476437, 2220.8804544274185, 1157.1756939420732, 1537.1418392485155], "[280]": [1800.1551209943586, 189.69829885430914, 59271.22686178712, 2374.88820569423, 2445.5529821058435, 66.62393700831943, 1293.4947122746764, 66.6239369865552, 2912.348754255502]}