{"[20]": [3.1597070939219876, 3480.6528960935625, 10.000000000195012, 8.016362267616547, 17.546323437618703], "[40]": [10.313101957073059, 37.55568397452572, 94.00000000011191, 23.889619484415448, 0.4721873389753739], "[60]": [272.94030362302317, 210.85218015161695, 276.0000000000407, 216.22518219159429, 380.0684272676076], "[80]": [0.39424918016652555, 68.77536749474802, 172.00000000001387, 11.456581833458358, 507.90491012834275], "[100]": [34.36849660889652, 609.1505183699503, 192.00000000000455, 30.48814821108749, 314.6645929621261], "[120]": [74.26160394945327, 136.02665483184046, 325.0000000000018, 210.34051169218537, 396.14078202463406], "[140]": [1519.5174122266362, 4782.051937864615, 7581.000000000001, 2350.8618740005695, 4296.123255009406], "[160]": [1624.0878921444055, 7116.572428571428, 2224.0, 5252.927639885536, 6952.9081124949735], "[180]": [682.1701946555822, 4484.523787604654, 5333.0, 1186.1548888471352, 699.8631015906813], "[200]": [903.9116288691698, 118.0752229628531, 1166.0, 6582.907536392486, 273.47805005978034], "[220]": [398.531244952006, 21.030689992306066, 215.0, 2613.8713791362698, 71.35168921828591], "[240]": [45.046445776709504, 13.30978216362297, 73.00000000000003, 1090.0574115231184, 20.369051802693136], "[260]": [53.37814152517137, 6.594030851095738, 11.000000000000007, 577.2590693281163, 2.0320268217151742], "[280]": [136.08497162953537, 4.205757995049545, 5.000000000000007, 342.12722607637306, 3.6818498518497567]}