{"[20]": [0.32532326114000815, 9.13335340035688, 5.967977615774676, 1267.4627261685469, 0.7745525552740188], "[40]": [5.263248053020987, 94.71459939181258, 39.98875372867581, 4680.865954889568, 10.55510734844202], "[60]": [40.12598197889598, 426.2826065103629, 405.9925636871339, 487.49088354700444, 426.8589979849102], "[80]": [119.37342377576792, 3080.0528176295456, 2797.9948561767587, 57571.358741692195, 2095.3699685855004], "[100]": [314.17922962832324, 23300.880043230358, 2217.9880051412124, 348.73539612921905, 2253.7321233596576], "[120]": [460.8752851383435, 2160.7179541064756, 3562.9828486099605, 433.41108928180796, 11.633108760687547], "[140]": [31.614276491968287, 544.0208999642649, 1473.9782914116017, 115.73672727432997, 352.42348327393023], "[160]": [56.70032547446795, 9903.203868572953, 344.97604920982866, 141.1396123442389, 155.27901247261593], "[180]": [54.14764275260679, 7.073541864039634, 73.78738523224662, 77503.91441476248, 45.60300010944508], "[200]": [46.00570073018644, 3.607794250040875, 16.996897998693726, 32113.756120719503, 12.835693521910878], "[220]": [42.5351407109719, 9409.825796071043, 1.9829354562326096, 50763.12105560236, 1.3912630294834676], "[240]": [38.48010255968863, 25539.5473364707, 3.9386332580834216, 16304.526234015882, 3.9110558091660796], "[260]": [35.773952549224184, 0.6481241771195578, 0.0002081469929346002, 0.028389206694313603, 0.012837686556859905], "[280]": [32.71716127818738, 0.5416909501656604, 0.9990373410835882, 36996.12940255765, 0.998101258982279]}