{"[20]": [15.428571428571429, 15.798969256042259, 15.429571428571428, 15.428571428571429, 14.917282304245084, 4.3696147625699275, 12.448577271118747, 4.026168614551429, 9.58473819570359], "[40]": [159.57142857142858, 120.51463491412991, 79.79449805870992, 4630.571632725143, 121.86981836071726, 25.149665566486874, 172.9305196333682, 25.598018446441785, 177.42982811455755], "[60]": [306.0, 233.02449887031605, 1404.7156554094145, 1751.8450286288867, 1170.5881924410587, 195.48441519895312, 353.54358453432627, 172.99733075864822, 32.068159866363544], "[80]": [6.571428571428555, 106.29446118239986, 176.83303295676876, 4331.743594346282, 3929.9215865614215, 204.34612100717027, 23.997025110934942, 2.9299452557338554, 46.249966178318914], "[100]": [33.14285714285711, 133.66214581651718, 15.20835304679855, 313.80354586166953, 313.6679526403751, 235.88122709836335, 28.770998434724163, 53.23613562004738, 25.734301024443027], "[120]": [19.428571428571445, 64.61009865569207, 61.749106506041755, 63.52343919387147, 45.742781845869104, 274.63468452828454, 65.20246228470353, 99.49118268095293, 59.35308420619725], "[140]": [3961.5714285714284, 2893.22905511115, 3126.3552229104093, 1823.2053106291528, 1893.6530484082741, 4211.981320390697, 3779.820283926837, 3980.4543400138177, 3768.658009381358], "[160]": [17335.714285714286, 1988.1067977983475, 21278.80192205382, 10789.214780450566, 10955.128971481587, 11396.147001495323, 8879.186892914362, 7353.674591822248, 12406.762937358719], "[180]": [8153.5714285714275, 3333.7686726775064, 33752.441363538914, 2362.856375529067, 1272.0822328380818, 16343.14738743539, 24513.400133040916, 27877.810938212868, 26721.629114838783], "[200]": [10732.285714285714, 3714.735934989215, 2558.5444573895575, 36655.67706676033, 36708.462158676, 1865.8655980316944, 7625.6553813315095, 10054.424728001619, 9371.038240850092], "[220]": [2400.714285714286, 122.68143547590171, 48.595057197726874, 402.3593344127212, 714.0902380836778, 453.0965283051087, 2183.0373482369478, 2012.6281338724589, 3032.074241163281], "[240]": [488.0, 970.9644552086879, 42.74555035562523, 892.3762479208981, 832.1548741463287, 127.89619067121959, 804.6942853558481, 583.4179533711048, 1108.4654518457733], "[260]": [51.714285714285715, 992.2307193112883, 2.213938933731278, 288.22124828641745, 325.44717321483336, 12.85523144268015, 253.4888246559217, 115.39532895231481, 406.2652440916297], "[280]": [3.7142857142857144, 971.9522286147931, 2.045236834691095, 393.3868355913203, 407.043001594175, 0.5716410154314007, 80.35870511462139, 30.762649068343123, 135.02043067723565]}