{"[20]": [6.0, 6.0, 6.0, 6.0, 6.0, 5.999997950975065, 5.999975983160714, 6.0, 5.999999967278013], "[40]": [41.714285714285715, 24.80158586165546, 4.896789179275466, 2235.249999999709, 5.334819207561509, 2.097790515877847, 48.940184508670065, 2.134139389454461, 39.90820887148267], "[60]": [606.5714285714286, 240.1446740716948, 159.40626622784794, 891.5132119343755, 148.77737493924383, 474.19900753211465, 534.971258436076, 318.2235566175881, 326.977744339695], "[80]": [8146.142857142857, 1864.9976072654626, 1444.6375850395889, 699.9748261809927, 724.7218841130707, 2263.659186637402, 2007.6543330397035, 2232.5888664127524, 2993.5712654594845], "[100]": [4994.0, 2606.713085984542, 22655.268134499915, 4908.395680732152, 3997.034456178386, 4381.111796160825, 5575.271828981116, 5013.054795565884, 3239.1411571984645], "[120]": [10729.857142857141, 1650.5601830516807, 4454.8534252456975, 59450.091217914334, 37166.46202532639, 4610.719140519168, 1972.7967684292053, 4249.627700875517, 2308.8658069299945], "[140]": [2800.5714285714284, 462.23136424700897, 153.13521942819398, 2391.2841990085008, 2086.1990949284473, 1040.7028142641252, 489.43696346998695, 894.1188792434641, 627.4640926208795], "[160]": [386.0, 195.1644336546069, 23.278164575869596, 106.45783527179049, 138.95545901425237, 136.86632744224966, 67.82012427800925, 102.54963413809037, 110.24654999743365], "[180]": [67.0, 93.71948666667868, 6.281529561601673, 261.2697766711152, 273.9593396038274, 32.03074062848949, 22.382342671020538, 24.928493178451056, 32.06402441726386], "[200]": [4.142857142857142, 90.82573457750641, 2.4208469683675697, 226.21813610708372, 225.8639877691365, 2.4159067153297666, 1.94828372798663, 1.0349124447578344, 4.868389129422482], "[220]": [0.42857142857142855, 71.1289435757626, 0.062368038764001134, 189.39029878516465, 188.2018314374733, 0.2961670152255439, 0.7891326294824416, 0.03609375686283869, 1.4680611021402443], "[240]": [0.0, 63.45564806368475, 0.0, 162.649959215534, 161.75803248329746, 0.05211047199380606, 0.11941992872200614, 0.004376233572932926, 0.2333840202536645], "[260]": [0.0, 56.989018461045816, 0.0, 138.38033894304908, 137.77677223190815, 0.009169073618668635, 0.018317593550226968, 0.0005365873707177082, 0.04048691401048712], "[280]": [0.0, 51.602075079479164, 0.0, 120.55870984472962, 120.08842719960393, 0.0016133425676119783, 0.002787790869471415, 6.373990156693076e-05, 0.006645590781343672]}