{"[20]": [0.420065736166066, 4.428571428571429, 4.000000000195013, 1.8897430709899963, 3.745639043375972], "[40]": [0.28568514444683046, 127.54372144656024, 86.00000000011191, 73.54526072079494, 15.581234739108865], "[60]": [158.42280360154245, 93.3934596351171, 836.0000000000407, 126.26826641564821, 778.4194746698339], "[80]": [454.5697341058317, 956.8860053842945, 372.00000000001364, 96.39061819024664, 1096.6693445914025], "[100]": [151.66368220917502, 170.88607647060599, 371.00000000000455, 166.22719466182843, 640.4513153195317], "[120]": [13.730112329812982, 335.2882745383895, 406.0000000000018, 96.75395618348375, 637.7081227110039], "[140]": [2711.488672011059, 8291.365596302949, 6732.000000000001, 1535.3365497850227, 4031.65529635844], "[160]": [2577.8685249978225, 14838.593165805782, 16075.0, 13513.714680501362, 2039.1133580493115], "[180]": [9237.313076205646, 10288.125829083227, 14204.0, 9571.938285196527, 258.10606215721054], "[200]": [3241.391225308056, 3378.3461119166896, 7773.0, 1394.9827597854746, 829.3501035485278], "[220]": [289.6363666720722, 835.4012658883184, 1711.0, 280.6892652483484, 225.1577724075014], "[240]": [286.5157253010552, 5.969103795287879, 552.0, 5025.767525045823, 276.059269385971], "[260]": [419.71879572188476, 8.861190977993559, 126.0, 2367.3156329505564, 80.63758083882277], "[280]": [1159.4980573255323, 7.240353625529657, 11.000000000000007, 1223.4325333982606, 5.11789446866641]}