{"[20]": [54.768645065911045, 75.0, 70.00000000041028, 36.91263379137472, 160.82773100526296], "[40]": [159.7400574204114, 124576.25332451683, 1346.0000000002076, 174.15054820152181, 272.82003854384106], "[60]": [4057.861795282646, 16201.959527534184, 26169.000000000073, 5199.026085718659, 26591.953453645092], "[80]": [87923.59481372022, 118337.05434317194, 30179.00000000003, 163275.24689763354, 29338.121041224993], "[100]": [5554.479255748967, 78834.09607440866, 43205.0, 195527.34190989853, 259.30189679197065], "[120]": [3395.5108941351173, 11249.61936390396, 11365.0, 343.48878856964075, 1950.3814343216527], "[140]": [3214.234752371006, 2354.4882874226105, 2335.999999999999, 23596.227514640956, 1097.3005412299558], "[160]": [2317.163273916244, 572.9799575036254, 523.9999999999998, 5875.242661466815, 432.41099470811446], "[180]": [1727.1579288217827, 27687.66704946726, 107.9999999999998, 1131.8631966566572, 97.87333806726238], "[200]": [1308.4200740493552, 4.925948465391441, 20.999999999999993, 129.49978775499994, 19.57813222708109], "[220]": [1089.1935077952658, 0.9923715644026876, 1.000000000000023, 42.315556520920836, 0.864938598422462], "[240]": [1054.2712649216587, 0.0, 5.084821452783217e-14, 123.15300982770236, 0.010295174901877702], "[260]": [1183.7467810167602, 151410.7805336392, 1.0000000000000122, 136.73174928344054, 0.9963212999488834], "[280]": [1420.0155077772527, 0.0, 1.1374917389937072e-14, 82.1602382089194, 0.00011942117343250532]}