{"[20]": [18.079713375894684, 1008.1120844179902, 14.000000000410282, 20.841988440534735, 48.07128084741413], "[40]": [137.4322911966235, 280226.41533143644, 267.0000000002077, 206.1125097542944, 135.75478911696172], "[60]": [218.1373394195839, 1274.045721017541, 2425.000000000074, 1391.6406825032636, 2637.2679486747807], "[80]": [4542.108342847645, 5604.333993825252, 13951.000000000025, 2577.6158688575015, 14154.541746698476], "[100]": [18553.10790380481, 440.55963174270437, 3422.0000000000073, 2693.11528112859, 9875.830152123192], "[120]": [6978.298096499215, 10993.026512876873, 13583.0, 1036.2954247757734, 68.78999603801822], "[140]": [558.1758985066895, 2315.9328456409085, 4784.999999999999, 3.5438894490757775, 961.3731715331205], "[160]": [1187.1942071172966, 97.1469060140438, 1116.9999999999995, 96.92317062249026, 479.8406207988621], "[180]": [1306.3590974160245, 17.046771361277592, 261.99999999999983, 3398.0555385945936, 166.6558108695648], "[200]": [1186.2261453230174, 19.620825304514305, 59.999999999999986, 1519.4217478123146, 45.98421027680959], "[220]": [1054.7292568304633, 31.650373212380067, 34.00000000000002, 923.3185530796245, 31.94533668982067], "[240]": [932.3203296022933, 3.014246146799005, 4.000000000000053, 604.5378758076854, 3.698934683892265], "[260]": [838.1776987390176, 0.3827283052325168, 6.000000000000012, 377.3756247551132, 5.955886163813281], "[280]": [759.8572148320084, 0.5367559823824513, 2.0000000000000115, 242.01550120416937, 1.9935365412382193]}