{"[20]": [10.097075890810343, 3.77779684562949, 15.785312859633294, 21.65581973427637, 17.187607033944445, 11.578080673900267, 7.57069969802657, 8.37606617380277, 9.672338037843272], "[40]": [8.18188223336211, 0.9369505576266034, 16479.51991282094, 3.812391671443752, 11.158464300772277, 14.459986634408374, 28.847003362062864, 14.340471725816386, 10.571922797004099], "[60]": [4.922238525689338, 3.3417863053985712, 0.9935380428612983, 41.31631103667478, 2.010283371692401, 16.903285584795825, 28.40865568634964, 17.16094532694159, 61.74995705411799], "[80]": [32.667592496728744, 27.63415993626682, 3416.042804347969, 32.26012350411818, 28.239465316459057, 52.257245607635745, 71.27839455894407, 49.30354534398695, 15.166417498775381], "[100]": [54.04264097796279, 18.063113161112543, 7.0873088504341695, 12.027739554813746, 14.05953819329308, 78.73174283550256, 66.55680371193817, 40.424612889734945, 24.714701638496447], "[120]": [178.08682658023855, 28.048321303501872, 37400.72135066697, 221.7658721131785, 192.03684312160837, 170.670649517602, 231.63887854173717, 35.83016073974522, 169.89388711798213], "[140]": [159.2321344989734, 103.56317346636408, 9942.54005440966, 169.88348750833103, 199.259084867641, 194.00473478393553, 158.12622187563895, 13.466719010290168, 594.0208035900449], "[160]": [149.51475895645396, 63.400674926624404, 47.552643865510724, 116.15286962952787, 103.56450061943859, 291.4188383989882, 105.12581218517813, 139.8468643004615, 57.50154861533014], "[180]": [466.16859210143855, 113.76702971917055, 514.383067700889, 168.22405300893107, 154.25186973478185, 687.2860556207153, 373.14483675487037, 478.3431643775831, 289.4836124638768], "[200]": [1706.1573865737287, 139.0390256124442, 26549.713000156527, 149.2891924015909, 171.80568278970625, 1490.305180362594, 1152.9770627440755, 837.8299873272193, 579.022722818731], "[220]": [2491.180984809055, 36.523539247983535, 42812.957413295786, 66.72398811090743, 103.98613746373577, 4661.17906972856, 153.44349771671665, 215.5445504815602, 702.7638718204274], "[240]": [114.84653460022011, 158.13037331060067, 2087.3192136028993, 495.1618280869585, 478.3276250101697, 3721.7247265138285, 1207.771104787171, 946.8888513570407, 811.0687696431183], "[260]": [2860.7487524933836, 47.35883438358842, 1386.5263518529634, 163.56823136989877, 128.45215855324622, 644.6579599450747, 1810.467783474567, 1405.648794235764, 17067.333924886156], "[280]": [1614.6192963972148, 253.33129406154765, 58.19534518091336, 371.64129318355924, 392.95192657237834, 36.761653499480715, 1060.5809787596131, 708.5058583941179, 2825.576907700584]}