{"[20]": [21.513720669519774, 11.39895138227598, 34188.303997008305, 2.5372729973100916, 4.990949531437048, 0.6839259243014465, 2.6949810271782497, 7.678549048455138, 18.345220876405232], "[40]": [338.45094797704826, 171.01979046874732, 2.0720818650827497, 3071430.0119797126, 22.133835289686257, 299.6469307234552, 267.4948717313267, 155.06944253633972, 58.08834923244467], "[60]": [698.4962988620535, 23.180216046765068, 1537.132134197034, 4908.725646159066, 361.57698552742187, 449.5948347157135, 105.70237496271467, 40.70749955428538, 254.8860728985971], "[80]": [168.91107848791714, 34.92680251754498, 141.503453593149, 9874.04591471073, 80.27319755589036, 654.694556415473, 33.205946243655426, 15.146276710523706, 39.28269759240313], "[100]": [225.70466052380027, 161.46032587847645, 21.322416199949483, 94.68266251481766, 183.62572713991813, 1003.5739403451058, 197.7234877154991, 178.35520270000433, 149.07024706719375], "[120]": [191.1571834155807, 395.3760448416522, 32669.463784126012, 324.36675769363285, 305.9432330631027, 1176.812825752237, 232.62150535474618, 273.57958839922793, 183.47379196223818], "[140]": [15216.700787729867, 2927.631513234836, 3174.5703730613054, 946.8625378621849, 823.8003916896023, 14900.577245091463, 13285.523720194213, 15364.026629881862, 24135.855314284167], "[160]": [10226.917816147841, 5699.648080897581, 36457.50928033643, 3575.00555748503, 3853.522641741609, 4655.264194500358, 4739.383387966477, 8138.151516532986, 51796.527756509415], "[180]": [19844.00465318158, 686.4282086478064, 10108.273702285614, 9968.523248478316, 10056.618535815744, 9270.027477871356, 14915.0866161431, 9704.65062238047, 23884.43249057557], "[200]": [5694.952330439696, 370.8631954821315, 137801.38031267747, 641.6151431574244, 927.111495408936, 3884.883488110186, 2787.223576195273, 2258.4400765693567, 4828.207559891082], "[220]": [1234.1839281000314, 164.35172485616226, 27810.926614308897, 179.08087504613158, 41.062598676638274, 915.4239243430534, 689.4080461794229, 527.4163381655545, 1397.118610398295], "[240]": [261.47694621580814, 158.548895789699, 14.617544519057754, 260.71006975200834, 274.40694978821085, 242.01831876006602, 211.69725851764863, 140.30435566561906, 468.4768462433044], "[260]": [23.828990513783623, 121.78876311867711, 5.682311498561726, 244.74867437823733, 254.94946965275167, 44.2274234179652, 45.49600699582395, 51.136523300419064, 147.14987253550376], "[280]": [5.316573870260177, 91.92150119405723, 5227.843750521117, 163.11873446599444, 166.24471715274893, 12.33749408241601, 13.273161505395484, 7.1846500204716754, 50.06510760428582]}