{"[20]": [103.46243522088955, 98.26112003388609, 334.20853853101556, 5492.864183466307, 169.5540098480793, 144.82573544838263, 80.68267659560956, 299.06476902186466, 885.3699984808413], "[40]": [2308.0900462043023, 1651.1056895046584, 355707.7696688373, 1265664852937.8591, 90.68951027628115, 2228.94548105017, 2292.7469878966226, 1713.467335093029, 1110.9066232643577], "[60]": [39628.846377281996, 22729.202744397397, 13236.150849650545, 13880.192228802403, 13332.217738708949, 32391.002676683493, 20081.977567140686, 5225.4775924386995, 9392.017285157137], "[80]": [12892.625886467775, 15092.92416250557, 32083764.850170918, 40331.04529414968, 140534.44264940431, 21312.997231192112, 19506.859707445295, 24110.818922362625, 40707.50871151353], "[100]": [43954.40210028548, 2246.5121988266505, 13212635.0546315, 175464.2547713574, 928294.4524307561, 17351.452188235187, 5737.587341410923, 14567.568085869772, 1716.8154312584943], "[120]": [9438.608984499297, 1882.0330831626293, 99.17591174958862, 19307.10439969016, 808.4759374934248, 2655.4754186222644, 75.05051035342888, 2141.9277793413853, 585.7967456289609], "[140]": [1762.8087288422141, 1795.7190152275602, 6247.529059302074, 5590.275753658384, 5271.280904145374, 406.54752848918037, 198.52008650925825, 335.6512249633749, 317.550921181583], "[160]": [417.8718312247861, 1046.9774871747425, 4.543500633068853, 4988.375624799011, 5303.890728148521, 78.54738552185977, 62.578081294616624, 69.1216869307771, 109.65284350317381], "[180]": [94.34576771981013, 885.6378341930512, 1.9069765851681257, 3570.43920129794, 3793.4569727607336, 17.610322424638795, 13.587266887693588, 16.390314075079935, 28.373134200500964], "[200]": [13.079448812346557, 970.1603106625863, 4.426844916356166, 3254.7345458545656, 3264.854680419486, 1.6622564657781393, 7.639954899466513, 1.8162890214344316, 10.845092024915388], "[220]": [7.360999172068772, 855.7569707689792, 2312.3625370586183, 2294.946943755956, 2378.173009170089, 1.3050741818844316, 2.549445232440816, 1.2857532593878331, 5.317486425449038], "[240]": [0.14718452419616102, 771.9933634787764, 2.638104197575067, 1977.0271525458254, 2032.481998910776, 2.569130705677344, 3.851535216757611, 2.5715656320823452, 4.81159103390006], "[260]": [1.3484434477051566, 749.4167833424159, 0.3675170494204897, 1696.1994311051144, 1736.8297975192922, 0.5426770829267389, 1.311279202918056, 0.5429786459899518, 1.9006266997464332], "[280]": [0.24381652889879993, 709.0053625975858, 0.8700666510380448, 1465.0625047837657, 1498.671203993783, 1.5142905206931747, 1.7704439226619015, 1.5143277389931533, 1.9676963363024242]}