{"[20]": [8.251743133799081, 9301427.29533334, 35.97394771367747, 5569.311284813388, 187.86165180825176], "[40]": [37.85692686911636, 1327.523013690924, 317.9617172962432, 117.50325863341, 23.088801789946334], "[60]": [2202.9418740655615, 10238.091330290274, 449.9776415762414, 850.5251801563791, 765.9369955327429], "[80]": [97.20046129374172, 114.35599788951762, 435.99532707118937, 47.7349548705984, 1029.7062819061], "[100]": [79.0685795776203, 596.5962915787704, 333.99924620059994, 79.72964938598788, 388.589275193072], "[120]": [1560.5333565434082, 2659.637865804766, 2106.996531729022, 1157.8399092014056, 2070.031419455783], "[140]": [13176.49548703095, 96375.6360037794, 16021.993468291572, 22360.849093218312, 8332.536039102497], "[160]": [15062.46402740845, 6199.478652695638, 8570.969099396547, 55375.983779165144, 11985.89193695459], "[180]": [560.2452684659695, 4660.6248542835465, 8766.185598551661, 646.0418841775188, 59.84432951433993], "[200]": [1411.2259057089477, 210.44356591903207, 1763.9877877605018, 22811.550446036155, 665.181888663734], "[220]": [1111.230787468184, 52.88443366149977, 402.93271743767946, 47400.41842729011, 74.02480706808734], "[240]": [266.99106936196824, 12.77508872715752, 122.83057672785263, 7150.428748304755, 34.38000922585487], "[260]": [275.6375460841337, 2.456999802050403, 12.992472173636163, 63810.801412351226, 1.5683310703244353], "[280]": [740.9755885701379, 5.696277941961588, 8.987328051332701, 6526.528965345112, 6.865212268760547]}