{"[20]": [4.894124528007111, 2.787210043419642, 245073.16104529105, 7.906832298136647, 3.0843445260480196, 11.358991450762664, 9.222053515590607, 14.141914164731435, 67.37081268493179], "[40]": [37.93499026344708, 13.578166858269578, 25713.61356829003, 156.58309952099887, 11.814836536777864, 4.135308851030117, 48.38510828715716, 3.4190544065109756, 92.46910094667102], "[60]": [71.34505643175403, 5.468741389240647, 224.94069037799667, 8891.269576191573, 196.3164278117804, 33.78222593614629, 83.40625235802281, 44.873189762970995, 662.2160208003367], "[80]": [1.9708813075180023, 21.25707227676026, 3949.9421198351924, 50.99225418064804, 47.36781648332475, 66.52625186514642, 1.4878798975208563, 59.26535514949432, 3.747189740526368], "[100]": [53.51968084806354, 34.897835024446735, 17.530829509883283, 94.49942606886393, 72.51955823747015, 16.137660135365696, 44.82669710826793, 36.50746559084119, 42.636335538192306], "[120]": [1.166529073785858, 9.82856035596585, 15.353694132978736, 6.472150380380767, 4.506742780706651, 61.276288555448225, 18.56544723720461, 26.0196428311561, 20.56168395267429], "[140]": [734.3071546339517, 302.7597888022808, 389578.48616567755, 195.21680137863706, 189.43934093975787, 810.2654537455217, 670.3372940767628, 748.3355972465434, 667.3796962111987], "[160]": [4389.847441000759, 557.1797606996719, 1943.3127470410907, 807.412648877892, 820.6748830407621, 1551.7418174221523, 1311.546548024636, 1232.6807482419754, 2622.551647668768], "[180]": [1434.9531128816436, 229.4764897557454, 391878.26782981685, 2158.04002162915, 1981.5947947523332, 3388.449527014729, 4590.358038490709, 3237.708614632276, 2902.6818205287727], "[200]": [2830.696054813407, 127.18694935967434, 428622.0862214814, 521.7582835016341, 680.7070373120092, 770.8289726583669, 2366.109150039672, 1679.42520183622, 39209.37502083067], "[220]": [577.7958598173657, 89.84698817287122, 7.52887535831087, 98.86591472703373, 40.84509394187172, 168.84622627252153, 740.4840403992162, 368.8686463261123, 1745.860279790278], "[240]": [114.15859036076614, 42.93584495017723, 6242.029593816681, 51.596478712978495, 61.27816013562851, 40.92847986885222, 310.6804173908807, 74.69189590289774, 1802.6289209305476], "[260]": [13.017745149451597, 28.40411432684605, 1.6362381644247115, 13.885341459198418, 16.730959918348784, 1.8975637700150265, 113.61646311589529, 26.25498805272098, 383.24954366172335], "[280]": [2.9329680066708854, 27.903535404041083, 3794.675536039785, 35.90249173910293, 38.22743503775683, 1.5826566134173832, 39.703636260936854, 10.06315534125154, 167.29499165675364]}