{"[20]": [1.0, 1.0, 1.0000000000713798, 1.0000000000000329, 1.0000019333297632], "[40]": [4.161375054180265, 6.0, 5.000000000111909, 4.077514971736747, 3.945539972383417], "[60]": [0.4962041021308963, 4.745948948589458, 29.000000000040757, 17.06253132066618, 33.671412953987954], "[80]": [5.202416628328365, 2357.322474145958, 297.00000000001376, 181.63475353510978, 229.47868204449196], "[100]": [30.3166037574465, 2612.630967683056, 2205.0000000000045, 792.6292055863223, 1465.9377588726456], "[120]": [227.77006359514598, 8198.443272942312, 1404.0000000000018, 5424.605108794858, 663.4209846956091], "[140]": [449.19779725003355, 78305.48877696981, 2765.0, 9205.998889184091, 262.6890925506568], "[160]": [213.8112852486836, 2367.0239668855693, 1036.0, 2426.397787404545, 238.83710774956216], "[180]": [14.194242196516143, 90189.28048477553, 173.9999999999999, 1088.1372380627317, 10.603561999031513], "[200]": [11.35452803956272, 20.176846357025877, 13.999999999999996, 328.2784367294121, 13.407624310701024], "[220]": [12.20425577263842, 1068.7161699887113, 1.0000000000000107, 126.78608132691124, 2.6829983855495465], "[240]": [12.410540094213399, 0.0, 2.345251993664329e-14, 51.06043281832774, 0.7373287014783579], "[260]": [13.992491288624718, 0.0, 6.090456127421861e-15, 28.399951492622222, 0.1294879347793505], "[280]": [16.914618758564473, 0.0, 5.626124413078368e-15, 24.063750597052262, 0.015168894187732856]}