{"[20]": [1.5325738087233505, 10.864694919516383, 7.944364100362619, 10928.938742457382, 3.19325567099721], "[40]": [13.64091599759167, 1007.5800630190275, 57.98357966191965, 63407.08060610581, 10.565771774303956], "[60]": [1.8036525450265892, 13354.941828072879, 760.986556687029, 304.79156253801744, 745.9036116715198], "[80]": [165.70049286467707, 2193.6572989317674, 5498.990381825162, 2450.5766477846937, 4379.444300621949], "[100]": [1692.7575238565112, 37645.659728020124, 5248.9903405070045, 679.8060731500847, 4967.388980526944], "[120]": [780.3878479860197, 7234.37187411758, 7133.986885595074, 698.1196120500852, 38.84550338708489], "[140]": [79.46745429695464, 93.57395177173561, 3079.983319242551, 281.1592226806065, 714.780102438996], "[160]": [98.55098813517772, 38.393738480674465, 686.9815894068661, 72.99769079560016, 281.15603425920426], "[180]": [95.46562857556009, 205.05088436734022, 176.8365569438344, 51142.65788267597, 115.73509755540776], "[200]": [91.15570519267268, 21.321435138129747, 33.99761535023044, 58306.64884891459, 24.951387681655117], "[220]": [85.80837812299792, 4.01431607302575, 14.98688194288276, 100884.9988706586, 13.66812523233367], "[240]": [74.60860068949117, 4.609587297008082, 1.9528253518764713, 128658.43976211722, 1.8040587399701822], "[260]": [70.49928410920138, 1.936364874541568, 2.9994381577640676, 68483.90147300065, 2.971174873556093], "[280]": [66.50349251616267, 105.5217311562937, 2.999259973362116, 34828.96111594329, 2.9957594772145986]}