{"[20]": [9.0, 9.000000825687563, 9.0, 9.0, 9.0, 8.999997066097867, 8.999967466648387, 8.9999979163546, 8.999320681345859], "[40]": [97.6219471378559, 92.00764191978901, 54.22614608028344, 116.28571428571428, 83.55420994026848, 45.228946535170145, 109.66828854138507, 57.38695831840545, 110.93758960469461], "[60]": [698.2847118450234, 166.13174135095193, 447.09658044219725, 1169.4231175780656, 578.844635488344, 608.1770814246464, 715.777776032905, 198.18084205710574, 7705.015238116657], "[80]": [409.8693659626628, 32.26221791065074, 40670.32366042831, 17262.776612716578, 3942.5255313667503, 597.9374294521065, 104.17335550654009, 524.1920335152951, 96.9937929692148], "[100]": [477.57844148806765, 147.6659403494358, 3164.2791750714, 735.2673033677696, 297.35958590016605, 1119.1845175606122, 360.3754467955445, 371.6422978405048, 118.98565418058064], "[120]": [618.7894207321624, 175.82656545742554, 11935.983975329496, 125.95982024003652, 106.0479111681578, 1604.5053866201692, 522.9932874498054, 679.3170529157294, 158.92968582594986], "[140]": [9969.545674512538, 5674.973373803378, 92549.51735826975, 9655.958182074106, 6195.774112730555, 11327.069849097219, 9605.596649680703, 10223.10623006402, 4906.902596114329], "[160]": [6707.356657538382, 9418.786551507894, 38512.66542377731, 5144.17867015841, 4668.4049614535315, 2860.754165109077, 5451.946855112074, 9048.505364614148, 397703.505263579], "[180]": [13090.496436829077, 3527.9195322867176, 9838.799413489383, 4608.929674705796, 2360.608316857283, 12172.407331176557, 11867.314614173534, 7437.56930010005, 14802.576756976086], "[200]": [4723.707135108008, 279.68688873603793, 164.21439959824312, 8785.934777299592, 9034.202373578475, 2924.29828047532, 2596.434758151208, 1739.6875233518092, 3992.2236505315873], "[220]": [921.5543453041257, 247.94223033332, 62.658070823802575, 350.92926540087444, 204.64624797577775, 609.1494852991426, 655.2874966364735, 317.58723065986584, 769.3142006813277], "[240]": [295.41495533474694, 314.4453937019316, 26.414009653001752, 835.4118372949868, 807.7643354302147, 207.24942160817028, 254.58154891163042, 116.03703327052992, 262.8547190568928], "[260]": [60.625539490713585, 201.58693466848885, 3656.9146346477296, 513.1767785922666, 494.4842476839888, 61.90861349094451, 93.81221830516839, 34.42465801891699, 99.84645565636123], "[280]": [6.310744956812448, 179.9344865886151, 0.761129185977396, 410.2584441160208, 418.5572380521016, 13.237497195308993, 26.82282884664777, 5.960346573234502, 27.825619385269928]}