{"[20]": [1.0, 1.000000825687562, 1.0, 1.0, 1.0, 0.9999970660978678, 0.9999674666483876, 0.9999979163545994, 0.9993206813458585], "[40]": [6.0, 6.470312825368716, 832.3314520164629, 6.956521739130435, 5.370879640107356, 0.8676324475325765, 0.6796800939451133, 0.9568908435372232, 26.185690979543953], "[60]": [22.197428408561812, 18.96339090698105, 2.0244272332456688, 4.774856595428802, 5.117656730230636, 1.2504873612674148, 26.377078692365696, 4.017209520184769, 27.803206432123705], "[80]": [233.58528278787466, 224.4636763176494, 122.2258694206289, 126.69840807876574, 133.02396558657026, 230.68265853167898, 241.87723930265648, 196.27335960583244, 203.82312886415517], "[100]": [1789.4737258119226, 904.9053128794848, 175302.3317249979, 1728.7254291983197, 1629.5607965055312, 526.8177512972243, 674.3659014075346, 843.4356058993442, 4250.866033586595], "[120]": [2577.1319292820613, 468.1077784407856, 6052.93331883814, 4412.676335387326, 3097.984616320608, 815.592739713451, 1262.2864919396366, 471.4139095111289, 6380.312068916088], "[140]": [2694.674508485067, 678.7281493136616, 3695.6374457147886, 53.84640462365935, 3366.269421800589, 1996.0529191526634, 1028.052299214021, 1704.7115433641932, 5571.695775735992], "[160]": [1508.812999257299, 82.27408174199626, 108913.34004128202, 5115.768290903954, 5006.285514465198, 724.5056993768904, 498.906734887014, 535.7739711821573, 695.1784393043148], "[180]": [314.22952564395547, 122.12323271449274, 14.411304065979369, 234.44706957824002, 158.49430919013253, 164.4236819851584, 175.14395034050904, 114.02866472682945, 187.55335447053696], "[200]": [45.2706583269454, 68.71196898331435, 1108.8545570056206, 119.47244294516312, 141.33391365906414, 31.69740748053925, 55.28533327449751, 18.90939361350907, 30.11464028314972], "[220]": [6.964066170268461, 58.694252037125956, 1.0130879587687658, 147.15826396668956, 158.67866636911077, 6.965317654625623, 16.338202400171436, 3.679883492834978, 8.564296006050059], "[240]": [0.0, 58.66285678514426, 0.11255332614532168, 143.24123292215975, 148.17582239964568, 1.09744029218831, 3.6775221928917152, 0.2675615400236247, 2.138917089165212], "[260]": [0.0, 55.10050394036373, 0.0, 120.87800004908323, 124.40548543047085, 0.2657446256988255, 1.0723461162974264, 0.053468163852104865, 0.5047553415878913], "[280]": [0.0, 51.873475308662066, 0.0, 104.67398199580762, 107.50179257852128, 0.06435486619611248, 0.22138707358491533, 0.011157518953034838, 66.15383837842818]}