{"[20]": [385.3342202533756, 72.42857142857143, 69.00000000041028, 281.8309318587999, 66.99563436112884], "[40]": [419.1501652172476, 58921.77579420809, 1487.0000000002076, 448.79223695586734, 522.2963154350107], "[60]": [11375.687327859152, 426405.1344027843, 31402.000000000073, 6623.790612238154, 31068.967006988547], "[80]": [171426.44642053114, 129495.09671633368, 3019.000000000029, 212908.21636326815, 13943.38899480537], "[100]": [6008.1366718860845, 19334.400782075718, 31065.999999999993, 167650.811167999, 1619.1799450250692], "[120]": [10273.851636514113, 5582.9755843206, 5669.999999999996, 48092.40848951704, 606.5981832411826], "[140]": [5893.831711012006, 1415544.2362105676, 1157.999999999999, 14344.769374408319, 702.0753217717042], "[160]": [2920.102163711404, 7231.793549774444, 362.9999999999998, 3281.424780724058, 313.17779871682956], "[180]": [1698.9694202109642, 1.694921990173556e+17, 103.9999999999998, 773.2443278499213, 98.59387701115728], "[200]": [1149.8360400654165, 20.541291060584854, 35.99999999999999, 117.18091409523186, 35.533121215356964], "[220]": [910.6039185394579, 44.506558725205835, 10.000000000000025, 29.341929798340516, 9.997506649659941], "[240]": [867.2371115163919, 2.1134359003358627, 2.0000000000000506, 89.67464458740346, 1.9952739895696183], "[260]": [962.9657988953829, 1.1893906385262434, 1.0000000000000124, 67.08951687609931, 0.9994526146425811], "[280]": [1156.8182700704012, 0.9481435022480904, 1.0000000000000113, 65.22905033235406, 0.9999625246706637]}