{"[20]": [0.6972016321006382, 2.0, 1.0000000001950133, 5.459999816313391, 6.313243077690929], "[40]": [2.2664877687420217, 3.225032897825013, 3.0000000001119087, 0.36127212446845114, 0.9953326501697717], "[60]": [0.8373522382067762, 0.9582086870562776, 4.0755843144779647e-11, 0.7934147430750755, 1.7036520342237065], "[80]": [3.3486210425543748, 2.0009158877285094, 2.9999999999862617, 2.840829291376239, 2.763038375517038], "[100]": [0.29999903323537513, 0.0, 4.552599676911219e-12, 0.21997183605045167, 0.020918459794816567], "[120]": [0.7305692200652877, 1.0, 1.0000000000015052, 1.1274825502911958, 1.0018710713849912], "[140]": [0.0873878635985541, 0.0, 5.041522754822836e-13, 0.11703289832319319, 0.0002335562819315573], "[160]": [0.9742027336977093, 0.7999470755056857, 1.0000000000001479, 1.0907916175517636, 1.0000195680155954], "[180]": [0.2591869628308713, 0.5330627113023495, 0.999999999999919, 0.9343850587388235, 0.9999985270248677], "[200]": [0.3070164000391489, 0.0, 3.1473727093031384e-15, 0.037350481532702706, 1.5920204312467165e-07], "[220]": [0.25892699628147914, 0.0, 1.0715199570234887e-14, 0.00853091943109685, 1.509342171275953e-08], "[240]": [0.2207241003769051, 0.0, 2.3455683988118066e-14, 0.029734731756681287, 5.8262811215197e-10], "[260]": [0.1604585335345812, 0.0, 6.0909214676388404e-15, 0.021313657489679227, 1.2611903183501157e-10], "[280]": [0.1439735675868563, 0.0, 5.626666381622107e-15, 0.009956156566910387, 1.1697054139716489e-11]}