{"[20]": [2.0, 2.0, 2.0, 2.0, 2.0, 1.9999975270400308, 1.999972467511985, 2.0000000000000004, 1.9999999940231836], "[40]": [1.0, 2.270837599721431, 0.8804714482648466, 1.0, 0.31594269874777847, 3.9891767944699357, 5.126598537318005, 3.893135000947188, 4.982474096467005], "[60]": [1.5714285714285716, 1.8278754083087074, 5.380990043559556, 5.014069107507975, 2.864048102113454, 4.753517882427476, 1.3479838383080072, 4.751940508541024, 1.6756536695720912], "[80]": [0.1428571428571428, 0.5316949849496737, 0.11761858033696893, 0.06883662130814039, 0.1944678246922127, 0.5202063523798899, 1.8672201848859389, 1.2577656237197257, 1.9693167014872939], "[100]": [2.0, 1.770180134703178, 1.9381092168969833, 2.0187109379768695, 2.1143390271366593, 0.9762391021110196, 0.03179619770442762, 0.9740435261632014, 0.1307099615450384], "[120]": [0.0, 0.28521709517012084, 0.010725093193330128, 0.17302063864384426, 0.2796819184873457, 0.0005495344241395263, 0.002974529529857417, 0.00020812890785851736, 0.013623402223667421], "[140]": [0.0, 0.2526671632705322, 0.0, 0.7838012958239645, 0.7680089359132204, 5.610196060643751e-05, 0.0005111567871586495, 1.5747354241785154e-05, 0.0011105642068036615], "[160]": [0.0, 0.28357740648184193, 0.0, 0.4358574814501148, 0.457365826529281, 5.771975886292697e-06, 4.455172301647809e-05, 6.610846692580141e-07, 8.889693825582461e-05], "[180]": [0.0, 0.16747198839633548, 0.0, 0.28717087502362265, 0.3008718257905252, 5.943847226449318e-07, 8.321737783497949e-05, 5.897908072253387e-08, 5.559443825275101e-06], "[200]": [0.0, 0.11432989221998757, 0.0, 0.21409955725058719, 0.22357433241844377, 6.121474955002434e-08, 8.293520817815715e-07, 7.288564167592679e-08, 1.4067262866293797e-06], "[220]": [0.0, 0.09278864194506681, 0.0, 0.17066562264728374, 0.17760506207154855, 6.304701578628984e-09, 1.0534161205396145e-07, 1.422246811923651e-10, 1.7377549918066454e-06], "[240]": [0.0, 0.051648756265943147, 0.0, 0.14188022262209082, 0.14717794662102313, 6.493156277824472e-10, 3.486329761112079e-08, 5.233472838913556e-12, 4.843175363032021e-07], "[260]": [0.0, 0.056689391153303625, 0.0, 0.12140278705128953, 0.1255762007233798, 6.683312238425141e-11, 1.3456352476656873e-09, 4.949418249687312e-13, 1.5219006568860301e-09], "[280]": [0.0, 0.04384781539485552, 0.0, 0.1060904112664282, 0.10946050928844664, 6.864409706184754e-12, 1.9930292723213673e-10, 4.162594006841252e-15, 8.219338589957226e-10]}