{"[20]": [9.727695271327988, 14.407529547017916, 2.2135283564746215, 1632.06829587454, 3.006295712084847], "[40]": [0.5958957412647795, 61.10986417423427, 120.96283596903311, 81.51845583271611, 4.81447244640102], "[60]": [632.8532392394488, 15378.200789048607, 360.97701143482885, 205.99838128165163, 476.6809455686753], "[80]": [22.15172490183275, 105.93279477844003, 284.99488498436784, 55.92190920301416, 739.7293561394856], "[100]": [43.46821158469804, 302.63481027260417, 350.9953788197221, 78.39380844924644, 374.0600428594979], "[120]": [81.14856756835611, 339.78334111770636, 579.9944680366089, 142.7135537092946, 533.7139035386393], "[140]": [2662.0222264222894, 179418.35498432114, 16107.978592758847, 2541.9311048523573, 5007.604016169365], "[160]": [3609.3011947371656, 13975.601410340028, 5507.891184599286, 11287.00587524483, 14204.594821347739], "[180]": [1595.6444566641146, 1276.9329759618618, 10750.72495444138, 1667.184162862171, 1143.2548241908298], "[200]": [1410.902997522289, 88.98872159125226, 2227.980933350841, 57.174762597030615, 739.4587411686755], "[220]": [513.2525296153697, 200.71340021992134, 485.89502383895854, 64054.503996319625, 114.75187438726168], "[240]": [145.03115852081876, 48.79914250788185, 170.7357759782757, 37374.33788896623, 53.12388224285398], "[260]": [134.7797099485508, 60.75247652691562, 17.996854849886116, 26249.925064204697, 1.323206306627345], "[280]": [143.85928338499986, 0.5951137714915259, 4.9934827844272, 7413.447166468466, 2.2675485097867245]}