{"[20]": [12.212109124187155, 16.0, 94.3177702581057, 32.653534495560976, 103.41129013837953], "[40]": [23.9102174422745, 44671.25685609507, 229.00000000020768, 71.9534112121311, 65.4385583277153], "[60]": [221.37387312341025, 57.42318372427826, 1853.0000000000741, 509.25759758686445, 2038.9428295989587], "[80]": [2237.966265669569, 10697.444305564215, 9267.000000000025, 2713.170460033856, 10016.439660131873], "[100]": [12323.368081100434, 530.3061515458649, 3529.0000000000073, 2629.610251185328, 8324.990368146258], "[120]": [5011.710667589162, 13098.671186166139, 9698.0, 68.1392384309147, 408.64954097345253], "[140]": [451.8298877455477, 117.06373169201925, 3939.999999999999, 19.49683359311939, 829.2282824582121], "[160]": [758.6885664817062, 22.851344053233902, 906.9999999999995, 687.1974864266708, 372.07705558180373], "[180]": [877.8893243671042, 4.404181683353784, 232.99999999999983, 2744.4784982556494, 151.62072924390787], "[200]": [792.7563595846091, 1.8930510180378022, 45.999999999999986, 1251.7983244875513, 33.86829892611051], "[220]": [701.8838926295591, 6.051270492823841, 11.000000000000025, 763.3043407359123, 9.19720450458804], "[240]": [624.3487945517346, 2.461744132574596, 7.0000000000000515, 457.86388135133575, 6.732231690003546], "[260]": [548.2826409484869, 7.726558285511624, 2.9999999999999885, 289.59756488517496, 3.039768575052655], "[280]": [498.928823743046, 0.8454070495502366, 4.0000000000000115, 190.3977653824329, 3.9940936949331576]}