{"[20]": [1.4183480648897628, 2.4937356967944577, 6.241523636238961, 7.734091451089149, 8.759752394510443], "[40]": [3.4556419783551178, 25.420248893840338, 11.455087091578484, 18.028730675181635, 7.0254604984842075], "[60]": [8.520490379991799, 8.927153647742294, 11.580845413080098, 2.20050646932458, 20.201083224161586], "[80]": [16.409926969385353, 25.782286288664984, 17.228676337061728, 20.603628592950415, 29.0923969296244], "[100]": [20.811895723876276, 11.87100580433841, 10.824806811902192, 34.06196944465459, 52.353533552731676], "[120]": [5.799794326060123, 1.8425360482157203, 55.00117725623022, 8.252074791037103, 72.89744241480562], "[140]": [15.243776980555879, 168.77019980013426, 49.0000472262501, 39.95163798974761, 95.95028943355055], "[160]": [16.432213696306746, 63.360215607792554, 52.00005340215381, 85.48231404881074, 116.61421608589956], "[180]": [39.74951432409455, 80.97376401973622, 123.00000000279181, 56.10847029259651, 175.9799789756678], "[200]": [10.787591973901272, 122.15217169846073, 397.00000000081286, 64.97144813013301, 249.43728343643033], "[220]": [86.97844723915341, 322.43753879245605, 923.0000000003911, 164.85726920525667, 923.0000039111042], "[240]": [131.23508579880308, 315.478948169889, 1276.0000000003174, 503.02832627668977, 293.03858638238125], "[260]": [460.45513123931505, 995.5627552387159, 314.0000000003183, 3270.436240835854, 296.5006084284523], "[280]": [124.95088845509326, 128.76508803575962, 1217.0000000003183, 4222.7344859488185, 106.17981039070128]}