{"[20]": [0.0, 0.0, 7.137977434246622e-11, 1.2965643611924093e-11, 1.266604183032739e-06], "[40]": [0.5334105491041545, 3.4704499875336867, 2.0000000001119083, 0.161673158372432, 0.49764175791144627], "[60]": [11.454787325904034, 5.556921542527448, 12.000000000040757, 7.5828881184805255, 15.127875985495065], "[80]": [2.210447262671039, 4.182112453091662, 5.000000000013735, 8.3691202101584, 14.979531291167895], "[100]": [10.050340054176047, 6.1368885001691815, 10.999999999995453, 13.396951718109726, 4.425921026167888], "[120]": [3.1534366305483275, 7.734072977033069, 3.999999999998497, 2.5915083405975565, 0.24906755784768286], "[140]": [7.390239252521926, 19.202674225600163, 17.000000000000504, 11.123651707344191, 17.768598059323807], "[160]": [40.24765911429452, 1279.936545691, 94.00000000000014, 2.18104713921673, 92.9214339827021], "[180]": [210.58960899432554, 216.85365898915575, 963.0, 494.48450138988255, 317.6676966945065], "[200]": [48.56472522510467, 467.0588456115911, 2414.0, 29.215745775240975, 298.00822800718197], "[220]": [1038.593078884358, 1375.133770195318, 882.0, 4918.201760376398, 538.7386857067959], "[240]": [827.4105605599098, 415.9156106629116, 2148.0, 4916.210507324464, 424.0532125629975], "[260]": [207.03584853940447, 78.39233591977012, 481.0, 196.75672547079466, 24.448066677721727], "[280]": [58.0681318913218, 0.8254597545547426, 47.000000000000014, 32.45086182948819, 26.959669888344038]}