{"[20]": [6.0, 6.0, 6.0, 6.0, 6.0, 5.999997527040031, 5.999972467511985, 6.0, 5.999999994023184], "[40]": [53.42857142857143, 49.19141269149482, 36.45964032263864, 2277.0921630862426, 31.82650260712489, 22.216496467626705, 20.24280142926574, 22.281125314723262, 20.264632422568567], "[60]": [347.57142857142856, 208.79317483897168, 185.89643626304542, 113.4557547056487, 104.59454996567001, 314.29153703452516, 367.276211322563, 176.03067323326258, 258.6011076890769], "[80]": [2055.142857142857, 1075.3275915073814, 160.79519753236036, 164.5408137623367, 170.93993841634847, 1798.243000437962, 1985.384100176378, 946.2013581519875, 1150.2787898400768], "[100]": [8541.142857142857, 2359.361247362871, 4397.319845279504, 3890.8269448713672, 3819.8196954017494, 4748.166635980146, 4261.165247389008, 1122.677463089325, 1235.8522880428518], "[120]": [5246.0, 3839.1907851185097, 17385.88569664237, 56224.365933203364, 53812.179996815954, 934.5082112645141, 2386.8958726721976, 1612.4790502304386, 3061.742151983781], "[140]": [8471.714285714286, 849.6513206791169, 7305.716550661891, 12992.053351119037, 9217.847170825451, 2892.1017129924585, 1687.1926209873072, 2651.2992559524682, 383.9564525168116], "[160]": [5530.285714285714, 767.4320360312631, 823.7151403693242, 1772.249584583104, 3215.171763382602, 1515.6093524018343, 417.71082571875877, 1333.7788264175551, 203.40622892646616], "[180]": [1581.0, 263.7932607950297, 21.18284659783194, 864.2661181640235, 997.7805241958725, 355.10360229155026, 29.967937224498428, 287.99083819249154, 43.741354502436366], "[200]": [440.57142857142856, 457.3802311252675, 28.713273235352318, 632.3892920225749, 544.6468854688492, 123.62334509924415, 34.92180397040829, 103.478132957572, 608.9862405851326], "[220]": [73.28571428571428, 258.2982698608221, 22.125920485774444, 429.82393187256423, 482.89021234847246, 6.868750784132715, 14.93045349099058, 1.3165126588176435, 22.736543993910693], "[240]": [28.42857142857143, 185.1524866952086, 3.056924365828653, 382.9000870429499, 386.34654756197085, 2.767391974039384, 5.814611622747064, 1.3217212608547655, 7.758641890378707], "[260]": [12.285714285714285, 167.07035790962937, 3.245261898368815, 336.7796143146171, 352.0489320184606, 3.807316868277785, 0.5832104908603974, 3.443238175294737, 0.9163020436302505], "[280]": [1.4285714285714284, 152.61917983834928, 1.2565883913164804, 280.6403801921507, 286.6772800925744, 0.4235253997162951, 1.2679305633483946, 0.5131262307626285, 1.38033406671078]}