{"[20]": [15.0, 15.0, 15.0, 15.0, 15.0, 14.999997527040032, 14.999972467511984, 15.0, 14.999999994023183], "[40]": [57.42857142857143, 47.89199921861788, 103.14812979361213, 57.42857142857143, 70.7173366408636, 126.59345969074289, 70.3120985276465, 125.39549917083937, 52.92387981356022], "[60]": [84.42857142857143, 79.81302489589257, 6.941682013458006, 119.28935288976587, 127.46131881297092, 111.13958067538455, 146.23087299059034, 104.41044980135305, 71.64734658773355], "[80]": [234.28571428571428, 173.637908166405, 69.34494572082116, 116.04582276858969, 75.84029073542689, 290.3187244188268, 203.00446071462085, 270.11434521154723, 189.2259951204593], "[100]": [678.4285714285714, 308.6203734733891, 19.69187020031677, 50.538314317537925, 98.19847562865561, 757.351807679225, 563.0255892284039, 255.15155983687498, 540.9844069592987], "[120]": [2414.714285714286, 840.4496916441435, 169.84121079482884, 263.9214818732253, 234.2614609000898, 2229.25279782848, 1815.4411814701023, 706.2248800082812, 1136.727240358366], "[140]": [4142.714285714285, 768.1297956133685, 1861.8242117666978, 1315.6142595396504, 1128.139850280426, 2806.9617181486346, 2020.1840975018667, 2331.6805684127057, 16.995035679365174], "[160]": [3935.2857142857138, 404.1007855948137, 3103.343782348795, 1383.2459825945407, 696.3785440478969, 3555.2577802480973, 1433.1723909519224, 1945.3995718022907, 210.4276281141665], "[180]": [2786.7142857142862, 597.3983819602654, 1100.8629853985622, 508.7634423627569, 677.4090680562476, 5158.887359918383, 1309.4481831797457, 1763.9278427963727, 965.1716465029385], "[200]": [2334.4285714285725, 1725.538014961552, 1470.4571051821767, 5358.7417590352525, 5122.099405281675, 7089.369386709441, 1189.0671223231038, 2247.809703305462, 247.81022447795476], "[220]": [4161.142857142859, 1077.5744919234858, 4498.980236922998, 313.4784180576571, 264.633908355936, 5990.1225087569255, 3994.961299995488, 3356.645458703657, 5106.202680074977], "[240]": [5600.714285714286, 584.915074229828, 1309.8434344091838, 1999.5555543003557, 1960.330293005174, 2196.1563314894047, 4099.54258726154, 5964.143507932267, 4039.786632193898], "[260]": [3697.7142857142853, 212.1151173683238, 319.9613563837238, 842.3720327184283, 784.5083937766071, 653.7815296241247, 1744.107956550156, 2882.4537193476544, 1955.7494399817479], "[280]": [1972.1428571428573, 297.4266474479946, 160.41536488179713, 576.586340992277, 516.8495097624213, 84.27411350488228, 727.5341796559401, 1323.3454395050317, 881.7314417766693]}