{"[20]": [0.2857142857142857, 0.861667091185887, 15.229130493125336, 0.2857142857142857, 0.03694725967898993, 4.38473703108714, 4.227095919325058, 4.435797452912743, 4.268868202295346], "[40]": [19.42857142857143, 16.545817035051662, 27.09977672116564, 17.276592449120415, 15.68210412179949, 4.401459847680979, 3.344641572932016, 4.299870345009886, 4.864881114925179], "[60]": [616.5714285714286, 345.3675779717198, 37.72245248077945, 238.4365309032055, 2.872774722246959, 396.04636096794945, 415.8647669723352, 259.254682530143, 245.465831226536], "[80]": [8310.0, 1604.201273307899, 3674.5796236425813, 13023.07109016972, 9478.980928924051, 2148.625422730731, 1834.4301555825914, 1863.503576429519, 2746.301016287871], "[100]": [1796.8571428571413, 1390.9066091342902, 15420.777366054557, 6747.355503619154, 6947.721621153843, 4077.6021620555803, 2852.8860034154604, 4525.597261271887, 3162.248294117191], "[120]": [6177.428571428571, 235.39426953940165, 1571.6764735446068, 6983.857959437946, 5182.139024908754, 2474.326363042319, 974.332280190567, 2189.5689562764237, 1132.598992882571], "[140]": [1172.7142857142858, 63.19370099759726, 17.80260716708449, 725.479572307242, 606.1010150475822, 402.59569109652375, 68.41816084190009, 324.0889017923307, 100.44144802887615], "[160]": [230.14285714285717, 37.94293280725651, 14.713548706203596, 50.3696850079416, 67.38994834283002, 80.50247587910079, 10.565013240587916, 64.00625908134322, 5.250599912119469], "[180]": [44.28571428571429, 97.01463078998495, 4.0232533285917, 154.53312810236866, 156.2664864787074, 10.1722936663055, 12.651463945435605, 6.9835928536682275, 12.237139201273632], "[200]": [10.428571428571429, 38.324776114041924, 1.4070781169400224, 142.80691246904416, 150.47432079896657, 3.5474973526238855, 1.2965648385175057, 2.958042858169244, 1.1792951631388138], "[220]": [1.0, 66.87011450112004, 2.347363308229837, 133.18660567119673, 135.7303870939473, 1.4531237773138281, 2.4062127848463555, 1.5584019875524995, 2.4169804793227927], "[240]": [1.0, 57.75358836611986, 0.29511261176528214, 114.57723899739747, 115.82335025523061, 0.7359935888257797, 0.1686442684567817, 0.7174444149276834, 0.1183135244277437], "[260]": [0.0, 51.989674224732426, 0.0, 90.62618651271757, 91.54826322020526, 0.0033281229797123457, 0.008089084082836403, 9.862866841655597e-05, 0.011872472702337425], "[280]": [0.0, 46.284416666273046, 0.0, 82.11662788189147, 82.62984213940017, 0.000569119976089961, 0.0012138957472754613, 1.0647869702913387e-05, 0.0018309312281151878]}