{"[20]": [0.32532326114000815, 9.13335340035688, 5.967977615774676, 1267.4627261685469, 0.7745525552740188], "[40]": [4.263248053020987, 94.75807765268215, 38.98875372867581, 4680.822476628698, 9.588501210268827], "[60]": [157.8868663594734, 15.278188439705794, 99.9923038586346, 200.19298658961216, 140.32444937153872], "[80]": [36.033937477949316, 80.74261475012949, 31.998482878146007, 76.09210397397956, 89.76718023493126], "[100]": [34.690887417388865, 30.6962050005319, 31.999351627738218, 19.278234627797225, 26.950617419950166], "[120]": [5.338630241732576, 1483.8016198213809, 6.999461908580199, 28.02907913009428, 46.77271073495661], "[140]": [40.72629487708063, 4395.502977612293, 1711.9986879901421, 323.74797272892243, 761.4749370770753], "[160]": [491.8620114440879, 5637.512631073681, 4969.991600866891, 2690.481095910439, 1542.95959949582], "[180]": [1071.5343957964392, 5213.316436145407, 4435.806057244314, 9529.145321180644, 731.8018944681155], "[200]": [68.9908134237332, 61.718094969206156, 2015.9967215685335, 9948.057302405174, 202.45368583654613], "[220]": [56.545409504791046, 253.7010010290784, 299.9818663829034, 10706.08513351262, 9.06345479578341], "[240]": [40.237643718981666, 5.877425674284483, 62.95435406165053, 3822.4032604833887, 14.249103705281906], "[260]": [41.63459036828968, 63.458943123865815, 5.999456634649305, 3356.819312211935, 0.8802987422118962], "[280]": [86.11948140763562, 125.99712547475356, 0.00032064784006330556, 5127.665784602936, 0.7371668456348904]}