{"[20]": [10.0, 10.0, 9.999999999761007, 9.999999996992518, 10.000001657114092], "[40]": [0.6317959289488808, 64.34731581052586, 25.7754426294714, 11.524470811937771, 20.428324512563268], "[60]": [5.054410208324711, 3.460090907656103, 10.027443318874754, 14.984391926281969, 25.56950479464923], "[80]": [13.114526635602315, 51.74794823422715, 36.012442921545315, 19.306575540555677, 50.73511100770788], "[100]": [20.91149117582756, 64.8924119537263, 28.280783634359295, 35.321630797065, 118.84569791580411], "[120]": [58.54858772638489, 601.9620745705682, 252.00146503729806, 78.0810840769271, 222.26401708650417], "[140]": [28.68595357981691, 20935.911041754236, 319.9993196980927, 82.64285071996073, 317.95214026292155], "[160]": [26.91758030757631, 132.70651142672662, 453.99999984276093, 247.45060026409155, 561.5381024334051], "[180]": [11.551833280645887, 67.78917281083316, 1001.9999987683376, 479.5079451577316, 1245.9013085630563], "[200]": [387.70198963607874, 748.768638714485, 3717.999999642159, 1070.9395841670669, 2126.255893227373], "[220]": [274.9326253885206, 9486.864887838616, 7376.999999968721, 1145.1956257715424, 2559.657908278754], "[240]": [868.8298653533966, 2977.110172453091, 3310.999996791972, 7478.053354997389, 2758.1492245074305], "[260]": [111.66224061389069, 6599.510228694724, 6198.99998951854, 3408.021109291349, 1320.3846631231131], "[280]": [678.7248695672882, 1318.1025824620392, 6415.999993206627, 4820.7493426041465, 620.1313950778891]}