{"[20]": [2.600921758011132, 18745.666153765844, 9.976760280586523, 5069.385802939071, 10.116918765488556], "[40]": [8.51283378618821, 502.218996093552, 93.9729534644834, 49.639387725312346, 3.508510135809847], "[60]": [99.82514961572764, 28369262.310652375, 944.9809049227362, 402.86322097206545, 986.7702662887981], "[80]": [101.38579700811913, 15580.618040286052, 7146.986524295294, 80851.36424501045, 4777.6743861413825], "[100]": [1344.1393732899833, 3694.7682349586207, 1159.9704048293834, 269.2092773938975, 2208.4654221528913], "[120]": [163.93821815074665, 2172.8255148438748, 5666.96652541164, 664.7198596695789, 651.7400579483232], "[140]": [527.5567105001079, 717.9687469543969, 1416.9598655514417, 17.643229875312397, 355.00461455004785], "[160]": [203.5558666455193, 412.1465609701497, 343.95587099573385, 78673.0783705167, 187.99206451191708], "[180]": [97.39175513380349, 117.29413589504333, 92.60830144739698, 49102.34070123153, 71.56943358416954], "[200]": [59.380092396020025, 36.691819520016395, 21.99428495912023, 68650.96875673083, 19.08757246633], "[220]": [55.12637493054296, 28.49780536953765, 13.968562356116957, 19296.816004628385, 13.60482384176745], "[240]": [54.16684559433079, 0.9310474039906123, 10.886944598491313, 273386.3474567473, 10.946390778689786], "[260]": [52.204998423289524, 12.558380400058835, 1.9986535367997618, 49814.684138497774, 1.992727428262197], "[280]": [50.84125660806787, 4.423375225506364, 4.998226510950139, 40605.85525603856, 4.999013395781304]}