{"[20]": [1.0, 1.0, 0.9999999998913861, 0.99999944431688, 1.0000010490286289], "[40]": [0.9708722333715727, 100.10634594937846, 1.9095303619212172, 2.6540539677702206, 2.664153080731661], "[60]": [1.5248779212561692, 0.9414631648093215, 0.0033683790944153305, 1.5921713549425882, 1.2152401539496518], "[80]": [0.6421053456396837, 0.9045604420832326, 0.0002888859061505839, 0.25398008671076844, 0.35405226381756605], "[100]": [1.801983790546674, 8.772200828262601, 4.999432950413757, 4.409150319196009, 4.877107936713624], "[120]": [1.060976330399495, 9.630885892409578, 0.0003262969766742337, 0.11121340184293353, 0.0023252702444293304], "[140]": [0.5307139433442438, 0.636178022487858, 1.0766164304112077e-06, 0.08296934315990646, 0.0004975079281125694], "[160]": [0.3777604576579897, 0.35431773550052215, 1.2893035311666447e-06, 0.16392341005135477, 2.2619593464902683e-05], "[180]": [0.3446992288929423, 0.667379542059278, 0.9999597264490382, 0.7480138176967008, 1.0000010918689006], "[200]": [0.537097482714682, 1.0725543337353964e-150, 1.6704779678276747e-07, 0.08450751490651617, 3.345747647204976e-05], "[220]": [0.47279878482217086, 2200.7414218791487, 9.259715081347385e-07, 0.051647300808702536, 1.8964179668169772e-08], "[240]": [3.5560794745455637, 5.422561088965326, 2.1482602202826793, 0.8932349486477787, 0.9999999991885977], "[260]": [6.374715176676131, 171.68065505199291, 14.000000153113662, 12.361069922863742, 14.000000005391717], "[280]": [1.3757071288634968, 3.2084147587882814, 7.977943898108559, 18.03579045284753, 10.000000000045558]}