{"[20]": [3.0, 3.0, 3.0, 3.0, 3.0, 2.9999975270400308, 2.9999724675119848, 3.0000000000000004, 2.9999999940231836], "[40]": [8.714285714285715, 10.078681300500472, 7.191710456865863, 11.014831542968752, 10.538371342368759, 3.7563594098525854, 5.67584903843062, 3.7127545400849407, 5.7296180433553765], "[60]": [109.0, 101.19784897913402, 51.7541705737175, 74314.41738893487, 60.94842691717621, 31.104444256686733, 117.15940507396807, 66.16274409533668, 72.27118237426532], "[80]": [683.8571428571429, 443.64527309449016, 52.39079002694484, 425.42705060751484, 177.21877412747097, 592.6247979895886, 659.6143875794039, 459.4029705109629, 499.43177609496314], "[100]": [2914.714285714286, 2458.1569793658064, 653.0781101364628, 145.49415322333425, 154.36847832708918, 2009.557736031597, 1955.652514286779, 1141.8023267931771, 1031.7893778081193], "[120]": [4288.428571428572, 754.3341738521776, 6650.13510886565, 1018.7935712418011, 328.23330894072933, 1162.3421267960266, 382.56141449860115, 784.2198995990511, 982.031013289874], "[140]": [3038.0, 82.47792612218655, 5555.388709677618, 8538.94969842181, 6530.142986471963, 1530.1476168849767, 172.1759999452397, 1494.5609456106304, 165.94060908007668], "[160]": [3492.0, 802.3397288269871, 919.2055836002578, 4906.5587468428075, 3212.085598328111, 1092.4795280649973, 252.47576679697931, 988.8213704616405, 201.85620370800143], "[180]": [1132.857142857143, 212.69961626972963, 26.87552771193839, 289.6110151779027, 190.15946071274107, 319.6462265129926, 60.03816947258815, 271.1074282813528, 57.13438114301789], "[200]": [280.2857142857143, 388.36467176313295, 2.257727510814547, 454.9360123207746, 464.3755555520621, 81.88838125402083, 10.759762194117485, 65.38972542517482, 7.429131010492256], "[220]": [57.85714285714286, 339.0469994890525, 14.468807879579277, 240.44036835365006, 245.56788962976685, 5.413804068577555, 9.089004480100478, 0.4230525124013127, 10.387767757762191], "[240]": [24.714285714285715, 320.15199855518335, 5.561766295154623, 145.02057368857152, 148.0180481257409, 5.093422503513066, 1.1070034333927827, 3.679890118410075, 146.2991216594236], "[260]": [7.285714285714286, 326.05894593323933, 2.3039685103641987, 160.33678376691313, 159.52806051153448, 3.5095056722594644, 2.2063616717068166, 3.1228792786647315, 57.25654329577284], "[280]": [0.0, 289.8759659696386, 0.001, 118.23463167434872, 120.2381226135468, 0.14550643753282366, 0.45016549236050757, 0.04285799142642737, 44.09499597703879]}