{"[20]": [2.0, 2.0, 2.0, 2.0, 2.0, 1.9999975270400308, 1.999972467511985, 2.0000000000000004, 1.9999999940231836], "[40]": [2.0, 2.4050443846408833, 1.3983097152493849, 3.9968028886505635e-14, 1.94445907114644, 1.3728134550346303, 2.7954958309596742, 1.4049354432784078, 2.6276039057069873], "[60]": [7.857142857142857, 8.5244851210517, 3.2746822777027216, 5960.7051901039395, 7.4806594971536935, 4.899555757635709, 11.234909012690137, 4.913051077283808, 11.617362574291668], "[80]": [33.714285714285715, 31.169005519559693, 21.819729998725514, 31.032703301419996, 15.149104723841425, 36.049622162519746, 41.9341747167424, 26.469760797181426, 41.62505351506016], "[100]": [81.28571428571428, 30.19366112612184, 47.170484538401126, 46.18168153861504, 39.804346177929546, 70.43349723997734, 84.57734119314517, 2.895450097265325, 20.097251037279506], "[120]": [337.1428571428571, 473.6698390197066, 22.380472033025626, 22.370418752060914, 7.99832535643236, 296.7867069061387, 323.7907866315368, 162.58695208773986, 154.60972316643222], "[140]": [715.1428571428571, 346.8911797958343, 334.48316445493174, 283.9884348660703, 287.2587159838788, 398.22364240739296, 331.91612275954435, 374.68058448144507, 256.6005775361584], "[160]": [957.8571428571429, 125.20272080317591, 574.7575515071917, 1103.2610576772759, 1128.5511893283065, 796.0323345558668, 591.4112066886876, 554.4803791053928, 18.74091262354341], "[180]": [171.14285714285734, 249.27437822112097, 896.7611451343691, 886.0857502225222, 879.2036349728257, 9.823214300964537, 46.113514539170865, 206.7933539432138, 45.03859349173763], "[200]": [873.8571428571427, 15.875570284091737, 428.8296052843227, 541.5952510104875, 272.5815529613251, 166.09943036479694, 185.7002089874502, 176.30782961560135, 564.9111439098031], "[220]": [630.7142857142858, 60.84642739743424, 94.87979588017015, 316.4789637933535, 303.64087577578266, 111.47453683214496, 65.15531452973141, 100.175999858855, 13.064826447140831], "[240]": [300.42857142857144, 11.026806441678673, 9.31921351807722, 78.96332931597561, 63.108877170793846, 60.550302645219745, 37.270605428475335, 53.41405865360804, 20.603037227358698], "[260]": [99.42857142857142, 77.71284359230526, 9.75649749098207, 36.16580033002347, 44.988007994283436, 15.947520991980198, 5.422614536981129, 12.519788121251409, 2.158983124342768], "[280]": [47.0, 109.68998137537403, 3.50011120238716, 104.65434149839814, 107.28077298880288, 12.797522607595027, 6.4936530220429916, 11.329122603861173, 2.372146363340704]}