{"[20]": [0.0, 0.0, 4.74392869321804e-11, 3.9197187736345963e-07, 1.2465379798559756e-06], "[40]": [19.410032201862617, 61.537031827960774, 38.92212946019863, 4.676186017148537, 49.67541713721988], "[60]": [35.12170095484078, 60434.47710644566, 1490.8381152045135, 718.2793739032343, 981.6866482607803], "[80]": [2462.9740216816426, 7062.368298478576, 13142.712092245296, 5847.376772918736, 7815.3316389491665], "[100]": [8272.896654885706, 19795.111718715132, 9230.377200458142, 39332.62204276097, 1096.7621686298266], "[120]": [1532.886016115006, 79978.01704701051, 4270.5125809953715, 31384.843280106015, 572.6242096022853], "[140]": [215.20983792846175, 40992.72202182921, 768.72274238698, 20153.650233909364, 334.18626606093267], "[160]": [292.0814244879994, 3034.298945777149, 215.80493178592675, 6206.969643685022, 153.82537175415442], "[180]": [279.62405250171423, 3018.21332340184, 51.87642636754531, 1948.335146690954, 52.738533812507924], "[200]": [240.9819694130688, 51789.12510622728, 14.884558310790693, 909.0058096056256, 13.995437093391413], "[220]": [218.723361988601, 10.498652764478141, 4.231915894489688, 807.0077745527042, 4.937243393826418], "[240]": [211.81929354563417, 1.7997971735520786, 0.9000553153166733, 2629.4625600986637, 0.9941908544307488], "[260]": [223.2857708321235, Infinity, 0.00846243559870098, 959.0618672531934, 0.001234137255043114], "[280]": [253.01059299045264, 0.0, 0.007991723840885196, 75.23560939251955, 8.782262587845735e-05]}