{"[20]": [0.0, 0.0, 0.0, 0.0, 0.0, 2.04902493435812e-06, 2.4016839286035485e-05, 2.9658181560170987e-16, 3.2721986845422965e-08], "[40]": [1.0, 1.354085029577335, 0.6883423765338055, 1.0, 1.0001554890668638, 0.32799100882410404, 0.6772316942390253, 0.3874751970361605, 0.6790986597456921], "[60]": [4.714285714285714, 2.1528977519771892, 3.3165621080773633, 5.546875000000007, 5.482582915731058, 4.230534230882601, 6.138217957292207, 4.172639936518923, 7.002826032885294], "[80]": [67.14285714285714, 58.700407378898035, 27.907410970773725, 38.32058105838476, 32.19992180170611, 58.21028019858238, 66.33684567731667, 46.41988681500119, 51.389184083225175], "[100]": [809.2857142857142, 273.3177018907146, 212.77752445639408, 334.5890009094321, 288.7138588221917, 322.1085219851784, 422.8585742475382, 457.08169014157124, 414.3767719999229], "[120]": [2166.5714285714284, 12.301459530829561, 1638.988540075421, 902.4263084491067, 664.7175685693373, 102.14051044689313, 188.28987336221144, 193.93572334108103, 261.88790561045244], "[140]": [1505.2857142857147, 30.125565805039514, 2222.431532966607, 1083.062029179575, 341.447947615839, 1227.2176615964545, 1002.397354963141, 1320.5598455667623, 1176.3306019819365], "[160]": [1314.4285714285716, 75.6826040660851, 287.8056399760244, 1346.924111383587, 1292.6564391243617, 569.5356277051192, 620.8072925013848, 535.6813571754874, 634.3342667196002], "[180]": [297.57142857142856, 67.30511782140957, 30.01613038047236, 57.212269579586064, 34.787945087148984, 142.3502348953702, 259.32613401335567, 124.69834935754636, 238.2724325442328], "[200]": [45.14285714285714, 24.03239393232934, 3.457245828406389, 22.240208267680615, 30.976851791096536, 26.84585721496628, 84.44170179097554, 21.059665667848016, 71.42233924199033], "[220]": [7.142857142857142, 17.81007051454617, 2.1995902676608177, 33.22475615374415, 37.36969146129799, 5.880299706041012, 25.087084187618785, 4.159345648430633, 20.071079734390874], "[240]": [0.0, 20.45604939523264, 0.000131500195091724, 33.893715312981485, 35.54842360807576, 0.7973318098619996, 6.03317164260187, 0.3151108334957862, 4.9952639062579385], "[260]": [0.0, 18.431729509165052, 0.0, 28.217646065316334, 29.32085033541123, 0.1929841181065422, 1.645515268810517, 0.0621345959599644, 1.27223336786144], "[280]": [0.0, 16.676650391185717, 0.0, 24.38090194053626, 25.259386228818972, 0.04671442577558896, 0.3595923010500758, 0.01278346868472937, 7.665584842205297]}