{"[20]": [0.5435464788647995, 34.59930481413924, 4.000000000195013, 2.455578640088275, 3.745639043375972], "[40]": [6.188423561679311, 15.940002649131545, 14.000000000111907, 13.467142597821251, 4.013995125304465], "[60]": [13.741954384915502, 32.735755921755796, 3.9999999999592504, 8.509646267681433, 11.056176059115785], "[80]": [12.135013413232826, 10.463070347065695, 22.000000000013742, 14.500085019160352, 35.158098422273746], "[100]": [1.050672220975116, 6.805711649454764, 32.00000000000455, 10.876208127779194, 50.3445001932474], "[120]": [18.56102986990237, 76.5161458872326, 81.0000000000015, 32.64870839875471, 111.65203131880642], "[140]": [19.45654853175074, 29.31994906697753, 166.00000000000045, 30.306863332035277, 190.8290016805937], "[160]": [62.99153646917057, 265.25774371857096, 168.00000000000023, 179.91013899521636, 224.14225308936352], "[180]": [22.875503743520994, 77.46755310671574, 296.0000000000002, 334.2972199804817, 255.48234057626314], "[200]": [146.10385886511722, 1005.9107066599486, 1099.0, 83.57443867895927, 935.5586270678309], "[220]": [60.97095573277147, 534.9948367886482, 2180.0, 15.27750064983411, 354.13571695680366], "[240]": [355.5046126251964, 1337.34269749359, 1019.0, 3589.034845286995, 278.5940696034759], "[260]": [339.85929589158513, 1985.2351645279323, 1708.0, 7050.05279497747, 569.580026254047], "[280]": [576.8540838160079, 1046.9490038465137, 2033.0, 6685.026693953594, 416.8844231116864]}