{"[20]": [0.20269813153291782, 5.974141671934976, 3.9800539745799974, 431.74293306591744, 2.076484879058746], "[40]": [7.9871128738849615, 490.68714956339517, 27.99251447553269, 36818.329595786985, 6.683440105487485], "[60]": [1.561859815290803, 167.85152844070214, 248.9946425039723, 76.5423189443043, 260.4449813014322], "[80]": [60.87597444240783, 11.427901255246644, 69.99798480593772, 145.82026662273336, 245.0894971341319], "[100]": [15.568749660955923, 30.90431145680029, 59.99951167996031, 142.46009111024625, 79.1118029660524], "[120]": [4.32336201849545, 23.560068714686523, 82.99963850179115, 69.54389020470563, 117.0827853013645], "[140]": [343.1255367864815, 4094.888264882582, 1430.9991549432057, 319.89722106741004, 905.7775484679063], "[160]": [297.61038336276545, 1128.5514963702576, 9953.996528477524, 5356.992654663371, 772.2850052917512], "[180]": [5396.615628340691, 14808.968443410065, 4086.8841782973564, 20527.589532819253, 2279.006300530346], "[200]": [2332.119522683802, 425.0018249416757, 6037.997680779134, 2336.6915728191916, 575.7169175648502], "[220]": [114.46437447060872, 171.89718824833798, 1323.986959055021, 13710.385135781737, 100.67423782290018], "[240]": [115.07389771951769, 10712.227545181016, 366.9671478288617, 9613.55751713827, 147.13380040165225], "[260]": [148.24831807516176, 20.75124862130451, 44.99960888126555, 8973.062755737788, 11.512223238775725], "[280]": [382.57966836294867, 0.47349788249718794, 1.9991896241267901, 10868.30107589343, 2.0747066158139926]}