{"[20]": [14.857142857142858, 14.970464951287653, 15.0, 14.857142857142858, 14.909090909090908, 5.0975489966313585, 12.483128036334596, 5.877205822607207, 6.947924562309641], "[40]": [66.0, 56.93480988443058, 196.2149609090588, 232.51017975480408, 20.256299090450554, 157.71607238465967, 78.40920346288063, 155.79785837812165, 85.0078303453011], "[60]": [164.14285714285714, 139.55271745542376, 411.6033030261425, 626.1714161362986, 102.6697118975369, 133.14758039041772, 217.4815554423376, 4.911697596432987, 167.20141849118022], "[80]": [19.857142857142833, 124.1552345075811, 163.6074027489163, 892.6069753610502, 1243.9123621252074, 128.95315683635584, 6.457973181227715, 127.12490376749761, 8.950720080937458], "[100]": [11.857142857142833, 16.707960733727077, 66.10385893388371, 156.44319190612316, 112.8045931960745, 162.78286708733773, 2.948822660740234, 6.723943806363138, 3.818226689109906], "[120]": [107.85714285714283, 160.4862903400961, 143.55167625492493, 105.47778414595564, 111.38345118509034, 275.50603828405076, 111.68850527666604, 102.64397227211373, 111.78071763446599], "[140]": [3763.4285714285716, 2723.634151053221, 2677.198331101518, 1525.9869940449603, 1552.9989016550753, 3964.4623958880657, 3587.936294556478, 3778.524530013401, 3587.99844714914], "[160]": [18493.285714285714, 2430.0434918156934, 20790.6090861049, 9120.957560351322, 10323.372280058313, 12839.907403435429, 10467.801714233143, 9765.885388242345, 12952.90952209049], "[180]": [8586.142857142859, 2656.3820453521475, 38391.814038388795, 2318.53175736258, 15684.956735442807, 4596.307110427271, 25878.355602133815, 31322.08567498839, 29558.348467202384], "[200]": [11229.714285714286, 1173.360888817353, 2670.3284449780977, 27371.648683280473, 28989.424751565253, 2004.4193732409003, 8155.348029093566, 8624.622569410774, 10095.56493356485], "[220]": [2368.4285714285716, 293.29729182798565, 11.149139069232433, 342.0386883097858, 552.0846062235134, 412.61531378968994, 2319.511000232585, 2044.4995422515717, 3208.405453642501], "[240]": [487.1428571428571, 327.03796464699735, 58.26469745178994, 840.623478197184, 657.7068405284663, 124.38186215323086, 787.3283599825658, 603.8604093559261, 1211.1543370924774], "[260]": [50.42857142857143, 1056.752383764423, 0.29379907890104384, 795.5122086687745, 777.6533689151457, 12.969856941884188, 267.503506392468, 122.7650882833604, 488.06435090092424], "[280]": [2.7142857142857144, 315.73094566851387, 0.16994229499919847, 481.3879871838746, 483.7805968222524, 0.9713435978264, 87.69283881223117, 54.31583622303194, 139.4889379499223]}