{"[20]": [2.0, 2.0000008256875623, 2.0, 2.0, 2.0, 1.9999973665461301, 1.999940091083803, 1.9999997019740667, 1.999999690005653], "[40]": [2.168928904416025, 2.6637707472292678, 2.104090036657171, 1.5220696451378362, 0.8384041426870551, 0.6608038447879433, 1.3007747828800007, 0.657533120844576, 7.199893140238524], "[60]": [25.87895473859394, 14.538501844252483, 1.0788478444711493, 180.88994654808957, 1.236740301887545, 15.78182410422999, 26.880166493009984, 3.778327924628927, 3295.9305853894607], "[80]": [5.36819354041667, 7.426520440600526, 507.47751705030123, 96.74921152425323, 94.91243907811753, 2.8418878824078746, 8.019937248114271, 3.720647077487944, 8.048818761009315], "[100]": [2.3691706544984967, 2.1585768065709434, 2626.956080107609, 2.308903398267144, 8.612278644696, 3.976937838332459, 0.5413666924113629, 4.260494465708434, 0.11501970163690832], "[120]": [9.410462696825222, 7.5489134858324, 10.260677182258368, 13.958343261550658, 12.317304037687757, 1.395719253758232, 19.265174968422215, 1.3500580319610243, 7.557750331156117], "[140]": [42.93764808083844, 30.506186635862267, 9.716283743139922, 33.88235346087136, 33.63091059871937, 52.15557646647971, 82.70225257086159, 52.1447975455796, 42.3768219418437], "[160]": [521.6978314012948, 399.44346877913534, 61.50228561219335, 233.78222285180667, 229.60917277645905, 566.8096464890601, 851.6658284406188, 566.8188234296427, 543.3215803726704], "[180]": [2695.5761053372225, 561.0321406383995, 1153.8384641640785, 608.5165251329195, 543.437156466436, 3195.8773493890867, 5457.14649384705, 3195.877704211634, 2221.3386316423857], "[200]": [652.2558691574586, 284.0337878788988, 3880.9156800827527, 3466.1122372735113, 2601.3456714740896, 3051.441291298958, 1202.6724215476281, 3051.4410587580105, 1224.5335602810446], "[220]": [2517.8747389544396, 221.47073549526917, 1089.0532637747162, 163.58080026773447, 839.8366403022588, 79.17510639058116, 2411.713856980475, 79.17505992639539, 41344.381031833465], "[240]": [1238.2543846274043, 210.42200160743312, 215.31130602492755, 645.2539631591968, 569.7160586773465, 399.73201602510903, 1330.6862933964903, 399.731965185143, 9558.203467759991], "[260]": [189.91716162970653, 34.3846675940556, 15915.874993178553, 28.37899988524821, 32.301002774815814, 67.63689067837615, 588.9043315547451, 143.14175409504531, 3125.4620795637743], "[280]": [18.968983073424297, 48.29619770356148, 2.1765517283754545, 49.82055066651204, 47.16711504104313, 7.495939646354174, 231.542366995861, 40.95211004523242, 948.7575871698816]}