{"[20]": [5.739075405627818, 6.584060515161497, 10.783740599929372, 6.975155279503105, 3.3826915535038293, 2.607667764061546, 5.469926234889285, 5.482092054928862, 11101.693090794452], "[40]": [23.081637679894026, 17.072747945417383, 27821.29014161465, 173201.45552588603, 8.766502879318063, 2.2757234156648525, 24.13498733543318, 2.131267187404756, 29.994027711092667], "[60]": [73.57075196858025, 6.234599280367434, 79.21507209108314, 160.17767451528454, 82.8851515170814, 58.50305543069923, 98.49224630109897, 6.501372551549641, 28.28509059578753], "[80]": [3.596834586258407, 3.66048667962902, 21.571125919447194, 4.934476285340857, 23.218290918407956, 46.23661778900318, 4.040517750556701, 34.259807240548476, 5.6057474556174824], "[100]": [21.728872937610454, 5.154616994636479, 3884.1708258460053, 4.642447520319961, 2.3704592547404832, 35.58187624901587, 10.789261432720537, 7.644968887465223, 6.392300923478726], "[120]": [8.106791577879479, 26.982485841734903, 12079.081721477109, 34.85618533350669, 31.55871775192597, 47.20573667202252, 13.213296541483063, 14.203162275265058, 14.45559247710607], "[140]": [487.4344821891078, 190.89113056108442, 238.1843852623726, 72.78521591965759, 74.80782568733531, 539.7175393466614, 444.3035778300168, 494.79136966111724, 442.13988502661084], "[160]": [3697.1723013687674, 829.7831581239438, 429.16210608095366, 552.7475422293409, 535.6691618230399, 1555.3667737385083, 1400.0654022770264, 1814.6271027017067, 2596.453373941392], "[180]": [390.11707421978036, 223.58114547698864, 7252.294034571625, 2211.202454934306, 2338.9437068828615, 1602.9114971917918, 2358.8156132469967, 2888.362575894584, 12435.449922998114], "[200]": [3420.200774202814, 675.8798324672069, 973.7586862110722, 4862.065496259288, 5021.277179801698, 765.2861723181842, 2946.8159640861263, 2158.291519337053, 60901.94466830751], "[220]": [826.562975145488, 84.59487719762038, 20694.064628119184, 333.60756182990207, 263.9042108435493, 229.67122638797912, 964.9549700926727, 510.14359920615624, 10901.747119260977], "[240]": [172.30788358173703, 67.38356094123648, 3832.747865117693, 69.83579329823596, 48.5349379832064, 63.967516957788, 407.4337079542499, 146.80580552469817, 557.717694708146], "[260]": [13.781156909409281, 81.49664598460441, 1338.8278977281248, 49.94357567644765, 44.259488652836836, 4.7479698132597035, 151.04985405361498, 36.96989329909511, 247.1510645827412], "[280]": [0.6232000365157699, 71.53709057336721, 0.3390206585802396, 59.56075988406309, 60.963660536699315, 0.2834687143066257, 51.862191766070225, 7.060909066540392, 85.4437426624493]}