{"[20]": [17.285714285714285, 16.92463726461182, 16.233073535513046, 17.0078125, 17.324343635583972, 17.756105581932268, 17.757243087461738, 17.746820325287356, 17.766377362004828], "[40]": [359.2857142857143, 294.97706818983136, 160.73530604343273, 1872782.3726159937, 120.91626134747128, 34.174603252680924, 371.5529312811, 28.930709155584736, 326.4114852291544], "[60]": [6886.428571428572, 4374.373095612849, 135.17249108700707, 172.34069198395355, 175.26026806220762, 5947.363347250921, 6233.393415353796, 2639.6177125855174, 4682.501269162076], "[80]": [11342.42857142857, 9468.856320489642, 64019.92125055751, 10533.782502262457, 21645.615720793096, 5447.346450295401, 7862.211048849218, 5449.089389250588, 1490.2054770526083], "[100]": [13864.285714285714, 3699.451986984983, 11624.505260763595, 747452.4747208816, 321886.748287414, 6364.606165625461, 1047.2384346984254, 5581.83701707332, 1463.9863531097908], "[120]": [3875.4285714285716, 367.6449986414609, 123.76650166957711, 44497.25649350837, 34138.230859155185, 1183.8130671607287, 0.8827397558136454, 936.1742408139812, 43.81381891383285], "[140]": [628.7142857142857, 5179.566314094896, 14.445704989184975, 164.26422828957448, 161.663677861835, 161.2995789032713, 34.19560577980488, 116.1758769782295, 21.84561096098372], "[160]": [111.0, 747.2885892484774, 3.6853341966027706, 1481.1601148050688, 1613.4181599151098, 31.33084386015407, 6.988166588815229, 23.644357957285813, 4.296980129625876], "[180]": [16.857142857142858, 648.9967135786274, 0.990319821856315, 1282.9379288242167, 1337.155436844716, 6.634515053008435, 0.6983516289536182, 5.382204029597, 1.1937457516653969], "[200]": [0.4285714285714286, 427.12895897918133, 0.8748612952075431, 913.0164573399466, 941.8436026740704, 0.3070327721907663, 0.6476510894655247, 0.506495651650946, 0.5499974383876038], "[220]": [1.0, 359.36952480369655, 0.23836529881815594, 735.6849855773326, 753.1840155052244, 0.517512765712937, 0.05588975399859849, 0.48634883709239835, 0.06273161898095317], "[240]": [0.0, 323.813077433103, 5.97084862919477e-06, 607.3389447927628, 623.2858294246028, 0.004890624159211903, 0.006163189325178338, 5.611902577725825e-05, 0.008619027120998504], "[260]": [0.0, 291.3643132371408, 0.0, 532.309514999476, 543.4540552820874, 0.0007511690489972681, 0.0008271595527590668, 4.7618541925655876e-06, 0.0012508770256410176], "[280]": [0.0, 263.6235549737007, 0.0, 466.1540619093031, 475.16850655013366, 0.00011537710201302916, 0.00011056613908760605, 3.9850352601803344e-07, 0.0001657791236825383]}