{"[20]": [2.0, 2.0, 2.0000000000619162, 1.9999999999040325, 2.000001049028629], "[40]": [0.474828357822097, 1.2542597831541291, 0.9980034678913564, 15.683678520651755, 1.4040229422184651], "[60]": [5.295930294654114, 10.995354352336989, 3.999519310596255, 8.167357307480378, 7.44892474537112], "[80]": [3.137875503553469, 11.25102512298643, 20.999901315456874, 3062.467649428823, 27.22459470090536], "[100]": [1.1975423803292669, 32.45438666896995, 52.99996013165919, 4130.749752202837, 67.41591869314429], "[120]": [2.7894224115613757, 3061.3641763283485, 215.99992990975161, 420.66094658658324, 212.13523733241888], "[140]": [62.60703425559275, 4143.24910573607, 613.9997276156199, 2290.123646790223, 15.914806379687581], "[160]": [17.028465647186856, 7606.624338875221, 881.9991178482419, 94.3563679475322, 520.7525528451839], "[180]": [38.321756163951896, 642.831764469848, 53.984079362821014, 346.20900346724216, 360.85509888587166], "[200]": [12.915057425460367, 618.442915275922, 881.9996850401674, 21673.332980131276, 33.13574745930932], "[220]": [40.634605283527996, 14440.0469969715, 523.9981286771125, 1832.2275786340647, 59.42922219131793], "[240]": [6.040880964638729, 93.47414677313647, 207.99318177874173, 5577.4771327936305, 44.55051937706933], "[260]": [23.564923085503636, 10.823053811345439, 88.9999186511462, 35016.01381575041, 39.822302451996094], "[280]": [5.723327774014172, 8.798755437823413, 18.999892838235336, 6312.646083845534, 4.8609740003177615]}