{"[20]": [6.285714285714286, 6.643599913148265, 5.687786265497605, 7.0, 6.28937942945644, 6.833275143975589, 6.832714194744204, 6.828114377563459, 6.838854970046065], "[40]": [103.28571428571428, 55.5134832784495, 34.31877135256127, 4053.339277574647, 28.661799748523805, 1.1787400492628137, 97.06785597281515, 1.4875649245833813, 50.230081891276214], "[60]": [2219.4285714285716, 704.4285260274851, 223.218611919885, 287.5928827519665, 190.38909861223283, 1440.3314500662061, 1434.9731149883305, 670.134250767655, 924.1308063485444], "[80]": [10766.42857142857, 1564.5810316219759, 14742.91811977559, 936.4202097961061, 1852.599920493627, 446.99673369939046, 762.1493445909618, 448.1586541841971, 349.4247306350808], "[100]": [8832.285714285714, 1083.288687085671, 7698.0025293489525, 46712.48465472642, 19364.402400250532, 4425.2764673056445, 1187.03461215085, 3970.4052071644655, 1426.5193564468555], "[120]": [2926.4285714285716, 216.74242335520285, 116.09522418982169, 6644.4169052085, 5194.074421108688, 997.3772438305855, 93.00986838850076, 819.2086666525151, 144.01634847677815], "[140]": [485.71428571428567, 5036.566314094896, 6.517610641864962, 84.8126755916611, 173.63250120948516, 139.70933986803072, 23.489527975716044, 105.83694230140316, 7.993267285456852], "[160]": [80.0, 146.7674628608911, 1.4293150437544, 256.40787616687714, 299.26579257593494, 21.87246258690999, 14.69284847666713, 16.017091457270453, 12.278565635140119], "[180]": [10.857142857142858, 152.31139252183038, 1.6020613404314341, 244.36753668046777, 260.3060648069865, 3.789570873557521, 2.031648732330745, 2.829632689913076, 1.532161896526767], "[200]": [0.5714285714285714, 83.0963783802872, 1.6284248057293031, 160.7249784357075, 168.88177153824063, 1.1234612357990175, 1.3191234554340392, 1.276873055192503, 1.1298611478903549], "[220]": [0.0, 65.80242006769186, 0.5870958969865117, 128.160811353896, 132.89954570490542, 0.2588912253182881, 0.8055168139954743, 0.2828989384134869, 0.8384047508559452], "[240]": [0.0, 60.14131396639823, 0.0001264627676626668, 104.0307006298424, 108.42264261054845, 0.003774987690969415, 0.010111421870487702, 4.7250211954603333e-05, 0.015664257325440495], "[260]": [0.0, 54.58028160799313, 0.0, 92.4247072812185, 95.39413098854331, 0.0005798141345133847, 0.001356954147383525, 4.009322316349583e-06, 0.0023064296112731905], "[280]": [0.0, 49.32124922975663, 0.0, 80.7983692926278, 83.18352983719342, 8.905490177906596e-05, 0.00018148011888603863, 3.344966677316414e-07, 0.00029488049094973586]}