{"[20]": [10.0, 10.0, 10.0, 10.0, 10.0, 9.999997527040032, 9.999972467511984, 10.0, 9.999999994023183], "[40]": [83.42857142857143, 81.51335887606245, 1.3208955141612364, 83.42857142857143, 137.86457625341973, 2.71593318215983, 92.17000759065724, 1.6657395646251985, 81.71273512098767], "[60]": [338.57142857142856, 163.41038591562676, 310.78560612235265, 704.3312577169243, 505.04865494890885, 309.59785941475957, 386.90570143108204, 238.99430468226305, 304.37104697125693], "[80]": [59.0, 82.91382682507128, 376.4301553715868, 1339.5999333574673, 412.4822424786737, 171.88822108632593, 41.91385827042109, 139.83953683545707, 125.65788939473413], "[100]": [53.571428571428555, 3.2742367287776233, 7.311098819465997, 132.3811148472347, 74.02908586800208, 192.92128995971154, 12.154208146652877, 8.70965108748652, 13.064414164087623], "[120]": [9.142857142857167, 64.87737448097943, 8.999993346781707, 99.96991698353276, 63.23866275670463, 241.4260748809441, 42.91183412536037, 74.4083216706976, 41.13715579817807], "[140]": [1927.7142857142858, 1793.9523458267295, 1887.5899830694161, 1770.9817902860498, 1766.993615461528, 2172.062875252368, 1928.7625290226101, 1985.5191183089705, 1923.1599886832707], "[160]": [14244.285714285714, 4749.0318455506695, 10713.116542571111, 5081.306764277902, 4780.78509146316, 10397.469625538668, 9165.501471205485, 8232.612952037764, 10367.189306505177], "[180]": [2132.8571428571413, 7261.747711244629, 39724.59026151438, 33758.36030930496, 33312.45749705657, 6416.162494785625, 14375.380609925603, 19589.278497609273, 12338.232496141594], "[200]": [13720.571428571428, 5488.528776760944, 6870.6460255290185, 33483.50874697309, 29288.389570062973, 1896.1963756201694, 11967.051950068315, 13086.946168196453, 14050.985527938687], "[220]": [3950.142857142857, 136.77412809681937, 130.79812441203512, 1832.656170394971, 1709.4202212578389, 626.51380922158, 3200.09794241332, 2728.4844833898815, 4350.702409242299], "[240]": [845.4285714285713, 1022.780059515735, 60.90840762236928, 762.0280620304641, 803.6021550079834, 185.33536523226275, 1133.174468481213, 745.3372820025629, 1646.9519371098615], "[260]": [143.14285714285714, 216.57187216084003, 6.111370184228534, 356.92095188254143, 351.3627644385672, 32.823601592567, 402.61121481999186, 258.1943490738698, 612.4222093975999], "[280]": [10.714285714285714, 295.49745045573354, 2.0788249121185034, 489.59495760682876, 491.3436064563713, 0.8567179558423428, 133.41339116776862, 82.97839699926621, 223.10280664877516]}