{"[20]": [13.54723881687045, 316705.4001527256, 38.00000000041028, 41.08694278453858, 220.06786712119396], "[40]": [143.75386225661873, 1360.1912919936494, 439.0000000002077, 205.9608884045365, 122.93611665239109], "[60]": [2130.297201520018, 69.30946689639654, 934.0000000000742, 1353.13524230045, 1345.5094594103039], "[80]": [301.55162860313385, 533.3825524266431, 1209.000000000025, 279.41789774299014, 2345.1663286046214], "[100]": [151.11038011624623, 1841.4437581244974, 1187.0000000000082, 311.13001598864685, 104.78045608825232], "[120]": [2891.873239257822, 5031.068308155904, 3934.0000000000027, 2534.003659513628, 2285.0608830210504], "[140]": [18574.62845839972, 4418.871591869738, 9715.000000000002, 58220.32936131171, 19860.986476772057], "[160]": [4008.5596115286016, 18188.715875667414, 11013.0, 35536.84871647855, 3501.1400538162998], "[180]": [2779.3498658294857, 932.8828508787283, 4927.0, 28808.193513622013, 565.5398702185139], "[200]": [2771.0243165047937, 665.9302981079761, 1070.0, 10517.972779595213, 398.6848739593614], "[220]": [1879.8499516104025, 3.54179206139014, 314.0, 4427.557980318248, 12.932929796401027], "[240]": [418.3859420349933, 150.38637862242848, 136.00000000000006, 2149.134497691036, 69.21568059397285], "[260]": [360.40263795033167, 29.022703351701793, 29.000000000000007, 1125.8609410931335, 17.061485630039694], "[280]": [905.019378390738, 9.362537132707223, 5.9999999999999885, 639.5845164965287, 8.143950330304698]}