{"[20]": [0.0, 0.0, 0.0, 0.0, 0.0, 2.04902493435812e-06, 2.4016839286035485e-05, 2.9658181560170987e-16, 3.2721986845422965e-08], "[40]": [0.1428571428571428, 0.7834340136410205, 6.071793815492294, 0.1428571428571428, 2.2115973094656085, 3.6829421190104545, 4.151940591504744, 3.6801973834783306, 4.134356257491064], "[60]": [1.4285714285714284, 1.257199290928293, 0.42610350117598905, 0.21729847378135325, 0.372759795815524, 0.1327342055587133, 3.188444473717414, 0.13581545912024584, 3.3621463441856596], "[80]": [11.428571428571429, 9.74180806698183, 0.21588726373652278, 10.875046057193952, 12.595396784827754, 10.938383226972887, 12.63537064530692, 6.768181680762501, 9.754981121665075], "[100]": [26.857142857142858, 22.038230576259465, 10.505548847109772, 5.385436929869677, 5.80160519024362, 23.198961967888074, 29.452091029474783, 14.603922520549105, 17.54889862982163], "[120]": [60.71428571428571, 39.80550796029732, 8.2723751763682, 7.454804652304546, 8.972809660880472, 41.78644803261193, 22.699810686098033, 12.208549274021095, 15.145612623954094], "[140]": [202.57142857142856, 144.6197071525031, 79.23956316544036, 32.55105194838711, 34.542710734560956, 73.18593316333272, 47.438297521871334, 86.3731994871194, 37.000582007029834], "[160]": [536.1428571428571, 317.81176046320184, 3.409209670438713, 202.02058581338179, 200.44851124027332, 0.985133660043175, 475.92769355918006, 315.1081295099009, 161.67008339700578], "[180]": [485.14285714285734, 75.36978872290774, 573.6837482678984, 48.808277020546484, 100.70176098882166, 406.4339299736189, 2579.0507326139823, 185.42435306259904, 71.71912241630798], "[200]": [290.85714285714266, 53.7358889628631, 463.1365617426154, 331.1714044472492, 322.9211412701902, 532.3101587545536, 2418.502906563839, 152.30978770796492, 395.2824789827123], "[220]": [600.5714285714287, 7.337369777562344, 177.2661528888052, 137.9925540067086, 140.92492399335106, 60.881034363143954, 149.7338608478276, 217.44578418151923, 368.143164711247], "[240]": [274.1428571428571, 1.9547205050080265, 36.311161794838654, 127.07491570339948, 126.05334213779577, 20.995012443621533, 77.36377289110533, 91.13392579998333, 79.697475854353], "[260]": [136.0, 3.8552164740310673, 11.433207256662541, 30.278933582354966, 27.06697443686525, 11.298143538015779, 56.31129970081153, 41.21435084626867, 65.23545832622213], "[280]": [44.14285714285714, 7.488936757853935, 5.428820712712323, 16.16664527528915, 15.674260987985022, 2.3783063626806467, 20.765843138575605, 7.629625907691306, 19.443175852221927]}