{"[20]": [6.0, 6.0, 6.000000000150173, 5.999999999987051, 6.00000192967922], "[40]": [72.11832980283634, 24.888866754351582, 21.00000000020768, 7.951916527823638, 2.8273166216190795], "[60]": [48.31573307351745, 202.31642771765848, 25.000000000074323, 182.36894346096074, 36.72476652970937], "[80]": [12.71557438703455, 15.120826666939145, 2.496847173460992e-11, 10.252468658010088, 39.603768555190115], "[100]": [4.957714316910447, 13.948088412787357, 5.9999999999917435, 0.38398883342051704, 20.866013469822477], "[120]": [10.102575290298482, 23.237531251002977, 3.0000000000027356, 9.334538044832854, 21.460779782123765], "[140]": [73.29205475285085, 4192.398008756508, 463.0000000000009, 118.27449458100045, 459.3393862574795], "[160]": [815.677033810286, 2883.5727196866815, 3068.0000000000005, 1472.2011115060359, 420.7861053683837], "[180]": [3839.9097146871877, 7752.91667288351, 49.0, 3125.294210087639, 219.73037436645973], "[200]": [302.1463117124524, 81.93540156100835, 2779.0, 8691.755785114077, 206.56204203339507], "[220]": [119.6560519286499, 408.11180743774014, 741.0, 3290.5039130782006, 33.04491266798851], "[240]": [51.26799992313971, 15.055747217459988, 125.00000000000006, 1613.1469365600283, 12.688004460382714], "[260]": [70.91952209093938, 5.435392287785657, 13.000000000000014, 670.712181974118, 7.488832970404738], "[280]": [186.82604178376232, 0.32349827700991274, 1.000000000000011, 359.02476348281675, 1.4372800503133218]}