{"[20]": [6.0, 6.0, 6.000000000150173, 5.9999999999999964, 6.000001929685111], "[40]": [5.353482910813867, 28.190041989253736, 0.999999999792319, 1.9645049395752423, 15.599076368949909], "[60]": [5.227493774153301, 4.020255154355198, 4.000000000074328, 1.2259569967492094, 7.342620481203996], "[80]": [1.5522354248635413, 3.8264993899469966, 1.0000000000249578, 0.7586675788777892, 2.1724301317479426], "[100]": [6.263307238170871, 0.24972335868107187, 8.256506589532364e-12, 0.008262732304448406, 2.711213483899165], "[120]": [18.63577893029239, 30.25239298380731, 26.00000000000273, 26.77643227451205, 26.813090112993073], "[140]": [8.228924103654151, 18.553804007158178, 6.000000000000902, 9.49091461661147, 10.374057101442368], "[160]": [15.086722917275509, 18.776963359583405, 2.7000623958883807e-13, 21.41918179594859, 3.461956086425744e-05], "[180]": [22.506918952629135, 13.27058120690495, 9.00000000000017, 19.26111834241175, 20.112100754042686], "[200]": [90.65835231922674, 16.89318171243724, 165.0, 129.51663381502345, 165.00000045325376], "[220]": [56.37696903121014, 769.9113699069562, 317.99999999999994, 142.31825419182644, 0.5415922899999259], "[240]": [0.8293150802276159, 89.21334017328786, 831.0, 268.9328109727162, 831.0000003495804], "[260]": [296.86293897916994, 893.3548905811522, 1070.0, 124.42002932727428, 19.405615389703144], "[280]": [253.38818700296451, 1705.5447395168849, 166.0, 2451.522770933365, 282.50016700211063]}