{"[20]": [21.0, 21.0, 21.0, 21.0, 21.0, 20.99999752704003, 20.999972467511984, 21.0, 20.999999994023185], "[40]": [322.85714285714283, 260.4780231669729, 324.0400135104833, 322.85714285714283, 202.4150875818624, 200.69991146386712, 335.6320695631191, 184.9551917536362, 337.9974962849687], "[60]": [8610.142857142857, 6384.266540887064, 2302.387816960175, 122.66875217498273, 2245.4064288229392, 7760.171804805735, 8027.462315018323, 4697.917251691708, 4854.575143986903], "[80]": [54926.57142857143, 4555.423880815848, 132435.79299742787, 188518.30361089561, 78520.5920610167, 13640.19934339216, 10317.196006870414, 7945.404957514736, 6412.850455687847], "[100]": [36993.428571428565, 8838.810497069022, 96456.02766632527, 16558251.970790531, 195361.37490166823, 28421.51866565032, 23475.552540796234, 31972.050494204712, 19980.20728269327], "[120]": [20939.0, 1741.3936321097972, 1742.0204551502247, 85877.01464730893, 38507.237967692665, 6209.87817836869, 1588.173911977925, 5370.458265584866, 998.1123132088342], "[140]": [3807.0, 3406.942416295824, 450.958848445807, 5032.834508638338, 3297.573669614594, 594.5807875749706, 626.6584460171134, 405.4146149733524, 846.1197178580985], "[160]": [1082.0, 1139.9014370132118, 29.74028998343715, 1827.4565432280378, 2183.0993912057565, 86.13463626625344, 325.1181454605794, 51.74632250403181, 455.8692182931211], "[180]": [378.28571428571433, 844.8327744053586, 43.28687958215076, 2691.120545258071, 2704.3383432998507, 39.37630429509517, 106.11711818075338, 33.52576562924142, 733.3577276205175], "[200]": [125.57142857142858, 570.3654788775093, 11.238227282938695, 2685.1186386710974, 2680.4136483325815, 17.455168795714158, 26.745222129615918, 16.50975001303385, 430.41208156643836], "[220]": [32.57142857142857, 980.6083036715245, 0.0798973990063363, 2287.5874952780136, 2326.0330898953316, 5.164557482624307, 5.094547897237656, 5.016284724879753, 220.5917384274324], "[240]": [6.857142857142858, 787.4439888224751, 0.5073344418508619, 1731.6724799866854, 1771.9818283093723, 0.910020330583909, 1.4345735677797917, 0.8872926563404291, 2.6986124906708477], "[260]": [0.4285714285714284, 684.3929380620048, 3.598220323143809, 1528.1895363809772, 1551.2638931814686, 1.567982729800058, 3.028855546388099, 1.571448130284414, 3.8356837331385685], "[280]": [0.4285714285714284, 613.0528035915486, 1.3999576771360482, 1295.1758610607515, 1312.267045117083, 2.0281134114397825, 2.611820282556945, 2.0286360482916956, 2.944437819631025]}