{"[20]": [10.684421349477915, 10.415089415549396, 43837.780476299486, 7689.588394463437, 3.4787589387897584, 8.288364614591327, 5.807280442483065, 209.07798445668746, 749.673423537053], "[40]": [135.648828020742, 107.96590322540038, 31.779851839163573, 60.739924795607976, 73.01019993881087, 50.77276301775184, 152.56084991202943, 44.835369977870386, 152.51691167878386], "[60]": [175.82491071764332, 17.32827266328768, 785.9231741589022, 423967.7640045703, 71.02568340979651, 168.0955592730466, 189.39567935622162, 80.30953727344561, 698.3768182346575], "[80]": [2.586439131090983, 10.272632060566046, 1124.0089659207476, 4327.152082074892, 2568.4166022752606, 155.52703300635378, 28.42328520536911, 129.8108059060182, 11.215798525588772], "[100]": [9.781385348334842, 33.57460967516696, 19.562396686602252, 70.59307521997519, 91.57782666237954, 183.40178608261368, 7.780036617089746, 20.265473824976414, 8.779769425727538], "[120]": [268.51978489324136, 248.0428741580472, 250.99431715861013, 241.21179620636457, 248.24006592313418, 480.0107205431804, 281.01239292372077, 310.56149700353535, 277.59708038578765], "[140]": [5352.2662645484825, 3189.8652922013375, 1967.0803180211954, 845.7285829165558, 845.8612228118924, 5815.331398082971, 5146.406866709788, 5545.778664539758, 5145.948912699028], "[160]": [7811.937460363338, 5164.213965708487, 27464.76319899074, 3480.3966968838913, 3380.6758326039285, 2326.8927223513833, 1646.9980553461955, 3384.5004581342528, 84768.67353008648], "[180]": [9378.716990551664, 818.691526925824, 1824842.0156796873, 20472.597444742114, 12258.007796082431, 11648.102295736422, 8950.841040217056, 7132.959097809677, 92421.96384136705], "[200]": [3365.504876548906, 1510.8323503049298, 150.15242052082752, 10549.152347900557, 10426.14031767982, 2519.689603160575, 2699.1512122487734, 1420.7375479220393, 11003.114645466061], "[220]": [640.884660658523, 277.339458338352, 14.077937231270546, 1121.898264611168, 1268.0601841236198, 577.3994525167034, 868.957522892081, 315.83037639446866, 2017.1501013998106], "[240]": [119.45581420619489, 425.9849094307803, 1.992191795690696, 825.7665964547479, 806.4908629812466, 161.9427938824647, 317.0064706481884, 128.52327877180068, 494.25790966433664], "[260]": [16.939462143663608, 388.6117846158076, 1.8825900832168534, 373.3215453094858, 386.60677529540226, 45.866618085310776, 105.76142210016182, 39.695251369968595, 83.27374068532734], "[280]": [2.0, 341.8662235654673, 13.722875868001651, 307.0665633754417, 309.67617451557953, 10.137631145871037, 31.391997524328872, 9.110036441253726, 51.51111973233563]}