{"[20]": [0.2817383119262621, 24.201217980114972, 0.6718852207205113, 21.457237388458378, 1.8099414351002685], "[40]": [73.22085276675264, 435.805288761797, 310.9386779047392, 2284.1780903049093, 32.99255802954968], "[60]": [535.9066229272628, 665.9848113476806, 538.9523055110797, 50342.676191435145, 795.9766524369506], "[80]": [11.133775324901777, 67.95760938514702, 117.99093813415104, 115.79333963823096, 843.2944137141574], "[100]": [10.972561687017889, 140.1922920858238, 215.99897279608086, 104.39375253959508, 390.75081853573886], "[120]": [24.1493580522526, 785.9296393713154, 242.99985855938377, 421.4469097248021, 359.548752473203], "[140]": [783.8506131923496, 110646.35027798942, 13334.999748943224, 5362.269863184112, 5656.81861378548], "[160]": [2332.4916720473525, 212717.05610970999, 6902.99866208598, 95955.6248540434, 8392.298052264603], "[180]": [1371.136828685889, 12400.245114556417, 16523.98003644024, 2855.7096632398925, 2713.4065633671817], "[200]": [174.52115698622046, 1550.5446938328555, 4445.999691496931, 154.00741702604748, 270.5785923809797], "[220]": [409.6881833369274, 417.9011236700339, 960.9982935871776, 143372.50997539412, 119.06178832939376], "[240]": [151.9148321386867, 51.30009083821321, 191.9957061995643, 49887.168082720265, 54.267481245095944], "[260]": [159.6548514448816, 2.440573692433188, 13.999948850794093, 40893.68348790474, 6.246561286709913], "[280]": [384.0983813565167, 0.26022636873994875, 3.999894067879384, 17836.23097649897, 1.260810508915019]}