{"[20]": [2.0, 2.0000008256875623, 2.0, 2.0, 2.0, 1.9999973665461301, 1.999940091083803, 1.9999997019740667, 1.999999690005653], "[40]": [15.260783804470293, 15.853584639952139, 0.9133960229905363, 5.8419174446146345, 18.333032160261272, 2.297490216065981, 17.424825100700122, 2.2298139909857246, 17.23325137670537], "[60]": [250.9681382720823, 49.619780604734565, 136.05831963739323, 11.87794944602579, 109.76675357658537, 20.590951009865798, 45.72879401862624, 21.007915583307113, 5836.538981004598], "[80]": [3168.5028933469857, 807.4734098096827, 198.06732549347248, 950.2686456690882, 974.1821574715459, 573.1647028997179, 440.3318027863499, 755.4902743639885, 2724.893448648603], "[100]": [2555.743889576316, 1178.2524969910562, 449965.1752825315, 7197.375292912494, 6694.2201301587265, 1935.5056055796508, 2353.413015349602, 1373.3386622603816, 26251.36471249047], "[120]": [4749.632517621598, 519.7988966399291, 2675256.273323028, 4685.643380345218, 1993.9872098971052, 2606.727302701766, 1050.134737048915, 1870.2156958370413, 3557.802165113654], "[140]": [1150.385832292312, 127.85598225181877, 92.31420260629012, 789.8300216530852, 469.1531351555764, 599.3103864538683, 344.3410728954065, 436.75172467024396, 403.13810337799055], "[160]": [160.96109997056806, 118.21341445345999, 8.664663442161377, 84.0685064704273, 150.28300049748964, 98.8655302669811, 109.2493573076253, 69.51406492125683, 71.17027216395493], "[180]": [19.50677426063623, 51.33015774631738, 1.9913996490049224, 192.7810876275403, 194.04419858112132, 14.591090139193676, 23.098149114661524, 9.007220028501104, 13.69893518135405], "[200]": [2.39340816139602, 43.61856536108838, 1460.1635793303121, 114.69604053762795, 116.96193979084717, 2.5559583530557752, 5.221746738776668, 1.5049323627895526, 133.01329448495773], "[220]": [0.0, 40.190722276515466, 0.0, 94.39348306928525, 94.23555237620728, 0.20675153660428888, 0.830699910756921, 0.013363459180621054, 0.49124843338980045], "[240]": [0.0, 37.34457467893337, 0.0, 76.66778794890243, 76.76898269767291, 0.03807458210701224, 0.128223347506355, 0.001654822885317533, 266.2599316202157], "[260]": [0.0, 35.14189374134257, 0.0, 65.38203196844388, 65.45941452979932, 0.007011387823169302, 0.021114369853965934, 0.00020766013669726129, 768.2606538630796], "[280]": [0.0, 33.284920791600925, 0.0, 56.99398226483602, 57.054231080640605, 0.0012910693195113043, 0.0033663432805109477, 2.577416759230397e-05, 81.37925790873275]}