{"[20]": [4.644073430372025, 8.287173780352205, 35.00000000041028, 5.966227122597182, 27.69548584935812], "[40]": [1.4909207115666163, 54.01310560630037, 30.000000000207685, 22.368018974081167, 5815.511205877192], "[60]": [41.6163721994334, 35.879513517078635, 50.00000000007434, 50.195816820877994, 96.1232329131928], "[80]": [14.078492776143378, 48.16417723104601, 116.00000000002495, 92.50325753986766, 183.05053251999237], "[100]": [8.971395531243047, 252.42526605759605, 341.0000000000083, 96.82817528488317, 441.57200530451394], "[120]": [98.44472378864725, 38.524033115872044, 735.0000000000027, 265.9553471092181, 725.1782561999172], "[140]": [73.43917887468797, 1908.4174699996493, 1184.000000000001, 1057.257438342629, 1551.7996097828848], "[160]": [138.9019866278495, 24.971230756506884, 1434.0, 2693.0187915678325, 2164.743565620632], "[180]": [694.7761914347138, 1292.478162290261, 3881.0, 3291.9113692345854, 3372.12084786129], "[200]": [930.1253633240703, 2670.675532250487, 8663.0, 5061.617603006467, 5375.520052955839], "[220]": [73.09967644053904, 1095.447268544267, 3341.0, 20706.006935947516, 2131.386973479148], "[240]": [1189.4210008403134, 11106.431758013292, 5954.0, 4338.784073322535, 301.43662085232427], "[260]": [1565.4502582262312, 3520.098131224455, 8247.0, 3217.9702036105646, 1295.3461141592416], "[280]": [487.6410922579257, 2882.540483365803, 3804.0, 19869.073008232142, 26.84783557165656]}