{"[20]": [7.428571428571429, 7.08387446011903, 0.2461167589766209, 114.94641113281207, 0.7589949835316538, 0.9573771613493562, 1.1309698930380296, 0.958837410900566, 1.4297723499887436], "[40]": [49.285714285714285, 29.44947795384526, 14.65628957528849, 37.06592568184993, 30.775143285141773, 17.239036034324947, 54.08196863967231, 17.24824123432394, 56.165722516012075], "[60]": [483.1428571428571, 216.81508375396743, 36.49936412491763, 1121.5946754155418, 42.008145759604986, 379.02424288030926, 448.38709096834, 231.75516052767875, 253.66916626666853], "[80]": [3541.285714285714, 875.494637986676, 645.61777215435, 200.10516098041353, 581.8911207280398, 1834.7488938127335, 1747.75381542773, 802.3689668941734, 842.881161197739], "[100]": [4003.7142857142862, 1186.391583905639, 7248.604738133599, 3327.86474675263, 2477.4703980859704, 677.1691456705757, 465.07578069439296, 360.52880988075594, 547.4324907470855], "[120]": [4945.142857142857, 474.5587710693835, 3208.8063964816956, 8638.911174225408, 6216.503265017754, 1812.6503116200402, 1073.4512529177955, 1561.213173575923, 481.80405106597755], "[140]": [2390.857142857143, 97.13393028547671, 231.92463033097874, 147.68252616437803, 197.60555925769313, 714.2944847656713, 264.843437963606, 604.282824044612, 117.19906092631709], "[160]": [561.0, 105.91806469203766, 2.0902136694206206, 48.2704836089099, 121.17330741702176, 159.98642905788802, 43.54292822202194, 131.40421767933458, 0.8716009891269891], "[180]": [117.42857142857142, 46.505460828360356, 5.206437695913053, 23.552362773919015, 36.97322268203294, 26.819844438333575, 6.672246818012937, 20.403807740216735, 15.666195661711399], "[200]": [26.85714285714286, 52.15639219027116, 4.596908538062479, 109.5749688442713, 109.80739026501439, 1.3806385684617766, 11.820103920047423, 0.0311116830653404, 12.38852156924261], "[220]": [7.142857142857142, 2.065625532075046, 3.0198285585518416, 27.459688968502576, 29.535049906881717, 2.789163495764978, 7.187128267240659, 3.061009412647863, 6.905152403089582], "[240]": [3.2857142857142865, 41.80964157740709, 0.6257365781016953, 68.66760174121875, 68.68362405167618, 0.6570801992699344, 2.7407217199867455, 0.6036801755341834, 2.05088834239222], "[260]": [0.2857142857142856, 31.292724302563784, 2.204959064250904, 53.9286263372489, 54.129704204027206, 0.8394050579062204, 1.699411063460801, 0.8497074561443267, 1.5160376487645877], "[280]": [2.2857142857142856, 17.77687734288702, 5.123459840517201, 30.95386359334124, 30.43707830750465, 0.131813163158069, 1.3213933299725147, 0.13378739863669376, 1.0265111555588324]}