{"[20]": [3.320114624509971, 14.699331778488231, 13.98734836459161, 119390841.09035449, 6.125560697468308], "[40]": [9.149225923153473, 720.3432785492424, 145.98560015529875, 7127.180997205145, 9.465110669747258], "[60]": [216.55085357828827, 151754.76810760927, 1160.9895454500945, 4489.372006820456, 1275.5182971148486], "[80]": [218.44492103635096, 31566.950478933846, 7334.993796245835, 2937.6944995828235, 7521.237325689797], "[100]": [4126.981794161008, 33275.74821244805, 7640.99659571435, 46251.824878621796, 8847.12195361815], "[120]": [2087.138627109471, 12141.41510807795, 9352.974085227826, 549.4231773245308, 1206.8850169341201], "[140]": [120.2197343310806, 376.52445953573033, 5219.979902674172, 72.88557886437938, 755.1439511049477], "[160]": [258.36576020750914, 351.31415411156377, 1378.9764875882847, 93.75787773289412, 512.7309984397049], "[180]": [260.80173120199385, 278.21777671931545, 237.53176591566412, 892.7949596480123, 97.52092332445773], "[200]": [222.86014507398409, 45.589436487671854, 86.99316676050996, 19061.944792385217, 64.93002528311804], "[220]": [188.89963428796892, 6.938193463341478, 13.962383365658278, 122536.05746591992, 10.550544321494018], "[240]": [166.26926569515336, 190.6474019547941, 9.864668272208599, 221928.24675363966, 9.461302672003043], "[260]": [148.12267027314206, 11.904503868141317, 2.993986092701341, 63600.96141361621, 3.0837735569764453], "[280]": [134.9378870380089, 3304.2347116781893, 3.9935615137832152, 103667.03934296439, 3.9868651467961906]}