{"[20]": [0.8785555452669641, 60.65296299488442, 2.7716299860199833, 372223.30802270956, 0.9592452252800225], "[40]": [28.448785790589618, 195.42258633439852, 46.985112834558926, 558.2399609156703, 17.117135807572083], "[60]": [23.858094061099134, 21315.39567799213, 1186.9834535795137, 448.1554206721743, 1111.203436766649], "[80]": [316.8611240549965, 4598.253354612682, 7837.9779574718, 6543.742242182504, 2682.523573732061], "[100]": [980.755137097919, 10582.539879511036, 5664.961631069177, 28201.004725331793, 194.55510968411673], "[120]": [396.2441991767877, 61387.799934620925, 2541.969503436799, 11014.210747255085, 634.2507992492347], "[140]": [59.801300639273244, 378.0068849271087, 386.9680124847228, 4641.119856309047, 126.62717730260752], "[160]": [55.01145382293682, 2.2988505182309322, 91.96374703335276, 3543.0274060305787, 63.46363106008431], "[180]": [54.05115303279661, 143.71699940335384, 12.62333432445472, 1763.9723300881183, 10.010915931503211], "[200]": [50.800399964972165, 0.5922640530201401, 1.9935649022192592, 2654.3197954436705, 1.4711537963050423], "[220]": [47.84454756476692, 0.7338143823867717, 0.9610937000055444, 456.32174927857125, 0.9659692776432836], "[240]": [45.87218970381027, 7.667610570432204e-87, 0.04041921226223702, 472.98793724186, 0.0030493436615939857], "[260]": [44.70244630193272, 0.0, 0.00045030790222785053, 6.944989414235783, 0.00016199123143385141], "[280]": [44.125121738573164, 0.0, 0.0005156414191907583, 7.122986615954917, 1.8269266802440534e-05]}