{"[20]": [21.881153046443565, 3295942424.0557013, 6.668530770903655, 3609.168204760074, 60.95558270885079], "[40]": [346.24068599186603, 310.6877008381735, 262.52336692664636, 46.674894278053394, 665.9999746192304], "[60]": [365.23448451676546, 6472.0346449161, 5996.261819323881, 1266.4213507543955, 6066.6142486935705], "[80]": [18020.874909729202, 37209.37882864266, 27610.89998096524, 43285.480876248665, 17461.16733570907], "[100]": [16281.279775197463, 448661.5427923806, 21309.36948671057, 82166.76056383978, 1662.3363903184897], "[120]": [2259.7130374919566, 92330.23166568372, 9575.293037891277, 92980.68260135195, 1068.8180411285027], "[140]": [306.1415384885067, 15573.358127743955, 1814.3632761781723, 34903.7646455763, 621.1233267312373], "[160]": [332.7401881051713, 20933.38281476533, 415.8912499778564, 18849.20841355495, 275.6604371079083], "[180]": [312.7881664137896, 6275.521705137282, 83.28086282254931, 15200.275553678228, 74.11869475420183], "[200]": [283.09405543190496, 4.376577951983059, 30.610155826383437, 2889.339612651178, 28.71833441293418], "[220]": [266.10665787488966, 1.5713817944645792, 1.1429686117774875, 5314.6374337854995, 1.8519546028668488], "[240]": [255.0986587490871, 0.7366033397764779, 2.933717020743326, 429.433572120346, 1.9804344855551759], "[260]": [252.57983024731968, 3667.626363761021, 0.6362521039356569, 1373.4024269126187, 0.9983313546457064], "[280]": [259.12977602465804, 2.4106149917932348e-114, 0.07803582998357331, 838.8697105311436, 0.0002368899419861406]}