{"[20]": [2.843574969032656, 21.286714285714286, 7.000000000195013, 5.6029121906295, 5.6777626377214805], "[40]": [3.5226802543131157, 0.08166103623580057, 74.00000000011191, 24.347667105673196, 14.605784337339344], "[60]": [87.98246035208035, 88.31305333709724, 791.0000000000407, 387.67736516241223, 837.3155201532445], "[80]": [247.1953469778382, 607.2811010905934, 5914.000000000014, 1131.2512415663405, 4223.562743285372], "[100]": [144.3731609628594, 8089.354253793448, 1930.0000000000036, 470.48934566207026, 3266.244676246264], "[120]": [1037.6418821680836, 2692.6542857751483, 6102.0, 606.8448559877288, 374.438581001903], "[140]": [701.838420259618, 2355.6916876484047, 1911.999999999999, 126.19569882297901, 459.15156857427246], "[160]": [182.92106031974356, 355.9379215038796, 441.9999999999998, 2597.391096459127, 213.36587315892734], "[180]": [55.983863897126156, 207.84043988915005, 103.99999999999989, 1100.6008545218247, 71.16269059521352], "[200]": [122.160170991868, 7.434467391856515, 40.0, 610.1354912059596, 35.354655465091724], "[220]": [150.12360835656492, 40.927906192450436, 19.000000000000014, 347.4968920514839, 18.34438473778401], "[240]": [135.44253442610164, 4.6464325513576625, 6.000000000000028, 205.9062380755313, 5.907502959421244], "[260]": [124.57399546740027, 11.031049700084512, 7.999999999999993, 118.87873976371748, 8.013049241139072], "[280]": [97.19278840786279, 9.665297128800933, 4.9999999999999964, 85.55940686244048, 5.001840934016279]}