{"[20]": [6.428571428571429, 7.0, 11.429571428571428, 6.428571428571429, 5.769512691899409, 2.1768272400190902, 0.1616111633913091, 2.4515527706933824, 0.7611233201012935], "[40]": [25.142857142857142, 19.813858761234847, 3.2155116513153743, 184847.7828728938, 10.179352695768337, 4.0108063450521385, 31.465158267368977, 3.9988810856941512, 34.38050891557881], "[60]": [218.14285714285714, 112.19671389345604, 17.81294609752814, 95.83320101933859, 21.134136644877856, 182.09453423614977, 227.03532222295541, 99.29455286330221, 121.07447724272907], "[80]": [1484.2857142857142, 362.52907551028625, 8.388304250107922, 127.17494935825562, 125.74558113445028, 931.3842426130927, 965.0139258537608, 472.5540991208002, 481.50246058919197], "[100]": [3931.142857142857, 573.4894773702235, 2834.925638052893, 95.85875758398288, 61.19471350128515, 1224.01645664414, 826.374448720393, 1050.6760988121914, 107.36444373807171], "[120]": [2012.5714285714294, 123.96555979693039, 3719.803849566493, 3517.475045745008, 2247.722439140278, 892.3169211716049, 1187.628923952123, 887.1920691511623, 369.5423964461661], "[140]": [2667.4285714285716, 512.974323952043, 559.2117148371722, 916.7506338198666, 864.3537006171468, 854.1809239628933, 421.59402653918096, 740.5850166573323, 205.5164456211969], "[160]": [744.4285714285713, 175.96932658174865, 2.939078935406087, 112.4777527427982, 154.33262279356916, 223.3725536947984, 97.46206436898399, 185.9859488875819, 21.107813157878127], "[180]": [131.57142857142856, 122.04524981684017, 30.544238243206948, 166.64048714845785, 163.243797243894, 22.903095447491665, 3.1679174202890295, 13.192978339716262, 22.19602163338884], "[200]": [41.85714285714286, 76.00152763566757, 6.44625472303867, 62.75236652786241, 62.11752967030276, 7.250229154560188, 5.6038944252249365, 4.945131489161632, 83.54714214391495], "[220]": [11.0, 85.48107328177002, 1.2474010687582613, 60.21216263266375, 61.638940649428605, 2.1195233176476584, 0.6759199147878903, 1.5994810169334812, 2.088478888687508], "[240]": [5.714285714285714, 77.19458376553439, 3.0127682534241274, 60.29875018738343, 61.4730601993526, 4.148772842181055, 2.40041746920118, 4.035650331357111, 33.2283667537034], "[260]": [2.0, 19.41967263884635, 2.6922125176075915, 31.181306347913086, 32.66849563911014, 1.460091993078808, 0.9246093316698524, 1.4360011287811156, 18.202595717844225], "[280]": [1.5714285714285714, 6.905490671285179, 286.0456919172051, 29.543401600104332, 30.57836810020855, 1.277977720293923, 1.5766365037538244, 1.283031504565931, 10.01214617528114]}