{"[20]": [8.142857142857142, 10.652400629623546, 49.797380365924255, 8.142857142857142, 92.81283822308222, 10.082566998324161, 9.54602434873258, 10.095939364797214, 9.590857720700178], "[40]": [15.142857142857142, 10.669744830613094, 2.783137410426143, 1.2334684502883562, 1.153979680828769, 3.40689193039416, 26.74834429429146, 3.3824570458702254, 25.40539536590562], "[60]": [13.0, 10.214592687641321, 4.563387186419831, 181.27061086067178, 0.6517171546485372, 19.386838476868817, 39.68486924726592, 18.92155392988652, 2.624197737896857], "[80]": [5.571428571428569, 1.9804649496771063, 5.096742380714687, 2.9522734990400394, 7.142409274745603, 17.591609218871604, 43.70701676718204, 16.710035776138795, 0.45675815084830873], "[100]": [16.0, 4.801120545137721, 1.8145721350709039, 2.2979374327949813, 1.2531362078603365, 28.228450726822594, 74.32914521734357, 26.65586268364811, 2.0513244354149265], "[120]": [37.57142857142857, 28.684441487962204, 6.2234020084841575, 12.612479247411443, 9.809758018633943, 57.01491665046038, 97.19049875891409, 44.53658003848628, 27.92469317016284], "[140]": [88.57142857142858, 1.4338401667272933, 10.065380036054876, 8.174889103046269, 8.472916925289269, 99.28302032989234, 159.47264622400323, 29.378484500146442, 30.735533165899028], "[160]": [69.28571428571428, 47.589016264811505, 33.617883319732414, 24.356842640021114, 23.077649750996613, 90.29127925159412, 154.03296267393773, 21.37804891939504, 35.658660908091576], "[180]": [312.1428571428571, 236.05247797963784, 121.8655255737292, 93.93425202129606, 95.67769492135699, 338.3175558495466, 467.87583763431843, 184.5535670926406, 216.16422453630196], "[200]": [1234.142857142857, 296.74503390716563, 79.07222958769762, 79.62566974129913, 62.92589509627123, 656.1818133761699, 2775.726767778859, 1038.8604561369843, 680.9174015563126], "[220]": [3628.5714285714284, 597.6522792540381, 313.443223992821, 42.9687260552073, 59.24799565468675, 4451.827791187852, 8108.574393243937, 1094.9546599314372, 2166.4722909479988], "[240]": [5953.714285714286, 517.5175180826518, 1936.2098640593067, 128.7793307424181, 120.15351600248323, 8600.049033607731, 1350.7913514372558, 8600.049033634066, 921.1614329471086], "[260]": [1760.7142857142862, 453.3465137672574, 5293.618958906693, 3907.950492325461, 3891.7265404797436, 4767.354669229924, 5394.74352599655, 4767.354669230026, 4714.6713594062785], "[280]": [5118.571428571429, 784.3332348936947, 1368.9154679275198, 623.3398329299525, 639.0469710672987, 707.139171522047, 3753.2624887082693, 4008.22153326843, 5575.617248339855]}