{"[20]": [1.4954509909794282, 11.999971416775782, 10.00000000041028, 9.841258070602844, 39.497377253563435], "[40]": [34.11971335871522, 65.95485384431016, 96.00000000020768, 46.844770849562224, 39.43680456404752], "[60]": [48.32794058964123, 1106.229291849314, 891.0000000000744, 297.7848714586547, 977.1361936880625], "[80]": [666.5040354291377, 5001.485578116621, 7086.0000000000255, 1004.2142893689015, 6695.338456790994], "[100]": [4349.792748073654, 17743.429571428573, 14516.00000000001, 121.36732541640959, 8327.437432256134], "[120]": [5851.782494462343, 26334.285900703864, 10465.0, 2328.147052653254, 2421.0173103640554], "[140]": [2255.1062329936976, 1000.9293674230648, 8868.999999999998, 222.33236195340578, 586.4148887410638], "[160]": [315.1882432907878, 2622.578255052572, 2424.999999999999, 1.7713140356745498, 558.4309517383585], "[180]": [125.81852289723531, 437.849549353725, 658.9999999999998, 55.61314859566937, 332.3711947188908], "[200]": [245.6418830067318, 0.16784380142826194, 170.0, 2336.6837420310894, 115.71789318876802], "[220]": [245.3976992155789, 31.162311031334, 64.00000000000001, 1445.7362946704698, 55.05813106932055], "[240]": [230.55250625221612, 9.672305275418015, 19.00000000000005, 844.461791802868, 17.529163021332856], "[260]": [218.1562327731878, 1.7121439438247101, 2.000000000000014, 532.9400129760006, 1.7581227121008691], "[280]": [196.97708223963028, 1.1693199146256994, 6.000000000000012, 353.0655189316353, 5.960225020141747]}