{"[20]": [2.0, 2.0, 2.00000000007138, 1.9999999999870344, 2.000001266604183], "[40]": [4.808706262676033, 36.045514129985946, 30.00000000011191, 24.828331162683405, 7.873344314597588], "[60]": [58.39524565403997, 3043.344815526819, 417.00000000004076, 132.47907482629626, 411.3740409179419], "[80]": [49.17280504539849, 315.9848394928413, 3467.0000000000136, 779.8312285843367, 2438.3918265864736], "[100]": [1926.3553962166843, 6452.667264160897, 6643.000000000004, 953.2137056061474, 3189.518348298072], "[120]": [3809.8000881422995, 442.7659816399937, 6344.0, 1048.408036407167, 112.9145427150288], "[140]": [1235.0273923892973, 1016.9191689357494, 2896.999999999999, 154.7384050473811, 330.53995519241107], "[160]": [57.361512541343245, 136.723874490159, 738.9999999999998, 112.99516240272465, 262.8923620698638], "[180]": [403.9936624274239, 25.58483551456999, 150.0, 16.77120446661513, 74.86407476993656], "[200]": [450.98108194181975, 70.84534988771242, 43.0, 688.6794760572848, 31.49271422657796], "[220]": [410.4551904054386, 51.32075318428264, 35.0, 436.27744670438824, 33.246278665950726], "[240]": [388.00135658489097, 1.1706987435249374, 1.9999999999999716, 250.82601594802054, 2.2670617093546923], "[260]": [337.68410221972806, 12.077704499117885, 11.0, 167.46044221386228, 10.959335937897485], "[280]": [310.72642564142205, 7.603111504612585, 1.9999999999999964, 107.77103920324998, 2.0061915898816913]}