{"[20]": [1.4611123292915842, 10.142857142857142, 9.00000000041028, 10.213142617755976, 294.34683484802747], "[40]": [4.542014769335083, 21.59182637971965, 55.00000000020768, 5.71231929539087, 13.082956831648715], "[60]": [144.2356591854243, 135.0361987132835, 1.999999999925663, 102.7223386478671, 56.38003219984782], "[80]": [51.79276622762024, 23.302245442883375, 1.9999999999750315, 0.21368134039802555, 32.198335192769186], "[100]": [1.6744004275826327, 8.990062964575138, 15.999999999991743, 6.200925635761806, 3.7963836971876503], "[120]": [20.758143704813364, 7.337743317920882, 14.000000000002736, 26.272293010255503, 25.912581686019138], "[140]": [107.51546624747965, 453.2527767098006, 456.0000000000009, 65.88010093716662, 457.72974519166684], "[160]": [73.27967217478908, 27051.778168650068, 4517.0, 34.154984209420945, 1361.7499134694144], "[180]": [13265.91942181433, 13730.091960664693, 9805.0, 2015.0226160285347, 4263.124206671113], "[200]": [5886.630331447104, 14654.650516239584, 5339.0, 10913.352816215269, 1371.8038454849684], "[220]": [1961.5270661775385, 3873.2180554791667, 7001.0, 1257.5301655509647, 857.4207626281504], "[240]": [1129.662626244672, 29.670389622596076, 2021.0, 11048.043043451842, 133.801519602476], "[260]": [65.89448641747336, 75.53067717233603, 217.0, 72.89216393550825, 209.81150267708344], "[280]": [593.5846394292579, 3.186488709377315, 21.0, 16336.136969895826, 40.499525032904636]}