{"[20]": [29.285714285714285, 29.84834738974581, 2597.6055466331495, 29.285714285714285, 75.68667889769617, 516.0002378806229, 518.3332608466519, 515.2226756290945, 518.275521758625], "[40]": [986.7142857142857, 889.9609415108753, 172.61409000332196, 167534.9826789038, 545.0314268348592, 322.743123297784, 997.833882242807, 331.8940532667109, 923.5336716058573], "[60]": [19250.428571428572, 12119.610612654145, 11259.710442172662, 23947.89693591951, 3769.4062618903954, 13946.472976704452, 9456.26879472652, 5876.096692282139, 5614.475971835329], "[80]": [2783.4285714285725, 18866.71076991888, 123399.62416093989, 364838.2355927583, 70341.9500012647, 13093.987304010858, 17951.372873392203, 13826.94292497816, 3663.310457822241], "[100]": [18739.428571428572, 4796.686151557997, 6764.713739565137, 712228.4444832219, 410801.3985372981, 6571.921233555584, 2.1475286771683386, 5412.5527361484565, 691.69384654024], "[120]": [3776.2857142857147, 2534.6068611311566, 327.5333360278871, 10947.5293650597, 6756.617769963999, 751.2268080483495, 683.0381670784849, 517.851184461616, 497.9432470666734], "[140]": [842.0, 1124.4549472386552, 104.36921581694315, 919.1690612403922, 868.0737532856051, 50.059350339761636, 410.91834356707886, 12.395551294666006, 381.59655003407386], "[160]": [291.71428571428567, 527.0633601575755, 6.342429193456184, 2528.6943185483537, 2473.6715195362985, 3.198209625147456, 186.00414882309377, 8.89524990531325, 193.6510764705292], "[180]": [119.28571428571428, 504.6731716407385, 8.401490957388248, 1597.373494542339, 1652.4775020946504, 3.1179993630043157, 62.33512368453525, 2.2883677516608145, 68.63124676304392], "[200]": [41.42857142857143, 688.3691029815755, 2.040938184667503, 984.4085706348432, 970.3305110090803, 2.9190023562141114, 17.637961463273268, 2.800655635167505, 20.134925361113247], "[220]": [5.571428571428573, 576.190308012764, 7.538518200122017, 881.7536270309408, 883.7173406517092, 6.183693046780117, 12.06902579844203, 6.200396357387016, 12.858622091994585], "[240]": [6.857142857142858, 494.29544397218615, 1.9339147523816966, 803.3849712037257, 838.0252051844619, 1.4020619911667516, 1.5429774913870524, 1.3997170740004172, 1.977184678669631], "[260]": [1.4285714285714286, 413.07301351852766, 0.7586063994843141, 708.5349455140051, 711.2062588132271, 0.0003293370535362155, 0.00034310407014511443, 1.0635770674912056e-06, 0.0035448839625761394], "[280]": [0.0, 413.48899241115487, 0.0, 602.0535985848517, 609.6648956014518, 4.5971899423447305e-05, 4.235572566108765e-05, 7.361902989943183e-08, 0.000572429758028075]}