{"[20]": [32.009748140728824, 32.343665388297225, 32.01074814072882, 32.98136645962733, 6672.445843584065, 20.95175135638914, 14.845740477773392, 21.134405179966382, 16717.53152697721], "[40]": [31.054702953793143, 62.38093282943822, 174.78083752362537, 899.1163551583633, 1358.239262682654, 148.0690085156582, 63.1005424824182, 102.83943601375641, 37.493983164268805], "[60]": [68.1407052764106, 28.240580797480977, 14249.687066083186, 403.43251255703075, 32.889888267766835, 107.20497266179919, 141.33870966208303, 93.75970261985998, 282.1875439531501], "[80]": [321.82627924109147, 280.0371805645805, 82.44108254599826, 166.78960271646932, 179.31459196896748, 395.4525526051595, 283.1612456719602, 303.5995747574465, 209.83482789393415], "[100]": [804.8240351445453, 334.178502251165, 44715.26477319594, 119.62704187836971, 103.81475747138138, 871.452751352908, 512.4875822011516, 112.08326779734857, 130.38433104649982], "[120]": [1762.3940637869923, 157.29846226109, 49260.67736804566, 813.7636394666633, 784.7661835356436, 1780.680916432764, 967.7029052237166, 73.83842091396582, 93.78401714543578], "[140]": [1633.001609450569, 161.44109624212496, 1344.519140983472, 2020.89960845476, 2080.530114256902, 1956.5792696979777, 514.0407283928828, 617.7979189329998, 302.581036194391], "[160]": [244.25380426188227, 108.60369419555096, 1084.5258355004214, 2160.1287445708717, 2118.2131232977767, 1745.39024274639, 81.69304433144045, 64.97606455131113, 190.46306968896678], "[180]": [574.2837279729968, 308.00645182209763, 23046.310044337377, 1037.5835655797678, 884.9092759218297, 2903.286802942759, 408.73204800162466, 339.3062470430481, 1007.4230442680965], "[200]": [259.8154791412817, 218.24580064591626, 9437.751164580643, 380.02487621642166, 400.791587869401, 2650.7881561668105, 389.1131486652159, 146.2558101961352, 377.95438137024075], "[220]": [1399.759605181434, 102.22030950848936, 539.819056882631, 660.8287450021068, 657.0560601985195, 1478.612909437369, 1250.2686425765899, 1504.1976370830428, 879.9013921595014], "[240]": [1562.3248728212714, 61.397497006576074, 333.0386152197271, 10.743094266796927, 19.353393838376828, 577.6648105732047, 1208.0533080637656, 1762.9204090974456, 1021.657024209827], "[260]": [1193.3015790865436, 125.91866647079551, 185.80160346982262, 307.7318170127368, 288.6008220291336, 87.94244768633814, 784.6093457221963, 1404.9332944162375, 650.2429739682663], "[280]": [587.5567089894816, 66.39081495244668, 24.111230072023947, 145.6486826111199, 140.19854266411897, 15.710414789339392, 363.94692443731617, 881.8815415204898, 408.6861376021843]}