{"[20]": [0.0, 0.6026055208163409, 16664.952998105917, 0.9565217391304348, 0.09006548839058034, 1.0678853890961735, 1.3962685164588755, 5.223990817864377, 10.738731784941729], "[40]": [27.692485184976448, 19.265048962177847, 42197.902724817206, 18.090643466158934, 30.532936152917888, 11.178086617178653, 16.829308498081897, 12.989488503470744, 3135.3213034251144], "[60]": [372.4186264537448, 82.1052729072977, 14.163007208279783, 25.192660103833074, 25.566328184802966, 237.36140001419156, 186.36773936941054, 33.50993887468366, 5365.850833989348], "[80]": [2527.693112725677, 1397.5294145556647, 1053.6304978664377, 1649.258991368005, 1494.5334223543218, 1083.7258043674915, 971.7129658148992, 286.84265810132905, 654.1660604625256], "[100]": [559.2265839938385, 236.21774726994195, 4189.2229488597495, 4770.72546651216, 3415.839143488837, 947.7671144589965, 871.7624627301623, 836.7263332549277, 165.5167957987397], "[120]": [1637.8821533417502, 118.46833789717667, 291669.88723024965, 2720.9614325408397, 2009.1940809263092, 704.0808858518858, 189.51804788578846, 523.2801361911156, 56.48305610371154], "[140]": [340.6524543979454, 57.44452262626199, 42.59393426447054, 35.865547904069686, 31.156595852267372, 95.14273058930662, 27.87048840445983, 57.279101394609164, 68.99992923800902], "[160]": [69.94104377200027, 72.38779767630241, 7147.31676078419, 160.0462308107893, 169.14824317643985, 2.6314209696727136, 56.942519340794135, 2.58041316537489, 53.726568521363255], "[180]": [29.138938939646188, 56.118198240048265, 1.4100913569562277, 26.553370443456895, 32.04660131454113, 1.38531391223659, 31.35176572589195, 2.5306518979014645, 653.8872108218967], "[200]": [1.7450494708089894, 64.90807341234778, 25165.053646920987, 105.67396911565451, 100.19921804374695, 7.221337579437236, 27.6317961697016, 7.44158963460552, 22.96222162102246], "[220]": [7.973601855318438, 48.2492407107709, 2689.4981127433566, 30.502463907812036, 37.41157801913633, 2.8775789464490096, 20.063381095165624, 2.918121811975918, 60.19957087730909], "[240]": [2.5563531277826383, 55.36359492423134, 0.4448082793550553, 56.03495459767725, 55.41877168680283, 2.795604661320664, 14.718735093946446, 2.8029096271386433, 10.369340523962448], "[260]": [3.8911792747767184, 39.851485280926106, 1086.934431741832, 16.23050147768711, 20.476979292516994, 9.95150900091514, 20.44502897647621, 9.952805780064471, 16.558721802310163], "[280]": [6.279486862921731, 42.219926038953716, 4.288680742364293, 20.59919442169872, 19.53603277326238, 16.086484404743402, 28.58481120748038, 16.086713183912572, 41.49821462217965]}