{"[20]": [32.0, 32.0, 32.0, 32.0, 32.0, 31.99999752704003, 31.999972467511984, 32.0, 31.999999994023185], "[40]": [639.7142857142857, 619.1382430937871, 136.75952752140643, 639.7142857142857, 343.77515243287195, 166.74410206575908, 664.4425953716157, 170.0791506127739, 674.2648919495931], "[60]": [14380.142857142857, 10396.752405635856, 1791.7189628616616, 1070.2756365836503, 1124.5053144225494, 12001.27323769908, 5164.283386879466, 6003.79847852073, 5697.132562162893], "[80]": [46786.0, 9795.576349391908, 159214.73972802472, 309470.0586765593, 388057.2647957682, 7267.1670829170325, 10002.255873797563, 8226.10476072869, 13287.547268344439], "[100]": [41489.857142857145, 2686.1463651531158, 59269.65075794657, 185558.8741831305, 658507.6635439371, 21961.002798296133, 11478.551208373807, 21786.89117294713, 8580.309299356013], "[120]": [16017.571428571428, 3378.8079057270734, 909.3021751557635, 163158.19652998872, 98723.98585873665, 4644.776241285585, 741.5715135416176, 3960.240573453546, 293.787739048189], "[140]": [2929.4285714285716, 2229.7629254060157, 36.979012882649045, 885.5153657153401, 852.7026682177541, 765.1889280786122, 49.275592031923225, 630.2153101515062, 3433.1472443627545], "[160]": [530.2857142857143, 1914.7126544178645, 15.981595539101079, 2835.929203869611, 2959.848870547388, 135.64492957886142, 30.430795930539546, 113.1271364173673, 53.10020091005447], "[180]": [86.85714285714286, 1180.8843236321845, 10.718185155023225, 2998.446204086371, 3078.6212770484126, 13.460212814326944, 15.368629648849858, 9.89385190530588, 19.668821706079626], "[200]": [22.285714285714285, 921.6399246275632, 4.054684044025086, 2242.2246381608816, 2306.507472156163, 4.35046443223448, 1.4683968310355202, 3.806175938435148, 2.7398979395367116], "[220]": [3.142857142857143, 896.4108297049679, 0.7067870430695775, 1947.8676879958887, 1999.587381604087, 1.5438504537146847, 0.5656016761761787, 1.4630887298601964, 0.32604500666649394], "[240]": [0.0, 755.9206280164763, 0.0015464729801013953, 1554.2618347165446, 1588.4055780131425, 0.012394901978209942, 0.006012333314198319, 0.0005893150091918325, 0.03009284077924532], "[260]": [0.0, 692.015877476917, 0.0, 1346.6151980411369, 1374.8767190503406, 0.0017692637385228155, 0.0006821790446283344, 5.3779697135230336e-05, 0.004301336744618118], "[280]": [0.0, 627.4391438576222, 0.0, 1175.096035472186, 1197.9697253763472, 0.00025255175359541437, 7.775438756767796e-05, 4.947736881780827e-06, 0.0007099133427346778]}