{"[20]": [4.571428571428571, 5.0, 282.95258621224684, 4.571428571428571, 4.138707714598973, 10.130269185300653, 10.683162977548108, 10.154482527220493, 10.656792296362585], "[40]": [43.42857142857143, 17.316314670561155, 86.88905313068761, 48.58216758071839, 47.263453038419485, 53.647238672241244, 32.05016940253443, 53.1674459172595, 26.5354608579362], "[60]": [223.28571428571428, 73.97889304410387, 329.0849149579543, 8994.443962347537, 108.71864344064443, 106.1656897678289, 188.97687870231795, 98.94611087448754, 32.658515647306615], "[80]": [121.71428571428567, 90.89182104341853, 53.53384264181102, 269.4417276026686, 354.9872727401207, 198.37564803444843, 66.11198406961228, 46.13321981872048, 66.84592214016106], "[100]": [150.8571428571429, 16.399177348721537, 37.2675707424836, 40.104646047600454, 39.3594699115265, 305.60158081021575, 88.71110196745883, 100.81995864412625, 54.11229669338252], "[120]": [145.57142857142867, 102.01459444245393, 97.94353542008571, 118.67356792895362, 106.08754700593136, 384.0691213481523, 122.70160657560996, 146.73345897828244, 87.23868002774839], "[140]": [4489.857142857143, 1037.479992083192, 772.1586840545306, 303.43178123492, 198.22836024862318, 3661.3675248252557, 3591.118770843255, 4180.768116167246, 3472.540236839571], "[160]": [291.0, 11265.870315707976, 8207.17638716141, 1472.8526106514637, 1485.7372760266408, 4719.039252672308, 4892.175240498513, 5149.574135094863, 4639.6479495449385], "[180]": [4265.857142857143, 387.46988634338686, 1456.8915432728618, 393.00146897028935, 393.2357394765695, 2678.395653618042, 2961.0942724867573, 2712.8608964746854, 3761.2539549155954], "[200]": [1112.857142857143, 57.26960964605087, 35.66500186161238, 70.3221527582067, 52.54990397082588, 638.4611147643668, 1202.5739209795556, 609.297091026815, 1550.3708262519522], "[220]": [183.57142857142856, 105.43936993049374, 29.109797486437856, 76.67868125712789, 70.58465601035084, 113.47348509516581, 366.3158525972548, 96.3826674015242, 409.31394790733395], "[240]": [52.28571428571429, 30.740409229071247, 0.34701652659533977, 80.31024229034415, 84.3107417450095, 36.01792024950959, 125.30031017354014, 29.223770777345294, 155.40439803487703], "[260]": [8.428571428571427, 33.766724092682125, 1.824742012370752, 32.589974462779516, 38.358557040248016, 7.891578342450497, 38.463703845665094, 5.3919395960361065, 66.54039434431247], "[280]": [1.0, 24.068029055826173, 1.3846082891505933, 39.26605899081191, 41.881673905754496, 1.0899308584733651, 9.5432362963997, 0.18966930270362337, 34.89744322653541]}