{"[20]": [2.2857142857142856, 2.861667091185887, 13.229130493125336, 2.2857142857142856, 2.03694725967899, 2.3847370310871403, 2.227095919325058, 2.435797452912743, 2.268868202295346], "[40]": [13.285714285714286, 1.8947275743612586, 10.57648934036763, 3.863277647318256, 9.83019346173868, 10.09030264278531, 13.21560193608161, 10.054332884423388, 13.885562317292155], "[60]": [108.57142857142857, 85.58961042727047, 5.5433011388648765, 761.6833158355423, 12.832731512341894, 89.6429706759347, 111.60908178432598, 50.674267827481955, 41.86782650696793], "[80]": [1120.857142857143, 230.79384869228352, 222.28827320083337, 120.41658630215488, 90.70520564983735, 527.2809445772195, 297.9653932143151, 239.2532232218664, 198.4072582627523], "[100]": [5225.714285714285, 1044.5014152281, 1951.733971859483, 1565.1344770106025, 873.4071008835635, 1353.7514604048065, 755.0805045411144, 675.254732023026, 594.8223520489846], "[120]": [280.0, 664.3986958616406, 6699.997740030056, 9267.319291889336, 7491.966664624797, 1243.503497319005, 2682.328876143354, 1250.638919303261, 378.97894728216124], "[140]": [4485.0, 247.57275747510084, 1562.412838987033, 1696.6143476866614, 6.266729154893255, 1691.4903988138358, 543.4218516963037, 1553.8918660873442, 536.0617699688792], "[160]": [1434.5714285714284, 118.16219995936035, 22.7495145414498, 530.7057716353428, 492.8041993266012, 436.9479694628408, 112.43154307953955, 370.4488791413394, 106.68374196782338], "[180]": [306.1428571428571, 189.20776208817006, 26.74002209847754, 221.00822514242986, 197.1693454328713, 82.75859856247439, 21.309965493866628, 63.045926557107634, 22.460934675353826], "[200]": [72.28571428571428, 92.32536213857611, 10.033846656343428, 134.70411862362113, 136.03352871395174, 9.454308868740313, 32.29739668679608, 4.325330227923374, 31.95038977850372], "[220]": [17.285714285714285, 42.066277441475904, 8.031499903021974, 91.33730294024748, 91.57886838766538, 1.5502023663765456, 16.63456468943437, 2.796198221140841, 16.374858009726083], "[240]": [5.571428571428573, 64.97546626026269, 3.3828743629722666, 99.89016207753646, 101.05127104614964, 1.2778198683355502, 7.541891136194146, 0.9862748984950453, 6.804540361841918], "[260]": [3.7142857142857144, 9.85946064554264, 1.0344806577813, 29.537131304868787, 32.18357930899938, 1.0530173774868832, 3.0425267146591697, 1.1191599576784328, 2.9762052273263766], "[280]": [1.8571428571428572, 33.49199429515147, 0.6116945090025174, 49.10739931852986, 50.74888984280801, 1.1667875967686276, 0.514419360393932, 1.1520009336137904, 0.4486308464401074]}