{"[20]": [8.0, 8.0, 8.000000000142686, 7.999999999980503, 8.000001655803104], "[40]": [28.768186904707985, 90.59528167483505, 76.99367348540518, 296.89197274399163, 10.050999194444888], "[60]": [465.1251709565455, 634.3570770899314, 351.9946670881277, 3936.180636771513, 406.1672895965935], "[80]": [131.43340909228706, 67.3019903711346, 179.99803531599244, 447.1930451900751, 505.40351014230464], "[100]": [98.88667392661915, 140.32527077285312, 103.99972678919968, 4359.287031976676, 121.13894504628601], "[120]": [5.817609594822648, 69.74949386211424, 203.99938450169856, 279.2812673140055, 274.95181315345764], "[140]": [2249.6136032919853, 5163.211013339374, 7259.999127869722, 2742.341919746539, 2540.562502272553], "[160]": [1546.2651484866615, 33583.06789626847, 31315.99523526363, 36973.13511551719, 1794.2735065771299], "[180]": [14702.022257313722, 89104.56819307558, 17230.951806080167, 13785.416138238992, 723.6343035465636], "[200]": [5030.461386582041, 538.9944126718373, 17529.977826609644, 1974.4775516656582, 807.7925708505411], "[220]": [383.5751415042174, 1255.078782822048, 3511.8748370571393, 667.575538396032, 72.85937196705717], "[240]": [234.7417331483934, 12.569765828821701, 961.6844912476465, 58727.04576814363, 323.7501329910115], "[260]": [233.90933910018427, 85.25455991963922, 147.9859803894686, 131019.32725367497, 55.633603411674805], "[280]": [312.6068529726794, 2.0365591030073578, 17.976400384388537, 19950.70653928858, 7.203488385674655]}