{"[20]": [2.0, 2.0, 2.0, 2.0, 2.0, 1.9999979509750656, 1.999975983160714, 2.0000000000000004, 1.999999967278013], "[40]": [17.714285714285715, 16.13846172812791, 30.64064902763557, 17.714285714285715, 13.544940055833095, 13.933068658841599, 11.911974588377152, 13.759964182331466, 14.842827947328544], "[60]": [0.1428571428571459, 7.719753242997207, 33.52507253967978, 60.60999079318975, 57.39090191958216, 6.277638967612788, 22.624837307342617, 5.173480190331638, 27.94169835380078], "[80]": [0.7142857142857153, 1.5033035006059805, 7.709579237112948, 59.75628965550815, 7.0251163770618135, 12.939174006384057, 42.62378395344199, 12.161427712369445, 2.061132096938536], "[100]": [11.857142857142861, 11.900955185224575, 23.357577227463395, 4.350316047706741, 6.121128179235967, 32.497435494346284, 71.31855983227993, 30.974085931289764, 9.980907114969995], "[120]": [39.14285714285714, 30.151871030978498, 17.487063608915037, 25.720147185902874, 24.277399283238992, 61.37354613468783, 103.97836985716658, 38.18659334349914, 30.58975355361852], "[140]": [93.28571428571428, 71.87054590358082, 21.348640223420773, 29.898999651807287, 25.88712014229594, 114.3762600966989, 172.90179630594463, 36.67433069167697, 66.75411111987947], "[160]": [44.71428571428572, 10.683437995897123, 15.910221360186938, 1.4641671829598408, 0.20075681720470584, 82.05999590585503, 137.27372462495669, 35.47722145690898, 23.703920089413486], "[180]": [88.28571428571428, 48.999373697195495, 67.33773643733224, 1.8201414802688305, 6.914502946246898, 139.44542294832837, 248.45438944359375, 85.42113502800674, 53.46576628094897], "[200]": [417.57142857142856, 103.8646866733734, 98.5105367139497, 62.81198755171067, 59.350232950333975, 470.4147804691728, 689.0768551098806, 311.65755009429427, 297.76824733983347], "[220]": [1209.0, 217.73704244000464, 50.92035691625733, 123.09001325574445, 100.8754975095967, 611.4346188387208, 2884.5840808784487, 611.35727429997, 641.4554730947516], "[240]": [1906.1428571428569, 36.58958546181111, 719.0312189571796, 238.20064017230288, 227.71383770521516, 2878.2349254914884, 6287.679142215067, 2878.234924339535, 809.6773573125811], "[260]": [832.4285714285706, 515.956450080881, 1442.6831948401068, 507.8072677365126, 518.6434872451282, 2954.8403245306727, 6281.518330686923, 2954.8403245338504, 118.04853855440524], "[280]": [1857.7142857142862, 537.6838714549849, 1014.1536346236571, 1093.1858365739527, 1135.4782058449691, 955.4415991060614, 1542.0026374268973, 955.4415991064498, 2072.1866468699845]}