{"[20]": [2.0, 2.0000008256875623, 2.0, 2.0, 2.0, 1.9999970660978674, 1.999967466648388, 1.9999979163545993, 1.9993206813458584], "[40]": [1.0, 1.8915664779150092, 0.46633398089301614, 2.9130434782608696, 0.24390953912784752, 3.0247893169641373, 3.712830585250735, 3.657660465167483, 5.018023212955459], "[60]": [1.1896179314203044, 1.1436603345150171, 4.126374126564582, 4.090465739229841, 2.462595251550914, 4.353133371761512, 1.3079038663587887, 2.90079100187185, 3.4001749367773706], "[80]": [0.0974878790681789, 0.31737988305852893, 0.1095152846854234, 0.09862961132764622, 0.1050888365249354, 0.5194152913810884, 1.8602883645509447, 0.6704233345322851, 1.966726717975806], "[100]": [2.0, 1.114580016015474, 30.257919232199292, 1.790967014294095, 1.8932216965604767, 0.9760414812166701, 0.029682669204468538, 0.9735803531809597, 17.874933562109646], "[120]": [0.0, 0.1805394551472295, 299.14132756742555, 0.09967023777200422, 0.208583099296531, 0.0005295003876849012, 0.002784607368113525, 0.00019945865820276414, 0.012943222429796354], "[140]": [0.0, 0.16542019085120216, 0.0, 0.7622916284600941, 0.7444163660097619, 5.4207824712537775e-05, 0.0004783088239881651, 1.5077358311804113e-05, 0.0008199114123617174], "[160]": [0.0, 0.1715355493058686, 0.0, 0.4254001391913609, 0.44590466586500893, 5.589821220846798e-06, 2.510361006596592e-05, 6.373335779590769e-07, 6.393952305448053e-05], "[180]": [0.0, 0.13049101290433987, 0.0, 0.2808860336764077, 0.294124570137287, 5.767117553745495e-07, 7.97885931644222e-05, 5.7138051957040774e-08, 9.758317183930074e-05], "[200]": [0.0, 0.11158357442308159, 0.0, 0.2097628784597052, 0.21897186257897908, 5.948903306718957e-08, 0.002733499995505092, 6.142104781369532e-08, 7.599913780393324e-07], "[220]": [0.0, 0.10173929504545864, 0.0, 0.16743254647540906, 0.17420058500479216, 6.135392755802753e-09, 2.2699698603296947e-07, 1.2636291221028086e-10, 5.211562278830942e-05], "[240]": [0.0, 0.08940149226645089, 0.0, 0.139346447090438, 0.14452544778019308, 6.326378756382992e-10, 1.1085363493964763e-06, 3.383355755064292e-12, 3.9474777321015447e-07], "[260]": [0.0, 0.08863496382445377, 0.0, 0.11934612082860374, 0.1234331285387765, 6.209924746719503e-11, 7.473252924382162e-10, 4.762628102117114e-13, 1.3553016369253834e-09], "[280]": [0.0, 0.08155111475433581, 0.0, 0.10437688233619427, 0.10768173541768124, 6.6989590212330415e-12, 1.4428832384496902e-10, 3.7333279133736045e-15, 4.643000874487688e-10]}