{"[20]": [15.142857142857142, 16.96263586418734, 539.4428498813489, 15.142857142857142, 1477.880543907172, 102.81437509083635, 98.37377910144501, 102.97437617647014, 98.37764674685927], "[40]": [18.142857142857142, 14.420982125609097, 21.372096371883956, 24.75700815854637, 12.227037218195079, 28.99448646693469, 34.823738888641074, 28.9047451714258, 33.38375691678661], "[60]": [12.0, 9.838534290340966, 3.02187917275338, 1584.8861544340489, 5.970493593359919, 28.43029997716094, 46.56599413649554, 28.257076792132196, 5.8141838220954725], "[80]": [11.57142857142857, 9.547696627790557, 10.584216993295492, 40.417667388325754, 32.75136220691647, 36.533350723765345, 58.064931294487536, 35.60287018112558, 1.983463879848074], "[100]": [36.0, 25.400012286484355, 2.20592688551082, 20.61022024556854, 18.359199894106098, 67.77394907102844, 101.86433127609735, 65.81771345265132, 18.88009400220426], "[120]": [72.57142857142857, 64.23499151429124, 10.289434000250537, 12.89615894297097, 15.174481483457043, 119.46771454763831, 154.04502494507602, 99.93325648500917, 62.8810580961017], "[140]": [127.57142857142858, 12.970864720661098, 67.36122370927978, 70.57357848446725, 71.48718623781656, 183.54693272281986, 238.37089164078122, 26.89344706874016, 41.88619212805776], "[160]": [171.28571428571428, 149.87202555593842, 19.901978617201394, 13.69631715145897, 11.170571066592288, 250.53646791032344, 318.4003396639566, 9.105677207008739, 141.8731591901563], "[180]": [749.1428571428571, 673.1020572535734, 387.54134412944984, 342.56214361757657, 348.0659333330527, 877.6357148037113, 990.4303466973538, 541.9485305796995, 626.0284476559744], "[200]": [2713.142857142857, 1132.29537587114, 255.7875380510077, 338.5708506628921, 279.06227555126225, 1655.0618681851693, 4311.983471780197, 2605.768744648814, 1824.5333435673897], "[220]": [7140.571428571428, 1983.3817821258235, 1315.6680377316388, 585.2721673586639, 609.7068018618229, 9347.36885447989, 12211.33272261262, 2100.2420702053114, 5012.138559386265], "[240]": [8832.714285714286, 2248.4029056289583, 7172.9109781115185, 779.4210723741198, 739.4793777569757, 15116.240666237347, 666.2924332854382, 15116.24066626959, 475.2056460394706], "[260]": [5106.714285714286, 1314.8024004187719, 11257.142535103034, 17249.288061611696, 17076.079808148777, 6745.436765837019, 12920.095488331084, 6745.436765837134, 11280.738650840209], "[280]": [8129.571428571429, 2347.200324577244, 2238.7174601019287, 2325.4753711884323, 2511.8241414968015, 1089.0814390445348, 6439.814474945491, 6804.693947714815, 7988.23061678926]}