{"[20]": [8.571428571428571, 8.990467027783705, 36845.15250392613, 8.571428571428571, 8.183342650681166, 174.73275903256592, 126.328460956958, 161.32351433548553, 135.73688037630112], "[40]": [173.28571428571428, 153.59696399644997, 104.77185707853127, 159.91157981000185, 120.50686635564709, 90.90298178970728, 181.39146122861828, 91.13825586555573, 181.28307962214564], "[60]": [2765.5714285714284, 1891.6737626575807, 658.1341768989223, 3856500.010091334, 797.8459124380252, 2322.587694320587, 2501.9483394225904, 922.0264049968218, 935.8889495665262], "[80]": [4240.142857142857, 4364.609469067616, 21832.50494165786, 7078.10865479301, 28979.264872509364, 920.1668316687374, 2053.872046352926, 2195.1506386730853, 3261.262150119397], "[100]": [5375.571428571428, 533.2469042129262, 4509.834356741681, 242007.3118617226, 151133.6666944662, 2463.9592295746424, 559.2791053411147, 2111.004915330852, 421.79871212141916], "[120]": [1500.7142857142858, 296.9605896371095, 109.2980824864315, 1325.3131565077342, 1087.884402504819, 499.22912846448594, 84.1055195400657, 397.89250426478, 58.82482208496123], "[140]": [183.0, 326.6063528005652, 22.692964404269155, 549.5500041566034, 553.3774410790472, 50.85672990026782, 16.336885694972892, 32.40854148005104, 21.009192400320693], "[160]": [39.285714285714285, 267.22846275586244, 0.12669494695050432, 655.5058482883085, 653.7275428552507, 8.948657993476463, 8.925216693808803, 5.749670548283525, 118.72133112614011], "[180]": [12.571428571428571, 198.811446167138, 4.549360367832047, 492.30550291460486, 476.9577093734901, 4.93396525052689, 1.0812787801369408, 4.403612188500847, 0.809666182293743], "[200]": [0.0, 160.4897882861651, 0.003114562108962467, 355.90560232699386, 354.4420875084046, 0.08876115569142008, 0.16264586572855871, 0.002684985680068803, 0.09107884718587435], "[220]": [0.0, 139.48240378519972, 0.0, 287.1940381597595, 285.68625695988476, 0.01400057891603931, 0.01635352253652213, 0.00022448900972971568, 0.0114555059212047], "[240]": [0.0, 123.90428659393206, 0.0, 238.31652484922913, 237.29466116088196, 0.0022084460407307445, 0.00217828354408947, 1.8594714710293994e-05, 11.434649986065427], "[260]": [0.0, 111.50583580638772, 0.0, 204.86650216883532, 204.10890939747884, 0.00034836048921071613, 0.00029925660453203963, 1.5364885363058623e-06, 7.2838939270973695], "[280]": [0.0, 101.26771372025019, 0.0, 179.649822228077, 179.06810908462384, 5.4951543107475655e-05, 7.324723800368124e-05, 1.2998756111644112e-07, 4.582664018307565]}