{"[20]": [2.0, 2.0000008256875623, 2.0, 2.0, 2.0, 1.9999970660978674, 1.999967466648388, 1.9999979163545993, 1.9993206813458584], "[40]": [2.0, 1.826531510984952, 0.9763851935854493, 0.4392508893072302, 1.6130790209872605, 0.8530387101257391, 1.8352360683599218, 4.571158992236992, 5.1746916464770925], "[60]": [7.614843006117985, 7.732246393987248, 2450.4018463552998, 3922.860126769333, 6.952067165110432, 4.552240002472905, 11.185560381710003, 3.2117512558598187, 7.635159917565984], "[80]": [31.620200671325566, 28.84398396765148, 11965.041432047497, 28.03171633996262, 14.209655374610405, 35.95713521967331, 41.74708125308218, 22.745040007562313, 40.426001425458715], "[100]": [76.02289412318882, 23.598712161093708, 66985.35388796488, 44.27916535662696, 38.21483233448741, 69.11637053226364, 79.64370698416822, 7.938771538841088, 3616.2485351773694], "[120]": [318.5081204962911, 324.4440762300672, 79217.49456416749, 18.587181670534143, 4.933935659321611, 293.2752517254744, 310.22820947289824, 123.48610872423559, 952.5006252754789], "[140]": [669.0074697647366, 306.86108577615624, 273.2667274816072, 277.21623494166596, 281.6164549949147, 380.71570761030523, 227.87325428784325, 284.7174752809732, 215.7364666326091], "[160]": [857.2377256583255, 73.25431850414827, 547.3269011535308, 1085.4720906703892, 1111.3070446423415, 697.0081261618651, 485.5682777435995, 428.40522049952887, 91.87740673550374], "[180]": [134.97557833271262, 169.22290965446047, 54834.15498929368, 870.0241275170293, 863.3954445390335, 5.4778775800446535, 35.4392836694741, 168.80081348388157, 689.5562934476595], "[200]": [812.648539018691, 24.7726696753004, 21555.923467009947, 532.2698579106982, 263.8895063081251, 165.08889785335853, 163.20808379536066, 162.23736290861964, 490.65519796598346], "[220]": [560.3044754615739, 35.38162544954683, 85.59270744480342, 312.11814016727476, 299.6097585877787, 111.14653736960301, 57.68139438127357, 93.10770335551429, 7.575214803736151], "[240]": [253.9320820663315, 24.73339921239339, 18890.895401884507, 76.83590500013392, 61.07875358857069, 60.42038431212577, 34.66378443297358, 50.476269895248734, 15.926420684045317], "[260]": [89.37310773072548, 41.57983046375743, 5.213248034743019, 34.88146436903606, 43.777883300192684, 15.899312766395921, 4.4590993495180085, 11.484231960665719, 1.1628372795162627], "[280]": [44.621344926291464, 58.25728131318224, 2.5881858796722983, 103.9080528462186, 106.58352812556348, 12.781676870546473, 6.157389929941763, 11.013609565308768, 1.8962291511901752]}