{"[20]": [0.0, 0.0, 6.191585306815473e-11, 2.4202085563178404e-11, 1.0490286287641973e-06], "[40]": [1.282321983849216, 690.0042377137411, 0.998447895468137, 37232.94122119044, 4.39190808253811], "[60]": [4.962191167104151, 111.36744678395269, 5.999573460594156, 32.022166941682784, 9.012298773623556], "[80]": [1.2161967771150548, 373.8381951071885, 3.9999455038107516, 62.00681720345405, 0.9665176158397131], "[100]": [0.5483286718678998, 0.10067830621419552, 0.9999933705866743, 1.0171998090222178, 1.395679968855129], "[120]": [0.3501662460825852, 0.08335868466474135, 0.018146074001010724, 0.2807847934895932, 0.038096837213750796], "[140]": [0.42004036475910744, 0.0, 0.0012944018544974716, 0.8616034968955593, 0.0034136355861761427], "[160]": [0.33806313253228276, 0.0, 0.0013746920115132453, 0.8983851104667598, 0.0003032037796524355], "[180]": [0.29135070763334536, 0.0, 1.3697878759905188e-05, 0.4260840768708116, 2.692083778970922e-05], "[200]": [0.27248867445375907, 0.0, 1.9972218048658267e-07, 0.26649281508852746, 2.39565467839621e-06], "[220]": [0.2570032196208912, 0.0, 1.0995114168317081e-06, 0.1435840605634349, 2.1247416423348978e-07], "[240]": [0.2352037910092228, 0.0, 0.0012261376213525772, 0.11936803546538942, 1.8894152068169184e-08], "[260]": [0.22592282005267134, 0.0, 1.365472162752909e-05, 0.04950318617854456, 2.6548598101976935e-09], "[280]": [0.2298373838137155, 0.0, 5.992206441986699e-06, 0.01740682219826283, 1.487460584751161e-10]}