{"[20]": [3.8129761587429627, 101.68808725749199, 41.00000000041028, 36.58859107977852, 26.621596113591753], "[40]": [90.54025010808823, 1460060.1395727268, 751.0000000002077, 129.37722404911506, 258.73691587011854], "[60]": [2149.0917495285394, 13829.747042574501, 13825.000000000075, 3069.3332367481635, 14269.709815428074], "[80]": [37950.553437462404, 64828.98820084873, 13960.000000000022, 125480.6105595504, 17925.38686669869], "[100]": [2824.9348424645923, 23516.48413651019, 21788.999999999993, 140277.540479752, 873.4243657888146], "[120]": [1457.2311071147383, 5453.409536998167, 5552.999999999997, 34321.914985085736, 1314.4733863123984], "[140]": [1606.0177998706654, 882.4661767129314, 993.9999999999991, 11876.081620079703, 549.7933996958677], "[160]": [1213.9367451737928, 139.4392595877563, 193.99999999999972, 2035.1629570506193, 139.2024979123437], "[180]": [882.6355864472399, 188.18409659461096, 32.99999999999982, 482.19623218991455, 27.924574436305157], "[200]": [674.1665811155239, 88.71931455326133, 3.999999999999994, 28.453121056743385, 3.462789641574239], "[220]": [560.9748495926838, 2.001, 2.000000000000023, 97.46936077764087, 1.9585094013433733], "[240]": [544.4429584046748, 0.0, 5.095495857944973e-14, 73.33265771138622, 0.0038579378390124724], "[260]": [611.0397065289553, 0.0, 1.216073317155514e-14, 86.72452353676948, 0.0004647490302528103], "[280]": [733.1687549019321, 0.0, 1.1374917389937072e-14, 56.4576735465547, 0.00018329748612416725]}