{"[20]": [8.0, 8.588702681025845, 8953.041174280119, 8.956521739130435, 7.599039071899713, 5.07271348724739, 3.2331837298525756, 4.624291167885745, 8.559216364316953], "[40]": [37.50497921591981, 29.67789650153322, 56258.161121204466, 38.05569504283698, 39.95334451233091, 9.714548518351755, 51.397111562075274, 8.104691730785486, 98.83446317342741], "[60]": [49.001826851054474, 39.853456329301615, 9876.31904189945, 2.2469129161161754, 33.2327379868949, 66.19859865251694, 65.53353182705295, 53.88566650828252, 81.0434159623885], "[80]": [169.76464610898466, 15.182482510769193, 11.630516876998948, 3.038719598368934, 3.8983088607674037, 200.13454735033048, 120.27516285926613, 70.94607735023006, 62.147172963700065], "[100]": [666.8137765345022, 275.622219828465, 34864.84508733894, 97.7799064711217, 101.96072754040472, 667.2345431124697, 473.95188684113464, 177.45374728311967, 302.37359658487725], "[120]": [1932.1842447844551, 146.86377446553175, 227216.3899729155, 900.1098935077473, 928.016750421283, 984.9926302259744, 503.1960806037008, 83.82971905168093, 2102.759563492012], "[140]": [1744.8426015456864, 373.01996260493974, 57397.36170746149, 1936.1348949750507, 1664.3911782409477, 1074.3258245192555, 201.78747621321259, 312.9495989387974, 215.40916679507134], "[160]": [849.9897161925923, 37.330116032846824, 1187.2634283602542, 213.48711626224394, 311.3279911060232, 373.68986385496027, 660.1997665623942, 819.6063189223047, 56.464791694638826], "[180]": [1149.753388073182, 367.2064526153549, 36.88356471646055, 109.95764918030989, 119.84912117808801, 583.9111583688184, 8.654555014456928, 15.347096651177353, 242.52606147262722], "[200]": [929.6130295713309, 74.59217126101854, 44147.87847507192, 80.7811656117188, 78.10953814157125, 546.7086554632007, 12.600966316329144, 40.32133300495686, 20.87423474187302], "[220]": [651.6014276439834, 32.06917265476186, 6.119790522991455, 35.46246552295357, 25.232633898891738, 381.6578065060623, 52.583427002586255, 2.314672157647154, 28.565859400715407], "[240]": [519.1941948956847, 95.74161820971166, 72.36799507747784, 172.0154969167903, 163.52186190408267, 138.52398867630535, 151.57254391286548, 105.96191157286874, 98.10732899720658], "[260]": [278.846331305272, 43.55039377268274, 34818.03608395112, 127.20141427986711, 120.10567885815276, 104.3823430257649, 62.35349812582139, 42.080838701601145, 63.693880518122384], "[280]": [188.60949731094183, 28.991442976227003, 67406.84972658276, 8.530898833597123, 9.183926672946633, 25.625327583353815, 58.13380166082957, 58.250995906934804, 67.02494114250626]}