{"[20]": [3.0, 3.0, 3.00000000007138, 2.9999999999870344, 3.000001266604183], "[40]": [11.871159634758328, 43.21595745358219, 10.50629293452392, 35.60460561419667, 10.091448326171687], "[60]": [157.72571423033446, 85.82930698651441, 67.55969566552847, 25.732707607739485, 188.40922119661485], "[80]": [54.884329573584296, 81.04094599945074, 40.169274002776206, 190.6320049277041, 193.9542530327364], "[100]": [40.07334150028419, 2.8739077477744104, 87.9437581205301, 66.7320332093077, 63.35891921855483], "[120]": [22.979918924975777, 24.4376653806313, 12.99999992209365, 8.516311569858772, 61.60254360828651], "[140]": [213.7437247283665, 240.9102901424228, 508.0000000260917, 234.86701804962752, 489.99043688576535], "[160]": [575.9071764638829, 896.5140379273907, 5304.000000008434, 1416.3522891251487, 154.6197671219088], "[180]": [2703.4588833837806, 13920.463855644884, 2572.000000002794, 3193.3135883041105, 1879.3852751384584], "[200]": [3463.435402444242, 2072.6236551965067, 6365.999999999185, 3502.227865032648, 992.3300593778858], "[220]": [569.5116779168316, 1060.5458575950165, 1787.999999999609, 7553.744143686181, 163.67979988956904], "[240]": [8.427911726046773, 18.509383839904217, 396.9999999996818, 3106.3501131773737, 71.79302015347866], "[260]": [157.67438296633156, 44.445438574737324, 66.00000000031756, 893.7452730328896, 13.570031829538948], "[280]": [477.31012352273564, 0.23510827554340086, 5.0000000003189005, 3517.0469932974165, 1.4444444131776297]}