{"[20]": [32.285714285714285, 33.33179988045643, 2134.0316902892414, 32.285714285714285, 1.037154314613744, 177.0108297657495, 181.91029100907485, 179.03553903903017, 177.67980315418885], "[40]": [413.57142857142856, 354.88121397408, 219.48084060174924, 279.7044112849569, 242.02579881232606, 208.9453257731755, 444.1047284008947, 209.18867334040166, 449.49695825607387], "[60]": [7503.142857142857, 5153.589165305363, 609.444879745055, 1102.9613781132966, 1127.5342091783423, 6424.718845656025, 6777.193359742936, 2782.4345437052243, 2782.1416901293633], "[80]": [46631.28571428571, 10929.031738192025, 65413.9684923187, 76025.94411258944, 46234.54798056316, 8453.748387695821, 5862.522727706266, 1421.0968414549206, 6346.678914158489], "[100]": [25944.0, 3639.246369739616, 98546.65681650545, 293948.23816859623, 33051.960690299864, 23281.631186945822, 18470.215533233764, 25670.34632020625, 13019.553840597458], "[120]": [23207.14285714286, 3646.0138964729576, 4070.9158827535502, 306793.97520095436, 225766.8418466124, 7725.0007074915175, 2459.8073987290827, 6852.534784374511, 1796.559347692677], "[140]": [4430.428571428572, 2645.6488396381446, 82.14683706903384, 535.3371645915079, 848.3593612822352, 1292.2898601031352, 244.93907254642045, 1083.3047457606358, 202.49197168100477], "[160]": [696.4285714285714, 1346.8771350574589, 20.682465724312635, 2195.783188409923, 2582.124424030252, 195.5183582251513, 6.492673999837365, 155.7595865790086, 0.15582794751597362], "[180]": [110.28571428571428, 1225.4476738477533, 17.580649935225058, 2228.28384869534, 2253.0141896721325, 25.738754897842227, 13.744012165491235, 18.7620396675983, 538.5382527332063], "[200]": [25.285714285714285, 1035.5384939133273, 0.5318152784718198, 2165.959733347214, 2230.9810657074718, 4.425303905952017, 5.983073531382057, 3.263791412433253, 274.84267855328704], "[220]": [6.0, 842.3406381944642, 0.06381140438985478, 1653.9745611073586, 1731.8629711823432, 0.6143194552612514, 1.6290190871381203, 0.4236825196519045, 2.227205233942905], "[240]": [0.7142857142857142, 724.7381190318174, 0.6730451462234338, 1343.7743711498895, 1391.6370297628118, 0.48138074428855304, 0.8068725414086585, 0.5117520996630553, 0.883270834266452], "[260]": [1.0, 639.2531164707798, 2.290320557361416, 1142.9745253374388, 1181.5239882375422, 0.49072986793187967, 0.17396348469619533, 0.4859452163135838, 0.037072878133337366], "[280]": [0.0, 599.335604228263, 0.0001570333681613594, 994.1624683452872, 1017.6995960140757, 0.0007765234896713632, 0.00034841468940291254, 2.941751915575149e-05, 0.002010385919557276]}