{"[20]": [2.0, 2.0000008256875623, 2.0, 2.0, 2.0, 1.9999970660978674, 1.999967466648388, 1.9999979163545993, 1.9993206813458584], "[40]": [0.31497935951878653, 0.3168259839287554, 58692.02943162012, 2.8944099378881987, 1.8952924697062794, 20.917842463511096, 17.655833215870253, 21.980466206731673, 469.813034883447], "[60]": [4.583084105072348, 3.6654374623723847, 2.6687456783165717, 6.506647322789965, 3.0450797580647793, 2.4999477774593246, 8.823874064546356, 2.30620196997691, 12.646104692426478], "[80]": [8.41935727963211, 8.076901000631095, 9.860817272156252, 8.679135417719111, 6.442520410096108, 12.670142918027647, 15.824293732780808, 12.686538757761506, 16.16954183937826], "[100]": [2.467476896353215, 6.559113863191516, 2442.7561187078254, 9.66330645266514, 2.8383131952470144, 11.91595855225829, 16.252278492188978, 9.183543683193635, 112.97954188865712], "[120]": [9.045900672170855, 5.210448785399856, 14438.503021501703, 9.284008751802673, 8.269082756822794, 19.118418726854987, 22.306728681891308, 14.060887383947811, 193.30409410787698], "[140]": [22.441865982960103, 18.252185836249605, 10086.502391677692, 1.795301326568888, 4.279925761348254, 34.84712723959492, 43.17588701171961, 7.693565107783128, 54.7169051124237], "[160]": [3.6521328811157394, 4.516220023848927, 16.148585716031086, 35.94185937808415, 36.66450951898145, 8.427578015137831, 18.237634208035857, 16.70016986139408, 20.00786207338375], "[180]": [12.72599851374506, 6.432562505940439, 12.080344121375035, 17.12940490997533, 15.260052876344862, 34.245655340481115, 46.82705193653588, 24.521016778759464, 13.892004915607547], "[200]": [69.8476264694935, 64.84016481174761, 29.353147031309476, 58.74158416451387, 57.78841801812781, 104.96466009625827, 129.5026211747225, 95.38259182837172, 65.76464307122815], "[220]": [250.84505991125258, 42.27382998589613, 70.68844600405143, 133.8200481559175, 125.43594092235783, 233.35646547218948, 88.6167412388179, 214.53339615423445, 99.786177499989], "[240]": [446.3621378330425, 465.5186411251383, 70097.41265306981, 86.37626161861195, 88.48981969980619, 97.02430440694485, 983.9991701591416, 429.95830558777703, 233.4476036800914], "[260]": [563.9346803484602, 102.60701610146552, 23240.387873843054, 537.9097483278463, 532.9313882621874, 1144.0535219838173, 1755.9898558203902, 1144.0535217334589, 287.20886882058153], "[280]": [238.2300155762888, 306.8612858063415, 3367.9554423173213, 211.020962894348, 218.24603842326016, 652.164765433674, 1555.9859760467152, 652.164765391145, 348.75836500179713]}