{"[20]": [2.332918124780142, 1.0, 4.102805872818749e-10, 0.8581428571428572, 3.2951906227864836], "[40]": [25.843199797001844, 27.0, 27.00000000020768, 26.394181663488123, 25.437247104978056], "[60]": [83.08331674977009, 325.856136481441, 174.00000000007435, 195.5433372765189, 174.07081481745576], "[80]": [81.88206477072924, 36.764835021051454, 161.00000000002495, 5.2393617539239585, 312.26885227136086], "[100]": [28.535385150488764, 3689.567942326019, 237.00000000000819, 179.28959692923945, 6.5597946330325385], "[120]": [30.411365209869246, 352.61921275458985, 297.00000000000273, 7.393684914402002, 9.980857355156786], "[140]": [756.9746096538734, 3783.9411603778863, 3161.000000000001, 1067.2322099833737, 638.3952555890419], "[160]": [1576.9755589575107, 9930.053749038432, 590.9999999999991, 10907.835318505717, 650.6288179777703], "[180]": [637.8026455822474, 630.492115415916, 2429.0, 9276.478772003893, 10.265259921700363], "[200]": [257.7641878068482, 96.48007366063104, 687.0, 4510.248910733892, 19.791564392979637], "[220]": [89.7231955236555, 46.245454525643, 147.00000000000003, 1673.7744204042137, 30.8242693932753], "[240]": [11.217115159247435, 59.44848796741418, 51.00000000000004, 728.9872231721788, 31.168734271371434], "[260]": [0.428358555117585, 1.9139031747563466, 13.000000000000014, 389.0981075029051, 10.112287629013448], "[280]": [11.784918218853573, 14.959284682657817, 4.0000000000000115, 231.56801627347932, 3.682039407342038]}