{"[20]": [17.0, 12.823873183826311, 4.191256466797686, 6.209216589648621, 8.57387670472447, 4.007379436001784, 4.679940525973908, 4.0112447282823105, 4.627906298267185], "[40]": [215.28571428571428, 106.64442170792847, 12.65092194510504, 36.365818582110194, 5.9499326720268755, 35.61601852538604, 224.28412905954252, 35.88871141798552, 72.13884330601354], "[60]": [2597.142857142857, 782.7407194585844, 212.74208428681686, 202.42178429306205, 197.23799931183157, 1786.58151323806, 1601.8983581076245, 931.9425890312114, 982.1469366794354], "[80]": [17518.0, 6771.004184549474, 3595.2234496140045, 1314.352496705691, 123.79840551081725, 9004.441419482544, 8299.754124793933, 8769.894725886075, 3068.6429932371284], "[100]": [11142.285714285717, 2274.55027595743, 31509.286105932682, 39503.95166516718, 28891.839577040002, 1639.6638358559067, 4478.644476703645, 3993.4338092659746, 7390.971555423603], "[120]": [20777.142857142855, 2029.6525039021508, 10796.558047456216, 401.03806808544687, 1063.5840982537484, 6681.220185505561, 3738.1420772931015, 6053.041450716701, 2499.057124235813], "[140]": [8357.0, 13.508187930474378, 575.0507017639466, 1198.5370522257508, 1242.8804815237745, 2128.398078113729, 274.1132597497799, 1883.514297163052, 194.43531133407487], "[160]": [2121.0, 916.6417450169429, 8.295784965849634, 690.5974386556472, 675.8333109472419, 455.40533797803664, 67.18395190685897, 398.64554428667725, 2034.1294069631358], "[180]": [525.2857142857142, 839.9061252905012, 37.37285955849029, 406.6139207990086, 412.3288813898089, 75.78472824973733, 77.59503063673117, 64.42691161463517, 80.38360237967174], "[200]": [160.14285714285717, 817.6383409117716, 1.6475635423779238, 107.81814353525135, 115.87992988843257, 11.310344039832358, 36.99710171509892, 9.194793067043634, 36.40953871403559], "[220]": [42.0, 816.2055707291911, 6.749414757955478, 143.6560420441004, 160.84500906658536, 3.569093692417553, 21.81024656896303, 3.9463423009243854, 171.16548473754418], "[240]": [3.5714285714285694, 756.9655503539525, 16.684422110967898, 216.74764741815193, 222.82179194016192, 9.678418499700044, 17.498205731830883, 9.743610915161867, 17.172896563447093], "[260]": [7.571428571428573, 600.3984267228607, 1.848948565812453, 170.66506476520584, 171.94499623522273, 0.7906422319161308, 4.9742935881496795, 0.8017451665542552, 4.776985960094498], "[280]": [3.7142857142857144, 515.2015446846726, 0.1562365652647162, 146.64734256247976, 146.967647174336, 0.4152974503372189, 1.2872548954855159, 0.4171587222573967, 30.40559110042821]}