{"[20]": [2.0, 2.0, 1.999999999761008, 1.9999999969925175, 2.0000016571140904], "[40]": [4.130926287901792, 9.188660781345089, 8.954992056658329, 65.18311415652602, 12.10504031131527], "[60]": [5.918599691511625, 32.68863184549362, 18.983690049389846, 4.0883044281717575, 25.265721063211082], "[80]": [14.134615627389772, 63.69958504439627, 30.996814513285216, 13.152936123487104, 19.62034949666675], "[100]": [3.9875862039145726, 60.61087724536085, 131.99917151936975, 34.25772532931402, 157.6053269787941], "[120]": [64.76450653278826, 102.32454876323094, 386.9862143117852, 14.388347889527475, 95.79863666866233], "[140]": [246.5299198031366, 117.82008551431966, 901.9831104748556, 95.36815078064308, 721.7590116273071], "[160]": [216.20821314890316, 1799.5454591646233, 300.9488960663692, 1367.59899289495, 12.519625814376372], "[180]": [47.826714240541534, 64.13492149931777, 126.77179274496011, 1834.3673114524834, 441.8797841266486], "[200]": [231.62894013293618, 892.5415097202483, 429.9805165683279, 2270.5432384751584, 206.10508789403647], "[220]": [183.75443957360466, 406.655200401694, 443.88786553679523, 1674.9939487310505, 30.923074301405613], "[240]": [88.20480447463491, 166.0379589870757, 337.59317611097396, 2340.9123149297548, 120.67556575432707], "[260]": [27.731845699610147, 5644.465290220019, 222.97804295225507, 2324.0934522049142, 133.5177938303924], "[280]": [7.609022213438977, 5.859111625934133, 102.97198950610269, 942.3691003260209, 34.15175647145275]}