{"[20]": [3.0, 3.0, 3.000000000150173, 2.9999999999999964, 3.0000019296851117], "[40]": [2.0262697008150727, 1.2239513054217515, 5.000000000207681, 1.3709922576751161, 2.5551059633211004], "[60]": [10.294822200034204, 18.73712170541484, 0.9999999999256719, 9.651436928661557, 0.9117964453646152], "[80]": [0.8752620699738438, 2.98594746660215, 1.000000000024957, 1.7786062462347214, 4.8636881694182605], "[100]": [0.30799492187531996, 1.9542666852954067, 2.0000000000082556, 1.9434139884773352, 2.7109503514831346], "[120]": [4.4256333096834695, 7.4772960947226395, 11.00000000000273, 9.716060026010204, 11.072005975034427], "[140]": [6.331175429972049, 3.100912440738732, 14.000000000000906, 7.663319708533322, 14.004512479321725], "[160]": [10.92886123078059, 1.278053829261026, 5.99999999999973, 21.67528712636797, 5.998142474858383], "[180]": [8.099422148301983, 15.808618863956937, 17.000000000000178, 5.918697128224039, 17.001784787057915], "[200]": [2.3165048808944846, 64.76273999536281, 64.00000000000001, 40.713859363377765, 64.00004967847426], "[220]": [74.18595633038314, 5.826305655606404, 228.99999999999997, 161.95781582045058, 229.00000216733642], "[240]": [16.01633415756328, 3663.22908520913, 496.0, 233.66945187546708, 496.0000001893794], "[260]": [36.98513596849534, 134.18994275043246, 340.0, 306.15794491709585, 340.00000012759324], "[280]": [0.8470903777788408, 376.1503179709373, 212.0, 1296.6568629674753, 211.99999999955253]}