{"[20]": [9.0, 9.0, 9.000000000150173, 8.999999999999995, 9.000002946704665], "[40]": [0.15055254186862044, 28.95030319272911, 85.67481861636111, 6.7459339500833835, 51.31632158360151], "[60]": [1110.0659721972795, 1202.3218578499725, 162.67255133463095, 521.948649201487, 1299.4363624591494], "[80]": [14861.269069480426, 1094.1304627877216, 17957.00000129162, 5556.320519206318, 11750.329092569415], "[100]": [24091.880585006962, 128297.24676265544, 24979.00000042728, 68065.51014281367, 10572.711152140262], "[120]": [16105.329393787972, 709867.863761424, 31388.999999858737, 89320.98925832765, 1014.9456755501706], "[140]": [3173.8052734479315, 13421.571442373079, 10075.999999953181, 61493.95785996635, 272.4886812780014], "[160]": [99.33233393087858, 2796.858142857143, 1993.9999999847337, 14010.924666582807, 481.3147574970485], "[180]": [322.04908126733056, 436.1728437051379, 366.99999999505224, 2956.093471041013, 116.90859723882136], "[200]": [303.1153434911901, 596.4912257940539, 70.99999999831095, 295.7628595163087, 38.28318647062148], "[220]": [268.8313765676676, 5.026584778000125, 13.999999999152443, 302.9828628114833, 10.461184781640277], "[240]": [265.4365928433702, 0.11741007863176688, 0.999999999307835, 219.2830688961085, 0.4873140660344477], "[260]": [300.99987341465805, 0.001, 6.908368993953365e-10, 194.39772530741016, 0.05341280593964824], "[280]": [365.57534842135647, 0.0, 6.935553993128534e-10, 186.88510289123155, 0.00925942350844027]}