{"[20]": [0.0, 0.0, 7.137977433891978e-11, 3.2810088385806005e-14, 1.9333297632306143e-06], "[40]": [0.6599409476411033, 1.8500843691131588, 1.0000000001119083, 0.1474679500198981, 0.34056583792338113], "[60]": [7.4051006734360065, 8.861904281920717, 3.0000000000407567, 0.7116342202317192, 4.9998570080445335], "[80]": [17.47415399498209, 49.3032858527806, 60.000000000013735, 45.702378816936495, 66.71825538567141], "[100]": [32.56668210735211, 60.8006610151549, 650.0000000000045, 398.7667243391993, 252.12532575955265], "[120]": [229.03285195716126, 3235.3047777838296, 1517.0000000000018, 183.6551305753892, 372.54225330897134], "[140]": [1041.9552422383358, 25094.521159213058, 1276.999999999999, 4012.436709652804, 261.40528029424786], "[160]": [376.1196776449783, 16023.612856863863, 814.9999999999998, 2584.7269294499793, 110.76493234840905], "[180]": [50.06971942877263, 145.2364858264471, 182.9999999999999, 817.9105965180383, 7.744019674287642], "[200]": [25.971079826262127, 29.29959098551413, 26.999999999999993, 236.40673279178623, 8.153988083715092], "[220]": [32.03621847743749, 11.63972640963785, 4.000000000000011, 78.10537506586968, 1.1609551123101136], "[240]": [33.847800136646505, 0.001, 2.345251993664329e-14, 26.235658708413553, 0.9547115550307224], "[260]": [38.0920279740783, 0.0, 6.090456127421861e-15, 19.92107251443258, 0.14150500432603244], "[280]": [45.86892878079019, 0.0, 5.626124413078368e-15, 13.34592831332742, 0.03279120823914668]}