{"[20]": [4.428571428571429, 4.1015591949810055, 6.637572712178018, 1.0, 0.2961685091293864, 5.0602738482751, 5.023835069811346, 5.0593529697735615, 5.309359818590053], "[40]": [13.0, 9.600449970919485, 17.961812410102887, 4.390766157514065, 10.10605577928434, 9.79323559185785, 16.747262034682826, 9.779049999774678, 18.01069890336241], "[60]": [4.857142857142854, 3.8627060285847534, 0.5441898420178788, 118.3564301996324, 28.37656669194225, 10.587404183271651, 25.609996068764012, 9.332761443621745, 13.855993792395356], "[80]": [10.857142857142854, 8.794919853305174, 3.218812909914824, 20.17226170882313, 13.234550826552542, 20.958990402098053, 44.0036439480581, 18.796387090743174, 7.997838189320767], "[100]": [23.14285714285714, 23.283302273558746, 5.520108300125074, 18.604729456869904, 14.617581942880136, 38.615393952280606, 66.64965884741845, 33.927713889711185, 20.999778900701926], "[120]": [75.85714285714286, 63.72233549211225, 40.82134525897709, 42.436058620876054, 41.45090176025599, 89.4259539071964, 126.23042771337423, 79.52032287522445, 61.513895442480504], "[140]": [77.0, 21.604680924005606, 58.86472070447263, 44.86161746278674, 53.43947547068933, 62.52154146435754, 101.87927872482618, 17.841014640333185, 11.894280989318702], "[160]": [25.714285714285722, 30.723188465252917, 72.03758209628916, 51.312250212034655, 52.17330281876855, 57.92508206571142, 125.52253387522103, 12.747319285017397, 11.579916235980875], "[180]": [178.1428571428571, 39.84626380431973, 23.58528912821805, 50.80438075804011, 57.6356684553042, 235.62507336439978, 387.16588847697074, 156.48703051317295, 106.41752786499717], "[200]": [636.7142857142858, 195.91472433441754, 106.23709938567845, 81.33042373748322, 87.07686544052035, 592.9217031669468, 624.4702735888363, 383.3184362882721, 377.1085134179864], "[220]": [1323.4285714285716, 159.4238122036968, 392.4913757354134, 79.29242017504475, 80.90537934638269, 1870.5171131865536, 4075.224569388607, 294.1930623928479, 628.1773059535981], "[240]": [795.2857142857147, 255.30102171060662, 1090.1972533055314, 186.98754020889191, 197.64657347355205, 2131.370889050926, 5631.841263335342, 2131.370889074191, 93.25997929172536], "[260]": [1074.2857142857147, 123.99417950372936, 1113.117195803462, 280.3160768880043, 259.5453882425754, 938.4662489916673, 1083.7303189364793, 938.4662489930961, 1182.1577648251405], "[280]": [1325.8571428571427, 57.840319656830616, 177.9794169378415, 518.2804720949589, 548.4423754053932, 12.40708063054899, 960.4316301042709, 12.407080630615383, 1191.3051660356232]}