{"[20]": [3.0, 3.000000825687562, 3.0, 3.0, 3.0, 2.9999973665461304, 2.9999400910838023, 2.9999997019740667, 2.999999690005653], "[40]": [29.66978026598061, 16.31121052357465, 60771.21767884452, 53.105590062111794, 4.938218949096224, 11.620074387873148, 36.67457198429499, 10.920225855959291, 21.506947232369484], "[60]": [27.32141683012559, 20.057159204166656, 10.952606728359921, 23.31041934542652, 29.695628903857795, 39.710252672252075, 71.41529722668943, 32.35645027546706, 16.42115938092102], "[80]": [102.09906559407298, 32.25622819410021, 19.763057826909566, 5.079787006694796, 5.347787627856444, 125.23280068662083, 77.73605278894854, 108.88384684505976, 51.623017133071826], "[100]": [224.86092259025446, 19.397638784725686, 22873.955387682374, 68.34444926231187, 34.08971118833381, 246.8307986933793, 136.58474868318558, 24.743903158401775, 123.87320625791143], "[120]": [1030.9327875289068, 188.75546418611086, 12789.231806305139, 72.35040750360666, 51.373198158864774, 843.4619183056336, 582.6776071029539, 254.0062933167622, 567.2707456327233], "[140]": [1941.9449633708086, 176.68785509536477, 560.4133549696523, 234.77432861439766, 180.15698059417062, 1048.9180366168553, 574.733767923297, 550.9825551429352, 2275.9051944740836], "[160]": [2219.4261919900523, 21.59281277532879, 987.0094884795107, 268.97695421285533, 137.7253496983755, 1658.258307466855, 704.4527890151185, 680.0034178551873, 178.78714423480565], "[180]": [1297.2646834506916, 64.54297228285806, 49524.04439532863, 42.5360489771884, 90.74383833521864, 2215.5995488764484, 451.8391928767613, 532.8915407628989, 292.3566285683119], "[200]": [1503.6725566054915, 434.86310987344945, 211.28408477935298, 1518.780776849627, 1444.183343378506, 3745.8680010977323, 852.2602533076425, 1318.4803873172182, 381.0206332201513], "[220]": [1718.1156424858389, 192.27620085242447, 1959.1522854145378, 95.19623658547218, 73.82979277664457, 3864.5585455046175, 1587.1499507734134, 1162.787181405092, 1228.331703666574], "[240]": [2836.436756871789, 112.70355991865907, 494.4153899503937, 635.6323467111822, 624.1032540528695, 1393.5892849560637, 2078.9677818606137, 3044.870790292137, 1473.5079961829485], "[260]": [1864.2671093769184, 55.271731877652684, 43582.031454440716, 275.2031643186817, 265.28450987188734, 416.07587871811853, 952.986273383482, 1590.366810088969, 797.3944038549953], "[280]": [1098.3828564172804, 67.03078949858376, 87.14936216369878, 202.08199400059465, 181.17834129151024, 2.9182173100429467, 466.55594063557544, 819.4571025017564, 343.35257952489013]}