{"[20]": [2.0, 2.0000008256875623, 2.0, 2.0, 2.0, 1.9999973665461301, 1.999940091083803, 1.9999997019740667, 1.999999690005653], "[40]": [1.0, 0.7832123579819543, 0.39805108920569526, 0.4392508893072298, 0.6922333437900019, 0.15944115482223642, 0.6082351706817127, 0.2405837520538748, 1.6683370359600211], "[60]": [5.580631929003817, 5.696877976092164, 1798.8406065910544, 42.79757009160296, 5.407198964604068, 4.518600212013089, 8.337290803163707, 4.486102424819079, 21.414649730322964], "[80]": [10.82670497962465, 7.761389106175659, 9137.114175722987, 3.234108419932039, 0.7315588470806028, 11.688667444093836, 17.182545688937765, 4.1404640929358125, 13.314573885009477], "[100]": [37.02878166651772, 6.6235156346163215, 40951.79281772356, 6.997789289229779, 7.164875523862991, 26.38636300264739, 26.372474277802578, 3.9818999955975682, 2971.500153203422], "[120]": [136.03239128247822, 141.44407623006725, 51410.482698962995, 17.335671236812896, 11.759197868725925, 102.85921826776823, 108.37635929922634, 32.30650086250529, 497.41191594133227], "[140]": [332.05261785243385, 124.32113249300532, 79.08977391133276, 102.61924389125406, 104.07500515951122, 147.55035776881138, 64.62565957289051, 113.62891360422829, 94.44461176734544], "[160]": [565.6132269836281, 8.951480654697106, 91.95224454306097, 221.93981982129023, 224.95825045508312, 106.81723716660075, 213.7893157181569, 247.21873463101522, 62.15825917346928], "[180]": [18.01313500414449, 44.31656585919789, 49530.459077333326, 49.721175661019736, 45.531207536337085, 15.434778870777443, 13.138897561365473, 55.26458988414637, 1188.6767163703148], "[200]": [451.6688132450387, 17.02532147386324, 23641.73028931013, 134.85575329884935, 53.39239262161088, 117.38692204001539, 115.86476071366673, 114.78234396279474, 275.86306364523205], "[220]": [335.9408277698987, 11.559631811545525, 39.26247518877855, 105.56924180927031, 99.33582442464936, 81.63054190850515, 49.40388760730535, 69.16553927381617, 11.844053088042713], "[240]": [156.11475952088762, 11.332424365760783, 26859.325082722575, 27.116353609706444, 18.110801297475675, 40.733278133170344, 24.720334112503327, 33.73131378203239, 12.179976184090341], "[260]": [53.54964128739486, 16.914154912649106, 6.272247434490214, 1.0975560756140015, 4.38327721668422, 12.59235385896474, 5.209598695184527, 9.482275473438637, 0.38417621225353826], "[280]": [26.45980302715966, 24.72849867013346, 3.0098084815770934, 40.53785344735507, 41.6379545455257, 10.062591821192862, 5.496976641616828, 8.827313786625957, 2.2599915698148445]}