{"[20]": [6.8770354088632875, 7.108098584247412, 173.3593520410967, 7.975155279503105, 15.126829789906942, 1.6080318588294442, 2.306598229055533, 3.2972403464443256, 59055.46232070101], "[40]": [57.56138552555086, 30.695104644558338, 6.043811855324413, 784.0003216957432, 17.125388050521167, 10.312716754106114, 55.069866348780735, 8.20739504180525, 34.585088799271816], "[60]": [238.67046727872167, 75.96855588224102, 194.46320721282103, 879.0596690456421, 245.84503276096115, 169.87192326673744, 83.71190655701339, 26.571205823046192, 295.12302953807796], "[80]": [74.29774132381485, 45.13023212135593, 16160.676757367075, 379.97361217360174, 286.60549803297215, 180.1445853506919, 30.87396548968064, 5.92446999640084, 54.94108587738684], "[100]": [67.83237650532546, 24.701706413108976, 3888.2088635432533, 43.92516195935997, 2.993962786061062, 245.41697498043757, 49.3957469181512, 65.49538988350686, 50.83446150421714], "[120]": [43.93973479845478, 9.461265710391446, 2.8103329357256244, 41.083464312386994, 17.121221385060043, 273.9507837820447, 30.45231276428726, 40.84281262301146, 21.00438967381729], "[140]": [3841.1924053237667, 1638.442534568059, 2380311.6522721467, 448.6354182389695, 155.1015921673949, 4103.9240409676695, 3476.917679415754, 3874.0297345036956, 4542.1959631337095], "[160]": [20827.99076693136, 1339.6736817947128, 1332211.8503571071, 1125.9417905778546, 1346.2650685075162, 8254.486644008357, 6297.048426292485, 5676.274733950639, 100257.7492524103], "[180]": [11665.288184401474, 416.44623937225913, 7038766.315527204, 1797.2309514637714, 2576.549416729787, 4530.349936172366, 18801.262864543278, 13406.957617367903, 13345.547239249861], "[200]": [10259.19278190142, 1012.2786108647314, 1541841.3112037175, 6433.363476544415, 6308.510367378679, 2769.017532911213, 6888.850073355966, 4637.327934894322, 11664.291376010928], "[220]": [2126.3592762216404, 174.61273329628895, 5735.816182187235, 688.2281862364181, 459.17096000300666, 560.8276618729595, 1321.2969943051319, 1390.1101305087814, 4679.265432995433], "[240]": [446.0258735799044, 173.10487524767063, 18903.010561759787, 12.332912527387096, 26.11280948852598, 152.31229600987947, 504.1939898641576, 425.38834487045597, 1225.7707815995698], "[260]": [64.99989681491672, 102.93150711355948, 5.040904985484335, 45.883886352404026, 52.48522793021304, 26.45638040829316, 141.33830970046253, 72.84463131941898, 429.8545484607799], "[280]": [3.2751885786796526, 97.81723294785994, 7666.9304397113165, 91.0577384653956, 99.76890274669243, 0.4016241316498987, 35.76135896178886, 27.040223325870876, 151.90511186799395]}