{"[20]": [5.114300299589513, 269384.3794329762, 0.8798820837246539, 826.0919375443365, 7.442274886814804], "[40]": [70.3714906477613, 107.11634469264371, 64.80915884427122, 11.534721810254812, 60.01418977914782], "[60]": [182.18000305011773, 1615.5843962912604, 1627.6953360035266, 588.2920849287613, 1442.4608336885778], "[80]": [3537.918692079389, 4203.657231289264, 15524.53374722089, 4772.801939551957, 6503.350036090252], "[100]": [10011.33449826328, 108596.2838919037, 9228.769306924432, 33888.13151911457, 1122.3626777357706], "[120]": [2131.1372183170397, 85572.54555068683, 6227.958820289781, 34855.702149857556, 1050.824304450213], "[140]": [273.1463708347586, 13348.02087868963, 1202.3122191740526, 19216.080215929807, 448.6310729164125], "[160]": [381.4141306907006, 2445.188521551089, 265.88838225346234, 9903.766840702412, 176.78861710061193], "[180]": [337.75825745035655, 1492.8040379990944, 51.77388302474923, 7949.593237792691, 43.43284381915144], "[200]": [281.8202900114146, 1.5169610811716978, 16.82086730739502, 1429.3415690318668, 15.555008269056291], "[220]": [253.2867938588323, 1.2709350301680065, 0.5568156095453565, 2775.379140947236, 0.9047149351813262], "[240]": [243.29646175802262, 2.13024753169545, 1.8029936075256343, 260.81480059675357, 2.987458720039362], "[260]": [254.4108762927538, 35.08836165996955, 0.9532640991599917, 708.116576031846, 0.998925684560723], "[280]": [286.1547544041907, 6.657929568273042e-114, 0.011824842934194465, 444.845575813272, 0.00015084556537738958]}