{"[20]": [2.0, 2.0000008256875623, 2.0, 2.0, 2.0, 1.9999973665461301, 1.999940091083803, 1.9999997019740667, 1.999999690005653], "[40]": [22.581067216786643, 7.1741622281119, 12.213564242696794, 1.939988307222193, 3.5590957673388917, 4.789549839722099, 22.140432259147428, 4.571628274974723, 23.604634804263544], "[60]": [100.54484017306937, 4.569022393481763, 19.40128877993007, 1164.744176601402, 94.6238475577411, 78.25150348267265, 109.26098908115843, 12.390821943799802, 52.94291024773884], "[80]": [0.5445642631089835, 5.174570013046821, 17.30444952757742, 90.99876029744037, 306.0383617914587, 40.51917778920601, 6.66392130347553, 39.52702174180638, 20.450159410031322], "[100]": [0.8272447144718968, 5.908911513782045, 16.722427520540883, 48.127631754283136, 31.626577085896265, 52.136216982092186, 8.244528358651772, 16.097023244030055, 6.224502441008159], "[120]": [3.5356426039870077, 4.4193967676030725, 2550.9603590016122, 5.0016915365804975, 1.970995898746398, 57.4491576620568, 0.7407416051856999, 9.805840757054359, 0.636587073012255], "[140]": [660.0949742272453, 328.41986572699835, 466.3257817483827, 184.0705338378923, 232.99694386193167, 726.7780312067099, 604.166808475939, 652.8004994870671, 604.2194263740355], "[160]": [4574.47039272853, 540.8866696670849, 1673.8429756416879, 664.7606082000536, 658.5052344614844, 1765.0051182219388, 1572.9510129463388, 2362.661149899792, 4012.306705428452], "[180]": [762.7368431108289, 631.9487496655223, 179671.6115609775, 1043.3172075818031, 1290.9898535339166, 2343.3203015715976, 3998.91503131746, 3209.1149797158446, 7557.4544503062525], "[200]": [3214.1821603762132, 330.6783691678285, 792228.4214332999, 1417.2413857513868, 1364.7631236440986, 854.8502046083845, 2509.700644387978, 1901.0270677748688, 51289.25300567478], "[220]": [622.7450350148939, 162.49581260221473, 30706.21426635472, 641.8339795133402, 633.4507265377175, 188.86194581113168, 815.5522291342289, 406.5063941155185, 1817.2675025426831], "[240]": [107.55912190027722, 32.56861456268548, 9.876594462998622, 16.346579971528612, 31.33521967456924, 39.61357272105443, 333.9574297285014, 80.08747693509986, 1756.5318353356138], "[260]": [12.461017447754898, 31.598184972348385, 0.5609110447207087, 30.505696986623494, 33.739897975919696, 4.4645011302922155, 120.87538189604034, 20.769666652584203, 591.817996003782], "[280]": [0.776035937701123, 30.101379159692566, 0.5079070447830111, 36.0086465938498, 37.64298663052259, 1.9490883410171108e-09, 42.80038994292546, 8.034707045768828, 185.14448543912215]}