{"[20]": [2.0, 2.0, 1.9999999998913862, 1.9999994443168803, 2.000001049028629], "[40]": [2.68490445281085, 6.4351989040345305, 5.927165403672833, 3.4154629541846906, 1.282215499330306], "[60]": [8.984121129060703, 8.413963538630744, 14.98227493582912, 8.133376846981957, 18.921005831591753], "[80]": [0.7965044349816732, 21.822385877479586, 22.996765338823444, 4.756070436695947, 30.565766387885482], "[100]": [7.46847973127862, 83.2988899182947, 71.99559527641689, 9.064933899864304, 35.84220966911712], "[120]": [26.953288997595617, 40.01751173723542, 291.97523951445515, 74.22300331218746, 67.39617350358797], "[140]": [7.77871230248303, 517.7850507171543, 433.94300850522484, 102.37353518985255, 267.0630475746165], "[160]": [79.70570988479885, 222.27001125494303, 26.86664276640494, 622.6174568256055, 91.16804312769607], "[180]": [48.740141722408424, 152.7589825102907, 141.75496579303856, 770.8523979158664, 219.64671175246912], "[200]": [129.3134416859955, 233.96809838769443, 150.9812962386201, 722.9232934812421, 121.18457260645415], "[220]": [78.93158345662587, 39.0693512778509, 200.8947759395544, 1721.4715464329768, 18.03619365233753], "[240]": [84.53171681804227, 93.79549863435577, 215.62085235108, 1008.5497256406061, 73.68010447836943], "[260]": [14.66273918563409, 67.69991018728085, 94.99452860307727, 691.7678628023197, 63.05716224058279], "[280]": [5.799156390066211, 4.5856088996259015, 45.99143415777593, 416.21950415427756, 35.01357662067089]}