{"[20]": [6.0, 6.0, 6.000000000150173, 5.9999999999999964, 6.000001929685111], "[40]": [10.764171831260281, 0.7858947492164639, 111.74602674682379, 4.808221641099934, 42.067538671650254], "[60]": [7.206547748321974, 1.0656608933504401, 4.00000000007433, 19.040256163756368, 14.915710284997928], "[80]": [1.7982020407141306, 1187.0058290743505, 47.000000000024954, 21.03476897231309, 64.26078527499278], "[100]": [0.06484336006710123, 18.31000198357424, 102.00000000000826, 12.145496707529702, 145.8383835657594], "[120]": [55.42613460392067, 204.29941508988657, 348.00000000000273, 79.3611629799417, 426.05452855078], "[140]": [131.15933065064587, 2392.9813101502664, 593.0000000000009, 178.9582266931759, 596.9794659763579], "[160]": [31.2261015980298, 650.2818049452321, 530.0000000000005, 1149.3893543433069, 573.7449782707733], "[180]": [31.668141854082023, 53.31959297765661, 657.0, 2026.445886724532, 371.5497690308948], "[200]": [46.378556024511454, 1822.3762771509987, 1122.0, 3009.3488377840094, 1202.8350115902108], "[220]": [141.39534670983267, 1181.1397272805161, 330.0, 5900.7677862499, 238.73857561136265], "[240]": [102.1762665309875, 351.8893686104134, 1162.0, 6509.560083230046, 104.86592753216655], "[260]": [1.6299540616930699, 487.3091865811134, 1029.0, 4862.267682719537, 164.41334702184963], "[280]": [7.117517885962457, 1825.3971263370436, 521.0, 2740.6801571914903, 112.9488150039873]}