{"[20]": [2.9537827229653297, 0.9999905485153916, 1.9501322778836538e-10, 1.3547208899019503, 2.1520203397178665], "[40]": [24.106940548733434, 12.498783985952294, 23.00000000011191, 19.971214987451965, 19.68573582455197], "[60]": [31.556932968339027, 519.3598653241794, 81.00000000004076, 90.61118064909488, 94.50005218326629], "[80]": [7.573539601587072, 168.11065090024636, 78.00000000001376, 30.44643923299327, 184.81118648441173], "[100]": [9.109355021281317, 318.84337925871546, 97.00000000000455, 23.216962286353123, 5.740875490582539], "[120]": [132.13346836399683, 433.96313102559316, 214.00000000000136, 79.00682444780705, 56.91297890124633], "[140]": [792.4443614787951, 1067.0456336748293, 2047.0000000000005, 1259.0164487464626, 489.12798017869954], "[160]": [233.00243910827248, 2526.902819529014, 1411.999999999999, 2524.72634380218, 1118.3580228538403], "[180]": [381.1010805836779, 148.13058640122586, 943.0, 2738.0163492657102, 67.40059738998389], "[200]": [271.0385469147234, 78.99061374226494, 204.0, 1217.00737450848, 58.15224314195848], "[220]": [135.18399807940685, 12.029435150822934, 54.0, 485.20252550430405, 5.041393921816166], "[240]": [19.67245527880663, 10.804669162743172, 13.000000000000028, 207.51429527851838, 0.03855097453268286], "[260]": [4.457886077979193, 1.1869223781827847, 3.000000000000007, 120.85011055660584, 0.4313812346158201], "[280]": [20.474746177565322, 0.5948290559058642, 2.0000000000000053, 79.01034291233339, 1.5101527765007496]}