{"[20]": [2.0, 2.0000008256875623, 2.0, 2.0, 2.0, 1.9999970660978674, 1.999967466648388, 1.9999979163545993, 1.9993206813458584], "[40]": [5.029310691098993, 5.0157878977643495, 1486.698194927924, 7.888198757763974, 0.39997631433646935, 2.8959749767421274, 3.560832321802921, 2.3556327064427873, 10.956767684192576], "[60]": [3.9888764660278047, 3.7189001550103704, 9.512546342196224, 6.3641014303018695, 8.142610501318709, 11.149446820348237, 10.623674561860513, 9.853464324379745, 5.416046748130501], "[80]": [5.414466319211775, 3.1927070964090993, 6.400694135432458, 32.672233779792066, 14.270062202065208, 0.14335147745445162, 4.332084245642008, 0.4814353520179723, 2.5758014447652635], "[100]": [1.0094762380589588, 1.18574249173213, 0.2639532408361025, 9.912616626491992, 1.9824394962213516, 5.458814798768493, 8.437628259804569, 5.461327169664185, 5.320919966515319], "[120]": [8.02661867870413, 5.184360493515936, 9678.688436514498, 9.40171606036479, 8.950004156341949, 3.907635251834636, 0.05539716751546793, 3.9064469234312797, 0.10134449683371606], "[140]": [2.373298495170868, 0.8302771535603235, 2.980729470761143, 0.08532156233820791, 0.08431921695857889, 2.5112484468890783, 2.983735016930294, 2.511710149073611, 2.9981923766081295], "[160]": [8.73063627896282, 3.6828416806013595, 36269.838206659566, 5.143571180846794, 5.033269242973616, 11.085572555867877, 13.997543772927797, 11.085330495027215, 9.610351872551679], "[180]": [43.17604151324863, 36.4914005183247, 7.413294272896935, 31.05618353995386, 33.84081200967567, 50.8294962859693, 61.99836986471241, 50.829547346421954, 61.85329915624775], "[200]": [133.33190435176664, 45.18309886949574, 20.42752997516792, 32.32744271731315, 27.56343295547401, 171.3468443327067, 216.99970121610343, 171.34684999566898, 1111.1134943467168], "[220]": [396.19502796669923, 348.9796641368932, 63.63472872781795, 96.85854497829774, 97.83214475137669, 534.6423334962265, 691.9909925217787, 534.6423341913519, 227.295081712758], "[240]": [267.57090455909224, 24.430978529580944, 199583.86061484358, 4333.687343129057, 4002.1581680513727, 93.14435990130714, 436.99992997617846, 93.14435995670121, 404.43290687326345], "[260]": [211.65954148963746, 29.932548372502364, 46.20705853259742, 730.8357197477485, 548.5205803617429, 7.8991636519703095, 164.99952326606714, 7.899163648191679, 133.84435092763087], "[280]": [346.62432291610145, 109.43058739780965, 398.38446963709777, 81.69342211503233, 93.48602961572048, 434.32265380356307, 529.9950762635058, 434.3226538034822, 299.9937946241656]}