{"[20]": [1.1380447998655567, 4.428571428571429, 3.000000000195013, 5.298074489838566, 5.822231203581712], "[40]": [4.459739687941756, 44.08395808614628, 9.00000000011191, 4.026039923853702, 3.0237807362302256], "[60]": [0.28567803677160697, 2.598137688637827, 3.0000000000407496, 2.92524740544939, 13.115918042605905], "[80]": [0.03426680279338257, 15.977436484357149, 14.000000000013735, 14.766062438908769, 23.711268322490433], "[100]": [2.7482621795179796, 19.045997219910134, 22.000000000004547, 10.141666156567197, 39.15737736771537], "[120]": [7.471221237202428, 31.697199088493278, 72.0000000000015, 33.8012920910906, 102.10587064510534], "[140]": [12.141403894898303, 26.592438516613356, 86.00000000000051, 16.324432107405528, 125.95969276903122], "[160]": [22.03295966792598, 3.472174253592925, 68.00000000000011, 143.44579469063797, 116.01233904989874], "[180]": [60.07691876876743, 340.587680225477, 211.0, 133.40671554041137, 292.12552820110795], "[200]": [10.115668232848748, 32.15628433769416, 606.0, 33.10921904004044, 311.9803848638385], "[220]": [91.75872455503031, 813.2045229159125, 835.0, 373.47556052393975, 326.63347612126745], "[240]": [64.73038893477315, 563.0323653514542, 267.0, 1822.7583047213775, 280.17414680393813], "[260]": [26.586187668466664, 600.7454151357156, 941.0, 3409.9557133412036, 317.61141265141214], "[280]": [22.8836829214481, 114.39234813666462, 743.0, 2576.420259201058, 121.63066986031163]}