{"[20]": [8.0, 8.0, 8.000000000150173, 7.999999999987051, 8.00000192967922], "[40]": [24.533944976410027, 68.60663747649004, 53.00000000020768, 41.24542382131823, 64.99459085642266], "[60]": [42.38735710340029, 1930387374.2621844, 517.0000000000744, 120.36955239585666, 575.3691129874777], "[80]": [415.4074090177328, 51026.195045961125, 3271.000000000025, 1019.1313772048688, 3443.632827006136], "[100]": [871.6287594488349, 964.6988509416769, 4462.000000000008, 1642.2862612672325, 4117.558829221236], "[120]": [1419.77311627156, 7825.210089011849, 4664.999999999996, 239.90395604150672, 623.5379082044747], "[140]": [262.20848109570693, 57.377537298599464, 2836.999999999999, 8264.604838482406, 356.5193174286428], "[160]": [222.08102375777685, 381.4481829781107, 761.9999999999995, 3650.6484706559067, 262.7414582855356], "[180]": [267.10078477666315, 146.02717532686924, 142.9999999999998, 1698.253290284778, 60.396229960888775], "[200]": [223.68511042447622, 27.9237871612791, 34.99999999999999, 793.1009425662437, 21.811497081976448], "[220]": [195.74683155922503, 6.772138247327263, 9.000000000000025, 429.44351365756074, 6.906815668467505], "[240]": [176.91395553816113, 0.7317856017150484, 4.000000000000051, 245.7101222259098, 3.668107009294676], "[260]": [155.7107620791199, 0.9999572914928145, 1.2212453270876722e-14, 0.11394052530179732, 0.05261640034366122], "[280]": [138.6679000373969, 19.094124862412205, 1.1102230246251565e-14, 103.81216171027518, 0.008341296578762147]}