{"[20]": [38.42857142857143, 31.525105525977786, 1556.6739594178619, 38.42857142857143, 828.8646420127649, 732.187853131779, 735.60193409146, 739.3417993149744, 746.6550528028152], "[40]": [60.57142857142857, 0.2089177690730395, 95.31703826976715, 2517.284721855561, 17.168967865557022, 119.55199291182274, 98.73731128995492, 119.36127891609627, 56.76062535059389], "[60]": [108.57142857142857, 62.52014170340681, 15.86771540012009, 69.84244037317393, 87.70708473818752, 153.2544269067539, 90.61929192906956, 147.30220408301415, 50.85406322460315], "[80]": [306.42857142857144, 203.358721859272, 98.74519500810487, 142.24534818226226, 142.81984517018293, 395.26389436773775, 279.4207432237536, 354.5075322690516, 282.1697235972324], "[100]": [1084.4285714285716, 538.7683475533395, 309.8287546917993, 147.86845188235316, 222.0812519416777, 1185.9631739873564, 924.8943612516892, 534.4363052312901, 915.8561671223413], "[120]": [2670.714285714286, 471.277861460675, 1228.1760013051244, 1488.5229989557438, 1481.0571510308546, 2184.0844067853127, 1608.6635144293905, 229.00369244567082, 275.16429007419265], "[140]": [3814.857142857143, 121.53148405144202, 2092.8014962347916, 2538.929449074205, 2913.240159179719, 3371.943636869193, 2025.6200001430097, 2308.1567388693065, 1165.9624772206398], "[160]": [3219.2857142857138, 169.8484521561386, 1245.1163506949506, 2538.7367996926077, 2610.0599106540194, 4332.742020707376, 1620.784151352549, 1986.206628356922, 880.2462971940131], "[180]": [3702.4285714285706, 1504.5154933153863, 359.2986351205982, 3558.1784584139314, 3956.1646333331555, 7084.218021786914, 2712.7112090592364, 3373.209824302665, 702.8379181678174], "[200]": [1218.4285714285725, 2242.578400375136, 3883.0285797374527, 3288.49971563102, 3240.1138737207148, 6435.42146522811, 212.02616620186745, 1817.1747621012437, 2073.6663615258294], "[220]": [5109.5714285714275, 330.51732306352096, 3395.6641661256763, 1797.9117574843658, 1785.503691742053, 4803.412861911675, 4501.2450638109, 4324.0937071795415, 6006.270453713532], "[240]": [5391.285714285714, 822.3654373674362, 1107.7761161899352, 2479.3391917793006, 2629.3157322012503, 1486.9915658563887, 3701.4512899607853, 5769.4291881636345, 3832.655331576987], "[260]": [3374.7142857142853, 388.90682302481673, 446.2070891269973, 226.16639622186813, 187.43006022127884, 147.6316313638722, 1508.9473077270386, 2476.420266487744, 1782.0802199725622], "[280]": [1393.1428571428573, 224.488186728071, 66.7309441202201, 218.47459080416024, 212.460710774242, 26.48741927031722, 432.47076848101597, 859.7531127328969, 519.4615093036568]}