{"[20]": [4.034997047357049, 4.674022053765322, 14.018089507625662, 4.9813664596273295, 87.32930613543137, 12.658616131793213, 10.445894612683873, 12.529471327472159, 19319.534524892195], "[40]": [53.0919871516962, 40.843017006854716, 3.6295748672944295, 22.17148948921788, 1.2061172232653308, 1.8190486375370725, 57.273465881589416, 5.592929503019384, 677.3428465309592], "[60]": [1350.5038966008306, 411.58148254783197, 52339.79604076084, 1800.1127045997096, 177.18510899943485, 732.7764751178337, 297.8438385313415, 222.96161345197692, 3109.9846879395755], "[80]": [7481.198078728086, 322.13010458191405, 8791.036813919834, 4326.4525637417255, 8136.261211847301, 152.70521044117936, 180.10991527953996, 486.2637485577699, 2223.7919208089534], "[100]": [6073.086117181267, 934.2194370698921, 1779062.7927070172, 10464.165146825522, 4846.871264202483, 3701.1109530120743, 1088.3201657396007, 2610.34915334249, 2547.6404233658286], "[120]": [1926.7729704008977, 88.32347664635559, 106925.42773198381, 2895.9535885507185, 2655.346163899636, 919.9550878594039, 244.96894782415006, 674.4811364218261, 243.48859489976087], "[140]": [250.03965299549964, 88.07600031323686, 4452.211364886221, 160.09439963819779, 145.93093595788977, 105.0572252833811, 4.733827849605519, 67.5641430134974, 22.22252358090316], "[160]": [42.15241494901528, 70.16800036310909, 8706.849173984805, 225.56121760223678, 214.45911321604942, 14.98817207400708, 11.603155465632357, 9.045953167468882, 10.918573224707323], "[180]": [12.24990215366702, 61.77036721262516, 0.9873495775234381, 243.09926677557442, 245.9000503709188, 6.595141923794172, 3.1314127382920787, 5.6431076741315875, 4647.31103654252], "[200]": [2.009570433775606, 50.563084015427904, 686.0328989449885, 130.10299446481312, 132.1664650869559, 0.8710104960929139, 0.5517108930147449, 0.719313084642038, 6360.264007892698], "[220]": [1.0, 49.50779834829324, 3705.43727474894, 127.01413732150397, 129.7293842786352, 0.7408626363593688, 0.11629599069099869, 0.7167932841011827, 87.15102567491762], "[240]": [0.0, 45.50391704217791, 0.0, 99.59534868266664, 102.41576198429959, 0.003832155470888183, 0.00864747203222776, 3.022785244564447e-05, 1314.5290412328623], "[260]": [0.0, 42.64298924126351, 0.0, 87.11789999302061, 88.98191214901998, 0.000603520021615688, 0.0011660641657855846, 2.822111637838991e-06, 155.70580511498514], "[280]": [1.0, 40.54912743886849, 1.0, 75.31901872239682, 76.82757075913662, 0.9999026229248171, 0.9998462943812266, 0.9999993924817253, 24.64732721745032]}