{"[20]": [1.0, 1.000000825687562, 1.0, 1.0, 1.0, 0.9999973665461301, 0.9999400910838029, 0.9999997019740671, 0.9999996900056528], "[40]": [23.754843001570812, 9.498612404525865, 26.568141191499603, 34.63354037267081, 26.40066675842197, 14.406890354394331, 12.497707549413802, 11.070514080385081, 3274.9358636488064], "[60]": [111.95507758055444, 85.35360040695655, 153748.5280563545, 3028.378185657322, 79.79946181583794, 97.9071353454013, 103.62331594678837, 32.61511219378051, 3287.142431020662], "[80]": [28.259214192087512, 45.264205698135235, 85.66375468272628, 47.81172800886981, 97.37227733918887, 56.2761036723981, 4.509302236095462, 42.658940919895954, 99.61945619587863], "[100]": [9.639178806449173, 41.20334427554478, 4602.692880029633, 41.33805224672136, 70.70974456170481, 95.35220457439569, 20.221343951924215, 93.58596724183325, 19.042467095614462], "[120]": [10.552959711213584, 4.508660908731609, 4598.156708114707, 21.801254263560626, 22.209143457495596, 87.74946833287837, 12.60984700694575, 6.123157417666501, 12.076881228352129], "[140]": [562.1849489140832, 333.3907878291381, 6103.029273555465, 246.63059696778188, 254.70101215671687, 656.0713578946386, 521.1995320376968, 549.1017734427834, 521.0223109309618], "[160]": [6188.1595696177965, 1601.7363290874073, 1123.0292625358102, 336.7830272211619, 359.553503284817, 2973.7246751641314, 2667.637048674623, 3351.27171253359, 4106.204345362841], "[180]": [4093.5432507065766, 228.20891302480467, 1790723.9895180017, 6371.04136921513, 6273.408366035321, 9846.691931629597, 1819.7697717556478, 3279.5253138694275, 19397.464440120806], "[200]": [8346.076544135765, 1186.4603141471912, 3598.0269777097983, 2758.052416977391, 2134.6114208384342, 1608.398457633189, 7650.541386616163, 4593.833139996684, 17752.334398447987], "[220]": [2296.5833291303784, 134.35390185764768, 32.529048201117895, 1187.6961458054232, 1059.7035645297638, 595.0624067816889, 1743.2047024945712, 1070.6548870071706, 15697.814012687422], "[240]": [475.43215521405403, 100.35697956350083, 30.832453762909164, 182.92904588416042, 144.45607301987556, 147.45324709972854, 589.5461628019477, 400.7540631005993, 3557.6330639317925], "[260]": [85.80229380720569, 70.53735579773884, 5.079901651301437, 96.86438807859689, 105.98162437905107, 36.68457062052821, 237.19031783561405, 81.60200153843074, 667.2672568166948], "[280]": [5.5476674720458306, 46.36523078163762, 1680.6056993761197, 42.17075945655451, 43.241135604014495, 1.1181554535901876, 73.35241143125141, 26.370907434905575, 442.94458236859356]}