{"[20]": [5.0, 5.0, 5.000000000142683, 4.999999999980503, 5.000001655803103], "[40]": [21.43348081156351, 2949.519093447982, 50.99649028044746, 138.98366213971264, 18.41614453922679], "[60]": [150.7256674935624, 109.62437064831532, 301.9970879206295, 79.61796182337346, 345.64472458392817], "[80]": [159.69627137861917, 645.0639445007309, 119.99858166783568, 50749.205323724134, 360.01580053994644], "[100]": [12.547644570428327, 306.6980351526818, 171.99979505072855, 79556.82235622544, 229.3457981377367], "[120]": [8.534448070889304, 65.36896312470587, 195.99976099983175, 12592.533459559225, 157.25691121501254], "[140]": [1788.9521573487114, 1443.7636557927615, 4387.999653253601, 360.76730945842684, 453.6399886495161], "[160]": [2801.981927343303, 15035.845433275326, 4318.998584915628, 24829.815891988666, 608.4082514623179], "[180]": [2481.3719052884244, 4634.610813884626, 6586.935582392692, 28084.489374831457, 320.9185887081838], "[200]": [516.3524352778883, 304.6356361167321, 2339.9989268109707, 10860.857508211335, 72.4252610007801], "[220]": [74.79670574253775, 250.35318811952837, 407.9940525107455, 28744.176759128757, 2.683662598674761], "[240]": [56.893108907222334, 31.03001588764034, 126.98502157235887, 3545.6757900802836, 60.57221632966308], "[260]": [55.584996669815276, 10.94143066480338, 21.999334454482916, 6763.9676048046895, 12.90279282450447], "[280]": [66.33788020392186, 0.7577880191749788, 2.998879684315287, 3405.7556662907837, 1.939260221280079]}