{"[20]": [6.138534303494485, 7.299597757396526, 4467205.062887648, 7.950310559006211, 4.370063189707326, 4.575674716198861, 7.1197363090283, 21.52807643136475, 107.32315553841751], "[40]": [38.884052888344314, 36.483421106690514, 3.1293398615688535, 159.89581477407134, 111.03070774579862, 2.5050563680152074, 51.77578398763539, 3.7639578609027367, 35.49450536643337], "[60]": [90.98013064250743, 16.508387233154657, 220.0003002209697, 98.0547694085853, 168.97966772708875, 61.58128354211022, 66.86973875060531, 26.904192849885593, 378.8705644262785], "[80]": [1.838774309561256, 4.443029762074694, 70.89473036926846, 637.4483769614745, 254.02164014296605, 63.64021095498283, 14.847276801261033, 44.66837625031324, 7.9634064415345005], "[100]": [4.0928332803437835, 25.21887450440699, 11.57807405452282, 3.6158592490901076, 2.6165546606386205, 102.52225233704694, 16.941244737308644, 23.877369272297667, 22.01793235562116], "[120]": [2.990288956980483, 8.838210785780504, 4428.05042039782, 1.3322573490369762, 0.8844707592476437, 108.90617314890507, 6.836823181085319, 19.288270173866717, 6.389935281451664], "[140]": [1703.0997615219148, 552.754923319487, 482112.6463953134, 153.65376285462838, 162.57197592755045, 1844.090395902658, 1531.3036086823663, 1735.9476553060174, 1531.3299140837812], "[160]": [10271.240421718057, 132.65533539834033, 1176448.2340079737, 1910.3951491475004, 1941.401297079122, 3804.8355886721693, 3124.976209147497, 2777.8220240834207, 6078.8816993332575], "[180]": [5443.176459664316, 1278.988344938195, 2592117.558504975, 601.6848537835664, 554.6570279669594, 2340.118000560571, 10277.08017979118, 6888.862089263003, 6764.965867024112], "[200]": [5301.572947013198, 133.98168282317442, 761.6795283003252, 1074.3537805958586, 965.9065237735798, 1433.6073948926876, 3317.9918802480465, 2389.187718335514, 14414.738683973877], "[220]": [878.0746636481352, 273.69427618039117, 10038.967004278951, 579.585126138739, 631.7747118868589, 251.84361562816, 954.3817481930176, 600.152014793078, 2979.6478096836654], "[240]": [190.03891560295565, 102.61558334646114, 21.895611826412818, 207.06140976235062, 219.393994363451, 63.91223846225137, 358.20861297726515, 133.16008360973683, 717.0777133816914], "[260]": [21.852107798825855, 41.22639085990461, 2.1947100164264133, 51.76685189824022, 43.078818001968166, 4.1967517022701, 114.03400589839693, 47.57896087068188, 320.64217365177404], "[280]": [0.19393872024044362, 47.8754766421666, 95768.17285157011, 61.956336832439014, 63.83941891656963, 1.9842807348779732, 34.812277219895094, 14.8389161509208, 194.52445891145987]}