{"[20]": [1.0, 1.0, 1.0, 1.0, 1.0, 0.9999979509750656, 0.999975983160714, 1.0000000000000002, 0.9999999672780131], "[40]": [5.571428571428571, 5.288997770070695, 4.546415112577151, 5.571428571428571, 3.6224770865455973, 1.9415383752495199, 2.8448297810527645, 1.9072613250923762, 3.163449031465916], "[60]": [7.7142857142857135, 5.00587988910069, 6.251140001119605, 1014.5158250804609, 16.069736999931962, 0.3302557997205753, 15.213618451950433, 0.32945615328680944, 15.791972422920095], "[80]": [20.714285714285715, 15.24733546799316, 17.902691854295156, 0.1778012193993206, 0.13685950647092682, 17.530099904880302, 27.125207400721322, 1.2365173153392064, 6.996241687046236], "[100]": [76.14285714285714, 57.76503740272176, 62.76857995036926, 14.416546375390396, 8.867603042052394, 51.30453294539825, 64.30901176050645, 13.662481942814281, 20.61468500102015], "[120]": [333.0, 96.0342669313709, 18.71033637783603, 36.27155943530795, 27.158272543547923, 235.28189991171917, 264.83741880229877, 93.23246193315197, 184.22167439677582], "[140]": [942.4285714285713, 88.11200766473075, 213.80575252553308, 185.42570089231458, 188.88203375555895, 311.8557239365491, 171.86411603861143, 363.1415105694755, 166.2654911745699], "[160]": [2721.2857142857147, 409.0321684783148, 577.8533021256044, 780.7336737115593, 662.6697027583787, 491.3286964406707, 556.4566599226537, 98.54843332987184, 1066.6864149284993], "[180]": [1876.8571428571431, 74.86615754089507, 2024.9291184356061, 2144.0056583593996, 1714.9184792576089, 4155.688802891691, 375.93058227107394, 231.3340419209144, 531.4098950794396], "[200]": [1705.1428571428569, 149.41239599587425, 1512.1432573719612, 428.75141342464303, 429.71801135780515, 1807.7543452297077, 561.6919214083082, 778.7246520654535, 396.60809386022447], "[220]": [2366.7142857142853, 18.53442899894526, 539.3766546287306, 464.42285922284464, 431.2496932712402, 255.25534403720576, 452.0357897690419, 739.8958293552969, 496.6229841247696], "[240]": [1248.4285714285716, 3.979747386366853, 70.40109109427135, 79.29075432426453, 68.11887880157565, 52.59553043668939, 300.56863100628607, 375.7802980630022, 409.0164006979403], "[260]": [475.1428571428571, 11.847213628509053, 32.92679722935054, 71.05656844426767, 70.38554265975881, 50.95678538818868, 146.04394295955092, 155.24627898496112, 388.73593651876206], "[280]": [124.28571428571428, 26.830726592204428, 21.791009402221704, 7.864911409127444, 7.961079996201079, 21.796694157627883, 7.266663160005862, 12.419104443849164, 29.447545790611514]}