{"[20]": [21.314288726069577, 11.39895138227598, 34188.303997008305, 2.5372729973100916, 4.990949531437048, 0.6839259243014465, 2.6949810271782497, 7.678549048455138, 18.345220876405232], "[40]": [340.3181191734889, 171.01979046874732, 2.0720818650827497, 3071430.0119797126, 22.133835289686257, 299.6469307234552, 267.4948717313267, 155.06944253633972, 58.08834923244467], "[60]": [2735.95314980533, 821.5220260816349, 25.653555213797546, 3081.142239345723, 70.12454507615493, 2188.9797615914085, 1620.234058316577, 822.6234145121983, 564.5027882395046], "[80]": [17688.03014999712, 2654.8181102391663, 3431.8270114991174, 2632.331171075597, 1370.0259720892757, 10683.71571175399, 7588.916698171894, 5584.148607313705, 2726.8722559116504], "[100]": [3775.2443970018435, 3668.408089640795, 30144.633070030584, 14251.018637018451, 8950.225705900522, 55.31046883407091, 6085.408633606822, 3562.4576392768618, 6233.413247110234], "[120]": [17077.798302023108, 586.7710515674925, 4331250.22273131, 1609.2292896095676, 958.7758493330497, 6404.364416922779, 2200.6900079638194, 5373.110757364769, 1892.6157106124124], "[140]": [5525.485934943338, 277.3854580902039, 143.32212927995525, 1617.7800499462326, 545.9496419176241, 1776.097524177892, 139.89249672546563, 1467.7294477556925, 18.243676969791693], "[160]": [1276.499406908749, 191.98705525930635, 37.65460463134201, 212.46393051645572, 196.7077342577431, 307.52995509498663, 130.1650253426165, 249.29872271166784, 151.0235053642278], "[180]": [328.3057135890281, 155.33595924097116, 18.938123563524442, 103.4294000444808, 93.0675067518845, 49.58716918731329, 85.48433532346648, 39.31048698887487, 88.51792656283328], "[200]": [86.42969178922871, 120.95505654217364, 9.646738941980708, 190.05125644011213, 215.63857387582317, 2.8603402347372637, 47.77212707402812, 4.362089262167451, 3047.721698447385], "[220]": [22.946466087294514, 111.75491813470292, 5.325332407252078, 189.7530034530862, 195.08146456331488, 5.915691812869392, 20.226161035984372, 6.183794826148809, 739.1893281577541], "[240]": [4.899068227863126, 114.73835174696467, 29462.275795813704, 258.8569608963107, 251.32302431829177, 5.417988242141297, 13.897395289629419, 5.463666988106743, 13.69147877857129], "[260]": [0.8020226914745551, 108.25363803022337, 1976.671851016126, 172.55178293206475, 174.76250554272983, 8.81030170330353, 12.09189124902819, 8.817938248104399, 12.000351783966142], "[280]": [4.475586569077946, 105.7026652713289, 13400.879181849552, 189.76716320674973, 191.774798720264, 1.8989177372616657, 1.5769821690337766, 1.8976380013522764, 1.482257516760173]}