{"[20]": [12.142857142857142, 6.298837395230816, 22.12266529770416, 22.123079495383287, 19.899476561294286, 13.986896325972314, 13.826282067398456, 13.987980613649565, 13.814051011672689], "[40]": [9.57142857142857, 1.679985167921366, 20.510052120593414, 6.7293532066891615, 12.588859050620101, 16.510670720452453, 29.789966719192094, 16.510868195867666, 13.59600616933244], "[60]": [6.571428571428569, 6.184805816045255, 1.8513348714398177, 42.70039725158374, 3.765071323350739, 16.946777306095576, 42.364535866800935, 17.23115863149748, 1.627121294940757], "[80]": [35.0, 32.577109915487114, 16.533239991068882, 36.080409307870596, 31.343013706180727, 52.32143319985055, 83.3865403936441, 49.528765321202336, 27.16722192999012], "[100]": [61.71428571428572, 25.58272443699974, 11.308247740723715, 15.187110206112038, 16.66588217558575, 79.28790913208704, 125.55915391536229, 51.96418577251973, 43.83774725109035], "[120]": [212.42857142857144, 45.027202805648244, 60.11372445041468, 227.96667367596763, 197.47288268419925, 174.49539536636183, 248.02952571587684, 30.59720293518012, 44.20978282853298], "[140]": [184.57142857142856, 124.30511249867823, 54.68480616569343, 179.7303954972, 209.68344963682443, 197.7058812514648, 267.6360514519482, 13.039205444868571, 37.245871794441314], "[160]": [174.28571428571422, 85.19225260863959, 57.834558950870814, 123.42446534038004, 109.81395312988934, 293.9270391315596, 119.21588232332556, 162.12602668388877, 90.09857728046472], "[180]": [532.8571428571429, 142.2531681785531, 79.69946295669206, 174.41694406692204, 160.00293346563512, 691.1687655015173, 388.70569559212777, 506.4933164517613, 330.8851017093066], "[200]": [2003.2857142857142, 198.05418129108148, 70.70234617970436, 158.70427649523026, 181.16839545771654, 1541.9667222744124, 1295.5946838366644, 1076.119981390927, 869.8977552300457], "[220]": [2935.5714285714294, 66.66054625377365, 891.8325459638272, 79.74693136995847, 116.37093029008611, 4661.1790709728575, 79.96798279252289, 113.14358134605027, 1238.8969019039341], "[240]": [196.85714285714312, 260.22378357549314, 2210.486917242868, 515.5608985760464, 497.4539017170664, 3721.7247267654748, 1454.28594228978, 1533.373535362196, 1492.1774802912332], "[260]": [3286.2857142857138, 74.85431604573387, 1753.5107043452426, 181.63329703482123, 145.9512211019428, 644.657959954372, 2103.0327975599375, 2036.873228302873, 2528.608362468165], "[280]": [2052.4285714285716, 385.123744225848, 102.71868335755107, 384.6037174590001, 405.59566619720545, 36.76165350046131, 1298.9647311466388, 1082.7487209831088, 1910.546114211431]}