{"[20]": [10.642647363912742, 8.45937789773428, 2.602230857327592, 4.7310935996997685, 4.505435734784901, 1.7720309812633195, 3.3941382278418386, 6.458534765594682, 9.718149439696287], "[40]": [18.99247780147156, 13.373828841803748, 12.96268499552767, 1.4191205022389837, 7.6262203164807225, 4.945078008991862, 33.83268230541865, 3.712103882785188, 76.64766248779229], "[60]": [7.221897174957816, 3.3300116899426184, 8540.536754542902, 8.565884361804825, 13.551927348510535, 17.00753379590412, 25.121976787188018, 11.438927450684071, 2.89466909783713], "[80]": [20.24960758955913, 12.003973015706592, 1.1260031101358219, 23.82279030310744, 12.630074745105622, 41.51266895569119, 77.36230377887236, 37.394880208081574, 17.17835778121633], "[100]": [60.150697981140304, 22.358837231378896, 6.851986065593732, 18.69835454709528, 22.54967203121302, 90.29975752500725, 50.68140584333499, 62.5603941795731, 45.73178635673151], "[120]": [188.61019803086828, 105.37470746559687, 51171.07651449388, 96.45200300042643, 106.25230056993259, 179.5847542250237, 177.11109669565164, 39.9224463146412, 163.249323191326], "[140]": [328.9180068028907, 7.27438534665849, 23380.342645709323, 47.781487407871865, 67.66159001315432, 312.4246938643216, 165.696248623182, 29.920166663287713, 133.43377181677525], "[160]": [259.45410151142374, 165.9642568715169, 11134.445653415694, 12.030409528709935, 2.8617594814134164, 339.196438559659, 119.08525715687973, 79.19990132336994, 56.988744350817875], "[180]": [588.6574727547468, 156.74372517866564, 199.0061406016906, 11.409859760547567, 13.994768935452706, 819.0833645005911, 439.56278765232054, 561.714061161155, 358.44749661813245], "[200]": [1873.3400763720515, 383.8013210131149, 179.71983448757538, 6.471390265833189, 70.35476585672268, 1995.7104754783475, 1429.9473579759929, 1102.2556846534767, 826.4016071544082], "[220]": [1998.7251617654945, 41.26338243408843, 39778.6617672259, 168.53396349516305, 190.8749839279998, 4438.473789523548, 193.04579189767446, 1068.6250075381515, 791.3104275177703], "[240]": [318.46809535004667, 524.9715457781559, 207752.82289611333, 851.502953817395, 860.01015304283, 3079.4310484788957, 1148.6786335436025, 694.3371131037205, 921.9639975337695], "[260]": [2382.0747167361906, 33.88766271996919, 243396.12191300467, 506.59413728832584, 462.32716553059663, 761.5675875661933, 1037.7443603410202, 1068.7624935221338, 4219.991923907849], "[280]": [1749.980748652919, 146.88894121196986, 238.5583274861571, 143.6475232448278, 152.83950063841385, 124.08415919955098, 928.3054419840572, 780.2510130082527, 2579.2907899028332]}