{"[20]": [0.37910514763571435, 5.994869061664683, 4.000000000195013, 1.8897430709899963, 3.745639043375972], "[40]": [9.003522865757532, 20.83888651692534, 28.00000000011191, 12.829298705855678, 11.189958878959374], "[60]": [81.72461017739244, 121.98024693892518, 214.00000000004076, 9.240549122696564, 230.9802795146035], "[80]": [95.90458688545982, 111.21419185353102, 80.00000000001376, 308.7703164049585, 265.0851487761529], "[100]": [56.50257947203727, 15.886215561452218, 28.000000000004547, 70.68152707937816, 120.50797909257494], "[120]": [34.145714283751886, 74.2764183098376, 38.00000000000159, 0.8272579566285003, 138.66164112437832], "[140]": [396.00100699505765, 2046.8546969271756, 1401.0000000000007, 535.9654494421011, 1126.3881908774258], "[160]": [1193.4582349472767, 758.4516395366918, 9973.0, 4351.815906155862, 745.4228043184739], "[180]": [5615.694724645291, 20791.695446983416, 3629.0, 4821.58275968238, 241.25994400482523], "[200]": [3008.9705683494794, 560.6376260761463, 6404.0, 1772.3438451476286, 730.0763447141235], "[220]": [72.7224424338824, 145.7375801392659, 1395.0, 6998.53728624466, 84.04216625904519], "[240]": [86.05702093629691, 114.61110455890196, 379.0, 3308.91384566345, 142.08719538090907], "[260]": [227.90939295156244, 50.81318238116542, 74.00000000000001, 1399.7093351960912, 38.05669936261461], "[280]": [659.8663774084828, 2.5337025033310185, 7.000000000000007, 738.0401607909398, 2.314209018881761]}