{"[20]": [1.156411514022411, 1.7320492762153712, 175.18543899761843, 1.981366459627329, 0.6095232825066319, 7.000721294064903, 47.64387171825478, 49.04005439448395, 2859.139847182813], "[40]": [46.77000347235673, 33.36892404900684, 21.904167154649574, 7.357877399269111, 26.90584109858139, 19.519219248526515, 51.89678930126618, 14.949517401243149, 25.707620708806804], "[60]": [859.7673267619575, 344.85539038080896, 36.512414680332206, 13040.813240754398, 80.2209606315872, 548.1803496868055, 547.4636878630245, 160.14042120461949, 5394.347086209757], "[80]": [3430.230289987842, 898.1799366799181, 4820.267088827537, 2770.721572728553, 1238.5147739774177, 191.62180361621196, 61.31909609851363, 209.49792152643454, 278.9707129782865], "[100]": [3076.114652221764, 92.65211570752436, 890144.9225394995, 23048.950356587033, 14041.720005912346, 1787.7356109229397, 609.9107216757674, 1344.858810964735, 451.4266252100644], "[120]": [910.5128820619572, 50.825873720466205, 17410.48552663321, 48.6362719295701, 7.130552489944338, 433.51609161570957, 131.98835973076135, 329.88047287083475, 77.43348645638643], "[140]": [104.14544264452152, 56.29988496127915, 8782.709364648343, 130.60277484553066, 126.38296494020749, 43.68354997478962, 9.814765134265725, 27.499439627450275, 13.233789297165924], "[160]": [22.346525586460665, 43.348887909625034, 1.0127639565158881, 141.83991279538242, 141.87443302648913, 9.236644948143889, 10.568514647344132, 6.6472439180129355, 401.07562019387296], "[180]": [7.664110864132571, 33.20188306175378, 3170.274302709234, 99.16048490404935, 95.98678339753688, 3.875282128215438, 0.8037010477514961, 3.4597130188292042, 0.6820128221504769], "[200]": [0.0, 28.95440224655816, 270.2547327161104, 70.85653393526611, 71.71935993173246, 0.06730171730850022, 0.318157581561951, 0.0012758977410861304, 0.1468285379672742], "[220]": [0.0, 26.615112978675114, 0.0, 56.64660538431003, 57.053533300807224, 0.010622612753772987, 0.032761158544116764, 0.0001082879813110941, 0.0185006761744745], "[240]": [0.0, 24.88758132595308, 0.0, 46.50105857486127, 46.84014499208775, 0.0016765552196236926, 0.00436335443116477, 9.101113362541552e-06, 64.8918956816336], "[260]": [0.0, 23.452122821098065, 0.0, 39.90625509683156, 40.179796901312336, 0.0002645918723936319, 0.0005987540881946141, 7.622258659754138e-07, 67.59644071726515], "[280]": [0.0, 22.224079342556053, 0.0, 34.95055143866809, 35.17598120921069, 4.1755118146985924e-05, 0.0001428248484807666, 6.461254736343506e-08, 68.99806701318015]}