{"[20]": [1.9723275583061, 1.979671255332022, 3.0000000001950133, 3.231905674195888, 11.5844600500253], "[40]": [0.184957226187068, 14.261442724000588, 7.000000000111909, 3.824189384581743, 2.3422817814650987], "[60]": [11.836068241693638, 74.42783781939482, 31.000000000040757, 45.65876440662777, 29.644005877938568], "[80]": [25.68133035040725, 11.420749701437543, 25.999999999986258, 37.35519050575678, 6.107812233432725], "[100]": [6.9907176997062805, 15.250131034112712, 11.999999999995453, 6.426668434820414, 0.6912892853501518], "[120]": [11.36037515434532, 5.401357348156822, 6.000000000001506, 10.62099688283729, 14.844361386768995], "[140]": [11.76209239702024, 40.385024423123696, 205.00000000000048, 52.20223984083742, 194.74475210999498], "[160]": [125.94651189113029, 202.44390778463003, 1644.0000000000002, 15.509196554307437, 339.74442804092087], "[180]": [400.5031624215253, 3175.7665304832026, 389.0, 1510.527265137268, 423.9711538883821], "[200]": [28.996844438469225, 363.1192808631856, 1375.0, 3627.7577106764675, 162.55945865215745], "[220]": [14.580085117939973, 33.553095910158845, 298.0, 1310.0614970761153, 15.849700031931604], "[240]": [2.563651405702352, 14.522825296857462, 64.00000000000001, 529.648434593897, 15.106669134558786], "[260]": [18.596849891641657, 4.574752393711835, 2.000000000000007, 258.29949239688517, 4.937897970212303], "[280]": [58.76798899822965, 0.6236374619218892, 1.0000000000000056, 142.0204210280981, 0.21651013517459783]}