{"[20]": [5.0, 5.000000825687563, 5.0, 5.0, 5.0, 4.999997066097869, 4.999967466648387, 4.9999979163546, 4.999320681345859], "[40]": [90.40707066638863, 80.63561453409991, 770554.4861803652, 101.59627329192547, 192.7784187434523, 54.938448890260034, 92.04871711294685, 132.74467037921175, 101.31263441972388], "[60]": [2567.3684471545107, 1338.7001604218465, 111.6387805765452, 1645866.1671645558, 25.871670849752082, 680.5054188660235, 688.0231233191319, 1517.3990198220386, 13963.109943931437], "[80]": [12341.558923578434, 247.9905542339886, 34821.7746762357, 158182.35026673414, 89464.09632593454, 1016.2028861585935, 1407.5731483886061, 2240.534607370872, 41776.80843466654], "[100]": [9530.454168527522, 558.3433402896313, 3562904.7852826477, 13062.564247411765, 222348.32813770734, 6783.601000238989, 1885.7091468015967, 5763.438411864442, 5215.99176202517], "[120]": [4053.414232263333, 736.7704745980474, 140464.17712911646, 53306.83892293661, 42465.691190863516, 1559.6503652517235, 62.261005974660925, 1119.3806010540816, 71.94487288759159], "[140]": [764.2615086065003, 1086.950870789432, 52.194339469289616, 1765.7810101933728, 1577.634046106984, 195.7968789760468, 145.4688415047956, 117.5695720084012, 127.76094953683311], "[160]": [184.95673476993042, 312.3661462663634, 4.317225153428526, 1318.7883141525874, 1407.1329786411065, 28.392324589157685, 89.68236055465901, 14.516607559179944, 87.52192309587085], "[180]": [56.49371791007331, 198.7698543069973, 2398.3564273341276, 967.2871817384913, 959.1310141966346, 8.42496210066379, 30.042343362431588, 5.988980986575842, 29.361907678830168], "[200]": [12.343287349270875, 554.0044660616595, 2.5444663573959256, 503.15471689399743, 498.91777302196186, 3.9476869099888443, 17.077175471787132, 4.3579771103786005, 17.031829928461608], "[220]": [7.243573699207038, 454.1926754471674, 4754.22197838001, 522.6912028122491, 541.7179591878354, 0.5823282970803715, 5.835613258345432, 0.6533850061484919, 5.8335399365902525], "[240]": [1.3892556690173519, 422.80867235067456, 0.3011813370633267, 441.9844063473167, 444.88791836030435, 1.5591423888021645, 3.96250948117844, 1.5712166439557038, 3.9754438510239587], "[260]": [0.60228832380686, 380.1031747435999, 0.33359991212723, 363.1959082172274, 369.96780753113086, 1.5122529675593375, 1.9935494136143992, 1.5142857454262868, 1.9952140301080787], "[280]": [1.0, 346.86146574247874, 29.06531450759433, 342.3272080849419, 348.60055982905493, 0.02831182147756783, 0.9918542695102885, 0.028651846780416716, 0.9980906355451021]}