{"[20]": [3.0282676059047273, 5.0, 3.7156543240926085, 521375.1622669811, 46.347329606553984], "[40]": [0.29706894989041654, 13.882050180729587, 6.394862639872757, 24.38191328539071, 4.645485058027531], "[60]": [5.434467321343547, 2.53220005821544, 4.88124472206782, 5.0070714063662365, 13.004325610911698], "[80]": [0.615025225974539, 11.49402999923554, 4.988129559116905, 4.600999798096521, 10.678084222649604], "[100]": [4.3567356375203135, 2.0688349326695654, 0.9983668000762885, 1.1599494888417103, 5.415081621811726], "[120]": [1.0951803177961137, 1370.7779129548542, 1.9888048439685801, 1.7772110042290747, 8.891476479780456], "[140]": [4.681290052199953, 306.8514641794109, 8.994292596739289, 8.219052111781114, 2.4821327353330056], "[160]": [9.5209681583066, 5.3059378661395975, 13.99998509385038, 6.06920319229761, 23.399730577484558], "[180]": [7.495065719666438, 3.921224762284857, 7.999639295493156, 4.238025713876985, 16.79066693133083], "[200]": [21.97203833277099, 3.860624341225398, 42.99999337866449, 19.979833801598783, 41.64532720556863], "[220]": [6.5392194426983306, 166.55667993025395, 129.9999425046976, 34.48864587191663, 112.25882949454893], "[240]": [49.36830641575536, 63.45451753279147, 300.9995678975687, 100.37273395103394, 62.65206446183386], "[260]": [90.30302675891333, 66.36628195391594, 377.9999565761473, 175.20528844213064, 169.35119346921437], "[280]": [56.48815590308118, 132.7104635067028, 396.9999113486727, 221.05012119167583, 335.0883219645537]}