{"[20]": [2.0, 2.0, 2.0, 2.0, 2.0, 1.9999979509750656, 1.999975983160714, 2.0000000000000004, 1.999999967278013], "[40]": [1.8571428571428572, 1.187088518723563, 1.211302727167359, 5.000000000000034, 1.4071163119721124, 2.1395128947030386, 2.5854601571181686, 2.1420578900725697, 2.5838920989813374], "[60]": [3.428571428571429, 4.154427845911698, 12.900918227835422, 3.9643992179560072, 6.250256447226121, 4.141345160854346, 7.337909108177499, 4.110587954908841, 6.170738875794347], "[80]": [24.57142857142857, 22.042438255016734, 16.492978981647795, 29.055333381216037, 23.29399225122461, 23.009745845132436, 29.713483373351405, 6.064508716543301, 4.204517391809972], "[100]": [80.85714285714286, 48.194298929502935, 15.5071745975454, 5.476244329235499, 5.031012610667318, 64.60100081731302, 93.06893638484061, 26.40852677224933, 24.453039899110706], "[120]": [271.7142857142857, 101.49029535083957, 11.030091858302285, 3.6900997049706348, 8.335862250196783, 194.46485005560612, 224.71224908523226, 47.620764222189564, 155.6636606554635], "[140]": [835.7142857142858, 80.23131655523025, 263.11135979377013, 105.58617991827714, 103.50039363276346, 203.2640649511893, 286.53096600372396, 313.927039949401, 143.2870278437972], "[160]": [1261.0, 1.7443851657844789, 554.6588106423396, 702.9411490830917, 650.79497329487, 365.97894201057443, 269.51872597478723, 465.1762671577799, 103.39783569694737], "[180]": [7.4285714285715585, 121.69687425271513, 1042.3489017623724, 546.7553064389231, 569.5364604840133, 1540.8863411231014, 281.18422282926076, 424.2120631548287, 230.75917089229824], "[200]": [1204.1428571428569, 1.2722657702161086, 522.9822593123631, 1013.5853947473352, 968.8495838044764, 366.0655172587585, 290.25819541098826, 364.61018770540204, 710.2107579044455], "[220]": [798.5714285714284, 147.57504160044982, 57.44188129440772, 291.1573300462205, 286.4138183868238, 43.220824737149314, 63.05956417779862, 176.5055622042703, 32.64597187282493], "[240]": [345.1428571428571, 0.4995811408798545, 14.989379729850498, 52.026598416523484, 43.19785874748834, 0.3494787052410402, 32.02827420569463, 66.47203062149424, 18.6909699069314], "[260]": [137.85714285714283, 20.57987138689714, 6.745705399668452, 23.868532495387342, 19.56925208720702, 18.699767698861052, 30.829582815309635, 39.13443660560614, 26.140031283696658], "[280]": [30.57142857142857, 18.247529651589275, 5.6646105089834435, 16.39063878073661, 18.12436513992614, 8.496461827077397, 8.768565693198454, 2.204912645884491, 13.36526104343477]}