{"[20]": [9.0, 9.0, 9.000000000142686, 8.999999999980504, 9.000001655803104], "[40]": [23.66092981874605, 59.37152099916444, 93.99037273696251, 406.7579922513374, 43.50959487181413], "[60]": [3.245926918001313, 28269.82206556497, 1229.9927614694464, 2199.987500807427, 1301.8380268565184], "[80]": [775.616293828516, 1186280307.4183753, 9693.993899088437, 20923.239079224575, 8748.219970826922], "[100]": [4998.213177012545, 26953.26764856377, 7914.996549718014, 37162.24762852251, 6235.017707508759], "[120]": [4583.062110897317, 1431.620737025603, 12668.98270858116, 1004.1071891949803, 72.72331695385127], "[140]": [919.4874503618892, 670.5648350047502, 4504.987301063799, 235.5619504335204, 143.722141585468], "[160]": [161.7083100131083, 93.59489204050972, 1164.9852393879933, 54.489037553818335, 379.76887081072204], "[180]": [135.7362265658988, 23.5366847907612, 270.70612808858084, 63.803005740309935, 147.77295984878663], "[200]": [166.24635527470218, 106.63185623686346, 86.9957127692627, 39754.54362317437, 68.14667620214122], "[220]": [162.0551332997618, 83.56079868322631, 65.97638850563513, 67947.54566722475, 63.12735425207307], "[240]": [161.95867839880182, 65.70241212627374, 0.915057710350468, 293806.48172836105, 0.5625799410088982], "[260]": [147.63630447137592, 4.3572178922848925, 9.996225277135151, 17784.321864253277, 9.933399889678954], "[280]": [137.41405342565207, 11.075450983943767, 2.995958792676141, 72359.0204942747, 3.0101168869646053]}