{"[20]": [11.0, 11.0, 11.000000000150173, 10.999999999999995, 11.000002946704665], "[40]": [9.007510449907016, 38005123.40875478, 164.00000000020768, 1.5823736592435012, 22.606906093910965], "[60]": [17.448091210569146, 3565.521342113217, 3207.0000000000746, 1588.0377454146383, 3299.1489511325976], "[80]": [13506.581100608983, 30581.580248853017, 9269.000000000025, 26939.697921070656, 7734.8475069509805], "[100]": [2313.382548248591, 18745.46182623821, 8590.99999999999, 74997.65368354355, 162.26417921577558], "[120]": [332.6864763653316, 3828.5769734583646, 3119.9999999999973, 28302.813396014382, 494.7205904644975], "[140]": [537.6157883458134, 8431.6288142814, 455.9999999999991, 5087.415611578644, 107.24047697966222], "[160]": [437.9130982966558, 1130.4675327957473, 73.99999999999973, 922.5558965020732, 33.04935826011656], "[180]": [323.1035191053978, 0.8852464413971122, 11.999999999999826, 205.64245774681535, 7.4994040887302695], "[200]": [246.5177525475959, 17299.284948593482, 3.999999999999994, 110.33968509816293, 3.5144457504569058], "[220]": [207.78825230119136, 3.332565385027494, 1.0000000000000233, 77.61644911362805, 0.9554253431432974], "[240]": [201.66626269194748, 0.0, 5.095495857944973e-14, 59.01604980683146, 0.004283878396078661], "[260]": [226.4457592859667, 0.0, 1.216073317155514e-14, 42.69449018947441, 0.0004734571021368719], "[280]": [271.8929784413136, 0.0, 1.1374917389937072e-14, 27.957560702505788, 0.00019285843144743]}