{"[20]": [4.0, 4.0, 4.000000000150173, 3.999999999987051, 4.00000192967922], "[40]": [3.2091823946815055, 8.975059176167134, 9.000000000207681, 3.602527401368505, 7.268464002182196], "[60]": [31.468545154303172, 18.94394729857497, 74.00000000007432, 4.057730263725361, 88.6346073255533], "[80]": [26.494982093748376, 154.30516442835744, 230.00000000002495, 158.26326163027423, 289.73525318384185], "[100]": [161.63991528679117, 310.59828397994784, 778.0000000000082, 76.54588139591897, 909.31621261792], "[120]": [312.20897894959126, 13243.176446166013, 2465.0000000000027, 391.7080854645301, 2644.869249244407], "[140]": [29.12781651212208, 10899.033638526995, 4242.000000000001, 1316.034075786978, 4481.42468387492], "[160]": [745.3391803958202, 2501.1087811368925, 1.0, 321.3133656912378, 2425.4543393660715], "[180]": [1042.6851106927115, 3775.227688006724, 3535.0, 0.3355433267879562, 580.6749269182837], "[200]": [516.8315168305362, 404.9238631411258, 2514.0, 118.56001431513869, 327.8903619044959], "[220]": [29.11079317068345, 377.92288742996857, 983.0, 24.43109984571049, 272.1024080226093], "[240]": [140.9648571084232, 13.35209057637968, 360.0, 38.66653909671601, 166.1707229968016], "[260]": [135.0866017048058, 7.105814742310969, 116.0, 1167.9377707101476, 65.6440464426363], "[280]": [169.74044593269068, 157.7348620095447, 59.000000000000014, 696.173739681708, 46.06940293525369]}