{"[20]": [2.0, 2.0, 2.00000000007138, 1.9999999999870344, 2.000001266604183], "[40]": [0.7666681205030326, 0.007926895429744896, 1.0000000001119083, 0.028220091796690383, 0.49737379985376995], "[60]": [1.1747463551121111, 0.44735282744735816, 1.0000000000407558, 0.20889628368693547, 2.2953630470450133], "[80]": [0.18463037497970114, 0.9118520097734726, 1.3737899706711687e-11, 0.5809149305334169, 1.0413855912220518], "[100]": [0.18199235860136356, 0.001, 4.552599670738364e-12, 0.29193063876062264, 0.12332281863502222], "[120]": [0.02997265687726116, 0.0, 1.5053251843529611e-12, 0.09232344722126434, 0.011362161985825505], "[140]": [0.05054752757431004, 0.0, 5.041445694747832e-13, 0.3172695311495079, 0.0010060009743214694], "[160]": [0.03487810677343625, 0.0, 1.4779809337780139e-13, 0.34499250333615394, 8.926061621149547e-05], "[180]": [0.023029650911758622, 0.0, 8.100109517106596e-14, 0.18364851945594118, 8.129636353094787e-06], "[200]": [0.01967348454991094, 0.0, 3.144847698654042e-15, 0.10650270809528317, 7.247580133722938e-07], "[220]": [0.017170851007674987, 0.0, 1.0711786202187284e-14, 0.09536369249895083, 6.526292473772803e-08], "[240]": [0.006747745907192498, 0.0, 2.3452522360310632e-14, 0.05498629114630432, 6.112032590948761e-09], "[260]": [0.006615530181509676, 0.0, 6.090455945237663e-15, 0.026867727518111867, 5.229895569727254e-10], "[280]": [0.01692576879473743, 0.0, 5.626124335450198e-15, 0.010706901789103745, 4.865774910753201e-11]}