{"[20]": [1.1428571428571428, 2.0, 54.583796586523405, 1.1428571428571428, 1.030885831393167, 14.42779517402575, 13.70492145217948, 15.081898438320767, 12.687828283741725], "[40]": [58.57142857142857, 55.516685098718355, 89.2008507095579, 530.3170371608938, 252.2285188973305, 23.1066285371067, 21.139595653046896, 18.777146840402082, 16.593846737815895], "[60]": [822.5714285714286, 665.2861712071219, 75.94248176708163, 293.2175716060849, 53.199866949015814, 755.2388251141206, 820.0031518417552, 536.3192375804142, 630.9098910920748], "[80]": [4657.714285714286, 1679.7711157497151, 3393.7118091200646, 6704.721865032985, 6602.586210709378, 2786.0697915676187, 2874.072454755944, 2219.0487540466675, 1568.7789681905406], "[100]": [1106.5714285714284, 2054.411695329826, 11202.758533579541, 48341.69512895329, 34764.36852988451, 1574.0715181383139, 3267.945541767691, 1486.5817198178947, 1334.0956737232173], "[120]": [3308.857142857143, 1274.3950145565504, 1056.7547430749396, 27067.257271628805, 19038.525256064382, 1081.5844261453667, 220.24840184664913, 894.2792161896127, 81.53792861141369], "[140]": [841.5714285714287, 90.34665222574176, 28.764400566756876, 456.14909651022447, 388.47125738883636, 179.81061004824767, 20.804471914961994, 127.10628514776113, 74.74700248699935], "[160]": [181.71428571428572, 455.3062597760811, 15.28497367578477, 593.6347735493209, 559.8632424493939, 18.51431981826957, 53.193071287078055, 6.846353418147828, 61.344702208750405], "[180]": [45.85714285714286, 105.44361561173378, 14.136677496907637, 207.99453253076302, 208.2886242895794, 15.983250507201753, 50.64646238621132, 18.373131770774876, 50.10248402188082], "[200]": [30.85714285714286, 267.4032456684781, 16.438416784406876, 285.65673344495514, 290.43960006549196, 2.934760486558126, 31.130576221673124, 3.4007380545735444, 77.2022678489605], "[220]": [9.142857142857146, 179.6149485881631, 3.419502364224506, 226.04319823066345, 226.85642110342516, 9.820526452981454, 22.42061298258298, 9.908563966592897, 25.88962827402066], "[240]": [3.7142857142857153, 179.14533738297405, 3.864592977431757, 170.79447001689175, 171.90368748395392, 8.240727263690541, 16.199672819712944, 8.257113095769204, 37.964252097514944], "[260]": [6.714285714285715, 129.77456074896895, 16.5094501728215, 115.39593549535073, 122.87043599749808, 2.8264414156692386, 13.069484230359448, 2.829456215352568, 15.319714279080266], "[280]": [12.714285714285714, 153.49126200471028, 18.374308452848826, 159.76347141340756, 166.77504386907816, 18.685704479555284, 24.474845026524612, 18.686255960673208, 23.89798734840155]}