{"[20]": [1.0, 1.000000825687562, 1.0, 1.0, 1.0, 0.9999970660978678, 0.9999674666483876, 0.9999979163545994, 0.9993206813458585], "[40]": [4.194743656058107, 3.5960643538583144, 17.06459086753262, 6.900621118012423, 6.995964604629096, 14.47607843479982, 11.448430157794757, 14.26432658944149, 246.7071404794015], "[60]": [2.7052084106272636, 1.422144318038782, 2.8726360545977845, 3.897730274581649, 13.843499610804857, 9.33968875836035, 0.5534497640048085, 7.909006527619396, 1.5302600136920745], "[80]": [3.592650008356233, 2.850252007594244, 91.91055841985103, 0.694761207773254, 1.677892428616286, 4.98771830010636, 5.795202490432192, 1.4170309344668026, 5.966123856702021], "[100]": [1.621554745240299, 0.39474300402658813, 6.63549699860305, 0.182660699642663, 0.08578199275500481, 1.051934391139995, 2.9820713308143825, 1.0572567265292627, 14.66367741620164], "[120]": [2.5833554284810982, 1.460538365831528, 400.99907391719023, 2.5809808258686573, 2.199862760856709, 0.9432899625899281, 0.9977938299216783, 1.3960178361857694, 0.22977091327730725], "[140]": [1.7489612595092108, 0.7604659818548155, 0.7196196732788731, 0.07529446939972266, 0.07378716763307361, 2.542885772664596, 3.9937010300053704, 2.4384187718562678, 82.05290088556785], "[160]": [0.590824558752027, 0.3600520356104438, 2.77666786032256, 0.38223275394074124, 0.3960880101083001, 1.0573026681688031, 2.9999692089440773, 1.028537268279167, 2.969609967061201], "[180]": [1.7360273976546223, 0.747528472940213, 0.9985293342421749, 2.376824501300526, 2.5127099728859448, 0.4856727415752881, 2.84358831149626e-06, 0.49914975325850564, 0.004548280481137509], "[200]": [3.0, 1.3780502363278146, 3.001, 0.03419009779618174, 0.10073168910512283, 2.999999894535419, 2.999998444140678, 2.9972770029285827, 2.9976273686614707], "[220]": [0.8545471729537818, 0.518626495512184, 10167.854813591215, 0.5832965012768111, 0.5117894510256571, 2.542984599647414, 3.9908632422097945, 2.5418946073412485, 3.9991323169047823], "[240]": [0.7172725176681505, 0.49247578683146304, 27238.2745896954, 0.24359979170163906, 0.20438633213191496, 1.0859692258430464, 3.999999957625524, 1.0856299755723886, 3.933832444034282], "[260]": [9.39744497369855, 9.725941045099123, 1609.5495399620577, 11.010260764198163, 11.010755918051018, 11.571641020920515, 13.999999976741096, 11.571470777460812, 13.999929055687435], "[280]": [15.184694283902763, 11.583342203928515, 3.0285682916227805, 1.7183305235698467, 2.12026413904468, 24.315220193702906, 34.999999160504096, 24.315220101877014, 34.99992915012637]}