{"[20]": [1.0, 1.0, 1.0000000000713798, 1.0000000000000329, 1.0000019333297632], "[40]": [2.595487657587026, 7.832162596184281, 4.000000000111909, 2.5764482970668956, 0.9401450282648227], "[60]": [4.408962048423717, 13.734124294593759, 16.000000000040757, 6.873145575819123, 19.7881687281071], "[80]": [36.52399241767483, 6195.565492287429, 230.00000000001373, 224.57340659939223, 152.1037244734098], "[100]": [71.75715849327798, 191.47024727358166, 1404.0000000000045, 565.3568335044006, 611.6751559875065], "[120]": [68.18456159409652, 1934.0630004931263, 69.00000000000182, 3787.078712613982, 110.54688285183875], "[140]": [113.84408610361288, 20089.78083026289, 1339.9999999999995, 4280.731688340176, 168.5694614572899], "[160]": [36.089907348327415, 2941.2503442736624, 356.9999999999999, 1655.2951408323006, 41.05765369426439], "[180]": [21.271085682782868, 301.4368536685548, 64.99999999999993, 430.03998378211463, 16.321633021360533], "[200]": [13.733380463514244, 3.5122993216309357, 4.9999999999999964, 61.355065151065446, 3.638611967282234], "[220]": [12.276853986095183, 0.19038187894405545, 1.0000000000000107, 60.23474863467129, 0.03698069595539577], "[240]": [12.322386590676096, 5.0719973357256914e-09, 2.345251993664329e-14, 19.969222246405195, 0.1682947260630616], "[260]": [13.859950021604076, 0.0, 6.090456127421861e-15, 7.387963655584429, 0.035445702002873614], "[280]": [16.677296502510533, 0.0, 5.626124413078368e-15, 0.10847442078176428, 0.006980068878247165]}