{"[20]": [107.0, 103.10795554832421, 416.75775934212186, 5909.364597383044, 189.20208411802025, 154.11562037570593, 134.43808911950467, 154.55550625024654, 134.53150039649043], "[40]": [2341.285714285714, 1723.7670515821708, 682.5741233553999, 1294739149263.2754, 151.64792822720983, 2222.644201836427, 2421.8796808246125, 1848.5526722782695, 2070.5860317214656], "[60]": [40608.57142857143, 25066.44160334435, 14288.479150859835, 19081.230696586907, 13555.358918002174, 32757.524186453313, 30655.44537490281, 21539.074998970184, 8096.426778776702], "[80]": [20085.714285714283, 57138.8519336413, 278629.25280772476, 654493.4578628946, 535220.3016445716, 23358.046186942724, 21766.968318356274, 32925.79183867578, 53241.281792526395], "[100]": [49659.571428571435, 11960.212423324469, 24130.732541110752, 1058088.5937400763, 443650.3901092851, 17216.82891523224, 5635.305667920489, 15429.846908668093, 1862.5328169194436], "[120]": [11790.0, 4576.306302545716, 43.74959695567941, 15485.789495060038, 3270.221364415508, 2798.6356911551147, 32.76009198313477, 2370.4919402306805, 408.51714477466976], "[140]": [2221.8571428571427, 2067.81478723462, 97.34330955314886, 4173.652966753638, 4475.525884143612, 405.49250921653925, 218.8999306792183, 339.9890936049792, 330.2143656825083], "[160]": [495.71428571428567, 2397.8927315989386, 8.28145579778186, 5294.200893785041, 5513.2375617493935, 81.63760629931528, 62.040398107769164, 72.48876322621419, 109.66826394430343], "[180]": [120.28571428571428, 1003.6581749743127, 5.11993967583075, 4017.5775430904555, 3721.4602397458093, 24.520088758305917, 8.76017262438258, 23.311309327947725, 24.47845280514809], "[200]": [15.142857142857146, 1024.0828946310921, 8.981412371082124, 2834.9282400850725, 2779.8919374346365, 4.7781931962735555, 12.800901977116109, 4.933224750365463, 17.479480244853548], "[220]": [15.571428571428571, 1060.9477895715718, 7.684127763497301, 2202.749261856357, 2167.8010069266984, 5.362738495990168, 2.5344235911596806, 5.343229946116884, 0.5710891077440408], "[240]": [2.5714285714285716, 884.4021747391835, 2.999998940214522, 1783.7835192101074, 1754.6837841792492, 2.511833459977466, 2.7695901847645263, 2.5142633300749444, 2.9348967251253653], "[260]": [1.5714285714285716, 849.4082053980983, 3.440935949386299, 1576.3378468037822, 1544.7632964424251, 0.028350550643581718, 0.5404198892933796, 0.028651498729601932, 0.9332033048593295], "[280]": [1.0, 739.9103600707076, 0.2705635688214574, 1334.5423337383481, 1309.9644877901342, 0.4857092998941474, 0.2297668222312586, 0.48567219275355233, 0.03161489434029638]}