{"[20]": [3.0, 3.0, 3.0, 3.0, 3.0, 2.999997950975066, 2.999975983160714, 3.0000000000000004, 2.999999967278013], "[40]": [15.428571428571429, 10.191809772313714, 8.171897225527019, 781.7968750001413, 8.024900515927577, 3.5709994858992893, 3.4377471271924165, 3.5820981486658496, 3.440807888659716], "[60]": [67.71428571428571, 19.020911373243706, 116.81274352793281, 160.79703309239585, 85.97048746356808, 26.457975921369794, 53.418360692112216, 37.513515278328896, 9.185771663954029], "[80]": [22.714285714285722, 3.234076060150869, 43.09339988961497, 311.3757887128298, 3.9701382184771035, 11.115361360766741, 16.126334553784602, 11.515824042461816, 7.896457909608245], "[100]": [14.0, 7.661957074864532, 1.2533251630081281, 4.475720039638219, 4.1467843746991235, 25.853048715371315, 8.818588362234507, 25.949493737449203, 8.73122737988686], "[120]": [16.42857142857143, 0.013028524618292181, 3.0856478124474336, 16.786654499558217, 13.02977928627461, 11.700498266492815, 2.591384177089992, 0.7321331978388486, 3.347450928719752], "[140]": [182.71428571428572, 86.62392151003706, 93.03782055071795, 82.1174936307923, 83.70966829775847, 197.1370134566739, 169.098471624279, 185.77692102770345, 167.6478904846743], "[160]": [1908.2857142857142, 630.2968801115348, 232.19866920448567, 129.31488833740923, 138.95284924636053, 1925.4152870702833, 1549.015982240209, 1925.4450568584457, 1548.9999775287997], "[180]": [8043.571428571429, 56.2010148737063, 5750.247440825271, 366.9564707996251, 667.81433909107, 8686.475038888868, 3402.8732751318403, 8686.4762103088, 4447.021898666297], "[200]": [2205.4285714285725, 590.4190279760478, 8493.455604044007, 1248.8918442325412, 1946.884679818635, 3656.3960752353814, 6977.698932284013, 8045.394120928235, 7973.357072393523], "[220]": [5756.142857142857, 1331.31871254202, 1673.604276534361, 4142.751321692353, 4254.289159811655, 665.1356018655242, 4110.698749203975, 4199.068847867857, 5800.498898814798], "[240]": [2228.285714285714, 148.66000135950298, 432.1254029199581, 855.5377017539561, 852.726854247951, 601.4535350263027, 1993.948834547953, 1514.1178494500532, 3591.457633969094], "[260]": [304.0, 128.9603873074816, 1.1071170102593726, 89.80438880467176, 76.57548227434458, 84.70736621400343, 729.6031985990787, 365.2408909608879, 1485.4599844985567], "[280]": [18.714285714285715, 25.761622989081843, 9.735007169530718, 91.25551772039988, 90.4125118388262, 2.370185636881061, 262.56790840268013, 93.15608787068092, 541.9609378845689]}