{"[20]": [5.147855126031082, 44073651.62873006, 40.36527458969792, 45.39195668916025, 35.015900945190154], "[40]": [121.99332936593783, 3085.2355426963786, 1231.0000000002076, 268.02228887988645, 128.1317049688539], "[60]": [5986.463072660499, 23841.07365827025, 20383.000000000073, 9360.905375532318, 18685.846536655998], "[80]": [84425.46992090999, 66495.75096814851, 747.0000000000291, 117208.3436006562, 11358.772944909473], "[100]": [6442.634446741242, 10860.290655383516, 18802.999999999993, 140026.22944204003, 17071.379461109078], "[120]": [2637.61968847139, 3847.735015705781, 3900.9999999999973, 41527.15092680526, 1267.215868648038], "[140]": [2692.50375501168, 4995.58166162267, 786.9999999999991, 8391.896627688162, 508.22997215372436], "[160]": [2065.6421539133453, 163.97307047288606, 162.99999999999974, 2044.483738895825, 135.72290919798672], "[180]": [1538.6550887132703, 11710.63989993723, 37.99999999999982, 402.0656704940666, 36.07146915149878], "[200]": [1157.448568056922, 1.5103497546300405e+20, 2.999999999999993, 59.5092934615825, 2.4824446826315185], "[220]": [967.6600719879926, 2.4295714285714287, 1.000000000000023, 50.37072354225825, 0.9633071426186577], "[240]": [942.3968755229113, 2.39330952720333, 1.000000000000051, 55.57680422371334, 0.9978520880385813], "[260]": [1061.7617077635546, 1.0, 1.216073317155514e-14, 62.01254743581836, 0.0001999617420918732], "[280]": [1277.2059802152894, 0.0, 1.1374917389937072e-14, 48.42888342710154, 1.1071744156824459e-05]}