{"[20]": [21.731366304103098, 21.735100398719357, 3528890.313837501, 22.968944099378884, 54.5795522884058, 145.53408049831177, 4400.207096009906, 6293.601738390273, 27521.719289126846], "[40]": [317.9526365005881, 289.25926416794647, 459345.4209463185, 36.85853580933408, 41.68655709687791, 37.361707938736345, 344.7801160725623, 56.53635284119236, 201.70896289624244], "[60]": [1107.5755243811911, 79.83754213535332, 2783.5616821569793, 2315.1469169320776, 2457.4634718164148, 849.4806068310373, 661.6741801178481, 195.0800475407794, 3147.281499945377], "[80]": [1198.5547632323673, 153.5722679461135, 834.4329053612274, 39836.26425887386, 5516.021185820014, 1714.7831271498865, 744.2531152798283, 720.3650737303185, 815.7717264027503], "[100]": [1251.1861066578429, 912.9247352898985, 720.6397270457456, 764.2075873275489, 600.0228098202899, 2584.544200109509, 894.7674513065924, 1056.1233032005869, 664.7408342721109], "[120]": [2482.2951762637526, 2638.413982007116, 1159.3320919725115, 1207.0414368814625, 1328.2150610020442, 4542.674548934508, 2193.247894969472, 2496.400979785809, 1101.0764721727191], "[140]": [12643.571249789054, 266.09153476860337, 650.5317682461642, 17984.032424391826, 17690.007778284624, 15989.77288591254, 11022.949388441933, 13568.53645559033, 10959.562276007377], "[160]": [9440.500925846363, 1420.5084058939199, 18937.746337169465, 8500.859389759078, 8506.436180059, 9841.819689118967, 6703.372133872071, 10229.904820061402, 9328.344005479697], "[180]": [6952.890647848314, 980.9872709331033, 354731.2573387441, 14721.37068465242, 11618.869609629035, 3546.97839208419, 1932.2906981489461, 2634.8328609890714, 1676.6276091985962], "[200]": [1761.922186890137, 442.1768993468195, 11.361624516905824, 3979.8646871068486, 3456.196411447739, 790.5447742626172, 494.2621213886199, 507.3476304715576, 2950.0624934715393], "[220]": [447.6264580333147, 248.71757542374132, 39045.682832431055, 533.7255571976656, 522.4406281624871, 150.63073578503608, 75.4605758814069, 72.56228776096901, 2489.29288810342], "[240]": [197.66523738421688, 286.5908971493686, 43.49032855761809, 675.4908219054767, 685.2257443193029, 93.30146104221913, 53.81991472371964, 69.65907483692236, 5091.453469691566], "[260]": [28.917164904423654, 251.71848024509097, 2307.1915838088175, 465.886685593233, 469.31911260486976, 15.723267638083914, 16.811370792560176, 8.937191591649617, 635.4384604975078], "[280]": [7.365342055815381, 232.0986127144659, 1.1645640458665292, 434.77704900452045, 438.9794444976871, 4.959720130600016, 5.190743120039748, 2.983787175988021, 13.627643243196419]}