{"[20]": [4.0, 4.0, 4.000000000150173, 3.9999999999999947, 4.000002946704665], "[40]": [19.072840007247436, 85.93713141622453, 36.001529814758996, 15.490567269053827, 22.035927490931243], "[60]": [16.304365352530112, 1988.999908297141, 811.3894286404554, 1255.6992224994165, 1775.5503407445394], "[80]": [2693.8465472684766, 19101.914236587574, 18938.00000129162, 1290.1576242532537, 14447.845178333386], "[100]": [18021.621887463785, 90125.98920681987, 6048.999999572719, 98226.44316117131, 6972.521298011063], "[120]": [5041.718036408876, 12464.730127122599, 12430.999999858737, 82903.53889785326, 797.2909602358859], "[140]": [445.435836319818, 2162.4433731355734, 2165.999999953181, 19504.674678237974, 89.40996135253954], "[160]": [216.24306248611214, 922.1562492909422, 436.9999999847337, 3970.860665183807, 197.11198779942623], "[180]": [257.2307573224272, 109.6696072658915, 90.99999999505226, 811.6706643688226, 47.878155586354154], "[200]": [215.05292751204763, 3.313813993045743, 12.999999998310958, 98.8466187934464, 6.653845228621272], "[220]": [179.4568292720615, 2.12150773226165, 5.999999999152443, 134.41256962352622, 5.718262334186787], "[240]": [176.28250968884026, 0.004521128696835191, 6.921650178700363e-10, 98.68813427137502, 0.10846388571455592], "[260]": [199.15240469487333, 0.0, 6.908368993953925e-10, 114.21811908135027, 0.004293073980923517], "[280]": [241.56772281121533, 0.0, 6.935553993128534e-10, 69.83601770767552, 0.0016219701747349632]}