{"[20]": [3.0, 3.0, 3.0, 3.0, 3.0, 2.9999975270400308, 2.9999724675119848, 3.0000000000000004, 2.9999999940231836], "[40]": [0.5714285714285712, 0.7206026073405418, 25.79487001765274, 13.0000000000001, 9.236607952369331, 20.724870548003015, 44.96466519972833, 20.71138622773926, 22.44847377320034], "[60]": [1.0, 1.8430287956793965, 1.5725856073978752, 36.85541766584255, 1.255758826482694, 6.535228932871616, 3.39030927507655, 6.531327152002859, 3.8580885446867574], "[80]": [3.4285714285714284, 5.220345244215633, 5.1001226399082915, 4.030257240961064, 3.65508551961696, 5.9883135980360285, 6.8053379422897935, 6.0133387537979335, 6.9193080729598195], "[100]": [1.8571428571428568, 0.2797608901014872, 22.708869899795427, 2.919017774421679, 2.673603131324412, 2.108167329791428, 5.916278157578979, 2.1121695576826305, 2.1939141006042355], "[120]": [0.5714285714285712, 1.6409733844184364, 10.465473439125667, 4.4159228327810895, 3.901000794891373, 3.599377893542322, 6.990393196331343, 3.1731029566569453, 5.756267979014344], "[140]": [1.0, 0.13325250312198733, 0.29764782875146434, 0.6657700478733579, 0.6756033810720563, 2.085857498092336, 4.997767238205278, 1.7581860193794632, 2.7458319679978946], "[160]": [1.0, 1.0868095716526227, 0.8998491029603111, 4.489280958118502, 4.410740644959013, 1.0286442251425525, 1.999547653206577, 0.7394983274503648, 1.0192910232861139], "[180]": [1.1428571428571428, 1.5392117576609148, 0.6573390090417218, 4.248054450192061, 4.412015831143165, 1.2631392474169405e-06, 3.242653956138563e-05, 0.06484491320761189, 4.1223836154986026e-15], "[200]": [1.0, 0.3308582920232377, 0.9989250785723301, 1.606410031757716, 1.6218502713366525, 0.9999998698999063, 0.9999941791088155, 0.9789599697462145, 0.8300681389535004], "[220]": [0.0, 1.4743629015235324, 239.15542078095137, 2.4009343209052236, 2.3143074289893173, 0.5716410076696783, 2.9999992385093885, 0.5662839303093121, 2.5944839159322233], "[240]": [12.857142857142858, 11.922890512680475, 14.113274914577676, 12.18180459770122, 12.2003876216184, 14.08596922555608, 16.999999931459072, 14.083669439139355, 11.379720109407526], "[260]": [23.428571428571427, 29.062436886550813, 70.0159537495514, 26.86450674071387, 26.71476530464002, 33.286563810039496, 42.999999944152584, 33.28604153557019, 42.99378794627185], "[280]": [22.857142857142854, 20.486019298899564, 1.7750079395190284, 11.051626740385103, 11.428140693193235, 44.14476860835747, 65.99999999529058, 44.144763953094476, 50.49353403557326]}