{"[20]": [1.0, 1.0, 1.0, 1.0, 1.0, 0.9999979509750656, 0.999975983160714, 1.0000000000000002, 0.9999999672780131], "[40]": [9.285714285714285, 5.58773576401185, 20.411817674970095, 1.9843749999998614, 4.304851346222591, 11.797921778382456, 11.735755272547628, 11.624314639310136, 11.54569969958968], "[60]": [139.57142857142856, 114.39596370631708, 49.36638021747521, 165.47668952898073, 21.830711607889583, 74.8688412024898, 121.41842484379247, 57.07268370524554, 64.76273638031316], "[80]": [1423.857142857143, 1017.1444724301796, 109.28642649317817, 160.74894158097413, 185.46800646394013, 581.4139682963466, 408.78794186551363, 499.814957649181, 443.822419257157], "[100]": [9265.857142857143, 1149.0189280824088, 3959.6249161115156, 749.8596531928852, 953.9147027967774, 2092.93914600057, 1222.0022605002105, 962.0298363695383, 2855.767187997928], "[120]": [1325.0, 1649.10960695822, 12698.588617381902, 14333.264346301607, 4652.384269602244, 3853.5885715434088, 3341.778307619141, 4274.345787039227, 3213.1356383402053], "[140]": [7404.428571428571, 835.0333620496522, 2283.109952209581, 7450.571319677478, 3786.8209264833677, 3101.4884910488763, 1800.7828660733503, 2917.1694371226495, 2149.649945527277], "[160]": [1942.7142857142858, 113.72334651166602, 126.35831770073719, 60.98899121635577, 92.4659650989629, 752.2111987389417, 586.2926141719277, 659.3593773779464, 752.0189132525647], "[180]": [305.85714285714283, 131.48185362797358, 2.5409779753166504, 147.15564688599426, 153.84162899615683, 130.04101206727552, 151.52518404596304, 104.17776573765593, 217.1679213254929], "[200]": [32.71428571428571, 89.44501478971233, 9.315350241877926, 122.9028451371027, 129.44291729925635, 17.284173069533367, 28.779335510452228, 10.684593799535925, 46.58522712027845], "[220]": [6.428571428571429, 63.748731104656144, 1.848343783546472, 110.08684109530903, 112.10069559423117, 2.943103527893765, 4.1467414593815946, 1.3597898521830647, 8.042362402918634], "[240]": [1.8571428571428572, 51.01374231366026, 0.20706265687605974, 90.56941173277832, 92.25291832051494, 1.6364806212108487, 1.5074555166734327, 1.273212819331739, 2.072146206586089], "[260]": [0.2857142857142857, 41.12152914965509, 0.17158588118886603, 73.35255353563224, 73.82101783292539, 0.10112011806453682, 0.34771433856385076, 0.02016168673627012, 0.6482281975983305], "[280]": [0.8571428571428571, 27.034994244011614, 6.7357659969432175, 49.03381326278245, 50.994811740065316, 0.02100167917631799, 0.06700958239271324, 0.0033255915585275802, 0.12632752302792172]}