{"[20]": [4.428571428571429, 5.0, 828.7790286069925, 4.428571428571429, 4.08605785778226, 70.32040339953994, 72.86058754594856, 70.87917442654799, 69.30616450976974], "[40]": [25.0, 23.677064494838874, 13.117747624655305, 15.504256207823076, 16.964521441860445, 10.500549743631911, 8.831098334086068, 10.514144708980268, 8.763905183814014], "[60]": [0.5714285714285694, 1.4227483664201799, 212.26051235214052, 350.87144937140056, 132.81445354095473, 4.251290812716036, 14.629181027443746, 50.51010835633562, 5.020655420039272], "[80]": [8.857142857142854, 13.312928999018425, 14.290805147486424, 470.2127442375627, 14.661177202208826, 7.924293132602507, 27.297337877465186, 6.9004245940334314, 13.162082067430156], "[100]": [3.7142857142857153, 2.4330330641277556, 4.778106290371898, 13.58216676917965, 7.277470869281913, 14.196301270530178, 28.95769628800422, 13.81288114865945, 0.6624537403209558], "[120]": [4.285714285714285, 9.01854924439277, 2.3165384741087713, 0.20228652841857198, 0.8511419271581815, 12.209097504639393, 24.67242208339688, 12.224691777975536, 0.8936543182328229], "[140]": [181.14285714285714, 166.17594852442016, 96.87149434590401, 172.75526248560013, 173.5993277140116, 193.0530153220322, 212.70654576530552, 193.01231386129948, 176.83415690426256], "[160]": [1621.857142857143, 850.2715767160676, 321.720401322259, 152.32545590723248, 174.35625954121406, 1721.6287338383559, 1928.7875078854445, 1561.8704255705288, 1351.912958677617], "[180]": [5344.714285714286, 284.4782765083701, 6491.248816035717, 3342.6900861325685, 3362.0248627075434, 6312.8319338657, 7984.984964212852, 6312.831989893314, 3700.1394839005798], "[200]": [161.28571428571377, 1839.8905192977782, 8741.506265176537, 7386.677910333125, 8116.962105565962, 4018.366806418974, 6056.834714821736, 4018.3668106431032, 3108.7649809264312], "[220]": [4810.428571428572, 1010.0438169841946, 2362.4327893323416, 5285.082061894504, 5367.842155700919, 420.19427445556175, 4044.2301736764384, 420.19427439883884, 4853.496471180819], "[240]": [1897.4285714285716, 367.0, 271.2817567033736, 1139.8946229319986, 1530.1509774249703, 446.9859501352936, 1826.2875003325298, 446.98595183301893, 2190.8131721508553], "[260]": [222.0, 262.9388177798646, 4.241514628136734, 88.16183808722917, 79.30403547981071, 46.87794088880625, 708.248582330705, 46.879315682769786, 858.1745286432857], "[280]": [22.142857142857142, 161.54035557491693, 3.9502595409354795, 171.91889609431368, 174.3546522611462, 2.684779806650239, 273.6832115574214, 126.67352322169529, 335.9579403999921]}