{"[20]": [3.0, 3.0, 3.0000000000619162, 2.9999999999040328, 3.000001049028629], "[40]": [14.488591853382228, 4.772870745196755, 4.996273319982287, 29.787882610977817, 0.8298915802500496], "[60]": [33.215166257857945, 1409.3092476569811, 48.99865466656026, 49153.18095415784, 18.572711124918566], "[80]": [68.48197479304973, 160292617.25814727, 421.9991833320912, 7765.565381155822, 278.8283072571033], "[100]": [45.82943943687453, 2516.5849911549203, 1442.999110122697, 28512.208146812576, 980.0942413257893], "[120]": [31.118395714133047, 87327662.77112982, 492.998196824836, 29.167497432251277, 2686.714926199271], "[140]": [122.3945954421361, 393.6635085285284, 1066.9971871987195, 9028.819635051852, 176.47153757620927], "[160]": [30.95199219833856, 161.5976606516806, 310.99681724383083, 15392.730224776862, 89.06904646260969], "[180]": [8.795191067173443, 325.42587183088136, 60.97171232155832, 12481.670413748026, 21.158068792249416], "[200]": [9.32451193663278, 10.64228575997178, 14.99958739796728, 5473.892395189085, 8.2866584368268], "[220]": [8.879206974242349, 0.23720226393743252, 5.997729370274915, 4099.191031883972, 4.881425751825565], "[240]": [9.362430350329635, 0.5725371875116891, 0.0023253991527270035, 4853.0244738974525, 0.18386643253303958], "[260]": [8.877021057644184, 0.6009001432238531, 2.7696688772858315e-05, 5351.541755281521, 0.030583219713600496], "[280]": [8.38406638946455, 0.0005917123710361523, 3.647976965016639e-05, 5074.50268933853, 0.005086548075247367]}