{"[20]": [5.0, 5.0, 5.000000000071379, 5.000000000000011, 5.000001266604183], "[40]": [0.6190690428134502, 10.001037360427798, 10.00000000011191, 28.25950743538189, 18.803068338362543], "[60]": [1.9824906063685788, 2.1095833800677397, 2.0000000000407496, 6.738060427983953, 12.695094339724651], "[80]": [4.073230435289403, 16.30235155957532, 9.000000000013735, 8.146187427660905, 18.34227116123764], "[100]": [8.762105881410633, 32.686492804028724, 28.000000000004547, 25.841040595043367, 40.53586084412369], "[120]": [2.6127861845388622, 54.02702248133522, 42.000000000001506, 11.370142122792998, 52.707962646789326], "[140]": [10.047428622424206, 8.861247151068255, 81.00000000000051, 12.297337637814223, 107.4641182233645], "[160]": [8.092834173948177, 72.03457832924386, 67.00000000000017, 62.29281916526645, 128.03763960053493], "[180]": [37.618776199908325, 256.93498271930287, 166.0, 27.3185306418319, 196.07135711517617], "[200]": [48.156349821524145, 10.711137815297661, 602.0, 245.9940278210047, 158.8340737353326], "[220]": [72.7395022584451, 52.910083367101834, 1452.0, 308.03430895002657, 362.12910077328524], "[240]": [157.26377857921398, 1296.8970779342344, 1275.0, 1360.7064506057122, 244.95386112675806], "[260]": [259.2303106002819, 1988.6141972193163, 1314.0, 5143.012326227707, 962.1884827344948], "[280]": [232.20321106834126, 903.158002024451, 1469.0, 4685.102941042314, 162.71679268775733]}