{"[20]": [0.20269813153291782, 5.974141671934976, 3.9800539745799974, 431.74293306591744, 2.076484879058746], "[40]": [7.9871128738849615, 490.68714956339517, 27.99251447553269, 36818.329595786985, 6.683440105487485], "[60]": [75.4797666537445, 348.3090185645013, 213.99447919470035, 133.93711556739342, 225.245675815294], "[80]": [84.93196265809506, 77.23851473542759, 79.99796063432535, 258.3093318881619, 249.8323562517284], "[100]": [43.099323290616965, 1952.567922943815, 27.999497214229006, 347.67018894743256, 63.782584191047185], "[120]": [20.74139196884692, 44.610344509521205, 37.99963202701294, 139.07060717431935, 93.5805829398495], "[140]": [376.04438862344676, 1221.2463640995372, 1400.9991650610896, 295.87174407713, 1031.1632275636982], "[160]": [1141.3435324819286, 562.053519445541, 9972.99669069152, 2600.126914751085, 486.4159676050712], "[180]": [5463.395829632837, 19435.0227044389, 3628.8858157088803, 6356.419827446952, 159.81818166772737], "[200]": [2629.047362295689, 299.13143962283124, 6403.9976674679165, 982.361293459033, 714.2516278918241], "[220]": [117.6490545683932, 187.14522025940158, 1394.9868547601682, 159530.72157271634, 81.6899368710134], "[240]": [115.27330912691937, 11684.582786539739, 378.96688070271875, 12578.88461336105, 141.55650809230886], "[260]": [141.84686177372024, 42.33839485778265, 73.99960569616118, 8889.657682280635, 38.004331359628296], "[280]": [375.6930946549021, 1.9738959321771907, 6.999183024405068, 1948.6867251899337, 2.3066937380477985]}