{"[20]": [18.96911901546071, 62.37189639336846, 43.90881405200312, 62.896778055071444, 79.59564707426601], "[40]": [57.70865099127638, 182.441404898686, 45.95459530850103, 19.799498996689646, 158.01584933898053], "[60]": [8.259159898151026, 13.98091862192621, 41.99229598005977, 20.19250330584187, 104.9188872725587], "[80]": [29.317588400593294, 429.44899123396453, 177.99910782286156, 79.25920122211247, 238.48063899327818], "[100]": [173.16197549441776, 141.73449705151447, 501.9998668441014, 195.92198949195964, 685.8080693730636], "[120]": [322.6198844332525, 1499.52323996065, 802.9996752042824, 529.3929319956404, 464.8111591073444], "[140]": [88.10321633551116, 613.1307089291406, 1322.9993841546525, 707.0909922272816, 1934.6858998410237], "[160]": [282.2434909508408, 289.5121111895813, 1520.9986279731052, 2745.114227587966, 2165.2803162280916], "[180]": [956.2994770072329, 2340.300808798827, 4460.9496100619535, 2446.3058835918896, 4647.827686634622], "[200]": [1819.9365661900586, 2324.7600523709884, 7445.998651711885, 7060.723128146078, 376.2268834887108], "[220]": [253.5382057865719, 541.4971998965701, 2063.986001631469, 32475.977987854236, 391.1347490652535], "[240]": [2096.774315659632, 3349.6850263028477, 6316.924729275514, 12919.567982109753, 67.54032118876], "[260]": [2788.47719786257, 2144.492678257155, 7316.996258145136, 1878.4950200952767, 967.3665327062428], "[280]": [621.5252095061286, 2314.084119347214, 3105.996828995837, 28841.21264650475, 16.267931541287727]}