{"[20]": [0.15357955051611702, 8.372203499011023, 7.866759834250704, 58.46024374805974, 11.835929951959764], "[40]": [6.8291700439475145, 1143.5161062761365, 150.62529729750716, 50.74947342046262, 26.831475825849633], "[60]": [108.58538434474652, 5264.674875086392, 3556.33151626936, 697.0091302062357, 2954.9294815817234], "[80]": [6079.400045360913, 8209.725374846867, 31989.95553268909, 14004.446122241483, 10385.42531375164], "[100]": [19905.17210269161, 104201.64961610739, 20337.46519450749, 77736.7093160582, 827.0896714775108], "[120]": [3698.215811609269, 18237.926491384, 10832.917438869803, 31233.56401816132, 1878.513087137211], "[140]": [566.4007419735432, 15536.340492786632, 2283.6276268878187, 56849.480505077794, 1176.6150793512031], "[160]": [716.3547814740296, 420.11590426841906, 739.7561439423426, 24722.76537323904, 593.6118021798318], "[180]": [676.9815379274715, 3623.691143486776, 174.3973166889622, 11846.880456900592, 172.20522181999738], "[200]": [580.9338894159926, 2533.8898246880276, 56.63910666940195, 3651.322267381081, 55.605943533335754], "[220]": [524.1667760843974, 1.5563648985954683, 12.532085669168566, 8654.000589505124, 14.851182787423308], "[240]": [507.03205476473113, 132.9612310425153, 2.861240559469268, 4262.678653099378, 2.976838713737615], "[260]": [530.2807403541227, 2.1002883044833043, 0.9058416436783464, 1715.375357383436, 0.9982902099886395], "[280]": [595.7820460434392, 0.6214958213529161, 0.023869914372089806, 115.57226318514823, 8.780218087717538e-05]}