{"[20]": [17.857142857142858, 17.29321466567739, 43.26159075209182, 5.698297615169505, 4.596538601488259, 49.91024446718295, 47.93659414875508, 49.93056776972337, 54.56142682742487], "[40]": [184.57142857142856, 134.49352526308354, 50.63482146605992, 177.55635197751064, 2.294113566535998, 0.27629674848077457, 204.08855741583068, 0.18371496459644732, 205.63707133679813], "[60]": [1840.142857142857, 1230.8654608733846, 293.36075242425113, 1432613.9949818817, 109.57900751892339, 1680.416204448544, 1881.9802105152785, 1224.2866046135894, 1282.1167652718673], "[80]": [13067.714285714286, 5790.2477954043625, 3914.7707428469985, 4698.322159255418, 4357.778096290818, 9688.06973833256, 8898.289915502311, 4884.023095388122, 3630.0574423364433], "[100]": [11406.285714285714, 8657.665108390152, 43024.67419451449, 126294.60486339085, 118674.6491542721, 1010.666722259557, 2189.798315117194, 2118.4819110049284, 2240.7136044588187], "[120]": [15764.285714285714, 3735.1930116961776, 14736.836314813841, 224251.93643332832, 156862.35630351084, 5803.7058963732015, 2874.8418120011083, 5171.437747273576, 1566.7712454255743], "[140]": [8148.857142857143, 659.7688666848262, 903.4431603645271, 6279.079753961076, 3118.744483999195, 2150.243797176362, 296.8735831946965, 1820.6901208272384, 73.9487241533975], "[160]": [2008.8571428571427, 2222.906439255332, 11.035472897283967, 2938.190132834687, 2942.572651600004, 465.64969292258525, 10.267712032715508, 376.93013407911417, 67.02746276537971], "[180]": [447.8571428571429, 495.0498842248089, 22.077167528059675, 1298.9712689891492, 1314.84210611287, 83.36990065843429, 43.32876784422632, 62.8978811582744, 55.190696175711594], "[200]": [103.57142857142858, 446.5897976254255, 13.951362828578937, 784.3237337540269, 827.3007849111731, 7.956273374618206, 28.993758969240993, 3.569503456061966, 30.479655016379702], "[220]": [28.42857142857143, 319.0504135147539, 0.152883660128591, 583.3649987862805, 599.1797895378293, 3.6304367784059366, 18.911829171149222, 4.5271932982570355, 18.227948843441535], "[240]": [15.714285714285715, 295.29987942314347, 3.6067039290967795, 487.9914586229231, 497.36018724399514, 0.4075760228900247, 6.094524128201313, 0.2292887724870596, 5.501121760579692], "[260]": [0.7142857142857135, 307.8171641927893, 3.795652186448958, 481.45606552685274, 488.58257651658147, 3.6472753718690454, 7.79169481225304, 3.682174439416637, 7.2899828199664265], "[280]": [1.2857142857142856, 247.50118087235842, 0.3573660858626768, 368.88864411136495, 373.779928693397, 3.078676280859467, 5.005228181070548, 3.0854012989011443, 4.756863257108744]}