{"[20]": [15.90470898777617, 12.488791426177567, 2.5748378851629554, 5.545505629068583, 7.911445152806108, 2.6260887529349235, 3.033006510197686, 6.987275171428734, 14.882735258077938], "[40]": [198.06931341830145, 92.68208029078305, 9.011235017790572, 28.706716230407043, 3.1776217410504377, 27.44389929338815, 219.3449580772574, 19.64915286505875, 2817.3878472684582], "[60]": [2363.4725212604185, 649.0548528190269, 138.83351939227848, 199.72231003006425, 186.08076099541654, 1756.0966348243342, 1276.0554421154256, 647.4777763784264, 1766.8981970242392], "[80]": [15788.378159539343, 5784.139500699882, 28887.367132018368, 1011.6565071277728, 80.73155884150555, 8710.161757221871, 6323.523213841803, 4675.303991032088, 2208.746885089986], "[100]": [7481.9131420895255, 1410.4504624245303, 6554294.086055696, 38955.87074350181, 28263.31645651638, 1454.378101177901, 3393.446256496916, 2124.067087526045, 3913.0957591915053], "[120]": [17670.705761106317, 1183.4875054163385, 6440796.969901979, 216.5856481952923, 693.0582962584377, 6664.02301507264, 3613.3205628547485, 5689.501186345865, 2442.5769177803754], "[140]": [6324.99227592468, 298.9110038468614, 412.0445001496886, 1133.2575812178518, 1183.329045685474, 2122.7335158520423, 258.3402618459549, 1764.1839297971671, 180.57368894227366], "[160]": [1655.6563420866087, 494.2702871577296, 27475.673501040143, 671.1282387675177, 658.2771637646835, 454.3896164262056, 63.31163435508825, 382.82136967544994, 7033.633952005776], "[180]": [422.65190946769656, 447.34538420398576, 19.768287319044024, 400.1604766463325, 406.56193918763086, 75.62460932011292, 76.6843677104048, 62.538306838167024, 79.49129667379141], "[200]": [128.55106048244545, 425.64826415320834, 12281.186774147443, 104.30920968037853, 112.70083061665291, 11.285601250326856, 36.826614423826925, 8.976370555530321, 36.25105005791081], "[220]": [34.70268786034204, 420.291914729016, 16601.979490286358, 141.4472096237288, 158.78546933081896, 3.5652647095178085, 21.78103437684704, 3.9212693519075943, 855.5808266878674], "[240]": [2.344931848269374, 389.72917336379595, 10.270677140458076, 215.3413779210459, 221.4968559165536, 9.677823725444638, 17.49342581237777, 9.740628375746308, 17.16894910972918], "[260]": [6.507842295583408, 313.39772919668064, 1.1420827232764583, 169.71987539579396, 171.04191960334566, 0.790549517368854, 4.97353299266992, 0.8014054047403644, 4.776389469708295], "[280]": [2.3807992660418105, 272.68181900730883, 1.1429470550135266, 145.87444629219817, 146.22280509709947, 0.41528295433712265, 1.2871361400807007, 0.4171183095763246, 109.75456280759671]}