{"[20]": [4.428571428571429, 5.0, 13.429571428571428, 4.428571428571429, 3.7695126918994086, 4.17682724001909, 1.838388836608691, 4.451552770693382, 1.2388766798987065], "[40]": [24.0, 3.631895841025994, 20.177125259149193, 2.858704307223398, 11.900093526780026, 15.011961537746082, 29.76382859622883, 14.97523428507747, 31.92279599862253], "[60]": [1.0, 4.896826440643288, 13.028507495085506, 223.58839781044867, 16.39506721947123, 12.33527242634488, 35.281759964093226, 11.652597128786468, 2.9630701527878145], "[80]": [4.571428571428569, 5.005717546373958, 1.5867041207982595, 10.725492655532662, 10.084131311028372, 18.94781753159664, 53.85344993301788, 17.637653986604874, 1.9839653218268438], "[100]": [28.42857142857143, 12.654294306336226, 5.40428146939459, 14.855946739419636, 15.456670019083774, 46.34622515980362, 89.11551513180294, 42.63198082199652, 20.681306021165085], "[120]": [61.71428571428572, 44.370266735913674, 14.943006802268002, 4.7606549890140855, 1.883585143882982, 77.47207676789066, 118.04234846171653, 50.36371532149741, 32.182316634245325], "[140]": [72.14285714285717, 0.27368999739718447, 12.918695612108252, 6.855394464544645, 7.835716271128717, 88.52021064101814, 147.5647097158562, 52.45737113100597, 36.71376418634935], "[160]": [22.285714285714278, 22.969912985039286, 18.630404287927604, 33.74015391567673, 26.698533868522418, 74.78816097856054, 148.62157394392028, 48.46041111805653, 12.907267528701766], "[180]": [93.14285714285717, 35.23015029043438, 5.508140640947431, 6.945247993308385, 7.742886184882082, 171.6504515636018, 328.5715582447187, 125.52725464673608, 66.4880809524455], "[200]": [376.28571428571433, 103.26703834246587, 106.11131228494855, 43.38849798003298, 43.36960795162031, 436.7806100970656, 637.4348533374315, 290.9066941129038, 272.7105316457713], "[220]": [1255.2857142857142, 225.8272102820456, 164.29741519384197, 85.33019251628593, 76.77765617974865, 746.5225242663428, 2956.415957032592, 1145.105465885646, 712.0519702633478], "[240]": [2024.7142857142853, 233.57436370136566, 412.51160648203495, 51.50344928563209, 72.01293593500031, 2950.4625935247564, 6095.108015803342, 2580.205057845421, 1068.6630669830047], "[260]": [374.71428571428623, 518.8903346484694, 1826.9760152904, 9.60174756057495, 12.312288118440847, 2527.3747789897725, 4888.342685005364, 2527.3747789924237, 633.1812937096765], "[280]": [1810.2857142857147, 332.3645958672769, 821.8149278097217, 228.68378440511424, 280.0605790903819, 754.1316794501272, 1494.507676043052, 754.1316794504573, 1950.7027130623992]}