{"[20]": [21.0, 21.0, 20.999999999852164, 20.999999976813132, 20.99999675597002], "[40]": [49.152443107570754, 889.4423737483934, 305.7492851210906, 63.335100075545995, 215.93933618407016], "[60]": [343.75128109036973, 15887.151520197183, 8303.618850368473, 2555.2618083351535, 8505.965972008515], "[80]": [12838.467700226554, 34918.36928137581, 47829.29848304825, 53760.426861023116, 44800.7175736536], "[100]": [26160.40030742805, 193326.91383388452, 36509.54249367876, 135390.04403493975, 1019.6344111663363], "[120]": [5136.462387581538, 23969.621670457505, 14479.77014883219, 96163.18041681952, 784.575014998671], "[140]": [692.0313090959697, 2693.9744463827433, 2705.567068870338, 25250.065971279153, 537.8063717710547], "[160]": [524.9495993427095, 459.4947308813866, 783.7967094273874, 21073.483071310668, 584.5737275982082], "[180]": [529.9215775983514, 816.4203534339591, 274.8315743266409, 7442.487379099694, 249.0460556714268], "[200]": [505.8952358838886, 36.41660759787111, 93.6688678554464, 24920.457771334386, 89.80108198657352], "[220]": [475.46071348943553, 1.115821874775206, 20.77029613671249, 7429.326705112979, 22.729596458947842], "[240]": [460.062063740969, 1.1051439341086435, 3.1378332644505016, 5405.597239789381, 4.978868411235495], "[260]": [462.4722040738527, 1.6038034627204962, 0.6802665663658416, 4137.270219055088, 0.9962602174408179], "[280]": [482.00620021631767, 1.9109505799230793, 0.7603262298936265, 215.12820059575824, 1.000424542113998]}