{"[20]": [6.609790591751522, 4.433987534865635, 52.34538308829118, 9.900621118012422, 33.669128432770414, 27.050806716128605, 20.731433979903247, 33.10844157275534, 159.36996359475907], "[40]": [61.462444855535395, 18.835775343991873, 20.83353606081202, 83.00079827246415, 2.7525541687100015, 2.883679142773399, 73.97008049363, 3.964199648075407, 73.08735146529844], "[60]": [199.44723890516835, 72.50547428684222, 484.20561084253336, 387.6696510251525, 513.2628813886477, 87.41851351675156, 23.597562522277634, 89.64501974600435, 108.97602334142786], "[80]": [20.29236879767392, 15.837958489086047, 6142.68357406609, 521.7318011502437, 304.7839731180156, 150.0373900545786, 2.947496082132756, 14.944383300533277, 8.877581261435855], "[100]": [2.6991758748436054, 10.054286549173819, 20.886465757940627, 3.552839200096509, 54.32469593869274, 195.99743954279558, 4.951257589561646, 16.026997272396482, 3.7166761776309407], "[120]": [65.07711403910845, 20.281962561876355, 8059.697352645161, 4.813796217733208, 20.955997102644748, 275.19579200750456, 60.48992620438576, 82.75890325149273, 59.20452987822896], "[140]": [4923.100743302242, 1501.5482139994258, 1410623.3834563124, 29.45395616566904, 130.04587549367406, 4591.74927867161, 4418.963779829385, 4973.504430266928, 7814.545643970748], "[160]": [21323.97072484678, 248.92655096317844, 3301345.444314445, 2998.3199672522433, 3121.146977505697, 8183.560088398634, 5491.443115703031, 5523.059983509517, 62164.05711091462], "[180]": [16094.309164999491, 1097.732688286191, 4747049.919481861, 8425.031362928268, 7160.621383314492, 852.1958345174396, 22012.43983253735, 14191.076810652117, 14026.5013840195], "[200]": [8787.018915654131, 776.5569800036603, 858.5827722741603, 7529.061306826225, 7999.3222851865185, 2485.787721343861, 5298.776594300403, 3907.7618094595573, 17291.71056005266], "[220]": [1677.3385573284174, 168.0795168357556, 20.24851183815222, 892.2800459668955, 851.633690616382, 435.5944840066994, 1066.1674703772355, 817.5746278790356, 3723.413014460232], "[240]": [323.07625469742635, 148.6572632751532, 13086.852842998676, 104.79417829680169, 59.38976481725364, 111.86403630569617, 354.4038230977729, 215.807358493375, 837.9331875395204], "[260]": [32.65079445754827, 105.0220668547884, 7.484006363640779, 243.64368214143954, 219.53991569548995, 3.141473230655223, 65.82708056501039, 66.30778208594806, 370.18154009032077], "[280]": [3.260130226413359, 93.30218238543057, 2.991711076244934, 126.73783061037824, 131.46419594043226, 2.5354988454548284, 28.943961083349155, 26.629969363796, 115.07567231734065]}