{"[20]": [1.6872197183302688, 6.108161831404658, 16.000000000195012, 3.153506753786239, 9.296601342980068], "[40]": [14.474773715842304, 57.36080910964077, 34.00000000011191, 26.259432987290097, 44.09050724662893], "[60]": [1.4584391856489844, 4.184937642401167, 14.000000000040757, 4.873392171158571, 51.19460810090999], "[80]": [30.331302086090773, 65.43851961940359, 94.00000000001373, 68.81295769702945, 130.2953056915547], "[100]": [38.00713179443369, 32.072988292699506, 179.0000000000046, 64.30735244566768, 264.6990188248262], "[120]": [151.74739928508916, 111.7486717798779, 334.00000000000136, 175.49630780078178, 156.55768571602857], "[140]": [37.44143478699971, 251.36198311071075, 681.0000000000005, 350.47912095390166, 916.6689933974958], "[160]": [35.37508094657187, 135.9062735633761, 703.0000000000009, 1460.8019996061885, 997.7580292281518], "[180]": [141.02569739983846, 959.1247364383862, 1686.0, 1686.2960749007234, 1729.5635892389037], "[200]": [438.81405865323177, 638.2231409431188, 3627.0, 2537.518237344768, 541.6458488048265], "[220]": [484.94577331223627, 1024.5080598587483, 1803.0, 7165.339394930525, 298.48567330552396], "[240]": [394.91348837747137, 1382.5522601758057, 2637.0, 2087.6949323084227, 48.40056287707921], "[260]": [690.4153452162445, 1275.2079751056917, 4007.0, 1962.6346296002557, 939.1903254811623], "[280]": [94.80175453089123, 1854.8741529291656, 1910.0, 8122.471537465211, 269.09557606127237]}