{"[20]": [2.0, 2.0000008256875623, 2.0, 2.0, 2.0, 1.9999973665461301, 1.999940091083803, 1.9999997019740667, 1.999999690005653], "[40]": [1.3967309324220087, 0.6916398178453416, 0.6742388602745137, 2.9699987145536966, 0.9649317931890605, 1.5905848131585858, 1.5660994682190987, 1.3823082202177417, 5.711763988414888], "[60]": [2.4464587152974895, 2.639173282634088, 9.68430880654601, 2.152212537187781, 5.402921145051601, 3.171678623477583, 6.842630689917235, 2.359831024911074, 19.533056412865495], "[80]": [22.214700721775454, 18.636593104511075, 8.767270792024044, 24.581198401371406, 20.936229183218803, 22.594137786448933, 25.56501951160083, 3.973110800664031, 285.7344145038612], "[100]": [68.56383383199012, 40.939179592999125, 26971.35864888981, 3.2635397693679598, 3.1940578725729107, 63.84372053149637, 89.9546092674877, 14.611294041036674, 1443.8965399179835], "[120]": [242.08985223744642, 90.02150096275393, 6.05499110035963, 1.974430617413845, 5.962940889965696, 190.6219754173519, 171.42443817285158, 25.2996757516689, 89.69226111918826], "[140]": [728.2841463371318, 52.67573640372429, 230.56312973862885, 99.70999118490131, 98.05577143256916, 151.93116100252263, 152.54786272464386, 200.1961427486157, 398.8578326658697], "[160]": [1070.2896143421085, 11.51662728929487, 65974.45559809385, 666.6859039316367, 616.1378060596559, 347.7691250072999, 198.1489654747265, 291.84604289155214, 169.0936890921872], "[180]": [17.603009280380427, 70.39382953329014, 918.1987799452221, 530.8983170883197, 556.0746391007159, 1391.2447106572733, 246.7745089423211, 313.6787556304827, 123.82745982262401], "[200]": [1050.83122247077, 19.221822470953228, 496.11958555144804, 993.0181011443423, 949.7451327441287, 365.0144113736686, 269.2801633309696, 337.48945828294626, 645.3379513428201], "[220]": [667.8042865415499, 98.31081321212702, 31.5135738910636, 282.3139295703883, 278.20948831072417, 43.22082173044454, 52.172460437615094, 150.30449123047293, 20.078899678297777], "[240]": [270.18197109888285, 16.29634588213431, 8.013414319932453, 49.0598976667041, 40.3549673032164, 0.34947836963986767, 28.011900090000278, 56.62774488295287, 9.925670797757169], "[260]": [112.72730847936829, 18.07048746313928, 6.5824367416502545, 21.715106016594248, 17.56871078086039, 18.69976766185531, 29.11794229727982, 35.989130968389844, 14.725256979182841], "[280]": [24.2864214933859, 16.870955902094543, 3.260916609814333, 15.332434490780948, 17.13917926348274, 8.496461822991845, 8.270978828259583, 1.344857499994604, 8.98479416050603]}