{"[20]": [1.0, 1.000000825687562, 1.0, 1.0, 1.0, 0.9999970660978678, 0.9999674666483876, 0.9999979163545994, 0.9993206813458585], "[40]": [2.0, 2.400948942299486, 2.0, 1.6259256910099704, 1.9298521416779015, 0.6733062207410528, 1.3299943752777559, 2.803582108887222, 4.053786314160493], "[60]": [0.7454456158892634, 0.23363723249631266, 0.9730760960871148, 11.559798523705032, 1.4613945242693973, 1.8100452139495116, 0.2735030293947702, 1.1290452231838188, 0.8017706611439289], "[80]": [1.0, 0.6088455139570813, 86.11553005635035, 0.08261653755471172, 0.3511563953499154, 0.4990787251100648, 0.05546694431483695, 0.6389072112335176, 0.7750257557847143], "[100]": [0.0, 0.26733356470047326, 608.3362423396529, 0.8986245504618057, 1.0368470378626575, 0.0015351873890398927, 0.0068673013348029615, 0.00023912143577957938, 0.00014600475211096095], "[120]": [0.0, 0.20066290691980077, 0.0, 0.4929297749257666, 0.5604146468075016, 0.00014672025809300777, 0.0006271613488123531, 9.134359480998372e-07, 0.0007860217558804768], "[140]": [0.0, 0.15020757376091468, 0.0, 0.2785069332554278, 0.2716252716348132, 1.4380202119696195e-05, 8.603497794648945e-05, 2.1460280422388432e-08, 1.040141795203865e-06], "[160]": [0.0, 0.13590549135773602, 0.0, 0.17827188027040472, 0.17483391234061232, 1.412977931201467e-06, 8.28599226666858e-05, 4.934308423202632e-09, 1.791502533402929e-06], "[180]": [0.0, 0.11387924224652363, 0.0, 0.13117491554244262, 0.1291255859993007, 1.3883049220702808e-07, 2.1418410285219482e-05, 4.1443932402850544e-10, 5.251451929907455e-05], "[200]": [0.0, 0.10875686434115368, 0.0, 0.10379857742064605, 0.1024604214197388, 1.3636817301987083e-08, 1.3172326399845642e-06, 3.5574327011609916e-11, 1.6960676178283063e-10], "[220]": [0.0, 0.10182056225898173, 0.0, 0.08589436887488873, 0.08496768660774312, 1.3392546428700143e-09, 9.575516060306513e-09, 1.0722698655755933e-13, 0.0019584654991801702], "[240]": [0.0, 0.08768690579788732, 0.0, 0.07326827056951571, 0.07259862887175071, 1.3035451814383428e-10, 4.368710330759447e-06, 3.7095480894572376e-14, 5.423712209767653e-09], "[260]": [0.0, 0.08203578916427022, 0.0, 0.06388457230329049, 0.06338442942350116, 7.634092690705811e-12, 3.0806298877898475e-06, 2.8435172781787113e-15, 3.0774620267498434e-14], "[280]": [0.0, 0.07998495981222746, 0.0, 0.056635533143718456, 0.05625193722182943, 1.2620851953049337e-12, 3.5036069101281417e-07, 3.60630472742816e-14, 1.6109185119265566e-09]}