{"[20]": [16.142857142857142, 11.479777527041598, 2.187450923254289, 6.856914153270537, 7.94293717899841, 3.5866727582697813, 4.32292274836408, 3.5881867945520263, 4.123903417355532], "[40]": [27.285714285714285, 3.24058127963751, 41.52800269380708, 42.812420298356514, 9.286339977233638, 40.83011022306759, 50.32137642908124, 40.7302208575764, 3.011751128615515], "[60]": [28.42857142857143, 30.79763744792021, 5.292669778447504, 133.14121438072246, 30.832858645426626, 51.44405700413212, 27.727808020685686, 50.61864982280254, 19.793765940548937], "[80]": [61.428571428571416, 32.23827808881009, 23.014370963087146, 3.8001025827279022, 4.332928305122607, 90.69311041466372, 48.63006434660292, 82.87118091066299, 33.03780264840282], "[100]": [158.0, 106.25228166880203, 21.93271393077714, 30.04114758974697, 26.684934301736803, 180.92217300394822, 104.55344177285883, 121.91260816401297, 95.96595237523962], "[120]": [463.1428571428571, 326.22404288932296, 83.96021197482287, 88.42362435742734, 79.2724875465201, 402.85537693601884, 283.036797931577, 52.93100582076886, 81.18372516299155], "[140]": [883.7142857142858, 140.8351297409181, 27.25033696017499, 26.410696469536106, 7.559439101816224, 728.1223073859337, 502.7423825346973, 518.5370919358948, 82.94583577714457], "[160]": [947.2857142857142, 120.0023881295383, 13.83396145207189, 138.0844854149991, 185.12587632445502, 918.0135440837716, 492.8993125979596, 586.4820767901128, 464.4232323708097], "[180]": [1921.7142857142853, 545.8017495259137, 394.64609746440965, 236.0132511263164, 194.63108435565846, 2135.3454880248673, 1327.000593005002, 1588.1834326950884, 1044.1315269470988], "[200]": [5524.571428571429, 554.8563952898985, 196.96940505335442, 199.78552928646968, 209.74826365687113, 4442.873757693824, 3517.880819859225, 4436.146844867655, 2456.594540603417], "[220]": [4258.0, 1150.8399710907324, 4215.586569981893, 613.5475652330497, 629.9373629406728, 9585.629727548727, 503.0571228603076, 808.6401708911435, 2527.022779028579], "[240]": [2799.8571428571413, 395.6555298393614, 3389.3395831080015, 1628.1716694660063, 1705.9925504659914, 5412.506820907813, 3643.495711756663, 3015.440578576061, 4849.05177067882], "[260]": [6230.714285714286, 8.83418208389412, 2102.0339973292066, 129.88717555054973, 19.55419647352028, 666.8692800577683, 2971.719850939644, 2896.72577412361, 3054.955725034368], "[280]": [3493.4285714285706, 419.41761930271696, 283.2891234284816, 414.654241316357, 443.14690019829595, 243.44285643066814, 1657.055894055311, 1623.9987854194933, 2559.9471673165563]}