{"[20]": [1.0, 1.0, 1.000000000061916, 0.9999999999040325, 1.0000010490286289], "[40]": [2.013456742649731, 19.54309899545873, 7.486328522580162, 48088.77797935578, 7.181667785179511], "[60]": [117.14864105232137, 470.81473497833093, 31.00095517162226, 248.5034305620305, 168.3773389090542], "[80]": [56.84900169327779, 20.936311268881184, 77.47377155689568, 154.174036762925, 136.22364636231134], "[100]": [3.4953347382305116, 42.87022140686332, 64.17028823207761, 89.2896148488775, 56.18824016827158], "[120]": [16.367729130205365, 6.929088702942207, 21.968216075915063, 68.63326235257743, 33.68690605910846], "[140]": [111.22470118541477, 1231.865270039876, 533.9698787333035, 164.34250109538786, 471.46582003914324], "[160]": [457.8302880081377, 2193.5832886847274, 5521.9999917524765, 309.37766178032683, 246.68042890911443], "[180]": [2725.57314366373, 9572.658221770978, 12600.999997496443, 6130.500627278159, 2417.627674287602], "[200]": [7073.409808794822, 11465.79727886753, 10289.999998197844, 44374.62721266264, 996.4442626240656], "[220]": [1710.8055387666568, 1888.8450738020952, 5558.999999883456, 330.00215674703855, 209.59266074151884], "[240]": [276.272014139, 208.68420446575732, 1815.9998060918008, 22511.378712059945, 359.66296765523333], "[260]": [154.11459598218474, 36.31829274540395, 341.999897683521, 157.33094599192293, 72.46086065011337], "[280]": [366.33894213729684, 9.1545460514984, 33.99998069787655, 2.330520322570267, 3.4923488705187795]}