{"[20]": [2.0, 2.0, 2.0, 2.0, 2.0, 1.9999979509750656, 1.999975983160714, 2.0000000000000004, 1.999999967278013], "[40]": [4.0, 2.587170412360601, 5.961180368778759, 4.0, 8.86980891849284, 8.365930212292067, 9.311176993441531, 8.292710731208945, 9.327213673066453], "[60]": [4.571428571428571, 4.443739675804988, 7.034134267952785, 10.222746613073651, 11.106914703101515, 0.6837822902452366, 10.802671070936821, 0.6755706101133274, 4.214871208040739], "[80]": [1.8571428571428577, 2.574550462174572, 1.3865608873447854, 0.3919734604001359, 0.5522960477202137, 2.7183182403810466, 6.135049875824362, 2.214190247042425, 5.6661353153544765], "[100]": [1.7142857142857135, 0.7977674730440434, 0.6509407483982326, 1.9353292885785454, 1.8635538541461312, 3.638381912574916, 11.584519116583252, 3.557551165231466, 12.153450678766518], "[120]": [16.142857142857142, 16.458932720145388, 14.32857779769903, 15.646207886967991, 16.11090937876289, 19.924811809533917, 29.618988041353163, 19.40575894297656, 25.242791495156634], "[140]": [4.142857142857146, 1.0500808013063292, 13.520697752365685, 6.927842034964165, 7.074386219150071, 0.7938171438926034, 1.8454486030457886, 11.306730211694578, 17.611394063291023], "[160]": [20.285714285714285, 9.560879317971043, 3.9224259587562926, 4.235403760610879, 3.779027182942542, 21.04625782466688, 37.776296672959, 5.919929092178975, 5.640100480547105], "[180]": [7.857142857142861, 3.1807538787898295, 12.13862725843272, 29.300315806656457, 27.86566881636189, 11.301222172987636, 82.99786437261128, 1.5663629105807786, 3.508785515149526], "[200]": [77.57142857142857, 64.95139936630608, 61.115209047186994, 45.23161348234933, 48.47127554366445, 86.29555662069464, 174.99982857302084, 76.50985667497862, 63.01056489541472], "[220]": [154.85714285714283, 17.846412490141518, 58.164701502418325, 14.605835734435573, 12.598328090009886, 213.1983181503421, 468.9996965953235, 151.15528162415382, 71.97148491455698], "[240]": [519.2857142857143, 149.2001004376291, 46.39227060525195, 85.09563405671815, 84.59509548936398, 658.4524372799768, 1288.999798129537, 658.4524370053795, 350.55822058040314], "[260]": [844.4285714285713, 81.43246880211564, 168.26688905842002, 269.7295566555322, 264.3441984427732, 1203.2375898117725, 2813.945441954258, 1203.2375898117195, 393.9019902494606], "[280]": [154.0, 35.50231640746142, 563.2224347467891, 166.84816250486392, 197.96616791398174, 1064.5577189960372, 3570.4627430104065, 1064.55771899608, 177.13902076767272]}