{"[20]": [1.0, 1.0, 1.0000000001501732, 0.9999999999999962, 1.0000019296851117], "[40]": [2.423826593411166, 2.0, 2.000000000207681, 1.4523542683396733, 1.5428846217093581], "[60]": [0.32402484926500486, 0.165034609034725, 7.432798820872222e-11, 1.1653780973361183, 1.2255842741679865], "[80]": [0.5911885519635119, 0.5774166183740073, 0.9999999999750431, 0.9414437614373747, 0.8156370194180403], "[100]": [0.22397583337131485, 1.6334659434840696e-07, 8.256014256293013e-12, 0.10876712384389409, 0.018001922680206128], "[120]": [0.15138744963269854, 0.0, 2.7295653087252753e-12, 0.08981789321516792, 0.001967830047119162], "[140]": [0.10895859077256495, 0.0, 9.046502807691709e-13, 0.05105165638983257, 0.00024839485140223765], "[160]": [0.0946246826009884, 0.0, 2.7175918197883374e-13, 0.04112236293793661, 1.035458451821099e-05], "[180]": [0.10437507340342192, 0.0, 1.7592317889490834e-13, 0.029458202486882315, 2.109369159173718e-06], "[200]": [0.09187342200407235, 0.0, 6.8143318733490665e-15, 0.01454206057565962, 1.0181024164147913e-07], "[220]": [0.07893537076498132, 0.0, 2.3220329602786574e-14, 0.014704155351673347, 8.65623693007804e-09], "[240]": [0.06822398532389155, 0.0, 5.096178151612778e-14, 0.011330138402821918, 7.308321548152272e-10], "[260]": [0.05014469109520208, 0.0, 1.2162257261748087e-14, 0.0037612757885005406, 9.0938229876225e-11], "[280]": [0.04524954559902744, 0.0, 1.1376597906152137e-14, 0.003039901474644318, 5.4603209241647076e-12]}