{"[20]": [6.0, 6.000000825687563, 6.0, 6.0, 6.0, 5.999997066097867, 5.999967466648388, 5.999997916354599, 5.999320681345858], "[40]": [133.56190245857283, 127.351493956484, 20.179307746613887, 152.32919254658384, 7.8222947641437885, 15.1905501987996, 142.3638145528396, 52.34599835783866, 90.10784428304335], "[60]": [2431.684558454465, 1820.9251430170689, 61.77639512649524, 431.5347196192077, 180.09699832209535, 2185.5485031322437, 2312.0357717710112, 793.6550120368927, 13812.14594872742], "[80]": [11603.73524547513, 242.23119666978974, 26337.05061023371, 23796.386318448087, 29092.806558552602, 881.9673740566017, 2191.5433446577676, 3486.8213588613003, 23326.867110088224], "[100]": [8766.917511831138, 371.1375033765988, 17811.29191982778, 533902.753781504, 119271.87085192258, 6119.412845501039, 1544.9454329816926, 5239.352701627645, 4974.357352900247], "[120]": [4252.56288466407, 668.8879037711533, 437417.10231817176, 14813.955933363412, 23566.22463196225, 1757.3705066223756, 366.39557845993556, 1337.7979982517177, 236.29286473756022], "[140]": [624.0875716824678, 1464.2098702326227, 7399.962539528988, 1507.7836397294654, 1062.618983124165, 231.74206137181275, 43.3982833081012, 156.87680667460447, 43.72382804306251], "[160]": [93.43501306693359, 676.1388036144614, 1.9167224404309062, 1065.8278773676536, 1056.0650090680233, 37.70045571621905, 3.754929583603314, 24.4552690527583, 3.316550833543763], "[180]": [14.86015809950248, 601.3123408963372, 1624.8007322938322, 906.1359818676688, 936.5549224211228, 5.746221867957376, 1.3317866578133943, 3.429804191438763, 1.1533250889755482], "[200]": [2.2269393731285634, 509.51547557199433, 0.32971309724064723, 688.9326724361039, 700.8686199094461, 0.9046540537852146, 0.6547928331226356, 0.5066888514428853, 0.6493977716861972], "[220]": [0.0, 433.57099456933577, 0.0, 587.2445595971785, 588.9889244843506, 0.06974558419287127, 0.0924918702352965, 0.0021663728803922692, 622.9505120257462], "[240]": [0.0, 405.0329476102335, 0.0, 480.44685872968495, 483.8528198630305, 0.011610171310483482, 0.012841688462150478, 0.00021310173558435313, 0.013402244358482498], "[260]": [0.0, 359.16811485821444, 0.0, 412.2995502688553, 414.94570302538784, 0.001932567919008122, 0.0018243937269690706, 2.1863763143740998e-05, 193.0197980071226], "[280]": [0.0, 328.42960306135956, 0.0, 361.0828620470897, 363.1895244737686, 0.00032166462990401023, 0.00026254498853063335, 2.3682448986988594e-06, 42.349156295648086]}