{"[20]": [4.0, 4.000000825687563, 4.0, 4.0, 4.0, 3.9999973665461304, 3.9999400910838023, 3.9999997019740663, 3.999999690005653], "[40]": [3.4490335745509797, 2.1096171410873747, 8.98465096549717, 18.372670807453414, 33.06033872003341, 12.497252842173719, 11.19650448891346, 9.496225434324858, 3.2551344240562154], "[60]": [1.3910745711099148, 0.7605423326337559, 4698.690898899894, 1.3447098197149177, 0.7619327089161861, 1.4996043676333473, 8.751755175189231, 6.148935571683293, 147.2295542896313], "[80]": [0.42320972067861645, 1.1089096314794602, 9969.664456397368, 5.656072990825465, 1.7508841786782146, 4.4672257260495645, 15.237483392368711, 4.520573598333991, 14.946915313278097], "[100]": [1.081727281374034, 1.4333742527637665, 4314.8197328613105, 6.654574668640973, 5.389786727586198, 7.655465451601079, 10.787582929677416, 6.7271798669366145, 37.50359041368744], "[120]": [8.628235147810866, 1.9749738386612063, 38.20937527097166, 19.635018430928504, 23.322422071613943, 22.004742981721236, 3.8837211567672907, 11.17511409206445, 1285.656635262644], "[140]": [17.10610304993344, 3.4211409467386953, 25.134921962608978, 33.55859246267634, 31.149439844281805, 14.796992445449625, 17.454804736244615, 8.66623990246628, 3282.319205026248], "[160]": [24.938964354268517, 20.922122200903324, 2.9654921802141594, 3.529711131369671, 5.021224064594294, 43.56281831374303, 65.84765984468663, 24.451862230365197, 12.721970737502096], "[180]": [29.369718760049192, 8.941796287375828, 2.64682910764618, 16.993267548964198, 20.82569968801045, 54.48003096671932, 109.23073285384007, 24.573766134349107, 3.9015530203309567], "[200]": [209.11178941550173, 5.251515661649101, 62.94455292208575, 5.548097914191568, 1.2421279550720838, 290.60806136854313, 316.80390159993703, 115.20402890025666, 107.40814706437448], "[220]": [547.6757411269231, 126.60276229156705, 61014.3364995108, 152.80555476041232, 130.2182577996564, 805.6583539721586, 1643.7176546633618, 146.81443540723768, 253.21651905949747], "[240]": [946.5182973662841, 146.81485590837576, 303.27940349924046, 267.533776909605, 263.25381365842344, 1638.9252936213475, 3713.649085518324, 1638.925292669852, 436.3263211662838], "[260]": [50.3282525814128, 126.80632593266833, 18385.459785858704, 651.6405549028277, 609.7037341060147, 1138.4285440857705, 4445.096458807136, 1138.428543994538, 406.5336759834835], "[280]": [870.0755468957764, 26.567937943893604, 109090.70258910472, 521.8402799083473, 462.90422405812524, 238.50244052471658, 2535.8976701463507, 238.50244051437602, 10846.776043884782]}