{"[20]": [0.0, 0.0, 4.74392869321804e-11, 3.9197187736345963e-07, 1.2465379798559756e-06], "[40]": [4.258639807922205, 111183.17317307813, 1.548537270866572, 3.7736636432608175, 8.976992188719535], "[60]": [1.2193587326836148, 13171.128812176756, 114.31617247400109, 111.9467246084816, 257.8847474718379], "[80]": [121.2196291687995, 1572.9671641114096, 4130.955294924967, 1002.0487357496816, 2112.544476926363], "[100]": [3951.444629681589, 10609.233859897344, 458.8809299326893, 13256.090522071585, 66.18479496097584], "[120]": [1700.7888634480948, 41891.153114201596, 3665.8783381376916, 9576.72010682699, 586.0894147534348], "[140]": [90.69133574704752, 2349.2825053674546, 614.9561397734634, 6899.486623346509, 3.6541265845936692], "[160]": [138.17270437139774, 311.2852951344494, 96.99999575525631, 2305.3770709131522, 15.976777503012608], "[180]": [124.70803360369018, 7.940078375335759, 17.999989641558244, 832.9308922687858, 8.546217967058867], "[200]": [105.65736357926137, 2.52958142576695, 1.9999972290952555, 745.3416104645606, 1.245745046694254], "[220]": [94.67320958312762, 0.001, 5.2098330472025905e-08, 961.4347075051761, 0.06971265189151402], "[240]": [91.22248887166936, 0.0, 2.020678855311522e-06, 380.5483630652281, 0.03150172220124459], "[260]": [94.74990743481838, 0.0, 3.0694411635628955e-06, 422.69665635442294, 0.001382447973314059], "[280]": [106.10486676481058, 0.0, 1.0784425324310797e-06, 852.0937420576869, 0.0001944599228541812]}