{"[20]": [0.0, 0.6026055208163409, 16664.952998105917, 0.9565217391304348, 0.09006548839058034, 1.0678853890961735, 1.3962685164588755, 5.223990817864377, 10.738731784941729], "[40]": [27.385100906679657, 19.265048962177847, 42197.902724817206, 18.090643466158934, 30.532936152917888, 11.178086617178653, 16.829308498081897, 12.989488503470744, 3135.3213034251144], "[60]": [108.90910644230307, 9.822250668020262, 144.53724353528906, 34.768877922877756, 127.28516876401291, 55.04990053803724, 94.95498532089623, 21.97642216841082, 2500.752391089938], "[80]": [93.43168402443365, 11.239512227699503, 14402.833075814433, 1391.7598909021378, 473.03172640251375, 146.54417639194097, 55.51896534977553, 102.01660129602074, 61.18880439673586], "[100]": [127.77925766665118, 15.148020513152035, 68.96771704925219, 101.1755486962703, 75.63322961122368, 241.39172391361606, 78.8166797411791, 185.98579186799492, 63.08987412313253], "[120]": [250.1769335906559, 53.09885326272996, 4457.67063656473, 45.117258998884054, 52.1466056954102, 431.9711393078019, 194.2633565707474, 309.6966194025486, 156.03185231211512], "[140]": [2421.544982273589, 33.27566399137409, 471837.671784316, 1066.4018893728494, 940.2969356559275, 1854.0812213581034, 1596.07571647351, 1923.270853161891, 3576.5470602633955], "[160]": [1566.3133266298844, 56.500183979571496, 1245052.4632815588, 919.4776774189216, 991.6075166356894, 1926.2651650213843, 1684.4976378084145, 1174.8635731398444, 1244.9609149877756], "[180]": [1176.5791638505993, 110.21598749644843, 173.14609283218962, 743.0563312591994, 578.1801277195443, 760.2591149183017, 663.0965047438683, 453.33184010521546, 10566.347537295887], "[200]": [256.5694639598129, 58.84413270061906, 11.80725568424952, 105.2809885499245, 88.44308074290957, 160.04316673299135, 348.39417911522554, 86.07107676401851, 1451.9937636032282], "[220]": [58.648744091554796, 71.62783853566695, 2.7832152514294735, 112.59641729362855, 121.83725458780842, 37.065768212843565, 100.15050344101277, 17.522030543686796, 302.6481196020369], "[240]": [19.57753340633849, 48.54295097225011, 15960.024236465835, 18.185787714823533, 18.48356665518255, 9.740706085326838, 20.3659973419743, 4.220531383771222, 57.349807942427155], "[260]": [3.040757682924574, 44.70567025899294, 1.4647245563960472, 36.01701876566937, 38.37059735827639, 2.5565004923717063, 8.270888987389535, 0.9842195801238588, 11.761851534428217], "[280]": [0.9266906292855902, 40.269195592402276, 4047.001682690718, 38.873260362740524, 40.660351364255895, 1.458247599155782, 1.902880141630337, 0.9742260981709981, 4.166499986598176]}