{"[20]": [10.0, 10.0, 10.0, 10.0, 10.0, 9.999997527040032, 9.999972467511984, 10.0, 9.999999994023183], "[40]": [146.0, 112.42136285015611, 8.311675826636105, 285.82769775391034, 116.70014422319346, 5.666647183700206, 153.72008653547184, 7.080723976663478, 157.6871807107404], "[60]": [1008.5714285714286, 486.7729231471619, 1482.41398448549, 603.9507000810399, 1249.8930407318585, 760.8627888276376, 934.2439350573435, 303.6639321793391, 525.6021375938768], "[80]": [1230.2857142857142, 206.08666161919518, 1306.83413209204, 15138.72382242871, 5305.138591079052, 1310.536637080628, 689.0692565626334, 1133.3958815295066, 645.5885293478686], "[100]": [1547.5714285714284, 572.5767585209592, 502.04908437761515, 2048.3935401117606, 2153.804275608277, 2423.551218684389, 1173.005016359863, 1216.8908279975808, 1242.4660572946154], "[120]": [1357.7142857142853, 261.42688393473145, 1001.31457565454, 333.0631840336546, 336.8351216736046, 2981.563389332838, 933.9538540784606, 1267.0482186934432, 9.665775135802505], "[140]": [12613.571428571428, 6257.50681526846, 10255.491027780445, 2357.0979270517455, 3050.8348998029905, 14839.781615390326, 11669.266646417804, 12543.595049599997, 10618.26319736576], "[160]": [2497.2857142857138, 5621.89712592135, 30884.27544092219, 25630.938232033863, 23681.71749495704, 11336.737829243375, 12144.177754095628, 9144.19900148311, 12169.931178771367], "[180]": [10839.428571428572, 3679.9572470642306, 3666.9140391719684, 21789.046426839614, 20169.135907756892, 5755.999355698395, 5192.631619009357, 5853.090298492714, 11804.462563866724], "[200]": [3275.0, 443.4064525519534, 1.7845415864533152, 505.42659265154407, 628.4433947879659, 1339.77485122705, 1362.886974052657, 1231.6019106519611, 1526.158863012131], "[220]": [780.1428571428571, 1157.4566360908075, 63.32012207284487, 878.0558195098547, 847.3629764720035, 280.010588927816, 311.18149727159994, 232.48055546504293, 394.36247054783337], "[240]": [301.0, 1163.0844957730196, 27.21636180503495, 1023.9770846525321, 990.5025493065009, 120.47806271846076, 110.0713092259989, 101.7897745888483, 409.32511888478075], "[260]": [86.85714285714286, 1057.1602011084947, 8.131104082032572, 282.73241229021977, 287.32479212834176, 38.59929163097787, 43.30749496983732, 31.866915688879182, 53.36569779540943], "[280]": [9.714285714285715, 971.7401241959233, 3.8530219221718482, 408.51077847418327, 418.4159146134509, 4.282283623055697, 9.737938165631657, 2.0579926439040133, 14.172256026443062]}