{"[20]": [21.0, 21.0, 21.000000000150173, 20.999999999999996, 21.000002946704665], "[40]": [52.24765576403456, 309.3677323493779, 306.0000000002077, 119.22494897731801, 203.8909352507833], "[60]": [358.06167200334676, 8299.678697549018, 8304.000000000075, 2857.1285005962527, 8556.787781285651], "[80]": [13015.380506747737, 65568.38727631091, 47830.00000000002, 54917.4766427062, 45550.24178579249], "[100]": [27308.909520215253, 241541.70431714272, 36510.0, 207723.35311969838, 1078.3655440722796], "[120]": [7058.595948062688, 24964.83225179052, 14481.0, 114554.37058124115, 801.4868403053642], "[140]": [1065.917135261734, 5057.806496545418, 2705.999999999999, 27579.096626009377, 539.3233661316426], "[160]": [380.9062413685523, 847.8406471073388, 783.9999999999995, 7357.096016767509, 584.8734324282084], "[180]": [601.5732407213713, 218.6929549168043, 288.99999999999983, 1421.9352581829044, 249.07292290567733], "[200]": [586.1180080682047, 62.09277851660852, 94.0, 244.38571915102648, 89.80449223043593], "[220]": [527.9441623037008, 1.8998379614287568, 23.00000000000002, 114.49018102868877, 22.729861007272312], "[240]": [528.3619447356458, 1.8983388179528138, 5.0000000000000515, 251.04598828064468, 4.9788949480297395], "[260]": [602.0596621576822, 3.020217047908714, 1.0000000000000115, 162.98099584276179, 0.9962637353289354], "[280]": [729.1140785612973, 2.2385365591857203, 0.9999999999999889, 125.70551106407095, 1.0004248302564185]}