{"[20]": [0.5245882011734655, 4.925921853738585, 0.9863292474468224, 77.98385237840112, 1.924548355856086], "[40]": [5.958296420878452, 10.031292764484926, 8.994290766201114, 4.377187373132375, 1.586081636500954], "[60]": [0.550662735121289, 185.59361208456053, 4.998603881659628, 4.803027516389127, 12.201557126579859], "[80]": [2.0553696947847224, 249.24770521847387, 2.9998193661045445, 3.4703748875782883, 10.80631182762753], "[100]": [7.7231493547361705, 3.68686288948046, 25.999896128469434, 10.192863546581655, 34.697914228362166], "[120]": [11.359123628989924, 73.05096406469612, 34.99966914810907, 4.550897412110192, 35.602486964540674], "[140]": [2.2600479693394364, 10.974974679715286, 60.999947844208, 5.421530038294703, 85.57813180709478], "[160]": [41.083465723390624, 59.221734308449825, 100.99989903988062, 6.162935707012773, 130.50933153619027], "[180]": [6.8260336038373675, 19.576992531777474, 98.99854577567977, 44.71413792746785, 89.18255777046743], "[200]": [3.6175003104758146, 80.13840129722351, 370.99996681030524, 98.88908425913729, 159.1656382464107], "[220]": [23.202338259131032, 1013.4476445569446, 877.9996222353434, 81.51714629633457, 108.85012496540176], "[240]": [6.9894310583246195, 366.07300258054966, 716.9970679961027, 560.6926427692006, 52.37270940313101], "[260]": [288.60312563693174, 1532.7958087461568, 675.9999421540323, 1635.9015899502451, 346.1852986025762], "[280]": [302.56879173948806, 1405.257609669928, 1090.999907476372, 1838.3427650259264, 232.91536480490313]}