{"[20]": [2.0, 2.0, 2.00000000007138, 2.000000000000011, 2.000001266604183], "[40]": [1.427067174474228, 1.6572072894664105, 1.1190826043616653e-10, 1.428358582389409, 1.3721526578556595], "[60]": [3.1218571243424886, 6.397742945243035, 1.0000000000407567, 2.3075296424617147, 0.488491484581834], "[80]": [0.9688080489593895, 1.153433962141385, 1.3738343795921537e-11, 1.2320723782886223, 2.298400393760297], "[100]": [1.8426884385180404, 3.743749137111447, 3.000000000004552, 2.963858366912982, 3.4473998185776287], "[120]": [0.9531542440431977, 5.274443933657167, 4.000000000001506, 3.542341789385704, 4.046209488933766], "[140]": [8.420042312138666, 3.8455370364816375, 12.000000000000504, 9.238960292154097, 12.00293725929204], "[160]": [6.479427082097686, 0.03731192017097129, 3.999999999999858, 10.660168875828255, 3.998825824810808], "[180]": [1.637396242919472, 7.134900337130766, 6.000000000000085, 1.2308325545785692, 6.001090498820062], "[200]": [5.63855607727146, 33.95188450344172, 31.0, 21.454680038762973, 31.000030930562957], "[220]": [2.439864345230575, 21.020816051543022, 65.0, 37.36349571174787, 65.00000136247064], "[240]": [1.8292200538462566, 803.6625749605589, 212.0, 106.48858605434361, 212.00000012008968], "[260]": [34.53715102041224, 48.235636495917106, 207.0, 61.877834447077475, 207.00000007880317], "[280]": [44.869291830566, 158.96061059865292, 81.0, 526.8977391496901, 80.99999999971055]}