{"[20]": [1.0, 1.0, 1.0000000001501732, 0.9999999999870509, 1.00000192967922], "[40]": [0.8525084203316224, 2.9634631617790426, 2.0768076147703596e-10, 1.427135068249059, 14.44946487983719], "[60]": [4.602750697202172, 17.531809718002677, 2.0000000000743277, 0.09802630221328634, 3.0027367108597143], "[80]": [3.5693381768666015, 12.438610626430432, 15.000000000024958, 8.263970199121921, 19.018397827558076], "[100]": [2.4988364998795163, 72.84332109383271, 49.00000000000826, 9.489788348101513, 62.19955074344075], "[120]": [8.857069460324254, 204.65333446790405, 131.00000000000273, 64.06378244576467, 157.6259269553515], "[140]": [50.0112295365343, 2689.013612047753, 355.0000000000009, 37.07113115809955, 286.3521561180198], "[160]": [421.69894370037537, 259.35660710618845, 902.0000000000002, 121.28081884361677, 66.32042055088732], "[180]": [301.9435084200586, 836.7896371467655, 474.0, 434.1129386138514, 1566.1619444460612], "[200]": [184.13039939314103, 668.8261457015778, 593.0, 376.31480153607845, 117.17500324139678], "[220]": [191.67245189783716, 109.95278463186389, 797.0, 1550.3597759901468, 89.71991764277175], "[240]": [38.739566465729126, 154.0941473993107, 336.0, 853.7127734997171, 11.67156710014467], "[260]": [1.3923704551105516, 40.04234295279305, 130.0, 489.65646189207837, 16.66631176004927], "[280]": [3.4683825784938307, 4.406939143914109, 50.000000000000014, 261.53235499907555, 13.905944053957555]}