{"[20]": [16.0, 15.223694397870561, 59.324675606716184, 31.12641564488561, 17.975639103371506, 26.006881971926127, 20.94584188350317, 26.060007282852077, 20.942424281643376], "[40]": [280.2857142857143, 243.25884504161147, 222.77276320538888, 223796.57200961912, 218.6241528825035, 201.02646034270617, 302.2498087792618, 201.10693958173113, 306.2799248250046], "[60]": [393.7142857142857, 255.32437363649137, 2119.31622645668, 423.2474073023668, 491.42917123485336, 286.74600471222436, 73.968145222452, 100.78002302457423, 329.91928954643265], "[80]": [39.85714285714289, 14.428541147028682, 247.6589870329392, 15724.71536224602, 4472.666325388111, 354.43933680168766, 41.020905801034246, 56.16845859116961, 70.00271002368879], "[100]": [83.14285714285711, 71.95373696939339, 55.352302682078744, 51.88785341352127, 211.23713112059386, 507.3222756294521, 72.48689359594766, 131.045299704659, 117.82834197009072], "[120]": [694.8571428571429, 783.4039545772165, 719.9417553247291, 794.1337029428736, 770.2786055480531, 1185.614194277497, 705.4055886130739, 725.6524714051964, 703.948594845055], "[140]": [13448.571428571428, 7439.749638424704, 4947.499423993773, 1777.8047571650131, 1740.8986828137095, 13934.531021442797, 12579.796466464737, 13620.97948051757, 12383.80518491609], "[160]": [14480.142857142859, 12273.917027834454, 63178.52030900266, 15396.630283371083, 16792.70566206641, 1868.3611063472708, 6903.75811492074, 13014.839352378003, 14348.771898201972], "[180]": [20459.428571428572, 7724.982182223798, 17549.31336437917, 10393.825127562592, 2811.2250551061807, 20705.829155836363, 22729.119149943785, 23112.983979909033, 23310.10078032817], "[200]": [7286.0, 2240.0, 441.7507025972013, 4150.561092815694, 5417.044680120566, 4344.721651119783, 4654.814580855282, 4465.9045181241145, 6490.006761876062], "[220]": [1318.0, 1293.0704344434935, 25.10162582452233, 837.9050606114879, 650.9928616847019, 970.2332216537297, 1342.890727576042, 935.9662205043403, 2085.3044977955974], "[240]": [292.42857142857144, 1458.8123302604572, 36.03365862826119, 617.2729331915498, 646.1771801940274, 287.3842354160657, 441.883433602445, 274.486534968833, 769.1884181049272], "[260]": [29.714285714285715, 1463.3586287101361, 6.188931926303911, 741.6617406831656, 726.1860192689262, 69.72232732717971, 125.29469961490847, 93.76383728012756, 357.28906950923556], "[280]": [3.0, 1287.181562835543, 0.6425680723787472, 474.86735533335434, 483.6458416757937, 16.915649333631404, 34.55350789695587, 23.254648094069506, 249.82235840280475]}