{"[20]": [3.0, 3.0, 3.0, 3.0, 3.0, 2.9999975270400308, 2.9999724675119848, 3.0000000000000004, 2.9999999940231836], "[40]": [79.14285714285714, 77.00855266969646, 41.98595309281914, 39.56646728515654, 46.943562235202805, 36.95194822970384, 29.02661216449721, 37.262788880700796, 36.689869214923014], "[60]": [2152.0, 1753.1073854682177, 136.15072386431348, 12893.116272205154, 69.42234604669875, 1802.9210228317231, 1696.7786934379947, 1450.2994638575544, 1374.8078981768344], "[80]": [5875.285714285714, 2491.1051884256813, 23699.505936602814, 225222.81376273744, 15701.194143394798, 2943.6704844499145, 3637.541612221179, 2759.4976868733193, 3187.972022730679], "[100]": [5701.0, 2696.0093434631353, 6444.24792204115, 13126.986412731485, 32029.486684036485, 3038.9761000855833, 761.0799136646351, 2766.6054354238377, 1069.9241797804789], "[120]": [1768.8571428571427, 260.21582827383645, 30.88928498232076, 8689.7053368071, 5634.772392436698, 460.656555885588, 95.10762321062657, 328.18274761963846, 104.88306230406886], "[140]": [351.1428571428571, 185.7689014028806, 25.78271903433199, 1226.6308975578552, 1052.8066764626974, 43.614466766559815, 107.87942151218643, 17.598103659695482, 109.98535818205627], "[160]": [88.85714285714286, 613.1989248281322, 3.0161660558872967, 610.5940601698718, 673.3699721805917, 4.077987668638912, 66.70154349987448, 8.841576451479014, 66.79108940101418], "[180]": [34.0, 673.7185624850099, 5.467942204515143, 456.9806424284507, 497.69971488548265, 4.992003978756571, 33.829056592206456, 5.819287958596586, 82.65518233943638], "[200]": [21.428571428571427, 559.3034757798919, 10.214026324279232, 396.81355571476183, 418.7890147507562, 3.287475905531485, 8.671194186148451, 3.148172589985821, 40.99130948083446], "[220]": [4.142857142857143, 484.6083141207499, 0.8125875658269466, 306.63560193806734, 321.39380326963857, 0.45204265841732383, 1.9500735486952339, 0.42894365157326275, 1.9501017432322243], "[240]": [0.7142857142857144, 443.2477300938302, 1.3071271788994838, 215.27395325910203, 221.498799679668, 0.5391341997590184, 1.992196669770216, 0.5429332249390386, 1.9922094154265737], "[260]": [1.1428571428571428, 410.0081010511029, 0.2365757203087765, 216.26304517385532, 224.319940453123, 0.48629779372869336, 0.0012426375795477052, 0.4856767683071956, 0.001288275054029827], "[280]": [0.0, 349.56018345056066, 0.0, 176.2033965791835, 182.62354542715582, 0.00010177309267501904, 0.00016937711542965885, 4.3426717965186853e-07, 0.00016706260042399144]}