{"[20]": [1.2641099011768802, 78.46086278218213, 9.108382668303364, 4.437224033830773, 41.68725039863803], "[40]": [52.30579203476316, 8114.323644016018, 849.0000000002077, 50.37528800739278, 209.2389761983286], "[60]": [6509.357931592801, 2692.506108342912, 991.0000000000744, 115.91599780845627, 1832.7866795249802], "[80]": [155.66579995555867, 320.094483719894, 369.000000000025, 174.10186923805213, 1817.069270021911], "[100]": [59.551537904045745, 281.4499491081842, 387.0000000000082, 268.0180864077315, 1473.9822029261004], "[120]": [2630.2261857469166, 2803.492561048421, 2850.0000000000027, 2606.019026368488, 3742.0984141766153], "[140]": [16094.240301639817, 28185.964454352827, 33992.0, 46895.729067159, 11667.489486667691], "[160]": [31774.328746877254, 31132.13334671539, 3978.0, 39003.58809225686, 25554.879382991872], "[180]": [11257.913731570277, 25611.68862030349, 27608.0, 5595.306730164255, 1409.266079896588], "[200]": [1504.558173802904, 251.95523085461127, 7091.0, 547.1817001793515, 575.700854498134], "[220]": [3471.4142912935413, 64.19704420741937, 1456.0, 18611.741785172573, 103.22632122533514], "[240]": [1239.2514750527885, 14.893542126004519, 349.00000000000006, 8239.850935303943, 114.59578730099355], "[260]": [1396.420399143194, 4.308382089354296, 40.000000000000014, 3811.5672694065024, 7.091654737256057], "[280]": [3520.739890089231, 8.333968298473994, 8.00000000000001, 2158.474909769334, 3.7215454944046584]}