{"[20]": [2.030310396747384, 0.9999999999994102, 0.01446507472840685, 2188.213347669228, 5.974741479072397], "[40]": [1.3325955314243456, 8678.364210717426, 20.99580408685853, 8.052737877395295, 0.9146452445205782], "[60]": [42.954212489373596, 12446.788378106183, 486.9946022716122, 302.55116658576344, 454.2427588101776], "[80]": [101.02818990248178, 2614.2499866483618, 6517.99144227254, 464.16500973846536, 2096.9664077447383], "[100]": [5077.507813291134, 11781.869821882463, 2131.9783419045334, 15566.189035065467, 993.9318716852977], "[120]": [1632.1328752263062, 2822.770903294496, 3996.9798491663037, 10825.9233086674, 516.555013341326], "[140]": [126.0449449036398, 9508.35414382949, 717.9796412931016, 9329.337353603327, 123.2106744810533], "[160]": [185.30164793506344, 1550.0207953200363, 133.9797943626088, 4177.518700704684, 133.93513462663157], "[180]": [164.7540299289496, 37.41233902282927, 26.807701087102423, 950.5234599366886, 20.496327141695822], "[200]": [138.80538480450943, 7575.73893476298, 7.9968086940815954, 2240.7489132506876, 6.487603534632426], "[220]": [125.23670540785744, 1.0, 0.9807933215085193, 1430.83494823491, 0.779481890601702], "[240]": [120.88921709571322, 0.0, 0.019949874172230108, 1158.3058980898059, 0.021058340561887802], "[260]": [125.47811420335492, 0.0, 0.0002226973381884067, 363.6321707328455, 0.0007291302078253941], "[280]": [140.11933250043884, 0.0, 0.0002593093121743602, 194.17802567219883, 0.00013844029024550426]}