{"[20]": [2.7234563185247964, 3.0, 2.0000000001950133, 16.85814285714286, 1.744700299766273], "[40]": [10.147542309422093, 53.5141769310264, 49.00000000011191, 1.6562100123169614, 0.23454190903692052], "[60]": [22.875430620575912, 337.4332840308822, 277.00000000004076, 162.06687313508996, 332.28981098754616], "[80]": [21.642334936104362, 1582.9636882072773, 1913.0000000000139, 418.90035458200873, 1824.214127550963], "[100]": [656.6285146829177, 5039.423624516901, 8149.0000000000055, 467.50676703994395, 5007.311690745559], "[120]": [496.99283524940984, 7095.198849537577, 3433.0, 1130.1419006461147, 4915.227428102939], "[140]": [1374.3460853780416, 9092.28936812795, 8559.0, 1258.2219901194294, 175.35494243540234], "[160]": [593.500542026788, 2758.167997674933, 3944.0, 278.4884573160225, 756.3347223781157], "[180]": [76.57018105954194, 350.11356340315206, 1155.0, 164.64248259987653, 475.0523065322918], "[200]": [67.0005501643252, 95.20695756025248, 313.0, 2355.095168878719, 186.3933952441107], "[220]": [97.0099482563021, 54.66578892432449, 109.0, 1250.697704324266, 86.03926520599643], "[240]": [120.59070116728459, 0.2269327712390563, 13.000000000000028, 632.3773612017212, 8.855681028428322], "[260]": [116.62272119872232, 2.39348140042177, 6.000000000000007, 419.6150766833798, 5.25260208688842], "[280]": [100.67342035592847, 0.1692849180033833, 4.000000000000005, 269.1966299529772, 3.865232825785384]}