{"[20]": [1.0, 1.0, 1.0, 1.0, 1.0, 0.9999979509750656, 0.999975983160714, 1.0000000000000002, 0.9999999672780131], "[40]": [29.285714285714285, 24.279571926287133, 19.171993378349605, 29.285714285714285, 14.889669188296907, 13.30405886964703, 13.861243635070693, 11.957011753489788, 11.288895281599565], "[60]": [214.85714285714286, 113.51230897152922, 108.09140122621102, 1375.0072589917047, 36.19230138767938, 157.19996885463772, 200.20693488945966, 136.25512528695472, 165.3722678985911], "[80]": [1545.2857142857142, 466.99581249259245, 101.43508189533259, 76.84420543255783, 4.366091613992467, 1005.3893199364095, 1036.0724036017257, 527.108341782143, 504.14640291545606], "[100]": [8264.428571428572, 1212.8977881575174, 1880.5843116529322, 2266.4914552550763, 2436.0735126232757, 2826.9740720055506, 2801.016647071019, 1815.5881406417811, 2228.3922942836525], "[120]": [11394.428571428572, 2094.2260183666804, 11471.171339406079, 160.49889561246528, 1741.0610980367273, 1957.0387233525398, 545.9537192410426, 1429.51114941977, 684.5451603438851], "[140]": [9419.714285714283, 81.66358473525906, 9163.341687870445, 9108.593010664335, 8508.518999851338, 3769.3239916706952, 1556.1466288488482, 3672.183262115963, 1193.0918658490482], "[160]": [8170.142857142859, 980.4363522974854, 1309.6425935501811, 2712.644476349331, 1549.7668159164004, 2308.423636064552, 648.5413485333938, 2143.0742261187006, 462.3060675289162], "[180]": [2651.857142857143, 270.9503121873786, 1.6345785731464275, 408.9684584069564, 450.8440714822618, 601.6175968478633, 56.20274644413075, 530.3835480157236, 79.74126717158697], "[200]": [874.1428571428571, 332.13341232248786, 94.36507805335941, 15.335577844010913, 18.276558082923657, 173.7144360951229, 77.91066493698577, 151.30020454921214, 81.30348018973245], "[220]": [246.71428571428567, 460.7570997003713, 8.156091919622725, 189.56279339371508, 183.52617514343336, 46.32300112515077, 34.970706476485645, 40.102081600790825, 36.07722575429804], "[240]": [83.0, 350.1558893890606, 12.912775048130158, 63.1233455983178, 73.00568130509177, 15.829821872684704, 8.491552514090358, 14.20474652679188, 8.951077278107604], "[260]": [21.142857142857146, 405.9594143617069, 3.663075075629621, 117.7261100114697, 118.60160926420588, 4.848051767052404, 7.142257914871788, 4.4413148189087295, 7.509796402901419], "[280]": [8.571428571428573, 324.43955475153143, 0.7830425948940203, 92.13369872561444, 91.5844368741142, 0.5252182134917653, 3.3311961347472385, 0.6243553540798867, 3.4171355736984124]}