{"[20]": [0.0, 1.2751498798472096e-06, 0.0, 0.0, 0.0, 1.464595998864091e-06, 1.4342759040512516e-05, 8.487589428871241e-08, 8.03881034579922e-08], "[40]": [0.5194284656464238, 0.42282625071783075, 8.907060513128364, 4.826086956521739, 9.199466463702962, 8.604589883792158, 7.471264677502451, 5.857026959571795, 99.14334594710101], "[60]": [36.78424854459925, 27.906799269455654, 3.046699024428888, 16.025681489913207, 15.528321907146394, 11.260764151484125, 19.708561338206895, 8.444179473892252, 1824.2703032330828], "[80]": [281.2705414872789, 108.69673149539211, 40.886029278623695, 62.62117053727341, 43.43517170748588, 210.97705748183856, 221.14399656257518, 105.63775923421069, 1570.620635717745], "[100]": [1420.0121196234825, 358.560571831738, 218.6329998565457, 416.4751520982021, 311.85515849653666, 545.3670746053048, 254.41076941005872, 333.3649180990822, 686.6238766083762], "[120]": [574.7181219332746, 179.06488225854358, 1962.3193623540656, 2055.5197777161807, 1713.471363561435, 141.87490388125192, 356.8849986160439, 164.70298611062717, 223.37005296145787], "[140]": [1463.085049508613, 90.794279898158, 797.0799284533298, 745.4299841688238, 395.7971175337962, 693.1088835329651, 251.3942018241415, 545.9012749835416, 165.2158046125912], "[160]": [611.0133229247191, 46.70000709788635, 19494.229451550877, 175.57381896261379, 176.23877280822947, 252.35106424703767, 109.77777794936436, 187.87198463289283, 39.96485320932444], "[180]": [160.85216332707918, 35.16440850681935, 10.383653721441897, 11.72778115348073, 2.258181593758561, 81.25820143106738, 51.72821020144322, 64.43712359862444, 30.476817683827726], "[200]": [18.654618151917237, 18.941480745001087, 16199.31728736807, 23.49609178389267, 27.999755822786202, 4.069155839439715, 9.826458473554935, 0.500935509415081, 1.416754785392127], "[220]": [12.842962598500787, 11.778181010155688, 11915.169915115472, 27.75203673822869, 29.60226128203094, 4.890913579796029, 2.7801851136049383, 3.89375240903537, 0.18722751983702848], "[240]": [0.3027119451337912, 13.513321815310684, 1.4239318478802538, 32.893220833693825, 34.00163554748898, 2.1245960831844535, 3.6273220667756, 2.310062349425511, 3.763781416285312], "[260]": [1.0, 14.607155130245326, 2185.374764874571, 31.56662478765909, 33.66417920750223, 0.06786876918274734, 2.4127465036344593, 0.11528139479099797, 110.24909522643378], "[280]": [0.41091392440257524, 11.779332074276882, 0.2764183967940935, 24.458036295490253, 25.26260729303691, 0.014659349718991372, 0.09859727373512368, 0.0016750234120327713, 27.315582354934143]}