{"[20]": [5.493162260723791, 507164.97893825645, 1.0000000001950131, 5.3196960840250185, 6.745328491651186], "[40]": [73.33675023027615, 111.5238986862973, 65.00000000011191, 18.716715436968386, 90.71904814443013], "[60]": [189.2242810796838, 2235.7762751972987, 1628.0000000000407, 670.9916728729131, 1477.1167250184444], "[80]": [3570.1466580633423, 5413.355426818132, 15525.000000000015, 5511.531769470501, 6919.4065557804715], "[100]": [10491.214645550906, 113477.00557094367, 9230.0, 63785.1100856126, 1245.1611158397573], "[120]": [3000.7470293999613, 6095.489503687155, 6228.999999999998, 32915.67210110752, 1079.3265467641359], "[140]": [341.85127353421785, 1177.4942894474016, 1202.9999999999995, 7672.807490919007, 453.2258851655697], "[160]": [705.883738577806, 2838.5789307451296, 265.9999999999999, 1804.270453135101, 177.31513500188532], "[180]": [610.6317537993468, 249.08776559078876, 58.999999999999915, 402.75614493431794, 43.46682523995446], "[200]": [478.07610418433745, 2.8528050146271298, 16.999999999999993, 23.464398386414814, 15.559893225687816], "[220]": [404.7665827028315, 2.064569484582788, 1.0000000000000107, 101.338333711534, 0.9051504918597146], "[240]": [389.8588657095461, 2.505267786308492, 3.0000000000000235, 97.44755692992578, 2.9875133644974396], "[260]": [439.13023387551937, 51.84399233724165, 1.000000000000006, 46.29269059315982, 0.99893002490898], "[280]": [527.6292460123907, 1.2812725387066315e-144, 5.626124413078368e-15, 39.44410160718405, 0.00015134694871837877]}