{"[20]": [1.0, 1.0, 1.0000000001426834, 0.9999999999805023, 1.0000016558031026], "[40]": [1.2180405349984749, 1854.5321979134155, 4.998621861917137, 40737.6040096452, 27.278857788969614], "[60]": [1.1035433885121237, 4.605663052326427, 5.999520066684916, 64.12098760047795, 11.405309638170209], "[80]": [2.3610493941838557, 10.576768430061266, 33.99993360306432, 16.884285712291035, 40.38194211954443], "[100]": [23.88309459942621, 30456865.030854344, 162.99998496368462, 2334.149964942219, 167.76344578239727], "[120]": [27.575775341776392, 609.5432404590118, 443.999899498218, 7157.561930637548, 423.72942196271487], "[140]": [124.70547587335079, 1983.2928116614914, 1703.999782832682, 28459.21016532262, 1453.683037650139], "[160]": [363.22181637737214, 1435.673716044291, 3902.9991011995367, 346000.3410745423, 177.2161943240487], "[180]": [1273.888788915381, 1619.7420539800144, 2556.9493078496544, 53214.788646806985, 219.51581866680925], "[200]": [989.1781102744505, 2773.761937883384, 2813.998635766612, 615.2430819929799, 33.00782822949649], "[220]": [527.4021961974895, 3622.8822834423395, 3370.9810578489023, 410.2172940123751, 106.58862868535108], "[240]": [171.85013864226502, 42.40890287504046, 1660.9284962118043, 902.1745452738272, 97.68250752075153], "[260]": [43.05749857752986, 371.53693641057384, 677.9967982358859, 26.079520899191287, 119.78707583174976], "[280]": [24.641201965810243, 64.28162520997735, 223.99656863247918, 20356.91537274123, 43.90748877155026]}