{"[20]": [17.0, 12.823873183826311, 4.191256466797686, 6.209216589648621, 8.57387670472447, 4.007379436001784, 4.679940525973908, 4.0112447282823105, 4.627906298267185], "[40]": [214.28571428571428, 105.64442170792847, 11.65092194510504, 37.365818582110194, 4.9499326720268755, 34.61601852538604, 223.28412905954252, 34.88871141798552, 71.13884330601354], "[60]": [1164.7142857142858, 16.716468659667953, 1186.322336664602, 3278.7771044456986, 356.8489582270299, 600.769657853378, 412.81636013904676, 230.11216687407023, 98.81580977741123], "[80]": [445.0, 84.61574124810295, 320.9480005899595, 528.8652118057294, 1319.4180631121235, 768.9054458509804, 177.51970176998975, 89.92397046165206, 96.90105766269244], "[100]": [449.2857142857142, 9.625453977793768, 52.93085744966538, 965.9298289663366, 759.8951811671323, 1192.7726798086742, 286.0050271457558, 285.4949792106281, 210.0408485965081], "[120]": [369.57142857142844, 178.5190147841331, 13.978421790257016, 42.906310904525526, 71.655772537124, 1399.3710618461532, 262.49889341327525, 370.73059869814733, 163.55552879608695], "[140]": [14521.0, 4228.041164233386, 6583.474893740797, 2489.9618703426713, 2334.150248836446, 14536.282902011724, 11863.657406138773, 13600.553733225293, 11466.197810052272], "[160]": [16376.571428571428, 6370.435849296104, 35281.75041310261, 5311.015189658538, 5223.076910582691, 7563.970633302059, 6539.723424357842, 11132.033223033606, 15574.167506981641], "[180]": [22312.142857142855, 34885.14385714285, 13372.1043299913, 7405.492799942491, 6471.041851473332, 12562.010848743936, 17219.520599209252, 17614.220857483655, 19839.140065238207], "[200]": [8603.142857142857, 44.69929968181896, 441.5334178304738, 1291.246938684274, 1461.5522028392297, 4386.968605645125, 4360.641506622636, 4577.224702342841, 7505.435196213368], "[220]": [1801.4285714285716, 156.54690621316695, 66.3249100988678, 343.04070044408786, 406.13876172971095, 975.8572544527315, 995.2582173478572, 1012.4874465612793, 2633.1955138894045], "[240]": [454.8571428571429, 24.378628485657828, 47.58937283961944, 103.13117324148732, 112.8350691544698, 298.73063412087754, 315.15252776641626, 303.2818146723671, 918.511361807133], "[260]": [70.0, 47.11951764880905, 1.9736408829101393, 159.86177088221828, 179.44884580518345, 70.34435344925784, 79.31173298805916, 73.2110943330335, 318.53637277925793], "[280]": [6.142857142857142, 88.02036630835391, 3.822773017694626, 158.76889421510785, 162.60385209183295, 15.032813775503485, 17.54997908103994, 15.792737331754648, 100.92805696380401]}