{"[20]": [1.0, 1.0, 1.0000000000713798, 0.9999999999870344, 1.000001266604183], "[40]": [0.6854634275549341, 1.0912234549773125, 2.0000000001119083, 0.5864205091655821, 1.0591114321310338], "[60]": [2.330951630216891, 4.832936537149099, 6.000000000040757, 0.9212441441161765, 8.86465626231072], "[80]": [5.844541970260572, 8.445435810845169, 26.000000000013735, 10.995300481521788, 32.95034332943462], "[100]": [4.552127777640408, 345.0961385111033, 82.00000000000455, 38.59574637946068, 98.69100438532936], "[120]": [2.8056860467895604, 18.051322071093068, 233.00000000000148, 21.740124102525783, 208.7907090279702], "[140]": [78.63405009675807, 117.50695190059832, 692.0000000000007, 182.1796332370934, 536.3267175478964], "[160]": [2.7941874502403152, 889.6670308613789, 851.0, 197.26974881589285, 639.9796245777434], "[180]": [48.87941595026041, 811.4251946207023, 130.0, 34.60984951908904, 361.84054877154995], "[200]": [172.17247044094984, 58.43129005109313, 931.0, 1883.3112893947982, 94.1627382419897], "[220]": [64.87667573291196, 100.35812866027186, 546.0, 1256.9909076290087, 84.41836709037443], "[240]": [33.39992839096419, 145.5077048466028, 245.0, 696.7226530846929, 82.16281083291483], "[260]": [1.0145242644131542, 38.27672179012208, 79.0, 2.5412007538632224, 29.896168348387164], "[280]": [18.465429959089477, 14.209973416975771, 19.000000000000014, 189.68362366790507, 4.865989424533694]}