{"[20]": [2.7039541221023664, 4.08544320357842, 3.7156543240926085, 521375.1622669811, 46.347329606553984], "[40]": [0.8809714223605695, 384.1715803507017, 14.395430610356692, 13.304648895318508, 4.124076139645033], "[60]": [5.662458854097224, 3.3902228366464, 27.833818764811873, 6.532277259248367, 42.783026329545656], "[80]": [2.193956978580747, 53.49841990407739, 116.96955159733434, 78.90950277081201, 148.82289189364735], "[100]": [10.288756750261546, 281.19928731604386, 347.990214262009, 46.01785688760121, 409.78637689134723], "[120]": [142.64786777798818, 1340.6187121641308, 1018.8297824583225, 141.39596011397137, 393.2209443018084], "[140]": [162.2407774524774, 515.7579920309773, 1608.7978047563086, 927.8452812641575, 1512.4699807091981], "[160]": [241.5633937322192, 53.4121824908166, 415.4733286268785, 2803.2796449156526, 602.7839509524129], "[180]": [115.03836010123555, 289.31845325181104, 432.24206512859683, 4222.816252091662, 210.24659798120913], "[200]": [591.9490201383658, 309.79843231531436, 743.816820107011, 4846.110614090579, 396.0450960698276], "[220]": [368.9572271665351, 101.0356376890416, 963.953301444688, 4251.361853492977, 31.73016998979174], "[240]": [268.6597473988283, 804.0634016471223, 617.2171043512157, 9320.668815739922, 196.03285577450688], "[260]": [134.18097203431472, 971.323001138634, 444.79653586000336, 3763.2822349661683, 317.2634388976683], "[280]": [23.66822311136541, 206.65111500560448, 161.74086005132082, 2059.890819417648, 49.011010412174784]}