{"[20]": [12.116848671757609, 22.0, 17.000000000195012, 11.34338483577281, 19.37105964748207], "[40]": [21.180989958235614, 4448.344885620395, 336.00000000011187, 30.755655294079816, 73.54043953883718], "[60]": [85.37214568133095, 1622.6928178081362, 7553.000000000041, 716.9136969560823, 6363.616204857139], "[80]": [678.9968094358483, 24253.766759648337, 27855.000000000015, 52458.207955560356, 10443.911114190065], "[100]": [6590.84406506634, 27039.86660942722, 24765.0, 92130.73678896806, 1138.6835687368948], "[120]": [2351.889863715578, 7078.225718188522, 7229.0, 31612.354704462807, 1467.9232259660967], "[140]": [137.13975878124756, 11541.041800930028, 1557.9999999999995, 10623.459240670061, 852.5976483536115], "[160]": [302.38978788570284, 1780.8368387801156, 370.9999999999999, 2505.3419136521625, 286.9282487704504], "[180]": [320.888947789531, 1920771101.7063699, 82.99999999999991, 582.8470675061371, 73.66524608902779], "[200]": [262.60757256455014, 34.82754445539343, 18.999999999999993, 99.01943452693149, 18.141706616373973], "[220]": [221.5818188249536, 0.10692770633487525, 3.0000000000000107, 44.129314817285604, 2.914596593732357], "[240]": [215.94857573006362, 0.16801008705665207, 2.345251993664329e-14, 57.908633649868534, 0.0065919038663475185], "[260]": [242.895945214062, 0.0, 6.090456127421861e-15, 58.912238309029476, 0.0008052052770156432], "[280]": [292.59410822107355, 0.0, 5.626124413078368e-15, 43.8212009451272, 0.00018129633749010865]}