{"[20]": [4.857142857142858, 4.098786393947038, 1.0790798804338184, 3.0000000000000027, 4.414213789095452, 2.182691255569603, 2.3511630534887686, 2.183489745847419, 2.337593729319127], "[40]": [202.28571428571428, 103.70204460912029, 125.53016476501807, 118.51032452425392, 115.75918035826686, 53.99089771079241, 185.65559541911716, 52.820461543385534, 173.9871495126675], "[60]": [4861.571428571428, 2338.2775176145055, 69.72740293498464, 180.27149090437433, 154.0582313069308, 2835.1830810229676, 1935.1130466002196, 1139.9072542100384, 1150.7875145621447], "[80]": [20284.0, 873.5777750558627, 30984.05824529659, 40283.328331181794, 4760.0477184179035, 483.3233235084699, 1377.4569359051384, 59.346275747026084, 1439.4493800709097], "[100]": [16879.857142857145, 327.0897485592286, 13924.725475894695, 73055.7081533899, 3070.917085341389, 7744.589243040282, 2146.0096720138645, 6979.513473384177, 2599.909281438391], "[120]": [6052.285714285714, 1348.7746176525343, 310.40887426394056, 3390.4514433485147, 2985.290737690417, 1929.6031443241818, 91.27945699729571, 1626.6230400945105, 236.65044816831323], "[140]": [1085.5714285714287, 405.28540983015955, 57.32242071655594, 384.31501343461196, 354.96211789074437, 264.7049257886906, 157.17769978522506, 208.60796658274262, 113.56920782031489], "[160]": [249.71428571428572, 276.1864804748948, 18.691973444631145, 499.3655511171073, 532.5448517737473, 61.37547941071841, 58.257024664178374, 52.16948878797467, 62.397131582835954], "[180]": [51.14285714285714, 179.32672373358582, 3.811470815930001, 270.5924966073905, 307.5065011622444, 10.907558132195767, 17.06686252484993, 9.472675686496316, 19.73678707658714], "[200]": [9.428571428571427, 129.25411610372157, 1.8600872031800666, 282.3059287133904, 283.69288898346554, 2.260820485145354, 2.7804395467948018, 2.043637244237747, 3.406472910351046], "[220]": [3.7142857142857144, 100.48819757580895, 1.9586320467382983, 176.9851384904262, 185.81878032552657, 2.3323918751237738, 0.08523522396960459, 2.3002380271252436, 0.5945190423268902], "[240]": [0.0, 88.01162788466081, 0.005953413941611554, 159.79908842719493, 164.11305109898777, 0.004806579528443943, 0.007987107561053185, 8.711067956110429e-05, 0.049990618751776295], "[260]": [0.0, 83.44268687579006, 0.0, 137.36437234184834, 140.9273869997217, 0.0006957941003672086, 0.001008101473519829, 7.458064491784823e-06, 0.007805015810306251], "[280]": [1.0, 75.05147581647361, 2.688396899000248, 120.05340000686775, 123.52562348961702, 0.7166320018545107, 0.33714557895279906, 0.7165318984301879, 0.18194078514111495]}