{"[20]": [13.190949995309051, 14.381336605162662, 2610318.887761758, 15.91304347826087, 13.700369048206124, 78.88451195646545, 49.664605539368274, 352.61094891413484, 787.9915081921441], "[40]": [235.28321558783827, 179.88536353422143, 1026853.170321407, 132.88139801887857, 90.19619939366335, 56.35321140684856, 248.257653250912, 38.664984623280404, 263.9493948038121], "[60]": [209.51714945982548, 168.43168774975945, 458862.7926824195, 3302.6235033734106, 1916.701806346459, 123.68780253763568, 60.887072884724326, 220.24220451964732, 548.009765977344], "[80]": [64.55528223537156, 66.37888080111904, 10433.622496241247, 11422.902104066936, 991.1894735889102, 199.30626768872054, 18.76602398522781, 57.958813127212025, 12.583478077074885], "[100]": [98.47687588239256, 20.523746406802825, 11.052441345722684, 257.22344035757675, 241.38162613509104, 172.8940520668819, 9.469346892039525, 20.7039956604888, 28.823241025458405], "[120]": [177.89375535925868, 188.3871557276041, 3214.10058019708, 159.97425961000002, 168.0651478039977, 419.9252095614371, 263.47080007217346, 301.2568013970415, 249.5594872786376], "[140]": [5047.32739983669, 3213.5114046437357, 781526.6209142407, 2386.468510343618, 2217.036017198075, 5490.687011369007, 4900.799182943959, 5244.791401682267, 4885.307541471638], "[160]": [15665.73757627239, 1116.020980565389, 1835448.7740592628, 15334.702874068902, 15027.034695931743, 5283.240405853425, 3701.1499374739346, 4342.950709602863, 94932.72558148432], "[180]": [11370.756804009045, 712.5412708533865, 2189111.8065839503, 15560.878684276866, 14727.61651129797, 13309.671434155842, 23041.43144650523, 14392.508166841408, 14584.639770224321], "[200]": [7483.3457306750415, 1852.2974852111977, 1019.9239734373965, 29596.41000137315, 29236.296262278327, 1506.3419929458528, 5766.133296750996, 3339.9568244503917, 14795.251016649514], "[220]": [1558.7113417212297, 1490.5571718554563, 30.286258119221706, 473.8218614087259, 765.4309697824939, 360.6346353434886, 1576.2172390146718, 1054.4384750289119, 2567.1424639236234], "[240]": [281.45897133882636, 468.85230236458426, 7.464414790853093, 837.016188590853, 864.236305847696, 77.61557280211723, 576.9979942011925, 191.03337805918983, 591.8391262065609], "[260]": [39.94305655847982, 520.2393259815802, 9951.590539319533, 110.84551983467084, 121.60766812265747, 10.369559537606502, 180.15322301959065, 47.39819907822046, 235.82615879214265], "[280]": [7.032546481820848, 499.7857443686023, 0.338731260772298, 365.4813837485421, 363.0294633511167, 1.8853743578326876, 59.28487516153725, 14.049463731037424, 78.91142555132305]}