{"[20]": [2.7197129310279964, 0.9999364759727583, 0.0049383943183650605, 103045.30193644478, 1.2361776033439429], "[40]": [22.34123520177436, 1729.420749293149, 22.99452408618265, 603356.021517554, 10.568262537230606], "[60]": [44.663548890588665, 970171.4580721209, 323.9941630690905, 5179.762867360448, 260.45505247271], "[80]": [85.13170744151769, 1009.4264068074864, 2205.9949978837294, 1133.221678376518, 1370.2022231919757], "[100]": [457.0512558894995, 11129.202788843668, 1027.9936729317396, 50.919329127501015, 278.98623441459983], "[120]": [117.96861744838598, 395.42785273807306, 1288.9943997269552, 16864.22466693833, 152.46689431412165], "[140]": [215.7126373871704, 63.51592203494139, 249.99348213359087, 33265.41973091016, 41.494671152511316], "[160]": [68.4064822014501, 2928.724194634383, 53.99284630542457, 36615.63183458826, 25.045192859009493], "[180]": [29.90798039138988, 13993768.882261777, 18.93651130653301, 9519.955724427678, 15.173586343688415], "[200]": [19.78539771499314, 1.7730120507909393, 4.999074144487304, 15855.05995567577, 4.498323662682641], "[220]": [18.471389551792527, 4.182721026733891, 6.994903847834218, 25032.594568595432, 6.934300926488526], "[240]": [17.648847692360086, 2691.532408062192, 3.9816744706807614, 3.9853680501534385, 3.9913973037597548], "[260]": [17.05505586868938, 15155263.815946028, 3.9997817272298115, 7760.765441389338, 4.001116920198976], "[280]": [16.401149208728974, 2.3676299583961593, 8.999712510869175, 9.000206174970083, 9.00014629736286]}