{"[20]": [4.0, 4.0, 3.999999999761008, 3.9999999969925177, 4.00000165711409], "[40]": [204.78033403809775, 4933.12489728611, 43.75322469267383, 73.37302924071996, 95.65725818953354], "[60]": [34.35921350745802, 13.589628888403396, 23.858343572501038, 22.474378014661863, 66.02854275401063], "[80]": [18.48894239957162, 147.01683346883175, 137.97932651424483, 63.897402716314595, 186.2675926006755], "[100]": [23.17981122762445, 122.39104175730664, 393.99512738408197, 52.16912701413281, 401.3998813001963], "[120]": [113.48741890708092, 380.1664302740778, 1157.928696755764, 58.822946359037914, 1244.7928862645372], "[140]": [186.80824508722878, 2223.9645888680193, 1670.923250503255, 1021.2557459948246, 1571.9588961466404], "[160]": [38.70717468559049, 521.6666540022808, 1156.8036729422547, 2553.7372764810398, 1330.8628410081428], "[180]": [286.1414127076951, 58.87561839294017, 586.2344054283558, 5320.451856884151, 2595.709775266794], "[200]": [360.70216666354446, 421.81148980724663, 863.9169371169434, 7706.530025210907, 2669.007216422946], "[220]": [439.261591402844, 2019.019765894902, 1202.4575222465166, 12449.716952991508, 414.91275886364], "[240]": [116.8630218662039, 907.0182682928497, 1666.8300133041485, 6187.382045392313, 267.78493034645453], "[260]": [44.48911450746476, 210.47355166486554, 1541.8782464507055, 14167.587418212037, 261.1410766611476], "[280]": [35.31222950599833, 621.322141583242, 856.8428830646615, 6158.985406823224, 425.94847093318015]}