{"[20]": [3.0, 3.000000825687562, 3.0, 3.0, 3.0, 2.9999973665461304, 2.9999400910838023, 2.9999997019740667, 2.999999690005653], "[40]": [3.3624215467846086, 6.923793480664641, 5869.109219749478, 9.732919254658386, 9.865741719336034, 0.5332410629644728, 1.8679657067553146, 0.5629335621936387, 2.2447687005379895], "[60]": [59.63434707352247, 1.9679621630635753, 73776.98270650678, 20020.34741818925, 32.78220991697467, 10.63578672937826, 11.918308919363097, 13.392118759710835, 3945.807246068032], "[80]": [490.5755184281706, 371.3440368645378, 38611.082936365434, 152.67956320394566, 165.34102509811052, 241.01177751961507, 144.87146100068995, 33.607275624995246, 1005.5980915780456], "[100]": [1702.5227688732296, 251.62712934542725, 619.6343690237379, 111.60645303716092, 151.4502934518048, 784.9437509820067, 518.2131034692318, 101.7988033393217, 1550.0362137015366], "[120]": [310.91387201172404, 91.39675246377192, 354798.713108277, 3286.969926073439, 2956.3928006691613, 341.69279465459084, 901.5299854307599, 314.7306628374309, 654.6928699511634], "[140]": [1320.3849720770359, 65.8674355836833, 445.58215809096896, 194.12742520119252, 7.733138464502946, 566.4838039026292, 285.1087874371984, 459.57550399247356, 175.83844258298063], "[160]": [393.6089456482597, 48.06196792337064, 8.017450186306167, 275.52469721826066, 248.12093604368937, 168.97579715538134, 95.61260967831666, 132.93136629091128, 38.25718850624372], "[180]": [76.52306824907026, 45.745065532618945, 4.131464730861526, 1.1429894434865544, 21.10775099409326, 32.855154171846095, 26.98143875080897, 24.096617842995226, 3.1842949273652836], "[200]": [15.575850470218805, 47.67133093881701, 1.3399465882368005, 81.22616012628498, 80.01244665731342, 7.122634283664296, 4.006152373300822, 5.087870265217917, 2.0839996304821637], "[220]": [7.888069134093151, 32.82002488944958, 2.80120453875944, 27.754849429726477, 27.636181174642235, 3.7202346463290135, 2.329754447537338, 3.2582311812734197, 0.7840337232785646], "[240]": [0.2589785022982488, 34.17232107015101, 4906.531824037602, 28.942835330261953, 29.316749862974486, 0.730509623280858, 1.3352097132034069, 0.822206531200813, 1.6726185516003385], "[260]": [0.10812668460854802, 29.176955224296, 1137.6538347072349, 30.104165415522278, 29.7234924099705, 0.25797050905727703, 0.5372748844308731, 0.27903896438691017, 0.5859987011819466], "[280]": [0.0, 26.551205226301985, 1652.06582552147, 22.430292489864904, 22.434429994832055, 0.0053464802209779155, 0.04271325701577416, 0.00039022534167311847, 0.005296424697742984]}