{"[20]": [3.799359842320311, 118081.04961327129, 6.936614179973551, 7.726235115473725, 5.421164597716132], "[40]": [5.018543019328655, 2204.423900872804, 301.94423029694184, 68.58293490222044, 38.26044524575675], "[60]": [141.0530191669526, 9503.8169243162, 6486.920128022713, 42.18917516493486, 5557.601326373141], "[80]": [6758.932060882944, 14255.094713868062, 7308.922381050483, 50496.486506400324, 6643.706853201948], "[100]": [208.80697162812058, 2687.3501765755245, 11497.955292013183, 43671.98369168084, 1112.4060555406304], "[120]": [318.6450435397235, 30239.400049104173, 2418.9714777461118, 16367.531154775073, 800.7871712046424], "[140]": [268.18466384644034, 21707.38925646305, 438.98144454298586, 38074.39166883284, 262.55776321592055], "[160]": [194.3858007531718, 3353.3885632806905, 81.9966948393322, 10733.423930055584, 56.8613216946442], "[180]": [165.52799629447125, 2377.6712796599495, 29.805121075267344, 4213.255040846958, 28.671241083450873], "[200]": [143.11881292911275, 1.095349054800874, 0.001374058433151161, 3047.0386868643304, 0.18002665150816358], "[220]": [130.72572600607512, 430.4453405078073, 1.96699794549638, 3338.1849466871518, 2.0088453805906967], "[240]": [125.41838932135366, 0.3717556965550903, 0.8777450088114161, 1352.4697483135724, 1.0018520609137551], "[260]": [126.91373411792665, 1.1398410887309096, 0.0003584954670889728, 1075.5471323579777, 0.00046839759919387936], "[280]": [133.4244748497065, 8.603001696288016e-06, 0.00031877937444233916, 677.2251818396237, 1.610141764604369e-05]}