{"[20]": [19.207767486311887, 4.932839503074265, 34439.17125741689, 276.84347408992795, 3.869832746474614, 2.9494649893913683, 3.4869760802152636, 8.75572107619266, 16.86731926111512], "[40]": [42.3840040935816, 3.81078383452641, 8451.713638702306, 18.038506448261515, 36.024055696968524, 40.43524186047789, 79.00279523925445, 36.034851779596245, 164.2384803508593], "[60]": [15.547254502388475, 16.84047699166779, 3.105013039137658, 317.5953609041888, 20.234270414993137, 44.73544201817735, 10.020490618469752, 41.83575387835572, 125.86587335038233], "[80]": [99.56916258588771, 71.33288116870156, 23571.407528334086, 50.14836780895043, 40.71033015903123, 152.90679688975015, 91.78517264207703, 141.59458478287817, 44.982208314314846], "[100]": [200.1120563333536, 161.62084976487162, 18586.039732905396, 99.25276078951082, 88.20160119165448, 257.05831142801304, 151.92539698654332, 48.5938533025577, 100.49288459366647], "[120]": [409.81232906290717, 9.141377770686844, 325.5768562189611, 227.35120572307255, 202.41072326959892, 393.4950219525179, 172.22786339524998, 17.38254916259884, 512.2762001358545], "[140]": [785.1296264147975, 170.81092084891648, 108.37405176391795, 50.43238185811725, 17.877903870493025, 848.1331785984923, 461.47550887203295, 474.9826267116433, 191.56205103258748], "[160]": [863.3350095105687, 35.28617079574244, 18496.6711264456, 155.56045202239397, 128.16977025629726, 1085.3199064350413, 446.6285367893258, 521.2909555489738, 102.04119088834524], "[180]": [1927.2282148526333, 586.7356378265679, 495.938964651113, 461.30088500736366, 455.34168224563, 2465.004847825974, 1439.3914576429784, 1654.0264500854175, 1034.5901583309053], "[200]": [4290.2261153599175, 100.37094520719765, 11000.704214318017, 89.10045932729585, 109.24111556472386, 4013.876568136664, 2685.777302994459, 3168.5054142846957, 2152.897274899311], "[220]": [2372.1835585342224, 933.3976918818456, 3192.5745941251926, 1195.3097949982136, 1187.1889893351429, 8747.415678161871, 220.61885404581884, 1008.2829265117551, 2368.4918183635714], "[240]": [3092.05680906966, 117.0027619425528, 39979.463022644886, 407.04560503838985, 372.66887219820734, 4483.733209787274, 2229.6656941373967, 1758.9199732155685, 3002.4314580902246], "[260]": [4767.866769166787, 90.10624246731922, 716363.2027437928, 192.99550370130174, 150.0412461038192, 295.7710746439398, 2149.9031550097834, 2199.001696354275, 1414.4734149734884], "[280]": [2278.71626687267, 170.09565342037916, 64512.823206778696, 571.3034813993028, 596.9323108494489, 265.5981946013676, 1182.5030003100262, 1095.2857074129352, 927.3020999015409]}