{"[20]": [2.244249500639624, 0.999999999999998, 1.9501322778836538e-10, 3.888703814873775, 4.636158921115427], "[40]": [2.802068498698283, 8515.487251761795, 16.000000000111907, 3.707807306891876, 6.950352984722365], "[60]": [13.68696791248317, 20.123549563297388, 535.0000000000407, 353.62591523130754, 504.1642927174831], "[80]": [143.56613787152492, 2870.5726005010165, 6605.000000000014, 227.88790227127902, 4459.477406768198], "[100]": [5375.874352608338, 31622.31554327898, 2765.9999999999964, 30415.859646061377, 939.930390286605], "[120]": [2012.3504047582464, 3843.637012148907, 3878.999999999998, 18969.525990733186, 611.9817164350316], "[140]": [78.17382455421603, 677.7135000523756, 699.9999999999993, 4258.9958488398315, 200.36288771467343], "[160]": [320.1484213805092, 56.33667877050132, 141.99999999999983, 1465.1120363298733, 90.41014873860513], "[180]": [292.56651972188934, 432.3962455629371, 22.999999999999915, 204.26946822865466, 15.36079475670897], "[200]": [227.1885718272652, 1.792437314208719, 5.9999999999999964, 14.169061036561061, 4.796537153348575], "[220]": [193.55842034080504, 1.3055003152926103, 0.9999999999999893, 29.992720801745236, 1.044411478273944], "[240]": [185.47109069461618, 0.7733289047903404, 1.0000000000000233, 22.85663061701314, 0.9751649959825789], "[260]": [208.9715761893813, 0.0, 6.090456127421861e-15, 24.488641944598214, 0.002365174297772843], "[280]": [250.8148268890903, 0.0, 5.626124413078368e-15, 23.556225120762804, 0.00013242617163569578]}