{"[20]": [4.644073430372025, 8.287173780352205, 35.00000000041028, 5.966227122597182, 27.69548584935812], "[40]": [13.201506193885749, 40.41057113565779, 39.000000000207685, 31.368018974081167, 5824.511205877192], "[60]": [4.067500524178769, 51.155595332021164, 41.00000000007434, 39.81731021949125, 100.02109365589766], "[80]": [31.321944382455854, 10.127821486270534, 138.00000000002495, 67.74085066795215, 200.08586145790179], "[100]": [29.62630835490677, 134.41324370711368, 383.0000000000083, 105.44826234582467, 526.6202340861757], "[120]": [33.98785807148124, 698.2963709715141, 1022.0000000000027, 264.69704802959586, 879.1246272400954], "[140]": [245.15732376656888, 907.7225500535742, 1374.000000000001, 2174.0588022876473, 1532.524535591533], "[160]": [326.95412927356574, 1137.2091010149506, 1754.000000000001, 3463.1707613262042, 2714.51820332803], "[180]": [490.23389978391606, 1268.9647106371249, 4017.0, 5759.646679888887, 3987.7066874894635], "[200]": [1193.058552982733, 4829.009885633735, 8021.0, 8197.882237821377, 7387.683872580828], "[220]": [515.8041862467035, 241.604469723894, 2200.0, 21771.701529862883, 1224.8653806105322], "[240]": [945.5862439418815, 6075.113038871841, 6405.0, 2746.8020404946656, 29.57929059370872], "[260]": [1597.7523067299499, 595.696980770057, 7369.0, 2848.2967587080802, 1133.210735419787], "[280]": [476.38947213187294, 2450.7187850996315, 3341.0, 18207.877560136767, 80.82545522252076]}