{"[20]": [6.0, 6.0, 6.0, 6.0, 6.0, 5.999997527040031, 5.999972467511985, 6.0, 5.999999994023184], "[40]": [137.57142857142858, 132.1777962466688, 32.41835816519901, 137.57142857142858, 13.911465432117296, 28.226376376471592, 143.6811889520617, 26.334110786440306, 148.31542501292475], "[60]": [2481.1428571428573, 1895.104121869018, 106.8120579436877, 468.3756478830137, 196.32193178102625, 2202.471404947641, 2358.4994024193575, 1014.5807427758452, 1095.7557800398458], "[80]": [12553.714285714286, 333.4347391073061, 27217.33483488064, 24123.764666962124, 29294.532259004744, 1665.3343554908533, 3058.6775395988843, 4059.1369268012204, 1021.2863264506377], "[100]": [8888.714285714286, 557.5655889347145, 19697.980757022437, 547825.7180205852, 123253.94982487589, 6154.4881962574145, 2047.1493392652337, 6178.719265014528, 3015.9129209495495], "[120]": [5084.714285714285, 1282.0, 716.7599781163165, 14992.7882770967, 23740.012376042818, 1765.6061867297012, 388.13476130237996, 1463.900856517263, 425.1920334439692], "[140]": [774.1428571428571, 187.0, 3.590256558827406, 1516.2403622863071, 1069.7453363795676, 233.24401012117704, 45.81880494498108, 168.61372431278028, 49.817721847908274], "[160]": [114.42857142857142, 1283.3991417176212, 2.4101282679563774, 1068.5346473290797, 1058.6685643763021, 37.939861872701, 4.071732284257507, 25.537652489139994, 5.003107198689804], "[180]": [17.571428571428573, 1152.5080175875078, 0.3390594623991481, 907.7328844081112, 938.1713972484065, 5.783864389147954, 1.3738802223291362, 3.532017900571665, 1.2311349362984148], "[200]": [3.4285714285714284, 991.37651829991, 0.6130813650347767, 689.9451781977256, 701.9242476082767, 0.9105939441552933, 0.6588990156912108, 0.5166381393148676, 0.6839886029691463], "[220]": [0.0, 848.3286584672549, 0.0, 587.96810583312, 589.7499722238505, 0.07068742009223888, 0.093261692177788, 0.0031273040531041236, 52.47608920809297], "[240]": [0.0, 793.3585573423229, 0.0, 481.01436679753647, 484.4461915981707, 0.011760136694991038, 0.01294470374294853, 0.00029926612167257205, 0.013625184626524227], "[260]": [0.0, 705.017224557635, 0.0, 412.76330606094655, 415.42753815655306, 0.0019565311939406015, 0.001837814433627234, 3.023107067054444e-05, 20.22637719885325], "[280]": [0.0, 640.2131989771269, 0.0, 361.47119571097676, 363.5910721617203, 0.0003255053140563959, 0.00026460295871029655, 3.263558934739815e-06, 8.913540104203474]}