{"[20]": [16.571428571428573, 16.835524977871735, 16.572428571428574, 16.571428571428573, 11478.645603580484, 3.30618702578089, 11.973808721152327, 3.169701321558218, 6.183820568492381], "[40]": [330.0, 304.82887323553376, 84.26071601384677, 323.470852908741, 114.94111528981884, 107.31555478446992, 342.8061625278496, 108.6841604722901, 348.70843944885314], "[60]": [6806.714285714285, 4794.797306468768, 1327.3919786388724, 894.0383180048939, 518.7399328497895, 5724.202103228536, 5912.226860831304, 4576.394657964398, 4539.814028793386], "[80]": [24095.285714285714, 3896.758417544115, 84641.91879291032, 15338.493247997536, 118311.2890828032, 7428.470633031851, 12807.030139015631, 6514.768826658328, 9341.196300175485], "[100]": [21285.571428571428, 2414.106167140875, 30302.34424751318, 791689.2158359574, 582387.2317140192, 12083.71610537968, 4241.605089560446, 11589.379407783832, 4933.883052824254], "[120]": [7910.714285714286, 2547.2772012562655, 563.8500038703564, 79605.3154322759, 58274.768197055644, 2567.532296095598, 312.1942952838217, 2104.9127798768686, 415.4619913317706], "[140]": [1202.5714285714287, 2588.7714439762003, 20.109502068300117, 2237.2144123957823, 2614.2719870196565, 355.64546513756704, 27.343326388889807, 265.6133718936129, 3.090943786383434], "[160]": [194.57142857142856, 1192.0820178864396, 6.367264462680936, 3364.678601383495, 3042.177077464866, 50.79971012753653, 27.677424971138656, 34.72988511028903, 22.14688466184549], "[180]": [35.0, 663.7452944489523, 4.202440174228499, 1599.7554350425016, 1662.254719841369, 2.8809588128602677, 17.232788856078503, 0.16849170487863674, 16.682685495115585], "[200]": [12.857142857142858, 617.562090476421, 3.0899606500809265, 1360.9804330717834, 1389.9040924908616, 2.3314450127556325, 2.139560256311004, 1.888322312253755, 2.1264211708784515], "[220]": [0.0, 549.8417680040775, 2.08701687363345, 1127.5572274330943, 1138.3699729253426, 1.4691671636504968, 2.8356755570223764, 1.53993676427869, 2.8788559851229554], "[240]": [0.2857142857142856, 498.98858239122364, 17.00308827490843, 908.0840017771617, 925.9698565593351, 1.0458339814165067, 2.863684474870318, 1.0570390586984542, 2.980757876833249], "[260]": [2.7142857142857144, 448.3248264470112, 2.3914264417571536, 794.4023427222075, 804.37705755596, 0.9731286041558397, 0.06493206932745339, 0.9713696103186172, 0.005160681007175785], "[280]": [0.0, 407.14427151453583, 0.0, 710.3765402360422, 717.3298027652834, 0.0002775794575322082, 0.00013522370333725827, 2.37064193785438e-06, 0.0003195457867139252]}