{"[20]": [3.0, 3.0, 3.000000000150173, 2.9999999999999964, 3.0000019296851117], "[40]": [1.837034954661405, 51.72812220611662, 7.000000000207681, 6.1865388300723145, 18.37071054444702], "[60]": [10.18394203141704, 32.7497991284598, 21.00000000007433, 11.057163155947713, 28.282297332483182], "[80]": [10.029865550097853, 86.45395747360986, 61.000000000024954, 23.7129659327869, 80.85210962688909], "[100]": [9.50518672545229, 753.1016440810456, 191.00000000000824, 32.45155991512843, 164.1619066653844], "[120]": [10.110714753522643, 123.91811980928196, 632.0000000000027, 108.88304500849495, 204.65636340449794], "[140]": [121.17297462426859, 1242.7097404025926, 770.0000000000009, 877.4434787751293, 630.9969976053501], "[160]": [115.07937039790204, 536.06071669843, 12.0, 3005.5625162698234, 426.94659560735454], "[180]": [40.29768551577581, 545.5809502923821, 284.0, 3530.8499097975864, 483.8195228481893], "[200]": [297.8718281228696, 21.651673137936086, 334.0, 3353.24126157499, 211.54721400821109], "[220]": [184.84061898504115, 145.51130462469382, 398.0, 2621.979507758191, 72.73435138807099], "[240]": [139.12402751669947, 267.3230158029032, 354.0, 1909.2419868871466, 81.5311647907522], "[260]": [56.21568451165615, 163.2834068968823, 176.0, 1007.5816289025931, 120.28418874821608], "[280]": [12.55716519170258, 2.0188835231971467, 91.00000000000003, 553.6881057640135, 71.93550385636914]}