{"[20]": [5.032684187160046, 4.9831318878937365, 15425.40799598211, 0.9177525746371079, 0.3744468052044017, 0.7937711759652961, 1.855385985799804, 10.370252273743665, 48.61405826209115], "[40]": [8.646428608108033, 8.666317362665053, 7.7188956587569475, 25.32657374896106, 0.711515321886189, 3.7486956472397104, 11.92449105098628, 3.6424877372339814, 8.297132466631256], "[60]": [0.4247430835824872, 4.900468189765208, 1.8845611714983739, 3.1473428494569236, 9.708904290838916, 9.701266311035214, 13.926274899399141, 9.542338203241526, 23.300149939518544], "[80]": [1.8794517908163157, 3.251083905681538, 0.8012772440843206, 1.7137230167873339, 0.6144204842676134, 13.349185958666723, 20.231550658698474, 12.748201785260074, 3.5603203947484996], "[100]": [13.221222817368675, 12.911429904831962, 48458.37964714565, 1.1138980715955986, 0.6354893989568731, 28.99459779998649, 48.26193136878392, 17.195375299944168, 7.945097099062635], "[120]": [52.1697468452388, 39.103299016448574, 84562.50546686845, 2.1289638570211973, 1.814994229308423, 64.81632356283998, 85.69941018116963, 29.74758822008564, 20.520319964606784], "[140]": [59.6772255713522, 35.445336147030574, 44.283344185796906, 2.788232521670289, 11.845413468556183, 53.74067110935359, 75.60101637240214, 15.18233976031662, 1951.6422104839373], "[160]": [59.994446103896614, 27.965293472813745, 33.663135048325486, 10.802529279208848, 16.159066561678287, 91.05387177276671, 155.0438222610586, 30.733741992542136, 32.14715237556849], "[180]": [205.44692916485658, 126.35262391619308, 133.3732819188452, 82.92915073324896, 88.07004015432825, 274.0312155922511, 360.5801344157964, 209.95925479206832, 154.4452737773525], "[200]": [622.1122133016194, 73.71001003103831, 17693.459558175917, 36.277315346513255, 34.57767853086805, 516.9616510540918, 292.5517502375403, 405.9863984964812, 480.28515561319807], "[220]": [1273.5052620719175, 16.344359733507304, 12.217680126575512, 83.89465387547669, 90.55677837599369, 1964.9897355750807, 4267.802747030893, 159.21538893517717, 395.6728286464547], "[240]": [760.0444112297938, 250.12466312903456, 698.1611023104169, 150.55088142872196, 130.89541793166347, 2283.119381034902, 6210.15249329547, 2283.1193798564655, 278.84689336536974], "[260]": [1137.2446980080185, 91.93800266210545, 264939.1712803059, 481.83803728655585, 464.58928856392043, 735.3952512686793, 1686.738393236485, 735.3952511726316, 1105.4703449557237], "[280]": [1081.6760824607525, 143.7314127260004, 127856.02765523108, 450.76013963152803, 428.25706507378766, 0.8931516981207652, 865.08141280837, 0.8931516925716282, 8103.248152827366]}