{"[20]": [10.428571428571429, 10.982963723062088, 161.6099079558444, 10.428571428571429, 9.994368924728594, 32.80512736386051, 28.879506894785287, 33.09431215915702, 30.419706991814095], "[40]": [103.28571428571429, 99.52258039761865, 70.7610638100847, 133.07106027843497, 51.381893625731394, 44.97556771395652, 113.07348853802957, 45.060643230880416, 115.2000704044622], "[60]": [491.8571428571429, 199.65223034688108, 421.5670636012426, 559.7109847449326, 471.97470079723143, 430.47230055780506, 530.4334299474443, 204.1007074114113, 158.8999429931131], "[80]": [194.28571428571433, 121.58256530514677, 652.4640770890567, 8193.33235362811, 3472.104084341222, 325.46824684779574, 35.43638596507287, 270.61473279517963, 304.4129995075642], "[100]": [73.42857142857144, 10.572608490143693, 54.802938615810945, 532.0207026159678, 304.8565653872031, 446.8362006309444, 33.63103272275305, 43.28966253982378, 44.838335843753384], "[120]": [144.71428571428567, 217.0843013612573, 116.494231476766, 169.61633233841258, 161.8032190309641, 608.1316115098792, 139.26831717109076, 140.1570604013133, 131.99656680403575], "[140]": [5275.0, 4169.82464231779, 4681.133773356696, 3333.2607790729357, 3436.89833377268, 5804.554369979342, 5075.4730452337435, 5282.181323354234, 5053.721305076629], "[160]": [22498.857142857145, 3296.0972366181923, 31169.964422944628, 1064.7231457420203, 1450.5471894270559, 14271.799139730829, 11353.598805067155, 8126.761600622733, 8579.124531467904], "[180]": [10543.571428571428, 8482.219651712574, 40774.077460823064, 33654.13216757584, 32901.59999514604, 17050.41713403273, 32073.632189429394, 33978.45659701864, 35825.78455666175], "[200]": [14020.285714285714, 3134.379781469139, 3376.9226231758075, 32905.94597923521, 30224.159544422495, 2200.781900201221, 9514.050242255815, 10081.926935919157, 11763.062316500254], "[220]": [3190.2857142857147, 1954.3540327493984, 74.55461658227227, 4775.7265616024, 4608.245820581089, 467.33700924698655, 2416.4576523092064, 2076.446680671929, 3743.4308759439555], "[240]": [771.7142857142857, 97.08346276567954, 39.66492235808187, 339.9408408066611, 410.89057477829283, 157.6520730292592, 849.5812249932567, 609.8240173080425, 1383.5497574056224], "[260]": [134.14285714285714, 657.7456385716705, 3.5735961090760853, 815.6752962572805, 795.8025680844205, 28.76628892454154, 275.2438143947335, 230.55976647129563, 490.0636327891797], "[280]": [15.142857142857142, 248.8072361040313, 0.5925486632055907, 439.11088569267633, 448.3789409879556, 0.8280615582266817, 87.89264697334805, 71.29945612092604, 188.27113746708494]}