{"[20]": [3.0, 3.0, 3.00000000007138, 2.9999999999870344, 3.000001266604183], "[40]": [11.871159634758328, 43.21595745358219, 10.50629293452392, 35.60460561419667, 10.091448326171687], "[60]": [14.158541190246353, 370.590096355028, 31.37535371013547, 59.72310378732857, 227.40922119661485], "[80]": [268.2674696359245, 2631.0337190640835, 349.0138979775229, 444.0369313831552, 1402.8628192008766], "[100]": [244.12644070955685, 2106.9922735255077, 5866.000000235614, 1115.9443928349356, 3583.471613388787], "[120]": [2818.77254473852, 7761.79756329846, 1469.9999999220963, 427.44610065365123, 1505.8307329409872], "[140]": [2017.1478935679006, 1136.4632953032014, 4484.999999973908, 529.9652643685458, 555.2854154827655], "[160]": [289.127609339193, 681.0467865384894, 1372.9999999915658, 104.15700196048692, 328.4515130367413], "[180]": [254.95674854331605, 46.80340641371288, 325.9999999972082, 43.83501936334096, 132.8547845370499], "[200]": [329.0802391644929, 70.39060497553385, 98.99999999918703, 925.8253034561121, 65.85299673307387], "[220]": [319.182502160084, 10.539111233314756, 29.999999999609017, 510.8151704963939, 24.38792661110962], "[240]": [302.95136896754957, 7.597377715195151, 1.999999999681794, 287.2620634397963, 1.052021660658209], "[260]": [268.89179481549803, 2.773621922346189, 5.00000000031757, 183.10063974739842, 4.839933686739812], "[280]": [244.34724478216663, 0.46323134066172234, 2.0000000003189005, 119.91589414052578, 1.9729744698811498]}