{"[20]": [14.698331778488232, 15.304294680708082, 14.699331778488231, 15.975155279503106, 12.766086989881545, 3.845504788715371, 6.623750695296378, 8.321247292321205, 7932.727389793448], "[40]": [153.94308744694487, 107.32472320247447, 62.94893282243103, 4516.5571661044805, 108.42835329034888, 14.237978049430113, 172.24513112595116, 16.588710725112186, 174.18782920165387], "[60]": [1218.4085252832704, 620.5371125997327, 460.1348055933067, 605.2884696018366, 322.4462304856281, 1108.3237972757802, 1083.276216900309, 533.4410505903671, 9096.540482530187], "[80]": [7715.69974065964, 3810.1394902823213, 150730.2132356576, 2498.6776606849035, 705.9595952388696, 6379.7669560546665, 4000.7559139020777, 3260.2965979158184, 17180.38257395686], "[100]": [8762.78811242091, 3761.9590396630565, 23308.479614802058, 18935.04300809156, 31857.968756583756, 3729.797263879167, 826.7357950347089, 1536.681304756392, 1924.1022593277653], "[120]": [9959.433670142711, 546.2623399909946, 12268.309202037086, 567.0234908153834, 1209.087375180566, 3834.705319334378, 3714.7544020699343, 3355.360447070277, 921.3145218163618], "[140]": [6124.818606791582, 1516.54238601603, 943.8060016802099, 7307.800856502909, 2647.1463609991606, 1889.3346306604385, 489.9339336372416, 1508.6489405947882, 111.22755592912522], "[160]": [1600.135293661911, 372.6235315892083, 35.79351705922681, 1393.270608563052, 1454.1793902666702, 477.3699688211463, 70.13041765925048, 376.71376890127266, 25.022035773813183], "[180]": [291.58942204214765, 572.3900708164252, 48.293133781143446, 323.0389593546972, 425.0779967344804, 44.88192760412385, 38.87061542123972, 21.901061591946956, 69.36625761020025], "[200]": [98.57628321963728, 643.0641260748249, 3.9969244228347494, 928.7409892594578, 891.8083540172395, 20.888341899544134, 12.611611975283045, 15.942140490167441, 18.486886653938935], "[220]": [17.397219708286762, 516.7788327463892, 3.2473286622011304, 584.3717841903218, 565.1920369360553, 0.6774173827571968, 8.293678321306954, 1.6499657980675637, 9.603288202460444], "[240]": [9.743536444917853, 459.86565745716547, 1590.74808974447, 443.2789530975286, 440.5510728413426, 3.5569904502932026, 0.11405827915862905, 3.344143572828668, 0.18011418566275433], "[260]": [2.8964761913590253, 419.30928990037535, 4.590426222914684, 352.1480778113641, 346.42803579013446, 4.494929945673517, 5.356872210642424, 4.536991295072758, 5.362237855790092], "[280]": [4.663777451103236, 383.7842884443122, 11.35437342795532, 268.2757242290671, 265.93712984334826, 1.951926273433792, 0.7041310790764495, 1.9433177614603954, 0.8193395300852164]}