{"[20]": [0.2701383062764009, 8.853228149450091, 8.000000000195012, 9.93093150975321, 4.622132679511882], "[40]": [8.85703405010031, 2135.922583941319, 151.00000000011192, 64.92307432033721, 47.857959824567104], "[60]": [147.25405113974284, 565.3036735270398, 3573.000000000041, 847.1042495415641, 3348.847604585342], "[80]": [6675.822287155301, 14795.514833385634, 31266.000000000015, 15948.337407510757, 22353.1850979687], "[100]": [20932.412267274703, 46194.57242857143, 20197.0, 93619.19965889349, 1728.54311009933], "[120]": [5199.627693074657, 12947.463747266247, 10893.0, 60311.25024327726, 1239.3898740424702], "[140]": [678.7108215451781, 2364.360623572911, 2364.999999999999, 15282.784535838782, 1093.5655554849818], "[160]": [1385.5151170717113, 880.132105000876, 595.9999999999998, 3649.189755990139, 436.8997951299982], "[180]": [1192.0158745857477, 149.64670322768876, 159.9999999999999, 921.2009472858426, 144.09418198511435], "[200]": [954.891797623962, 208348.53964185697, 45.0, 209.4153861996083, 43.261071135862494], "[220]": [815.7598215196767, 1.88698735375619, 3.0000000000000107, 52.09732073658279, 2.749257774169024], "[240]": [789.9104974800871, 2.743670376240689, 1.000000000000023, 76.45103918661675, 0.9744515052495091], "[260]": [884.2976583367939, 1.0826857654720643, 1.000000000000006, 85.82401247112057, 0.9979073912877773], "[280]": [1061.0293209346949, 338.78476017307565, 1.0000000000000053, 73.44190213328181, 0.9997540840620991]}