{"[20]": [11.428571428571429, 11.486772155616606, 15.118393662637587, 9860.576170228356, 5.61713141352217, 10.026116254404844, 8.663338701389147, 10.018399490317602, 6.7262774121022275], "[40]": [147.28571428571428, 119.67925201706574, 56.00242966772562, 70.39239678927748, 82.40124087173513, 63.18024937117505, 160.29525206505076, 63.26391688421771, 164.98449938929102], "[60]": [190.85714285714286, 139.01230718334898, 1020.61877545745, 114003.8938963445, 1857.3563669771033, 163.89961379054665, 289.6036959448149, 82.90601849494533, 208.48576168687526], "[80]": [16.285714285714278, 101.25173561919047, 58.18230091050134, 5772.271736415382, 1497.1450752261755, 183.05108083045297, 0.5213951528122607, 206.81001511527063, 60.03457036602157], "[100]": [8.571428571428555, 148.7914134674299, 50.23552930879009, 378.24710452593536, 346.50000085235456, 204.89611076835533, 20.786935183546916, 33.41953487425718, 23.8925792421673], "[120]": [224.42857142857144, 228.0068587249283, 196.17546825241078, 215.23994209498812, 222.04226015425672, 434.794514771791, 240.459309897975, 273.89523056902954, 238.75553873757963], "[140]": [5670.0, 3175.678821009709, 2397.2471669783818, 1195.4964422360154, 1474.837279166326, 5963.8539178817855, 5291.958272440125, 5699.433279172571, 5291.999567012714], "[160]": [8902.42857142857, 3702.1406042337694, 26523.118374553982, 2005.9723839140934, 2128.391217952121, 1877.0191089108648, 871.1518648631463, 3265.6162190617033, 2501.861316137889], "[180]": [9999.285714285714, 1830.9111103791947, 11208.422954417249, 2601.077820122953, 1077.8768035889416, 12239.252398880624, 13508.595986860677, 13356.485960610458, 13731.074956524448], "[200]": [4156.428571428572, 1315.0, 304.14328993885874, 24550.271750854932, 20502.304667047985, 2579.221110336093, 3070.430169756134, 2665.192623662442, 3576.112038005286], "[220]": [778.4285714285713, 326.7541787135933, 5.8888572183026895, 1041.7397210275287, 914.9369436569175, 577.2651371800654, 973.868905298357, 553.7225711188629, 1194.4680988435207], "[240]": [161.85714285714286, 708.9121217226225, 6.615895091411403, 157.19252479324456, 154.9311553092272, 160.10541930452277, 341.9351933129061, 189.5552694294668, 422.7025555359888], "[260]": [24.142857142857142, 680.3327266448314, 0.6329744437926426, 380.55514479964296, 376.3183838360409, 44.433508873392185, 113.204870252785, 38.602087110550876, 148.01838668982379], "[280]": [3.0, 672.9918483849813, 1.0413663298703646, 276.40250340405123, 280.51673204201177, 12.57134761628439, 35.074394866996755, 10.59230987926772, 48.94320285339158]}