{"[20]": [11.428571428571429, 11.486772155616606, 15.118393662637587, 9860.576170228356, 5.61713141352217, 10.026116254404844, 8.663338701389147, 10.018399490317602, 6.7262774121022275], "[40]": [143.28571428571428, 115.67925201706574, 52.00242966772562, 66.39239678927748, 78.40124087173513, 59.18024937117505, 156.29525206505076, 59.26391688421771, 160.98449938929102], "[60]": [1281.2857142857142, 721.78179889542, 112.4332888778847, 135.427860220683, 164.5756323291132, 1186.810999588709, 1335.2372599282749, 863.0478102009829, 891.2466126138065], "[80]": [7484.142857142857, 3214.282541076087, 4256.873707122502, 4472.29485279214, 4288.55366339387, 5251.673290893783, 4909.72496551837, 1116.0472011925158, 1752.49082899909], "[100]": [3144.7142857142862, 6141.721969192706, 21734.72633342023, 70803.06411776293, 61773.34796191738, 137.60592689635087, 3376.435205466638, 3319.4522979542526, 3719.4727590796792], "[120]": [8126.285714285714, 2430.829799032877, 5230.817071759691, 431280.67361588666, 92759.7703758697, 2893.1375646301694, 1530.5575206952053, 2452.0041130055824, 464.980001751509], "[140]": [3167.7142857142853, 1203.462190187016, 208.98082270777059, 7986.7956053186535, 6158.6680083151, 818.1947418305845, 162.95279100188986, 658.3243025046534, 44.07091777373762], "[160]": [711.4285714285714, 570.5179095883232, 9.116893680166413, 285.9028563982084, 197.78516084342561, 159.32886888296952, 9.92946967965986, 119.95644854149555, 65.00250244029968], "[180]": [166.28571428571428, 799.4887799751223, 1.528581923842225, 599.2217706357833, 633.3561295333727, 31.7487550681427, 9.95506677485509, 23.04984747070222, 22.81551101586045], "[200]": [33.285714285714285, 593.0347109435816, 4.878217740266752, 700.8646349262663, 680.0271635269194, 2.0408887411039096, 10.353848179426073, 0.2286291134234375, 12.697469179996197], "[220]": [17.428571428571427, 472.8664694031172, 5.37817914070162, 551.787436483584, 542.8766566943126, 6.700132060011049, 2.1457136027822563, 6.336260049241989, 1.9746640983922412], "[240]": [1.5714285714285714, 394.1190032471691, 0.015587913033200316, 395.3338161609711, 400.2151391786049, 1.049166212792376, 0.5013544723545963, 0.9779633442624424, 0.39928600389822566], "[260]": [0.4285714285714286, 619.762805762186, 0.5714285714287051, 324.0736267178587, 327.7521542822865, 0.4997359462206309, 0.8303627004416592, 0.5134644880681007, 0.8135629712263512], "[280]": [1.0, 523.2117249156993, 25.88790438559442, 294.80999523864944, 296.336744622596, 0.45975154968763077, 0.6342450830977765, 0.4571251783613357, 0.45580959725733683]}