{"[20]": [0.6115923150782141, 9.701254852226686, 6.000000000195013, 1.2959989215564907, 0.9063979977855361], "[40]": [5.179068049806617, 48.88489122675246, 39.00000000011191, 15.428886501591514, 14.26677566404991], "[60]": [15.544169211726171, 263.1055134220245, 375.00000000004076, 89.41516952818495, 399.0443634888379], "[80]": [272.44677957071235, 768.8730850538595, 2649.0000000000136, 38.91625741505777, 1983.2635138461083], "[100]": [467.22911697323434, 95.04076622464163, 2343.0000000000055, 294.35863049285217, 2488.4248989962543], "[120]": [295.8316032666162, 5304.456847417294, 3754.999999999998, 336.14594560765363, 220.27955172127258], "[140]": [59.862874332923184, 450.05894886715714, 1458.9999999999995, 190.51187194085378, 354.2694174341559], "[160]": [54.20534177029367, 34.61903653794752, 313.9999999999999, 223.47219843344556, 127.36672334329637], "[180]": [94.89727827781451, 9.335306083288259, 72.99999999999991, 659.5569480562017, 45.04103276172589], "[200]": [75.6571156033688, 2.1986201655653304, 10.999999999999993, 363.7799173424005, 6.897091514277022], "[220]": [73.22383373176986, 2.647777538198932, 7.000000000000011, 207.29025990246237, 6.39986656585201], "[240]": [63.1845547973642, 0.8474143377482807, 1.0000000000000235, 122.17695948865526, 0.9122620667573464], "[260]": [56.24484332931261, 0.897155482667508, 5.995204332975845e-15, 78.34325516542594, 0.01282610076078794], "[280]": [47.94732101127724, 2.8148754133045824, 5.329070518200751e-15, 43.530306297445804, 0.0018749824019623773]}