{"[20]": [46.0, 42.203993387546184, 44.541622397740355, 16.4972212772714, 26.189035454014725, 5.015374521302348, 0.17849537518499403, 4.991933191752466, 0.6274506355828677], "[40]": [656.2857142857143, 506.8913549826828, 40.65839633699784, 4.458166714822369, 38.4227837572746, 77.9536595279568, 701.9885932837358, 80.79880894869109, 369.02093921154324], "[60]": [1754.5714285714287, 295.61712337421295, 5382.101351469841, 6256.76367454733, 3759.897981468125, 1274.7314891680865, 708.9840715748883, 361.9741365173368, 33.627604940216315], "[80]": [798.7142857142858, 25.100758318188127, 861.6360270671712, 7488.8511722413605, 7482.797206293841, 1724.8506985094734, 447.13274628054114, 234.02066229983575, 203.6948598125946], "[100]": [506.7142857142858, 173.60638659627057, 207.57929070622686, 1844.0176009517927, 1984.3558184894428, 2142.873133331055, 338.30927134058766, 330.9219682798748, 146.80923140589766], "[120]": [1974.7142857142853, 1134.747071697212, 1383.900381097802, 1077.5507599246366, 1015.6189341026275, 4004.0066412539877, 1787.2070988838568, 1994.3053812547578, 1611.3276283589676], "[140]": [32559.142857142855, 16360.367572840707, 16988.11270779143, 2996.983953991199, 5032.230013694796, 35083.640175013024, 29987.417246940604, 32992.01667759976, 29119.30180481137], "[160]": [10920.571428571428, 24997.509662478566, 104900.70419406693, 33759.8912985828, 35073.90087184508, 2215.5978761405713, 30967.081560854946, 39643.66739006591, 54013.17633736228], "[180]": [34190.71428571428, 1113.2281735581855, 19872.399075371934, 8952.516995172693, 5442.134776011291, 18993.579822477062, 27683.719594879774, 27435.16994906195, 27049.221516152793], "[200]": [11844.285714285714, 552.2769670289308, 485.6394888113973, 4466.963264163833, 548.0625991100114, 5823.672092299832, 5712.232165186619, 6029.420490013814, 7784.481767777184], "[220]": [2607.714285714286, 20.591168541561274, 22.792028402691358, 1951.0219500147455, 1134.2242834164958, 1318.3103492739192, 1298.7824260487646, 1353.4480068694033, 2482.421950082983], "[240]": [702.4285714285714, 375.57717935234905, 91.73298487080754, 257.16443618422124, 336.8817804002602, 420.19244872201295, 426.1591969589466, 432.33437173431844, 958.7000468648775], "[260]": [98.57142857142857, 652.9916740671124, 1.3371470258201548, 1076.914046749001, 1052.3890385686832, 95.23721399261888, 105.37848372730554, 99.97181263080412, 326.5262863171826], "[280]": [9.571428571428571, 566.6660253320297, 2.973935525265879, 990.4204773031265, 989.7538280484114, 21.777037174798622, 24.5691477755455, 22.777671946356524, 98.58873319417359]}