{"[20]": [2.244249500639624, 0.999999999999998, 1.9501322778836538e-10, 3.888703814873775, 4.636158921115427], "[40]": [1.7944081827216962, 7589.28856039997, 21.000000000111907, 15.012561220155487, 0.008618592429883165], "[60]": [45.245031799806384, 488.4262145710341, 487.00000000004076, 344.7340930028514, 465.36889592543355], "[80]": [123.97082653666075, 2135.7658195810473, 6518.000000000014, 855.8724160881211, 2647.773082414249], "[100]": [5248.113707811139, 16959.187507058952, 2131.9999999999964, 29145.203816502646, 1040.594636867063], "[120]": [2063.5613537583195, 4544.144852219066, 3996.999999999998, 19681.88885709611, 532.5402490947326], "[140]": [94.55683497860355, 5537.095802052397, 717.9999999999993, 4338.94802408047, 125.17070505198103], "[160]": [337.63010602113184, 635.598858647813, 133.99999999999983, 946.3278703429878, 133.95622507706105], "[180]": [292.5606461345929, 26.677110498614084, 26.999999999999915, 216.32598729914844, 20.54402547223001], "[200]": [228.26290732129854, 4439.465224239782, 7.9999999999999964, 29.466416457175683, 6.489282611536011], "[220]": [194.11517335397141, 1.0, 1.0000000000000107, 12.922618654606026, 0.7796824902200106], "[240]": [188.97397307647554, 0.0, 2.345251993664329e-14, 26.599254177931243, 0.02108866651585629], "[260]": [212.07700463534647, 0.0, 6.090456127421861e-15, 31.41630868567728, 0.000731950724228192], "[280]": [254.57016840133826, 0.0, 5.626124413078368e-15, 23.958767123707332, 0.0001387938458609692]}