{"[20]": [3.1597070939219876, 3480.6528960935625, 10.000000000195012, 8.016362267616547, 17.546323437618703], "[40]": [10.313101957073059, 37.55568397452572, 94.00000000011191, 23.889619484415448, 0.4721873389753739], "[60]": [105.02037151652348, 51.247090609297175, 945.0000000000407, 262.99724315612184, 1008.5014106193784], "[80]": [125.0289080598177, 5087.432079190865, 7147.000000000014, 808.1271696963595, 5076.061699563101], "[100]": [1441.080246143516, 4913.8581428571415, 1159.9999999999964, 170.43868707225192, 2347.9385336530613], "[120]": [301.6463482138097, 2800.211120043101, 5666.999999999998, 711.351526838791, 691.2276500682929], "[140]": [749.6614321852671, 1083.9254327216304, 1416.9999999999995, 31.65646375084816, 362.44247460215865], "[160]": [366.39200200374444, 32.47586677904155, 343.9999999999999, 2378.388693717212, 189.02477136119614], "[180]": [176.54052869062616, 17.30862482572553, 92.99999999999989, 994.8944174524586, 71.70348442323319], "[200]": [40.55584456695345, 47.265467445227266, 22.0, 493.7653315166317, 19.104854159494764], "[220]": [13.608844495131926, 52.97044430112851, 14.000000000000014, 311.36263997922833, 13.60705934658904], "[240]": [34.6756864264069, 1.293052497128727, 11.000000000000028, 169.60743771259968, 10.946681078341683], "[260]": [33.96627912896153, 21.20768172991849, 2.000000000000007, 125.5434394005863, 1.9927652566679477], "[280]": [36.35116302816168, 6.396758746602714, 5.000000000000007, 88.20922876841337, 4.999018340042305]}