{"[20]": [31.118250219717403, 32.46286562026591, 60739246.24661404, 33.92546583850932, 6.496348208103306, 134.5166196861495, 97.10211055588182, 2207.316736785177, 4469.644423243834], "[40]": [408.2935967341525, 349.00384335876504, 120070.58912228365, 160.01966379418658, 235.35704732923156, 195.78390297361278, 430.547421190368, 183.55653662423015, 272.3023793592519], "[60]": [7331.783589449951, 4922.931407708851, 276559.36406405125, 1079.0422779909577, 1095.1935198733124, 6363.2760229839805, 6685.372104521892, 2074.0936955779703, 13667.603139310202], "[80]": [44287.866870664235, 8597.833726020926, 63941.38791690548, 74070.60780156583, 45216.195821253095, 5209.429643474277, 4099.760673082122, 1141.1712309317556, 50683.67345680102], "[100]": [24129.596499232506, 1932.5805812928156, 27334229.08813046, 287052.16210869694, 26764.177250515808, 23099.987898167496, 16459.520132419755, 22200.56370922714, 7715.305155895893], "[120]": [19509.52357372286, 1957.4771116094958, 3216.3486042071168, 305472.48309311835, 224828.22034819613, 7688.98585308438, 2331.9343768751382, 6158.071428818563, 1128.8216724263477], "[140]": [3711.091601646038, 1439.3299343377737, 7851.537556292031, 514.5082702284753, 829.386195363504, 1286.0861006347175, 219.8524426058753, 1013.8602005664293, 120.76725026203198], "[160]": [586.7392715675902, 875.0264482572279, 14.050270070020927, 2189.8415749019177, 2576.351720396247, 194.59669602365798, 4.007770089879062, 148.8892385140935, 3.8513967346494518], "[180]": [93.97969644840303, 794.7658963238872, 10.436323876238625, 2225.6565869679976, 2250.2503659848285, 25.604772020473387, 13.438700485193044, 18.054774547288595, 2214.303155456233], "[200]": [20.91095864754289, 708.1455519861923, 0.47127362603383516, 2164.2769669552713, 2229.1552956604514, 4.405789563271111, 5.947618462318558, 3.188608113923771, 1139.1995565893274], "[220]": [4.372521460500949, 632.8036002716502, 0.7154809782061957, 1652.7508379625392, 1730.546459791261, 0.6114641663637498, 1.624783772434413, 0.41663779020929664, 2.1918389707422263], "[240]": [0.37453743399436534, 582.9579301876528, 0.3912597783400226, 1342.8512599233077, 1390.6514060991644, 0.4809612250926572, 0.8063876280300001, 0.5110243190563877, 0.8782836220096013], "[260]": [1.0, 544.3582995604934, 146.86735120459554, 1142.2305234295484, 1180.7349014632905, 0.49066800959532314, 0.17390257985145646, 0.48587134506283214, 0.03635635637747938], "[280]": [0.0, 520.4345732142756, 1.8551057032137457, 993.5430566227559, 1017.0480280255085, 0.0007673749848043195, 0.00034101253707761737, 2.1754436081923978e-05, 0.0019080372653727136]}