{"[20]": [14.0, 15.304758474825485, 542.1410289660103, 14.0, 14.942576379687322, 95.1466286486557, 91.3850176690512, 94.55295991432979, 89.83700519286964], "[40]": [241.85714285714286, 192.7052750060878, 39.64492550239396, 139.82826870737622, 96.52991727124217, 72.22559522581696, 256.79670027481154, 72.49825257062182, 264.6695624942372], "[60]": [2001.2857142857142, 1244.171897768037, 1161.7095464601348, 1196.4313042607382, 1137.2145566227878, 1759.5202846916122, 2026.8667229351, 1020.2038001891067, 909.5571677314535], "[80]": [10285.142857142857, 3768.6272468499046, 3559.978754022468, 6200.612031459277, 4135.764008235608, 8354.666925699446, 7112.936207797875, 3955.196598295097, 3432.5927678555], "[100]": [6164.428571428571, 8026.049500498411, 27362.266305006306, 13301.670163403402, 16590.817997019625, 2572.158757714078, 2670.971703151561, 2352.799497858414, 6996.7867502345], "[120]": [11494.0, 1355.7199061270212, 8458.858547653912, 82961.29278080398, 85212.26064828564, 3666.061733535267, 2857.376150460672, 3148.0391160246254, 54.653100068007916], "[140]": [5449.0, 705.7434743392059, 518.3965919032694, 2269.5878287929395, 697.2509621175132, 1361.484118390567, 373.97980385077653, 1115.6008351111136, 4.723149036286941], "[160]": [1306.2857142857142, 953.1931499493012, 12.738043282167382, 44.74541596305801, 23.869843609502595, 269.5592504689837, 6.547127800432463, 207.87383199295778, 82.89509692024785], "[180]": [308.0, 705.2321072609702, 1.2123965512184895, 1415.1378606786732, 1264.7018161924514, 62.86603840206723, 12.896201975710824, 49.06094000525147, 33.63582879079058], "[200]": [67.42857142857143, 225.76162632232445, 12.869325721386907, 714.6491094440239, 733.7998315709516, 1.8245772954391768, 18.968548962262346, 1.0666394632629874, 23.378417819771695], "[220]": [21.714285714285715, 222.95317809101743, 0.8122432401966897, 547.4212310573333, 563.8600389571521, 3.747554363480651, 11.172334339231782, 4.330249135623486, 11.931708623478908], "[240]": [11.285714285714285, 170.07189140997252, 3.935260577909874, 437.8960123744266, 444.2678240994163, 0.4410698669620112, 3.0297657100598854, 0.32665160303303775, 3.064565744873019], "[260]": [2.2857142857142856, 153.36592002467933, 6.149067856553127, 326.33730082370397, 339.78263266535936, 5.54787524610975, 6.921446942087238, 5.569956502529705, 6.886992334815739], "[280]": [4.714285714285714, 214.32436460957206, 3.00255087707387, 359.61354021325707, 365.00762704235717, 1.432794587136649, 0.02823468764236825, 1.4285785462788723, 0.10467421772407581]}