{"[20]": [23.872340698589106, 24.29394462422427, 1499790.6635982387, 25.93167701863354, 22.079577245085094, 11.938601211122887, 12.077593211228258, 40.76301032245109, 103.75595897811009], "[40]": [326.1051927462286, 318.5837006264336, 28.26229170594305, 160.61287491774368, 22.219543986575392, 27.061095372900226, 354.12714509152363, 52.30381495901154, 363.44003870624715], "[60]": [1786.3268520954996, 103.57782486440182, 1991.0654129240224, 306735.7119098256, 2936.9905986596327, 1503.1479403504402, 796.308553873674, 475.04823102517855, 2902.0142320090717], "[80]": [815.716748399559, 94.20406993476414, 109447.07112731479, 5839.0169247763915, 7302.1928090466145, 1347.181832414702, 118.57332715535141, 24.57270063745347, 148.15782354194468], "[100]": [696.5676294417638, 393.68525382602166, 131.7255599123819, 1440.059153415822, 1045.0561878219337, 2269.7012789620303, 516.5273298435865, 444.406466307414, 238.03944284981517], "[120]": [829.1966291210515, 272.80649746061675, 143.3462651550961, 522.0189615736499, 603.8551820365165, 2992.8178748564756, 708.3719846172851, 880.851530212658, 364.66977659703355], "[140]": [20472.500997322713, 12758.516920931212, 18300.728224401246, 3691.0465223672927, 6430.45123239999, 23282.59690037577, 19813.575565607498, 20916.457179078134, 18800.891303208868], "[160]": [25422.555244165047, 9857.420243670509, 2178228.2678965414, 18466.556572703208, 20102.002368038568, 8287.601080909306, 6662.724335950362, 14300.761339135952, 477641.9729221836], "[180]": [31194.8511304565, 5657.808117341979, 10924801.642454842, 51081.011642404286, 50815.95599800188, 10359.318779094554, 34749.894006626055, 23749.980909365542, 26635.159135353184], "[200]": [14583.668394341485, 3242.7103889252826, 798.424676288651, 33305.89694803133, 31152.087098810352, 8235.489394775212, 7644.702669357246, 5358.09776987634, 5988.067137654961], "[220]": [3508.3321433632086, 1066.218099857487, 11842.6936762339, 3038.155166455963, 3094.7167730538204, 1869.2111908642096, 1575.3305395290824, 1139.9718519994242, 1785.8246965867654], "[240]": [1081.0540521516743, 618.1268670558264, 106.33842702401523, 792.7190167484207, 952.9355661209496, 633.1410168292733, 566.5689971796049, 408.03839111948196, 687.6893391648712], "[260]": [218.12926175767763, 454.36119538740843, 4.889973538790252, 1051.0721493237672, 1080.6840747398046, 169.26824460934725, 166.16060841180888, 111.03865726705807, 265.0335435954362], "[280]": [26.367539756719236, 359.9708837964267, 19192.352828838983, 726.03825226008, 725.6670390030391, 31.890262322629184, 29.80187966468734, 19.981833546893817, 82.84232484167548]}