{"[20]": [3.6893981876254456, 466180553.9215944, 21.510749281521285, 38.87284981436215, 18.80974348685072], "[40]": [116.75921332020376, 22914.0306838874, 1230.925033187811, 143.43257132163149, 130.72818647692264], "[60]": [5950.46420573438, 23430.670416517107, 20382.885521664033, 6709.830526909565, 17019.458306228884], "[80]": [83609.31400639619, 37235.682101166, 746.8874553712517, 91054.66748302059, 10828.762420393801], "[100]": [4773.177282270135, 7225.676073838311, 18802.977332240916, 75335.02831786826, 17012.145644949633], "[120]": [1465.7396843530764, 30577.20453399759, 3900.9534947907478, 73832.41642236838, 1260.8345751688069], "[140]": [1525.9938008086087, 2641.4026192349356, 786.9828792292096, 48102.03599709329, 507.59856080002265], "[160]": [1117.7724385312767, 146.2795109805247, 162.996792719764, 10934.150812152106, 135.6672546387892], "[180]": [814.1140596729568, 97037.40094243336, 37.577380106354866, 5439.921044595688, 36.06721305747983], "[200]": [626.2877050405671, 8.82802800624984e+20, 2.989532273549775, 9488.362265108408, 2.481746656773902], "[220]": [544.3043672604663, 1.3285835238046058, 0.9283673037072981, 8944.982937669844, 0.9632574125915423], "[240]": [527.6112276021375, 1.2784560826979545, 0.7345211908503021, 4009.954109053949, 0.9978486753710406], "[260]": [571.9071724297589, Infinity, 0.0029011384406624594, 2092.39753553215, 0.00019956915566480564], "[280]": [676.8080359677299, 0.0, 0.00209731155330602, 462.23890935433536, 1.105229868749435e-05]}