{"[20]": [1.0305514278931067, 1.6393313544345318, 166611.60047145147, 1.9751552795031058, 0.5655683330388228, 3.302767744262181, 3.45214389698574, 10.912803839778865, 54.40510837585587], "[40]": [5.23539091400862, 2.891430046246019, 12538.984201190342, 3.3788065249082813, 0.47009390478622676, 0.23211695032242594, 0.5143831510266397, 0.2508341191824831, 2.0055870216658573], "[60]": [2.546435914175772, 1.6114247377864865, 48.53829430772015, 54.368923158836836, 44.14795391234906, 3.0269613809509166, 3.307771926347657, 14.553070152817881, 1397.993992224038], "[80]": [1.1045836767323778, 2.8924660056451454, 10987.700683504241, 132.28930923742203, 6.832550993961001, 6.247648870792956, 23.050131842640827, 4.748218299445348, 3.8538563428030086], "[100]": [0.956182194614061, 1.1580801457295338, 2.3150217176948584, 5.656943757276549, 1.5102780536262805, 7.8157447056781795, 22.651261890829, 7.4521576289479965, 0.23599124656574794], "[120]": [14.077055112917481, 4.023259900729289, 4266.2857024044215, 10.770609669072586, 11.277202352583776, 5.210199963500594, 12.418170711439384, 5.199766677309518, 11.52501723469329], "[140]": [55.343381146558656, 39.9225975955898, 13.50990395561655, 45.233208950160495, 45.579401738006844, 62.59442537139176, 91.43027152360321, 62.55661873347943, 53.235212859642665], "[160]": [560.4916165794659, 130.2952807484876, 42.611058274493075, 25.598025187720555, 30.08824714078828, 609.5918280303333, 888.4997678124919, 438.3562159262397, 574.3453444587414], "[180]": [2620.523059375319, 34.3653620498113, 1305.2529172268792, 743.1942521664969, 745.3444440088388, 3184.982490390867, 5640.67863477787, 3184.9814544255637, 1652.8669004323592], "[200]": [727.2326040455803, 303.45163287638417, 178086.60075961062, 1275.4598179662964, 1433.7845939187284, 3044.5264411668845, 1133.8180455468514, 3044.5262953635033, 1600.4428192960575], "[220]": [2398.843902222841, 212.40548418031742, 1138.3960830389144, 1089.6583026378664, 1071.1821479129694, 62.12139451733072, 1951.6107722156187, 62.12136532008084, 40450.92794915941], "[240]": [1143.009763201373, 151.7384737858921, 156.87975525289178, 132.49719037356027, 228.40253602633697, 403.9064943640283, 1362.4600179301683, 403.90645063431793, 10404.049590293294], "[260]": [123.34604588612214, 37.60031951393314, 5.849419278254137, 20.148851570379307, 15.663850069394307, 38.12523179197965, 538.1225890884015, 38.11688584024828, 2915.1151729858557], "[280]": [11.125174899236374, 26.967553694188442, 2.574083968294107, 36.01692028520417, 36.76282916773179, 1.7636890764631974, 213.89212161770797, 49.91486267481078, 929.3111921218273]}