{"[20]": [1.13785062720028, 4.0, 3.0000000004102807, 3.858142857142857, 0.29519062278648356], "[40]": [11.91962858697957, 1887314478.8148491, 45.00000000020768, 70.36774368958886, 69.8039229647302], "[60]": [6190.979990233496, 274.64096757834454, 379.00000000007435, 279.4454121217991, 393.4902752785256], "[80]": [140.0847889280326, 2107.327067326248, 344.000000000025, 759.2217318744206, 670.9485426966427], "[100]": [23.946453243485166, 241.5209287506309, 543.0000000000084, 61.78524845247648, 5.897511975196039], "[120]": [143.404680663386, 1092.2730369723329, 687.0000000000027, 218.20280639298562, 112.56968838281182], "[140]": [1871.312795953948, 4699.609611603232, 6037.000000000001, 8416.344762139921, 2793.837462011701], "[160]": [3735.491309485913, 16706.236599722255, 1482.0, 17868.222216119942, 840.1157629571117], "[180]": [1439.8989208425337, 2206.268068488096, 4763.0, 20393.940130001774, 124.72042127861641], "[200]": [463.96995560470145, 151.5952186420135, 1156.0, 8706.777958478844, 80.68296022353172], "[220]": [151.93147943397094, 229.8115127293787, 292.0, 3281.3001384372365, 78.99922224197951], "[240]": [34.38724831282997, 144.3344409784769, 135.00000000000006, 1495.1040519163985, 99.93914426389077], "[260]": [3.972370208979388, 252.8126630196394, 32.00000000000001, 805.524644497496, 27.403302290660605], "[280]": [29.183069771311267, 2.0169956722452747, 4.0000000000000115, 457.3293103866315, 3.4427887782268423]}