{"[20]": [8.0, 8.000000825687563, 8.0, 8.0, 8.0, 7.999997066097867, 7.999967466648387, 7.999997916354599, 7.999320681345858], "[40]": [79.29909308014366, 69.81822736323733, 33.161594441378895, 90.56521739130434, 32.7108620419213, 12.454312072664248, 88.37067966360858, 13.554643635002739, 324.8506310832099], "[60]": [379.9667931241838, 115.57510036516837, 624.8432152375145, 550.1768189846064, 569.8726665730189, 310.0580199196948, 398.349178098598, 34.41988461760648, 6210.463279944059], "[80]": [205.24999138411465, 13.804840763498985, 356.0115618603918, 5807.814169628711, 3312.1361768271613, 344.9342701715792, 67.81284999356099, 304.4492743064339, 71.39394854569304], "[100]": [116.28479161240993, 20.122185967894723, 174.72285093646371, 11.440383793499558, 531.3285784046175, 476.3453987109911, 72.21708567413279, 71.94325372388509, 24.567953124059613], "[120]": [228.60519646071214, 18.773677104668362, 14187.565535756294, 133.85256223252176, 119.43835271341185, 715.2966772569783, 189.24230109510106, 245.95089278540286, 93.78471784190559], "[140]": [7404.957587224809, 5628.6515172150375, 6675.566424923458, 5801.161066881229, 5955.240155450703, 8091.757983514377, 7241.838653465677, 7552.819259305565, 6531.846100727604], "[160]": [33583.06689626847, 7125.369498375636, 44500.30641489673, 10126.69616626368, 8858.410912992966, 15303.12520506587, 11884.88133193965, 9469.408850492764, 67465.09400223214], "[180]": [12787.889251490438, 11311.08684065236, 64142.514332997125, 84158.62661973246, 85707.40838076263, 11395.505975144264, 33083.34281818564, 31229.94605776611, 45185.23799493637], "[200]": [20639.74030633468, 4216.495606461015, 1400249.5795084217, 18320.488932732726, 7176.387032589522, 3985.167041750621, 15961.393288613977, 9681.083606292232, 23495.37203185982], "[220]": [4217.23719648879, 751.7976403753316, 174.6252686652779, 1646.5906909812174, 2566.634868896323, 633.3051070175189, 2922.2070224905406, 1844.2704632728016, 3334.3179442907], "[240]": [1107.1802442089213, 627.6164236989865, 90.70092207873493, 520.4643883279606, 725.358987167607, 257.8847048929524, 996.1534672528798, 565.8745394706209, 1203.345861454786], "[260]": [193.18570628343332, 538.1039942585696, 9.666523841135206, 1110.817393349671, 1061.8077102145867, 51.820628100197005, 299.07350258243105, 158.15518224408322, 465.02571370780197], "[280]": [22.779996327784737, 395.45336271310504, 1408.3196817879036, 708.4473535168921, 701.8673223934467, 5.65612342108186, 47.17147427308734, 41.93721627131993, 168.17905096117178]}