{"[20]": [10.0, 10.0, 10.000000000142686, 9.999999999980504, 10.000001655803104], "[40]": [33.446114849328524, 5052.419333572581, 139.99190241722732, 1424.0129594163452, 4.595507995779687], "[60]": [238.94826723610396, 472590541.36446905, 1775.9903180332403, 562.3075135114004, 1832.5352896473692], "[80]": [2165.8098711732882, 2338.0076752536224, 14082.991192646938, 181942.979908069, 9232.665166904691], "[100]": [4545.47196932894, 46623.16321829054, 913.9949577826051, 3169.0614821704316, 4642.839675563667], "[120]": [3187.417788937297, 531.0976719367004, 12560.979686304378, 1446.9963462508472, 574.1325493783836], "[140]": [710.7073899114074, 90.18374610236211, 3333.9859326422284, 298.6188670683577, 302.8190575928082], "[160]": [178.97750058279465, 7033.5131738399205, 759.9837183210099, 265425.8319831925, 273.0197688410788], "[180]": [137.33742919463108, 5588.1048514552, 192.67593025472053, 30.489590803794282, 121.50282047754055], "[200]": [145.66696568068951, 67.38242104560574, 71.99527149550673, 222303.39505086272, 61.66432002901312], "[220]": [146.67041994812587, 124.67042279762407, 45.97396386110522, 413367.32170706766, 44.509468770032235], "[240]": [140.0235208263258, 20.766816004684173, 4.9063325801002575, 638640.855269316, 4.7851238466820885], "[260]": [133.46666084644517, 1406.7787114400546, 4.9958375502117685, 24339.969284862633, 4.969024794690959], "[280]": [123.30523080554299, 2999.913841976123, 5.995543674903373, 201896.04997104022, 5.995534822004579]}