{"[20]": [0.0, 0.0, 0.0, 0.0, 0.0, 2.04902493435812e-06, 2.4016839286035485e-05, 2.9658181560170987e-16, 3.2721986845422965e-08], "[40]": [22.0, 11.637558593709677, 34.666174826902456, 22.0, 26.2061005334388, 14.325510190728444, 15.545707844013508, 12.96698222196298, 12.885624344191484], "[60]": [373.57142857142856, 134.2055740281521, 23.865715544270586, 44910.4995083951, 20.546179720209693, 253.09555166701904, 280.9593741490089, 158.59730284786593, 150.10781265547485], "[80]": [5522.0, 1300.0914915034064, 1792.0272180099182, 2065.4433325335685, 1582.3701805017172, 1558.7845877579057, 1456.3728751999006, 1910.7168080339416, 2005.5782465771426], "[100]": [123.28571428571377, 763.837072980914, 12978.66280350487, 9838.834833435609, 13128.047893478299, 3229.224502634199, 4515.12970476726, 3624.2626926988705, 2784.8049926948115], "[120]": [5310.857142857143, 738.3908407539293, 1689.529885134788, 1307.622501595266, 2109.195167736014, 2222.7366736649437, 1053.787833900341, 1983.3973162928314, 1182.7069821005707], "[140]": [1032.4285714285713, 411.0125143764453, 27.86372979229202, 93.00233747622838, 155.4722387662789, 381.416708575454, 221.76629603544052, 309.3613676635215, 241.1720855918927], "[160]": [166.71428571428572, 46.505413202737145, 8.602470471073758, 194.8772874338443, 193.69497283094313, 67.18480060857163, 35.26975140857823, 51.415941162956045, 37.76424791683118], "[180]": [21.42857142857143, 87.18357136289751, 1.1441572110915654, 127.35755574283053, 130.69708577400303, 8.13654455258056, 6.977892482795042, 4.956848621493428, 8.022276239102826], "[200]": [3.571428571428571, 53.616649151860656, 0.9242942680965527, 132.8277437848199, 134.40060125735957, 0.5590944889309433, 0.077414525184754, 0.04727204399695273, 0.21626494938198126], "[220]": [2.2857142857142856, 55.60534780673288, 1.9668108748817401, 115.79857464093999, 117.10181250591889, 1.555096998183157, 0.5601936063052181, 1.442851416009119, 0.553544395736751], "[240]": [0.0, 46.12856874389581, 0.0, 94.35715988442419, 95.8630407729988, 0.021493811139637393, 0.06738746721243713, 0.001099119106316447, 7.67514909939663], "[260]": [0.0, 40.89019029717565, 0.0, 78.74131542940174, 79.93615803165822, 0.0037857525927641766, 0.010234501014779766, 0.00012640776907455722, 14.507543487583508], "[280]": [0.0, 37.04128668148314, 0.0, 68.80010806421159, 69.77347420344417, 0.0006667919866901749, 0.0015543250474025353, 1.456383493025371e-05, 9.587035304696716]}