{"[20]": [8.0, 8.0, 8.0, 8.0, 8.0, 7.999997527040031, 7.999972467511985, 8.0, 7.999999994023184], "[40]": [81.0, 71.85487998151606, 44.24954073187369, 81.0, 41.364999626546876, 20.95965187994439, 88.45918351131239, 20.89566699740412, 19.07102504092485], "[60]": [797.7142857142858, 540.0022286495782, 282.27533139629145, 168.1924472961357, 183.76914804035846, 707.8356064960246, 797.118212522367, 457.92304219532065, 577.6954505133474], "[80]": [6932.714285714286, 2747.9744544526775, 263.8248002172859, 1320.2029073057265, 183.4027635707862, 5423.7885332187725, 4567.9382452316, 2341.25090456814, 3457.8072389454646], "[100]": [27969.571428571428, 6775.284283569657, 20694.077768312825, 11393.254631203803, 4944.718871303114, 3441.7300054825537, 5681.61272241507, 11875.412901443724, 1570.7325259415666], "[120]": [2157.7142857142826, 10114.901264494423, 57501.58670602116, 153938.77117687775, 151693.80479806985, 10010.720200345866, 17044.189320329227, 9774.137680081243, 24826.861639431125], "[140]": [23230.428571428572, 397.57064950165113, 9858.314524816895, 65903.97912801207, 34170.68566232494, 8253.85942614535, 4049.299072924179, 8015.523261114187, 2738.3226641410256], "[160]": [7609.714285714286, 3779.155486805801, 21.083683337033563, 6254.2528555279405, 6913.600054039642, 1831.7916110864262, 261.562460287108, 1602.4379945117844, 33.343899301727106], "[180]": [2029.2857142857142, 1174.9433567579727, 49.32885028639953, 175.00065010237336, 764.7868132419344, 363.6148453605158, 150.8231236967605, 293.03162223428194, 217.3111232701758], "[200]": [566.8571428571429, 1000.2081975730307, 17.40667926202468, 1872.981853495411, 1813.8783268390407, 77.18043259133077, 93.99746660912538, 58.51397579359093, 131.6597946022521], "[220]": [168.0, 1005.5794683465429, 5.0125862051276755, 1323.8448465536003, 1341.4613344023583, 17.923385574498013, 45.8800868685485, 13.433265316245098, 68.91421474375937], "[240]": [43.57142857142857, 551.80504636357, 16.227699699061674, 998.0682421870533, 978.9459334155349, 8.059144501226854, 32.16807290493075, 9.102896873023901, 43.72146010975922], "[260]": [23.42857142857143, 369.0566230681088, 1.4114103022293527, 664.8121577292228, 670.8832020180356, 2.1303960833551514, 11.35548634636371, 2.3652588775372614, 16.443744593796147], "[280]": [8.285714285714285, 367.7622171800458, 4.733797497782911, 555.4404648015106, 562.9222229205978, 0.6419707311717531, 4.75590171209248, 0.6937638086252367, 7.290914610876957]}