{"[20]": [7.422727924241726, 13.285714285714286, 14.646321658635884, 11.762184009110658, 9.14352711507211], "[40]": [42.50245225759889, 80.10698362138476, 101.00000000011191, 61.221063976118955, 68.91806146405406], "[60]": [21.51479014768256, 1950.5476500698871, 1945.000000000041, 351.2230138708628, 1754.7976208149573], "[80]": [201.00765094282542, 7377.758847330937, 19984.00000000001, 5689.009718118294, 17863.377263317965], "[100]": [4504.668341430588, 79542.22937893958, 10009.0, 82442.13051470599, 1927.7977398727671], "[120]": [32.05894310537042, 186697.42528344013, 10644.0, 51416.479706874015, 1685.1866203811187], "[140]": [415.2076650827462, 1925.7210908201141, 1922.999999999999, 12397.136492295547, 468.0854883841989], "[160]": [355.9113218601535, 295.3212313627804, 298.9999999999999, 2678.3073191277617, 129.64062740476322], "[180]": [292.6710751549825, 470.733361819993, 56.999999999999915, 623.9199427788062, 37.71635903972938], "[200]": [225.2723008006964, 2.701378433427797, 14.999999999999993, 99.13341218737833, 12.774361656041755], "[220]": [192.10821365601282, 1.1690451498862409, 2.0000000000000107, 15.840326929654566, 1.6981839135418255], "[240]": [189.50922544997536, 1.045272205096644, 1.0000000000000233, 11.815963016291107, 0.978951111867356], "[260]": [211.59816088934278, 0.0, 5.995204332975845e-15, 78.43268759221792, 0.0045255759214085645], "[280]": [255.14230705261227, 6.403843541363427e-27, 5.626124413078368e-15, 0.01798308130529191, 8.612761716229617e-05]}