{"[20]": [2.0, 2.0, 1.9999999999401517, 1.9999986236636165, 1.9999985747617763], "[40]": [17.03679344151367, 808.3651437598561, 75.8989908516186, 24.86112045549439, 49.68919410722558], "[60]": [114.76172724562053, 13890.975845017028, 2005.8419171877538, 727.7562308821402, 1889.914084343079], "[80]": [2632.812090078725, 4429.214569264199, 26061.701038193318, 3707.8910500697007, 18668.453724297335], "[100]": [16978.957278097074, 72800.9770073357, 15923.099479658988, 54457.3605042616, 386.8455644790587], "[120]": [4114.660894067063, 10602.600555293031, 9512.249579440948, 68439.02833965389, 1154.1416285366915], "[140]": [412.862717866093, 1507.9231434808091, 1659.5325072919497, 22052.499947764696, 303.02738031060926], "[160]": [560.0716844043844, 281.7222647678039, 501.79076360042376, 13049.052412210202, 374.3291626771333], "[180]": [549.0639914806427, 453.2069077247187, 168.48674802556843, 3948.2755086696675, 149.97374967571903], "[200]": [488.1514662072226, 28.289957789317064, 53.84784538013247, 12744.430063576145, 51.351474016501136], "[220]": [443.65474084447925, 2.053474654431148, 12.975909685080984, 3803.099120970531, 13.826414534228118], "[240]": [431.85082750991626, 0.8263499132000988, 1.0782895116502773, 3000.0839400581317, 0.013543391117222863], "[260]": [456.20004492154624, 0.7645738588607331, 0.9606146988330161, 2097.454257543308, 1.0023776966818783], "[280]": [516.8782173827188, 0.41442932086426926, 0.010341880881062186, 124.94676536541986, 0.00027024680183163643]}