{"[20]": [0.88774188788218, 30.85987263950392, 5.9797329582383405, 87337777.40707532, 55.72281014282773], "[40]": [10.691664700040056, 83.50725095486291, 73.97442839279684, 204.1627986671092, 10.341594357501087], "[60]": [215.07809861605597, 63.5164726355787, 380.9819849172412, 797.2943731070246, 358.6313945809691], "[80]": [24.526253420856882, 586.7922244467379, 340.99526245902626, 196.38564968173156, 755.0995245947792], "[100]": [16.30929065524557, 1048.3715804981846, 405.99803106559017, 226.6879664885927, 343.8617029420612], "[120]": [13.579331601602155, 928.176862294937, 501.9978854082061, 1031.8690114197984, 366.9818888523401], "[140]": [115.17716202679276, 7265356.476832933, 13419.99274352506, 725.5256803046916, 5704.54515702896], "[160]": [253.05753390530694, 20933.050550818047, 845.9622082725, 55948.086113233505, 8905.714699403334], "[180]": [2682.2079353841805, 7168.872066331621, 12488.500229579071, 2069.387465103415, 1716.3275215947467], "[200]": [1026.393867234999, 279.88191276692794, 3003.9924091965745, 75.04523451440477, 344.94573994366294], "[220]": [171.4569655344248, 16915.48400505559, 556.9581635708001, 179891.98698023197, 75.84588296652977], "[240]": [111.8059703168211, 237.9804844540895, 215.8946976100234, 15902.919072121931, 106.85957616404488], "[260]": [113.15819963912007, 3.592359991210717, 26.99874645422312, 32511.77452143875, 10.031546233480297], "[280]": [144.89312692156108, 3.8266241457472, 0.0007397223766183829, 28767.38192139869, 2.1950991274995517]}