{"[20]": [6.5496184060733675, 8.752779835840345, 7.9755531535246, 794737.1203573914, 36.869432591031206], "[40]": [0.864426712341765, 108.09702306471047, 11.980356546548956, 14.736980507470177, 9.950177795465112], "[60]": [2.9723654886380992, 780.3757577803498, 10.996022931541775, 9.360187747695065, 28.63887050766471], "[80]": [1.3803442152600234, 10.35724302928194, 24.999547901495994, 12.752888221790002, 42.55978022515622], "[100]": [3.2317616426841935, 320.98983926444134, 64.99992034040636, 13.923949707466413, 104.06299994753672], "[120]": [71.23492109860183, 28.34922344761272, 95.99915361346369, 35.29885911862754, 124.70561398375557], "[140]": [18.822040735345666, 604.4237650042943, 184.99933476048997, 60.40679621360873, 320.438607261288], "[160]": [9.513458359056685, 18.236092048867125, 73.99860988659822, 259.4043108111119, 259.0889032973284], "[180]": [48.34750930386513, 392.4226672710294, 380.96957016611304, 188.23335753330713, 537.4776970238943], "[200]": [72.60251406220998, 2454.98026871857, 1398.9993975548853, 333.6689420925779, 919.1105642468723], "[220]": [215.98815979694902, 2207.3098075934154, 1671.9935855435049, 601.1718980971694, 1672.0000000401837], "[240]": [259.3724388466138, 994.9196583970964, 150.95714757918387, 2797.634463739589, 296.07184836255266], "[260]": [605.8229198027789, 673.7126551369957, 1990.99680243116, 5160.39809123565, 344.4707440685484], "[280]": [179.900857632016, 202.9723512140517, 1300.9955309141856, 7073.937142909239, 39.425661952798244]}