{"[20]": [27.077114207542074, 13.47368005280553, 15.000000000410282, 53.81602218234792, 66.0069636696735], "[40]": [11.469325920752539, 13.671994518874044, 171.00000000020768, 2.48407838462316, 6.878326464692407], "[60]": [88.61950380291319, 2159.9518693686778, 1715.0000000000744, 147.09434276605566, 1873.7090870074846], "[80]": [626.7913518546811, 3703.3864993809, 11955.000000000025, 523.3622374911829, 11540.09497269295], "[100]": [8483.889543096298, 4073.497771875518, 7622.000000000007, 1779.9196485434513, 9415.813180555422], "[120]": [3635.9168199594005, 14492.709931500209, 13682.0, 1497.4866720307255, 691.6635810617572], "[140]": [164.26631113992153, 1183.9304041629066, 5989.999999999998, 130.77496535808768, 1033.247704273379], "[160]": [748.9320489912557, 31.09951820191327, 1431.0, 58.78325339874016, 537.9046171195116], "[180]": [782.8894839518704, 23.41268987603786, 324.9999999999999, 244.03563658058414, 185.46517549555938], "[200]": [688.8040799610052, 25.1902962861744, 74.0, 1846.3923137645625, 52.72614976890118], "[220]": [596.8042703265148, 43.901264308072385, 22.00000000000002, 1061.8545370504671, 18.769216392491508], "[240]": [530.2173774884144, 4.462391142226737, 11.000000000000053, 652.9682488849198, 10.509652234953034], "[260]": [468.9419872513486, 0.3170438709907071, 3.0000000000000124, 421.4311894048883, 2.9255851662435397], "[280]": [431.2441297449744, 3.9995472890557453, 1.1546319456101628e-14, 268.91842501055135, 0.01129298012467661]}