{"[20]": [6.1075050307256085, 10.996893046114648, 10.99053663495512, 646852.1831456025, 41.240121216795934], "[40]": [37.52117799369684, 53.85730400736737, 83.98773728201613, 98.6300490797435, 41.42378674435686], "[60]": [60.81790145276715, 315.61318391114315, 751.9931798295531, 52505.99731471788, 840.1127100247069], "[80]": [437.2089981225494, 8722.997251199331, 4449.995801122755, 496382.0635317295, 4560.962998110728], "[100]": [4408.677823702299, 1601.1100216901643, 2934.9967610399176, 18388.073563617116, 4084.0532626648123], "[120]": [2902.9728753427976, 3987.8773844023854, 5344.970521521614, 574.2598240296796, 93.87874788621926], "[140]": [224.03846532585277, 130.30418638085982, 2303.9781451442445, 306934.2688094494, 422.26026595649336], "[160]": [204.83333752486195, 59.83551454599924, 497.97457946126923, 43824.6949561456, 161.25960689666914], "[180]": [264.9912723031096, 102.46826343556278, 111.49395749632387, 44785.31087005416, 59.50753473434748], "[200]": [235.6216314596968, 117.10451390115881, 22.992614637059962, 123080.14648437857, 15.00824386812031], "[220]": [205.2373631349664, 5132849.05408632, 9.959347554565115, 150778.88976665528, 8.78793335762553], "[240]": [182.80762384681262, 0.9128234182887673, 0.8537451181660094, 29178.877210352217, 0.8162808626179141], "[260]": [158.0761178236192, 1.0, 0.9935006974089413, 41786.68233927626, 1.027743793769135], "[280]": [142.0853589577213, 0.608964488040796, 0.9930418460269292, 20261.413249057496, 0.995779739084143]}