{"[20]": [16.0, 16.0, 16.000000000150173, 15.999999999999995, 16.000002946704665], "[40]": [36.50423528018143, 151.87604200579165, 108.00000000020768, 23.89988071086296, 15.942297724432535], "[60]": [194.61641924802507, 1880.872951604557, 1885.0000000000744, 923.5346125650415, 1982.8336916697108], "[80]": [4028.097315690142, 9651.77983705949, 16945.000000000025, 3971.408303707325, 11954.704973628475], "[100]": [12210.758509297431, 56181.768063128606, 4388.999999999993, 93163.97622282861, 5571.22159168942], "[120]": [1254.026486217018, 11878.321762526139, 12076.0, 79767.05173695783, 916.7921831355407], "[140]": [693.453767637011, 9532.894096255397, 2511.999999999999, 19912.75571116575, 356.53765753703124], "[160]": [737.2535881596932, 381.05315696609296, 355.9999999999997, 3713.2926932723212, 103.86815308097505], "[180]": [587.7916395645572, 8.729282548434046, 57.99999999999983, 719.8981061920672, 29.03776564682802], "[200]": [449.9883272360202, 7.895711768188325e+31, 6.999999999999994, 14.416658195366836, 6.563575473460283], "[220]": [375.56983087036036, 0.5873599131823236, 2.3212964291370584e-14, 199.11123127438373, 0.3801967045225465], "[240]": [364.50959217198994, 0.0, 5.095495857944973e-14, 166.2700250864574, 0.02907548756725896], "[260]": [409.4330984402053, 0.0, 1.216073317155514e-14, 124.45992745292739, 0.0066565469844755976], "[280]": [491.84075060568, 0.0, 1.1374917389937072e-14, 72.51720138649043, 0.0005040134516939815]}