{"[20]": [35.17067462073457, 792.4613376716163, 22.922103629658633, 137.61099952812268, 108.31761638078555], "[40]": [3.4718475973824168, 16.55916901127181, 8.976075352758896, 4.182835343294611, 53.44998994795731], "[60]": [3.0105103780773437, 37.16557712814808, 17.996940465844887, 11.601202420917206, 36.24799830284145], "[80]": [1.5733860709416312, 2.6514292818733565, 43.99968590351888, 20.7774506163267, 50.04540085137215], "[100]": [18.955220216645547, 2009.1146101059098, 89.99995819088453, 17.756543414540573, 126.72353186644452], "[120]": [72.21273926425292, 458.8974470914428, 230.99990879929868, 22.818513654809543, 300.5713860384281], "[140]": [67.40143371015357, 56.97885075836931, 300.99982473277623, 193.85879297460707, 409.01951878085055], "[160]": [63.24031078142149, 168.88688986842632, 320.99961426876916, 312.04890491598064, 508.03257921729585], "[180]": [273.30628755581586, 268.8153602426351, 1127.9867016157611, 191.11038475960584, 1540.1357519640746], "[200]": [416.8391340534698, 1228.8640367355572, 3251.9996409926084, 743.4724504222648, 345.2156592027453], "[220]": [918.7266956065922, 1628.0324650198233, 4023.995512173424, 1948.2280313773597, 194.83848349216717], "[240]": [439.9522584691955, 2626.7723831913786, 697.9685006559514, 8132.879791987866, 429.09991038449965], "[260]": [2410.8200772293335, 4316.811817160896, 4784.9981241079395, 12161.10828863314, 1129.926418896577], "[280]": [745.4396455727955, 816.8049111094698, 2579.9979191504726, 23835.453875119783, 11.095306735469238]}