{"[20]": [6.660758889413671, 6.180289132973431, 15425.321039460372, 89.77897148235415, 0.4570258067426456, 0.5233240031139293, 1.9905402661930112, 9.401877543678168, 26.46874370403675], "[40]": [43.82832536540142, 25.159328105861253, 8.094833987122126, 34.452665698161205, 26.525535453779426, 13.905737385015325, 51.581346622942185, 11.888865596502603, 33.29058980433389], "[60]": [499.1580526319724, 271.0206650342642, 78943.06298343372, 94.2251563152522, 47.27354497078918, 404.77479774962666, 449.801947733292, 180.76096935168817, 2965.8910614572183], "[80]": [3510.3520749920017, 1161.69941564536, 799.517016202331, 1206.2244967022227, 916.2486018223581, 1963.6497335683162, 732.3231104817064, 627.5045187170555, 5237.509230615994], "[100]": [2514.3339362892216, 598.0495850579018, 6331.603090067728, 11229.313858799489, 7009.6307812585765, 746.0998500270023, 341.96667820340247, 324.2453428538505, 441.7766066000505], "[120]": [4287.884245365439, 123.27799505903832, 1252772.2596680776, 1270.5931468723375, 168.18422764626396, 1863.4058649265698, 1246.5934184948708, 1528.3660795003734, 713.171745336358], "[140]": [1727.8792133083948, 96.62892969783357, 101.01925946569538, 1020.249359931456, 958.1954119136834, 603.4896517744696, 188.3673062350946, 467.5052808154174, 52.00416227770028], "[160]": [443.63837745043026, 64.77696203763239, 7.771355056887307, 2.60498880621957, 10.469131554342455, 131.04886908746278, 11.775666952288146, 100.93663839040588, 17.102723773197262], "[180]": [114.70964347429768, 78.33813196818886, 8.717584570487361, 101.6960804404638, 108.26217753467678, 42.33128505490924, 6.654546456609991, 36.16547447203502, 1.0784079895244907], "[200]": [21.674878188499605, 57.84979461779606, 3.910377040630046, 138.71966310053986, 146.88776823382273, 3.8253465895195036, 8.307071408762761, 2.6039934130399014, 8.630888113042891], "[220]": [9.872049154728211, 41.47440376726493, 1.0282950586441242, 89.63088381243465, 92.46129987771819, 2.7395782687550443, 2.4334949562527273, 2.5029813572861106, 1.8725393486342798], "[240]": [3.6513706189876194, 35.67311837389266, 4131.2835637271255, 62.4214880818356, 65.82920770020702, 0.9141681253879773, 0.019339154568814326, 0.8690057880449996, 0.10152055589828532], "[260]": [0.20110037381473295, 38.58404954716833, 0.26821043665732897, 79.70875428047192, 78.01024595174562, 0.5579160436782751, 1.0442341165603617, 0.5663298093494806, 0.9554511459170038], "[280]": [0.865143491639523, 33.504650693164635, 3.9429887573579094, 53.21921217741755, 54.645144201006566, 0.43471100704476884, 0.0736463720486922, 0.43310904368238956, 0.04160956167203993]}