{"[20]": [19.71099359025904, 4931.990146622802, 21.00000000041028, 22.043472650976874, 56.71231121127984], "[40]": [21.055698566333575, 10444386.5675057, 165.00000000020768, 32.23948939920723, 17.271264576592955], "[60]": [169.68371779782683, 3144.988644482417, 2699.0000000000746, 890.79997325568, 2831.0014551638624], "[80]": [3816.5972199276257, 17551.21257144452, 19562.000000000025, 12199.280934866845, 13609.019516892273], "[100]": [28547.233411645535, 8260.001, 10397.999999999993, 109766.62420086621, 2753.7093389752954], "[120]": [3338.5851114954667, 32867.635173114104, 9851.999999999996, 71750.29852411518, 877.4831498231615], "[140]": [921.1480754212128, 1786.81791066906, 1788.999999999999, 16020.686667581278, 365.53382629382975], "[160]": [1314.0810550414703, 237.9021694814396, 256.9999999999997, 3057.217468664747, 79.22595569237217], "[180]": [1057.5413230488664, 14.747833361880254, 33.99999999999982, 524.4654480050735, 13.414258750409068], "[200]": [814.4571487016834, 1174.7180879683556, 8.999999999999993, 207.64392023633468, 6.870726013369442], "[220]": [688.2417745952984, 0.9454183515920519, 3.000000000000023, 81.8506717682942, 2.6945041255848095], "[240]": [668.1620617610847, 2.0, 1.9999999999999492, 144.96721384655984, 2.027458056417095], "[260]": [751.9292927407535, 22.684744780060456, 1.2212453270876722e-14, 96.23851881305256, 0.003555240162779194], "[280]": [907.5693174642565, 0.0023090359894552778, 1.1374917389937072e-14, 67.11011469667011, 0.00039931179112846435]}