{"[20]": [37.30043560397852, 36.887650183846816, 2481167.8159036646, 39.92546583850932, 19.785756841810258, 218.89195497095787, 160.7450880154248, 5438.2476297722005, 10149.321442697532], "[40]": [333.25191168191833, 233.89917948020553, 15.199037697413582, 83.81843363752989, 10.655697915650537, 17.300919184355042, 357.146282208339, 32.18980736382597, 371.20683129835845], "[60]": [3382.425975549376, 2074.731890454366, 137.00467828070222, 146.0594048226591, 227.64552935221946, 3252.2617626536226, 2609.1463629579216, 2301.619737859582, 2341.9528954621524], "[80]": [16638.24488296732, 5048.931081633849, 15440.18433617283, 15364.657806373816, 15505.76558224404, 10499.330049293263, 5068.738256091661, 1264.2700992017408, 6565.397344745102], "[100]": [3694.7672349586205, 4075.028869939223, 6068504.388435612, 55933.98327920156, 67908.92652309255, 4755.22406707594, 8356.711305124787, 11824.378199005243, 1945.9082073039283], "[120]": [10790.71380603659, 3745.7540887913196, 1054881.7646683562, 36229.01935820926, 39594.42002725858, 3810.8545178510312, 791.7611704271937, 3032.369432528535, 263.7197765153537], "[140]": [2740.219033192068, 751.5572143429475, 84.53998264264301, 283.1207291665558, 275.67040835156246, 670.8563023859841, 170.13275976621185, 479.8750398765531, 288.68075408011725], "[160]": [658.560653718887, 633.6270224066545, 24.333151489250604, 2030.5947931499386, 1906.5670498255538, 107.2070995825533, 154.32923522973064, 69.47312944554636, 162.67612839418436], "[180]": [172.26208388398692, 271.59828405073716, 21.51376048961088, 1037.7628636236464, 1064.302833152853, 0.05977889539546143, 86.90726463316314, 6.640158550942621, 82.01219030164116], "[200]": [49.56151835031611, 202.8592656437427, 3.7803168127652826, 584.1337816100356, 639.1428778451069, 22.262249363658817, 61.79994045705333, 23.51789553415062, 56.405956310932204], "[220]": [26.04637315966444, 192.98125318977083, 13092.394081471843, 763.8390521501581, 730.3695652084596, 14.262332039507916, 38.23357489323489, 14.49116411576885, 33.97232320211728], "[240]": [18.243895248536795, 234.6197077430552, 4.167464857069091, 750.6758124467278, 755.8351467215225, 4.101008598265799, 19.476978250608337, 4.141812068998439, 16.544772394333446], "[260]": [0.3860619883620888, 185.9597818922085, 18296.599787254097, 336.4390626711179, 358.3570754438352, 14.879350088884912, 24.133636408201898, 14.886529237453116, 22.334822366809426], "[280]": [0.4875823541403638, 205.72009445231578, 13.532093034612222, 472.11056576005467, 471.3803509870185, 14.485869263031796, 26.151714179981695, 14.487121534667684, 23.864813491314255]}