{"[20]": [1.0, 1.0, 1.0, 1.0, 1.0, 0.9999975270400308, 0.999972467511985, 1.0000000000000002, 0.9999999940231835], "[40]": [6.857142857142858, 7.211114371813583, 10.48715597698813, 3.0000000000000755, 2.9096489622930175, 3.1296029393118605, 8.383835997845, 3.1079338696487486, 3.676810767800525], "[60]": [59.57142857142857, 55.877882765243626, 34.2296442943662, 364.61873521266295, 26.875746805680812, 29.85877162621872, 67.37255787111792, 30.04480255097308, 67.52788280018108], "[80]": [690.4285714285714, 638.7435084396168, 116.52685333978161, 488.34622866587927, 395.83068918304394, 450.0164348797633, 404.7086685112884, 440.94517109115134, 403.33229294842096], "[100]": [3617.285714285714, 2578.801501762432, 2273.1945017523267, 991.0900571034908, 1139.0273106832383, 934.6031957620667, 1110.692826022058, 1635.0437581529209, 1620.6119716561552], "[120]": [437.2857142857147, 3691.645631912632, 8654.90602275463, 25312.079701869126, 23034.87506844816, 2299.1734586916764, 3323.8144681656267, 2657.1090146199776, 2085.409165478819], "[140]": [2932.4285714285716, 998.597779586956, 1130.809733780688, 1886.1063409086069, 1239.2173211099946, 1275.0807853078613, 646.2420729117384, 1197.3213203681253, 704.8552045154045], "[160]": [811.8571428571429, 679.7157724835088, 57.62424358778674, 1412.611843729918, 1462.9786391461466, 309.01233529740296, 229.4124228332921, 263.2876851420159, 216.77508359369062], "[180]": [134.0, 5.034140112602017, 9.612139927773587, 212.39891257900206, 219.74227416239628, 61.901900231009506, 79.23373703915584, 48.24781544197808, 69.15026947524414], "[200]": [10.428571428571429, 180.83207897067018, 1.5561075287603456, 146.4148340487513, 156.61947375686682, 8.145287132621318, 20.402837368054705, 4.3866200744381, 15.395282796136616], "[220]": [2.5714285714285716, 133.34904442056927, 1.0707174976466405, 175.53746904703752, 179.36614477491818, 2.3619668573468937, 4.2002522145337675, 1.405072461058695, 3.852389924399497], "[240]": [0.0, 124.09442025863598, 0.0010749752168855236, 148.10240167984202, 150.96219390443557, 0.30828193007449955, 0.9700728675166159, 0.07465255151193094, 0.8224152659221772], "[260]": [0.0, 185.84645673851355, 0.0, 117.5902863433852, 120.69565752303753, 0.06836327166160402, 0.19400595363682516, 0.013026622735629621, 0.17099813379948248], "[280]": [0.0, 113.35907641353378, 0.0, 101.95635221474463, 104.4678776271488, 0.015160437359638745, 0.040970227382397424, 0.0021959087132700896, 0.033747527027516405]}