{"[20]": [2.0, 2.0000008256875623, 2.0, 2.0, 2.0, 1.9999973665461301, 1.999940091083803, 1.9999997019740667, 1.999999690005653], "[40]": [22.96370683060525, 7.1741622281119, 12.213564242696794, 1.939988307222193, 3.5590957673388917, 4.789549839722099, 22.140432259147428, 4.571628274974723, 23.604634804263544], "[60]": [222.10279314924892, 80.29847540263032, 104419.82327198754, 1540.0077522531851, 19.59914080773454, 191.46756358710869, 219.54294955944349, 70.55043834757183, 6388.240884749966], "[80]": [1319.1450326107395, 288.6793329213098, 16.58172277755148, 307.5590639260343, 351.435383356396, 878.1813385966076, 690.1190367814195, 221.20801715809412, 842.0228050001124], "[100]": [3719.0520039894104, 581.9165966900276, 108888.93670404753, 1235.7914992874203, 1506.8536625031481, 1089.314608285904, 473.7334316350284, 789.3398284002202, 423.9770403792989], "[120]": [2234.2339866412526, 73.95344673310785, 743785.6400080904, 2755.5993456100027, 1670.2001284684538, 1168.6321378804753, 724.8680541366867, 961.9366556552366, 136.37805780156535], "[140]": [2217.6761696817475, 136.16150406254167, 483.3083499216122, 473.28707836615445, 537.2319245044184, 935.1652473115086, 389.94957262051156, 743.345669821424, 230.10663559885575], "[160]": [613.5757383586763, 75.65709974776577, 6119.605556164024, 29.9810575205112, 22.097831351289752, 261.2223332576758, 105.87313956733396, 209.8821977617302, 45.34807617639939], "[180]": [109.3599801594347, 55.79035447162329, 15737.915395243599, 1.4747937998093477, 4.583243304763987, 32.89595833986445, 9.34116185280281, 21.30318189570899, 12.270228939016913], "[200]": [24.591622199935554, 79.32308820505588, 4.083886397818556, 90.10514960789486, 91.25405809422837, 7.252806098357714, 1.479037950628852, 4.71768809162006, 4926.821090042657], "[220]": [5.806247389997987, 75.9520262890994, 5160.636985776675, 90.013845706986, 95.64187943326705, 1.9627731490412688, 3.142943715469719, 1.4195976509759067, 3.5603399426094744], "[240]": [1.0763994278161, 62.916771574803576, 6087.900762725184, 68.63575116678223, 70.96799748107432, 1.2874387540586503, 2.676312598127246, 1.3917969085131099, 322.81006349714033], "[260]": [0.43082768131322285, 58.969725428661604, 0.46334828868342326, 69.6590264756683, 71.03449911546238, 0.2572024879625077, 0.5276722992793395, 0.27977684022444155, 96.98920324719515], "[280]": [1.0355376992033611, 51.20056823689352, 1.8626969518162775, 41.43713417988231, 43.7264656836487, 1.5616262525183888, 2.3343713639474446, 1.5664018937748903, 87.69570071892174]}