{"[20]": [1.0, 1.000000825687562, 1.0, 1.0, 1.0, 0.9999973665461301, 0.9999400910838029, 0.9999997019740671, 0.9999996900056528], "[40]": [4.8537437493750994, 2.297782312415079, 12786.575531336324, 7.729848857187742, 2.1826550154291415, 1.8730443533215495, 1.953722391754051, 1.5820754402983983, 15.941799381082058], "[60]": [0.45057269346366624, 1.210210960252198, 197.2628141760004, 8.118526420049447, 3.7725624404591587, 7.233993042661407, 4.726446798747748, 6.7566783525665075, 8.751387627630052], "[80]": [8.181934145926647, 9.776144432927047, 1766.3049076149878, 6.2115189170295935, 6.7801504171372775, 13.691574871018387, 19.912075269631945, 13.458047852949493, 167.99280350037756], "[100]": [5.11711763729334, 1.7796547766366146, 3127.2847674388845, 1.470353667235092, 1.685531115495514, 9.57153973268952, 18.246358651241554, 3.746796127726423, 51.856216341849674], "[120]": [4.137718406231784, 2.598693427079005, 8.043341530033539, 11.07821607995257, 10.249873050411088, 2.7466234599583355, 11.105162850306602, 0.7940253239783053, 3.834699188941633], "[140]": [3.5992789042665314, 2.505557871272726, 19690.936353603574, 0.30811561276088456, 0.7670243469212561, 15.606033909051746, 28.013772150468377, 14.035425345947303, 3.3373680893248583], "[160]": [0.8594085373529883, 0.8497052176441223, 0.5792368990046513, 0.4060237381429728, 0.28915254936835744, 12.772567048418878, 30.653258712141806, 7.032635663488845, 0.11024479080828171], "[180]": [7.240990448937238, 1.142356897190927, 8929.363134727377, 2.415704511808337, 2.0619103520696638, 20.142778397507325, 47.90435299142905, 16.472197172024988, 0.597921648555129], "[200]": [33.25095673768142, 18.448102378611406, 29631.315988804243, 1.9259718721699783, 1.311920962721277, 46.152299473019504, 56.16984358146712, 16.437411964739578, 20.59357431671006], "[220]": [118.31162051545684, 89.98607985559538, 24.877412645264723, 13.740457107082356, 14.613067517267629, 68.87043091230791, 117.65449135058691, 90.93642399929021, 43.1525330277813], "[240]": [292.73888838515546, 23.74129935654244, 17.353117668669242, 28.54165783448651, 28.265225737140064, 72.27165091630992, 321.53742542666515, 275.1226803526126, 108.85258010891776], "[260]": [399.770792687438, 7.534757425463061, 239.4664525077871, 325.5877071871001, 330.77240473646486, 781.8333546548021, 1928.9994607692156, 781.8333522430505, 205.01467153665962], "[280]": [258.28501081930983, 34.3935617568447, 6666.719932998928, 123.36675007091027, 124.1898554264715, 898.3172304572419, 2665.9139308581516, 898.3172304538201, 123.71287037685735]}