{"[20]": [2.0, 2.0, 2.000000000142683, 1.9999999999805025, 2.000001655803103], "[40]": [0.925403287271975, 2.945721340191873, 5.997906736903988, 33.49743198857598, 3.171355124361366], "[60]": [2.0139989941514145, 42.531493332853415, 19.999450935998667, 18.21173680187374, 27.40605817583898], "[80]": [0.6180961525783578, 22.334185638175843, 38.99988722682645, 2603.9343239454124, 56.96763253878271], "[100]": [24.142905815896, 100.92355796083748, 154.9999755909544, 8019.529913865936, 197.97689481935421], "[120]": [59.77470285323878, 5350.972602126886, 591.9998860664599, 621.9142107874243, 656.8402630846663], "[140]": [193.57793685679374, 7199.118043647898, 1440.9997487277826, 5442.321593997736, 196.11789806787561], "[160]": [144.93168438130024, 8022.407244977945, 1607.9991441412917, 147.37784964360617, 1334.6025437003104], "[180]": [360.8705862012462, 1788.6378005882757, 562.965367474357, 458.9461566533424, 693.5623135031831], "[200]": [390.98501110093724, 1162.376394940278, 1718.99931455606, 46382.6428556731, 23.983897373456493], "[220]": [169.21694318807494, 12380.584825411932, 975.9959256570041, 3898.3504424689554, 124.25536271554647], "[240]": [14.280487992094564, 71.48815396272511, 372.9851484096853, 11986.113378749145, 81.2040137992846], "[260]": [55.1306213325633, 5.187439625943916, 125.99933891767063, 75298.6750746473, 38.892348958221376], "[280]": [43.483343149135685, 12.175770836901167, 45.9992921265601, 13600.083173358289, 21.008709593334892]}