{"[20]": [3.0, 3.0, 3.0000000000619162, 2.9999999999040328, 3.000001049028629], "[40]": [2.440451729378489, 29.54917771595826, 18.994428259369755, 113.32693822447516, 2.2797437897711577], "[60]": [54.848163043914106, 100.21684331384294, 188.995290282775, 2212.355400208268, 178.64035956458218], "[80]": [94.43703051131585, 31.087707646350154, 65.99826581702946, 252.70728476885301, 210.93409172545148], "[100]": [49.67665591611202, 63.0634392261747, 52.99952536398288, 2237.071608703814, 55.34220484143743], "[120]": [5.503687975815819, 31.9346880044638, 97.99962144809737, 133.8926366322224, 83.1042809705211], "[140]": [675.81027396775, 1143.0441306917419, 2048.999054913419, 512.7125959022459, 724.1600971853458], "[160]": [1228.142046408862, 33583.06789626847, 15704.995090525972, 3031.271559613482, 1567.4980913860302], "[180]": [8483.738246355844, 32878.447519567286, 4188.518143282206, 8190.0300128191375, 450.10963054906466], "[200]": [5009.702526700117, 444.6455512060643, 11005.989811375362, 2170.6975983683656, 1570.1954823261774], "[220]": [207.0840973458044, 987.3407894475947, 2218.942513366057, 249.91191348749007, 67.9995747512066], "[240]": [195.21889356369755, 15.603939441101875, 607.8551529882748, 30124.693806677034, 223.8972560124564], "[260]": [239.69892179545616, 59.252987457482625, 89.99827556028211, 64737.832139783175, 32.175506939154936], "[280]": [602.6453153055719, 1.0684084112947716, 9.99642696019115, 9887.224753826673, 3.1447832016904527]}