{"[20]": [2.1593759227646707, 3.0, 2.0000000001950133, 2.3349164087043643, 1.744700299766273], "[40]": [4.144242428274547, 6.8563613303171245, 8.000000000111909, 0.6454580477335643, 3.218487606201098], "[60]": [0.5707800216815428, 15.679686915364016, 8.000000000040757, 1.7003049924317537, 12.533225504874878], "[80]": [0.9938936233832294, 9.076997021090563, 33.00000000001374, 6.982070356898305, 46.77225656876962], "[100]": [0.8951054941927055, 36.38913900443879, 106.00000000000455, 26.78553437781187, 87.51868084902887], "[120]": [75.83605123020311, 154.3686711866069, 278.0000000000016, 37.62519637838784, 208.36236310626964], "[140]": [15.161004687598052, 91.88369807730169, 371.0000000000007, 390.3842957013094, 270.3246724396081], "[160]": [60.40567349795492, 160.1213054356258, 2.0, 1154.685969030063, 241.65947003260635], "[180]": [87.90114613913329, 348.3874355704461, 165.0, 1389.4984709389728, 187.06957230475382], "[200]": [224.64640956217772, 20.78734170371399, 144.0, 1315.6342222163212, 76.08071581501667], "[220]": [227.006789037717, 184.5669947458507, 184.0, 1008.2585584102785, 26.492631803481345], "[240]": [173.79052474384548, 1453.9091925434593, 128.0, 651.7355708765135, 14.331943675305865], "[260]": [59.47300496839949, 80.96130511984774, 58.0, 368.6179398372958, 28.441259048763413], "[280]": [4.2659967759464905, 189.3518554651062, 70.0, 258.5207580387573, 63.274842891218896]}