{"[20]": [33.423321083451754, 28.428571428571427, 25.000000000195016, 78.88618360583094, 19.474863005843353], "[40]": [70.49323481652715, 2713.536906452803, 338.00000000011187, 109.06799683327813, 99.75741409485818], "[60]": [750.4454060479038, 31535.118912848448, 9309.00000000004, 1097.425687590041, 7624.930930762004], "[80]": [13097.541670076098, 33142.781627227116, 14500.000000000015, 71197.14599335764, 8432.888596253586], "[100]": [2524.1261757652755, 13096.309606829403, 19303.0, 84971.90625154432, 2233.080398686452], "[120]": [4658.546272358368, 3610.87864803885, 3696.999999999998, 22038.403274537675, 523.9209523214759], "[140]": [1533.0906844211008, 53085.175048181525, 695.9999999999995, 6059.910269295713, 402.7465790582437], "[160]": [200.16494127135627, 1760.7850436745293, 207.9999999999999, 1526.587927802324, 176.00796748258358], "[180]": [140.57989241172316, 5955951558.550955, 58.999999999999915, 396.2685164130394, 55.525253128671096], "[200]": [191.2790008063847, 20.520188471126886, 26.999999999999993, 80.28793088009252, 26.698423538183476], "[220]": [193.0268274051591, 21.208856799255816, 8.00000000000001, 4.533995436972873, 7.998370344253566], "[240]": [199.21787648521894, 2.116835087597587, 2.000000000000023, 39.26571247482377, 1.9969497698333996], "[260]": [232.79260725119656, 0.8461138303037972, 0.9999999999999938, 32.78503154639873, 1.0003526430789709], "[280]": [277.4031931333848, 0.948444155782545, 1.0000000000000056, 30.54710539998473, 0.9999757402559936]}