{"[20]": [3.428571428571429, 3.896229807020312, 35.365083259011115, 3.428571428571429, 3.064761986518855, 4.178341648841313, 4.441964424816707, 4.245053744509027, 4.103467868809014], "[40]": [28.0, 21.426825447103973, 46.35316128331728, 65.43758487510928, 7.937784216945424, 26.692741868329264, 32.79120927745179, 26.6355979538655, 36.90232856742049], "[60]": [50.0, 12.202451172640082, 2.2378181278343448, 505.73374952430424, 14.338185070324784, 51.01927412708929, 91.89594317264407, 40.728399503631906, 26.741443066226807], "[80]": [135.71428571428572, 40.987255786038645, 47.68886866055209, 30.660995466999793, 49.24901551373608, 146.5611368570789, 96.93991631696625, 120.3536214177343, 94.75693954200733], "[100]": [521.7142857142857, 152.50608234532706, 2.6707135203453163, 42.52712502991858, 44.59416109950166, 445.7215963011744, 349.63157600203726, 175.529931868488, 142.39780443544862], "[120]": [1846.7142857142858, 392.1716133261966, 345.92222794905774, 202.7115112779593, 231.3674540978709, 1021.442133994683, 895.6108520858647, 338.7221159388014, 225.11423602649666], "[140]": [2521.7142857142853, 239.4235774563076, 1370.7853063101047, 876.1566979659492, 777.6144248705514, 1082.9958779902754, 634.1829515446098, 877.613103298012, 94.21134105630517], "[160]": [102.0, 171.7406536570361, 1756.1966619146024, 250.67334270734136, 363.40125242901377, 449.09027088614494, 762.8515457530248, 828.8711670979174, 105.37371560967404], "[180]": [1245.5714285714294, 479.4364520899726, 274.1017094139388, 1303.6789668157307, 1022.2884052306154, 646.5923393734074, 60.25469872832218, 117.6354088523567, 248.4194361770078], "[200]": [1096.8571428571431, 143.3766563890931, 39.00212587316946, 110.45941838683393, 117.7090650799255, 705.4883678985188, 16.531573786845, 53.094148591737394, 74.5812557013387], "[220]": [1037.0, 31.721603364153907, 185.0768814567018, 51.99906727136977, 54.54423552223352, 389.66157194361176, 182.61376479910905, 133.2327680957619, 174.8343089517566], "[240]": [723.5714285714284, 40.76938261774194, 55.732301944060055, 21.34644843549995, 43.31797981253658, 190.47146968665857, 169.93258244250228, 157.07770506380893, 124.1487540484959], "[260]": [485.0, 70.7788898167455, 83.20833683133787, 38.40958540891779, 51.291282208631856, 56.611194905015964, 144.18004780307683, 151.79467231179183, 143.3898335686663], "[280]": [285.71428571428567, 6.3411747030095285, 64.82742216347549, 7.348446811571193, 1.5373590854229633, 8.875919107628647, 87.11793158599494, 109.52076531829016, 77.96251757205368]}