{"[20]": [24.786338201146084, 54.91220759180947, 14.949096228675229, 520497.24798574235, 56.51817431225909], "[40]": [8.87539047228007, 169.77646201534185, 170.97223056512422, 18623.40917305696, 4.078691081470599], "[60]": [849.7743204702301, 389.2674503084231, 342.98627040466386, 11027.7629663059, 505.2590192594333], "[80]": [25.96132208120647, 26.449456318847435, 73.9967037487489, 183.91718811038268, 491.80750538324696], "[100]": [48.88657292336201, 24.370123498432463, 6.999480844696645, 305.7509977194801, 227.42485855350483], "[120]": [299.84352971307226, 405.0612512038788, 431.998140300064, 237.78739165332988, 653.5309402259503], "[140]": [1494.5100539658388, 7726.638867645519, 9567.99738522322, 5085.006623409867, 3312.53259152423], "[160]": [3419.267258695099, 142922.34009939368, 14308.983334263832, 27496.870575520068, 8775.766703939937], "[180]": [5375.326501271835, 25874.517861701173, 16431.103730167957, 7059.657317836784, 602.0896549228072], "[200]": [168.49937996250546, 7778.788761722965, 6877.984456238398, 292.1633088424836, 19.96418489505295], "[220]": [573.6297923495979, 76.78770734887402, 1374.9137193156469, 36633.781665195864, 128.69229186287708], "[240]": [214.05491471404454, 9.917967073511548, 281.78267389515537, 8536.230892247238, 75.7541794403209], "[260]": [235.1394732794315, 27.048789840494475, 38.9903437206837, 51473.68974955464, 7.309984161314815], "[280]": [617.7357438293571, 5.703156024940992, 0.004629315274073807, 15085.847092405345, 3.5611964004188823]}