{"[20]": [32.39437296418524, 19.0, 19.00000000041028, 19.1464912926508, 17.675959831748692], "[40]": [17.441543274335913, 203702.25089874343, 367.0000000002077, 290.50542676723563, 41.236292059753], "[60]": [1699.9578855529544, 6742.860441323597, 6764.000000000075, 1407.5861129468076, 6872.062258139989], "[80]": [48377.780738692556, 59345.02343502964, 7087.0000000000255, 62924.519672206196, 8937.320108787651], "[100]": [6554.407446650169, 22125.688377917013, 11077.999999999993, 93580.58196093338, 284.710686000657], "[120]": [498.45223378006176, 2624.1364735992843, 2672.9999999999973, 26937.31254153318, 397.18175321209196], "[140]": [1319.3189856190083, 1384.5933988690088, 463.9999999999991, 5322.488141252497, 241.0708792528141], "[160]": [1108.6771765127232, 113.14104859213344, 97.99999999999974, 1032.0801050006207, 71.42528010860582], "[180]": [849.5331616471341, 2.544884571302271, 13.999999999999826, 166.54356983621506, 11.0626199472268], "[200]": [653.5833498486447, 21874.745927049575, 4.999999999999994, 10.9039488918894, 4.677136694766512], "[220]": [545.4901655554144, 0.03920026025639119, 1.0000000000000233, 30.373750683084268, 0.9539091243999017], "[240]": [530.5446215341494, 6.37529253970503e-09, 5.095495857944973e-14, 55.28443298101638, 0.0016300213538804496], "[260]": [596.8434097139489, 0.0, 1.216073317155514e-14, 32.81102813929425, 0.00024712671247410404], "[280]": [718.7384300084112, 0.0, 1.1374917389937072e-14, 32.81308836043924, 5.371772996433362e-05]}