{"[20]": [5.142857142857143, 5.4037580914898555, 328.1323647285585, 5.142857142857143, 1.979262595324184, 22.375487226571412, 22.399344621141644, 22.289044818405763, 21.712841761917016], "[40]": [23.285714285714285, 17.243879346320334, 2.0777904209712474, 1.2350309803532653, 2.3809247550075767, 1.628588100309777, 28.811435518866606, 1.6143306899067795, 30.88445972114878], "[60]": [92.0, 29.30353050561675, 54.190848160864704, 113.21100481270155, 52.31337968662808, 72.196666202032, 107.8044200321393, 27.741298241795675, 14.343143995495183], "[80]": [758.8571428571429, 231.88939851621012, 92.90422575556954, 228.77244299318227, 236.7068664939011, 500.71088979726903, 578.3645035384789, 237.96920638924234, 240.99252609604423], "[100]": [3634.8571428571427, 637.6781670937416, 174.77422078522432, 302.18676200327445, 316.79570449133644, 1958.485987699978, 1803.9773818481508, 762.7333976359232, 713.3668584562975], "[120]": [5675.714285714286, 601.8091986673571, 4974.027105454752, 1744.4113241415653, 2305.766568126104, 1324.0495085657822, 632.3367458695429, 1062.5183596699353, 570.5343077636608], "[140]": [4445.142857142859, 24.65963863910838, 4766.44692998895, 672.386932550955, 920.0033091884216, 2019.8863316188654, 584.801002167871, 1948.4809276214219, 711.6647525969911], "[160]": [3882.0, 483.177466713807, 540.4634748362414, 641.8059320253051, 306.80714423270274, 1188.4097388933396, 124.04536978406577, 1072.0592446370383, 142.61230782007533], "[180]": [1207.7142857142858, 243.9764791809257, 32.830150564236874, 198.13493864435804, 193.64329233662738, 329.8880036633914, 40.600317240642426, 280.76392468329277, 10.73253948351794], "[200]": [324.28571428571433, 66.80825551086309, 0.8463328467545352, 68.49012286436528, 85.90519392689617, 80.42294529230338, 30.751096632071267, 64.7935601709193, 365.0131545467592], "[220]": [76.85714285714286, 140.79770044041197, 8.929765604797254, 162.51944656438536, 167.4258147619695, 20.075621255203004, 24.342829602272857, 15.664327269912732, 17.18364983837128], "[240]": [23.714285714285715, 45.46497088500564, 0.3602028257701875, 110.27295490411558, 105.86752509224621, 3.3863176778401254, 14.274412173067027, 2.205598094575393, 10.938526796710004], "[260]": [9.428571428571429, 52.942128512254385, 1.012883906851977, 79.35115696529803, 82.18608251135927, 3.7771938241727963, 1.385178975671626, 3.470918307473484, 0.3955152930465422], "[280]": [3.571428571428571, 29.838398148846863, 3.236069760369756, 53.53888964916652, 55.047207508028634, 0.5403098718938, 0.16295578097410512, 0.46285599179568604, 0.04298168958794146]}