{"[20]": [0.22464109188557546, 3.8723406985891087, 3.9800539745799974, 431.74293306591744, 2.076484879058746], "[40]": [1.315454382454295, 115.79702897824724, 83.98082432226194, 50.85681122552927, 7.406147017768099], "[60]": [405.185300475024, 10467.36655686812, 846.9810239918592, 461.57885742999474, 808.3478218875717], "[80]": [454.494945609433, 1019.9101066249993, 333.99219321439614, 1986.1173151669627, 954.4997194336611], "[100]": [42.73553079023352, 100.37896626866532, 407.99697257481336, 1385.7100691729938, 343.5489719631764], "[120]": [15.038492315076137, 184.62822013461715, 452.99722161954094, 376.0178128126661, 416.38412433602184], "[140]": [2287.919907513254, 2833.2565448941054, 6383.993196354163, 3718.124143630497, 3283.577014792937], "[160]": [1445.3987350855655, 13810.794751979663, 16907.97682853782, 14247.032719541023, 1622.6197695199405], "[180]": [8819.751757975537, 24134.53554062592, 14337.527762478268, 19724.3574946371, 143.35895126206512], "[200]": [2324.559689918294, 1631.7405899117407, 7710.99196335763, 818.8641077248386, 558.8167231981857], "[220]": [223.3435503102439, 449.51747518523155, 1828.9553252331154, 137.02641696186126, 335.88112323702484], "[240]": [225.41515148018706, 69.08630363744741, 571.8874893397142, 43537.34567555385, 300.4013305439701], "[260]": [256.1392250952112, 62.74015994375175, 138.99866056925367, 80070.08556703934, 96.6747879470044], "[280]": [670.9086542815825, 8.348303462168934, 14.997224675875602, 21103.98943708992, 9.519932556601606]}