{"[20]": [18.97182339866825, 20.290314412199105, 7332832.406179674, 20.944099378881987, 16.976532359548123, 52.347389550165325, 36.43367466953716, 601.311699801973, 1317.2656603021255], "[40]": [208.13336571049314, 191.132194386013, 79.47765921345422, 400.5821409691361, 56.05900747356072, 78.6341505673071, 224.1559786594642, 57.07718839945146, 1001.6070054618141], "[60]": [1302.3653740342584, 749.3667710613986, 207.82552084188137, 2121.40199830433, 33.292942552042575, 1321.0406694362605, 1068.6480873295668, 997.1254579004886, 622.1875880856294], "[80]": [7502.352968318038, 3387.1272119246773, 240557.35051960108, 1688.3665873084058, 1345.5372897136517, 6438.811216888117, 4196.4461193371735, 1649.5626284975258, 6829.503575229193], "[100]": [20701.722059558524, 1939.4090636281833, 16763.93429972469, 706.2661618208823, 975.6469553820008, 13175.507423456414, 6116.709421397853, 6913.725787255156, 604.8942303165819], "[120]": [2370.4732805562803, 7921.651391621766, 3853858.514995186, 20978.849319109177, 80726.8549055022, 2112.3161062638897, 12186.492345869035, 11367.40978846252, 10589.672096742132], "[140]": [16373.06824731795, 3658.856583306621, 1589066.0706305124, 77272.17945867126, 52049.829208526535, 5028.53044060839, 1895.9268959894785, 4307.387246450614, 481.8171063401753], "[160]": [5951.729429020604, 700.3989264689752, 61939.1853440579, 631.1529546767817, 1552.9287724956998, 1580.8632718474007, 40.04542483704533, 1281.809164525366, 49.73614621099159], "[180]": [1573.9967342590212, 780.2405400687159, 21.533588954997366, 644.6137133635574, 727.5349622137917, 393.84127997193036, 43.88457945542134, 315.24293593292384, 99.57147374497028], "[200]": [397.77563244039703, 840.4975438387289, 7746.512154608176, 680.1664307153214, 816.6902391042487, 81.36943037760302, 35.712402149759725, 62.553509277170576, 51.830344991014314], "[220]": [113.31238157366265, 904.7370249165754, 6923.360945498987, 779.9986681285061, 774.8802991374012, 22.155609052946055, 15.898823955033542, 17.851110846328886, 20.20221043678081], "[240]": [37.06705885095158, 803.8328960366027, 6514.673798271229, 752.1307499861105, 759.5260301520493, 10.09312159239281, 2.7155765752898904, 9.135298982719942, 3.640280187097845], "[260]": [8.870091808522321, 703.6289011693918, 0.5468679412203841, 534.4206651922638, 536.9112588990812, 2.5557186605292452, 1.346365091709282, 2.3467938646338675, 1.648488913963502], "[280]": [2.02263841193555, 631.4025157600838, 0.1300973851799719, 416.7381723065399, 422.2732201460666, 0.026671545887982533, 0.4808742490926997, 0.015087750655721162, 0.5370484435426832]}