{"[20]": [3.0, 3.0, 3.0, 3.0, 3.0, 2.9999975270400308, 2.9999724675119848, 3.0000000000000004, 2.9999999940231836], "[40]": [25.285714285714285, 22.084315574371736, 105.5946968261222, 29.999877929687386, 32.11936357433849, 63.93679022325075, 62.89664868266043, 60.47047562176414, 59.19272453876091], "[60]": [418.57142857142856, 396.1234822911771, 166.79314661554787, 379.25894228898846, 109.17287401464591, 335.32765782103206, 420.64692063534153, 206.8954762988942, 320.92689914559645], "[80]": [4024.857142857143, 3552.037409831758, 481.27374527109987, 946.4225935210325, 1009.4393646172084, 2684.8957657861533, 2190.0052565114624, 2286.766280842956, 2041.1730993164638], "[100]": [16102.857142857143, 2280.432932304331, 20648.14046318802, 1209.9440907367862, 6343.600499030392, 2634.3618733517214, 676.3685684541451, 501.34890740354604, 4399.941729660888], "[120]": [6927.0, 3852.1229750209022, 28959.791419645677, 128774.44813244496, 58188.98870583244, 8270.926612632164, 6756.715028897448, 9609.132895351766, 6793.3893489765], "[140]": [10616.42857142857, 3368.51875112617, 2940.251533625712, 63142.03673189206, 31773.61057323055, 4153.125805090265, 1778.0157849949865, 3849.829237298707, 2008.8267967222891], "[160]": [2580.714285714286, 24.314011521191787, 153.82584969906577, 95.64538612144224, 72.05745682893212, 937.3866427627809, 517.7233463247981, 801.3922562716709, 590.3147907023842], "[180]": [399.85714285714283, 495.1224468252376, 2.22530882110901, 724.2225144868615, 743.8187933434647, 160.74896688616994, 126.37061700050987, 124.11449529534343, 152.64915708574384], "[200]": [46.71428571428571, 388.71729199243146, 6.94777820533454, 672.212226377504, 689.5662309588818, 23.108305488293233, 22.81389930075084, 13.902247838795073, 30.65527824979673], "[220]": [10.428571428571429, 279.09816100135413, 0.5730362008675662, 549.4163370595555, 554.6360039440877, 5.014252957308205, 3.956357417554181, 2.823986799555227, 5.848740329702194], "[240]": [1.8571428571428572, 236.20213837552, 0.6396764719389493, 458.42631813792934, 462.5814656268304, 1.118620881646767, 0.5683764527497068, 0.6186931791358272, 0.8800068130992191], "[260]": [0.7142857142857143, 201.8826267299787, 0.9116858007305688, 380.7444966936819, 381.40499097612565, 0.8625935246017338, 0.7231732697649211, 0.9736353388714454, 0.5947833873110795], "[280]": [0.8571428571428571, 150.86532568298207, 28.56945876472603, 279.30927189109644, 284.9906638809266, 0.02853798844743577, 0.05333822317247832, 0.004349931743692954, 0.08064984252033854]}