{"[20]": [0.0, 0.0, 0.0, 0.0, 0.0, 2.04902493435812e-06, 2.4016839286035485e-05, 2.9658181560170987e-16, 3.2721986845422965e-08], "[40]": [2.7142857142857144, 1.353306562654356, 7.15035194643864, 2.7142857142857144, 6.0927522497909, 7.537659593256686, 7.932251659187726, 7.372095964212228, 7.18149392911795], "[60]": [3.571428571428571, 4.722097818945196, 0.326085437781261, 4.6825507889141935, 15.96573098436875, 2.623537697510267, 8.355041814343886, 2.615654049092168, 9.68165398021624], "[80]": [10.857142857142858, 4.3569396886490495, 7.412695882972955, 9.497378901340085, 4.469670932768725, 11.247338780230912, 21.16630996614183, 10.113838540401815, 20.18659618043633], "[100]": [73.14285714285714, 32.88765708177921, 13.429176451562995, 0.3840418888711383, 1.7712249760627117, 46.025490502537, 49.59382910449345, 20.503724524387593, 17.43377157428641], "[120]": [215.14285714285717, 86.79653036166076, 62.52199668951641, 4.013037116424698, 5.111807796483504, 102.4097550894482, 100.33377269232301, 86.60412018517735, 59.03457696733352], "[140]": [899.5714285714286, 237.07650759458147, 92.13064661050248, 34.23379777604123, 22.025312701457096, 474.2290608710457, 347.39482370465635, 466.70207847860934, 367.1839565254461], "[160]": [2369.0, 335.80321529196135, 452.5137314850863, 344.01552246810115, 342.70275525879697, 527.466386383483, 239.50363151806414, 1543.810511732273, 914.1444150639609], "[180]": [2675.0, 601.8946673618866, 1918.0809178204054, 210.8762668956333, 215.38751228414003, 4497.749145891096, 318.4931967820012, 127.76782019846905, 107.966372052304], "[200]": [1360.7142857142862, 579.3721989057394, 2238.258132612902, 166.75508678355982, 323.82665078908394, 2235.2549996840826, 1779.7945449901654, 1134.7350789580232, 1853.3686349852978], "[220]": [2549.142857142857, 315.83997035140055, 724.7135677348679, 232.56022910907086, 168.06611505353067, 470.98521829322635, 648.5360342423182, 913.9099653860449, 788.4268629295684], "[240]": [1467.4285714285716, 310.78067197801874, 67.27753310585695, 54.79911366629403, 61.15882996554774, 47.91166315245664, 323.37714559883216, 414.10385961055, 479.31075021373135], "[260]": [566.2857142857142, 53.371142072731345, 36.41072004613841, 14.45379368635031, 31.077991625725076, 3.821344068458643, 127.92672414984577, 157.35726618757303, 207.00507223161253], "[280]": [205.42857142857144, 54.59103596384875, 29.26146946820859, 52.02584805320606, 46.80238505303254, 7.6319031461001146, 36.85603557690928, 44.392344852525184, 83.72804887953839]}