{"[20]": [1.126480904843195, 92.23057559317814, 3.0000000001950133, 2.35050900303895, 1.4396408962832004], "[40]": [8.440720526403709, 880.211692492791, 45.00000000011191, 9.384650960143574, 8.009289176083442], "[60]": [30.12840375897963, 1357.964033177967, 1234.0000000000407, 492.49135866362917, 996.7656089437861], "[80]": [209.0158283909659, 2365.5805295859864, 7776.000000000015, 7591.174354810126, 2238.8156559182244], "[100]": [870.1879993905459, 9036.433498876355, 5631.999999999996, 35894.6250803613, 441.3468277143056], "[120]": [524.6064290773365, 2766.3085299900813, 2430.999999999998, 13691.096209328774, 526.9099548744125], "[140]": [34.128630081081894, 355.63170216560036, 391.99999999999955, 2821.9604398863366, 137.9292270619194], "[160]": [41.21084632691304, 41.148146002675276, 54.99999999999986, 600.63992681849, 17.422608693673126], "[180]": [30.451221151453794, 3.23443186805625, 12.999999999999918, 148.66244046690554, 8.986943679094146], "[200]": [27.134011434254344, 1.3195346663064287, 1.9999999999999973, 0.8573575419598001, 1.4686867954327312], "[220]": [20.93410530967093, 0.9061460997570315, 2.0000000000000107, 12.045366253805923, 1.9655220996403089], "[240]": [21.311134212530014, 0.0, 2.345251993664329e-14, 26.66672474523375, 0.004022994567901285], "[260]": [24.034160229980035, 0.0, 6.090456127421861e-15, 26.484823588814038, 0.00030776317680689125], "[280]": [29.08025648894531, 0.0, 5.626124413078368e-15, 19.14046920453623, 2.9080813802693937e-05]}