{"[20]": [3.0, 3.0, 2.999999999761008, 2.9999999969925177, 3.00000165711409], "[40]": [2.071430126589037, 470.4496248235835, 0.8318962892194023, 102.39244363766203, 3.6223982910398753], "[60]": [0.5008918199787783, 0.07298289922375073, 0.9821815103372087, 0.9383933544096669, 0.14616056395494378], "[80]": [0.24334176479565833, 0.001, 0.00013403524538978639, 0.1797918666370355, 0.08305745812823137], "[100]": [0.21492965795201793, 0.0, 6.065152068987349e-06, 0.20491279932423803, 0.006970361913906246], "[120]": [0.1944579841724783, 0.0, 6.188297406617273e-06, 0.059054681594890156, 0.000567029795117372], "[140]": [0.17911020945583814, 0.0, 4.406481653365662e-07, 0.033124185098931815, 4.7580221876909344e-05], "[160]": [0.16698894514827897, 0.0, 5.079013159448838e-07, 0.027841148824672212, 3.8087735163205515e-06], "[180]": [0.15715287691398155, 0.0, 1.0080762163898723e-05, 0.00632480017577408, 3.061541252203642e-07], "[200]": [0.14884430194446976, 0.0, 1.4685245158602506e-07, 0.0018542571206283125, 2.6688032117088416e-08], "[220]": [0.1417012932978534, 0.0, 8.073970399219884e-07, 0.005991246202924178, 2.1760910975418695e-09], "[240]": [0.1354869459000368, 0.0, 2.9039296832816648e-06, 0.003402383010227608, 1.7595237048496734e-10], "[260]": [0.12997400267572326, 0.0, 1.2915948101483626e-07, 0.002446524633427477, 1.4798484486023182e-11], "[280]": [0.12513819751342875, 0.0, 1.3826723377715437e-07, 0.0021120939019389296, 1.2124147388705882e-12]}