{"[20]": [0.8105223979627665, 889.2506141913091, 3.000000000195013, 5.296628472006921, 5.822231203581712], "[40]": [1.4817187233712161, 76.44207444320942, 22.00000000011191, 1.694856382304664, 2.454688436282723], "[60]": [6.535833942654847, 13.375870624647689, 202.00000000004076, 75.4964696393564, 230.48942384561656], "[80]": [38.744135913546415, 1741.9926923084602, 1508.0000000000139, 51.453532913069466, 1162.2700121869575], "[100]": [476.62447137026356, 3970.0650099897193, 3939.0000000000055, 708.3347889604156, 2647.781944470169], "[120]": [221.03301390681736, 5703.082962224358, 2620.999999999998, 573.8328947434329, 534.1238651551685], "[140]": [318.06224463488934, 428.85829480420944, 2335.999999999999, 282.55334179368856, 404.0259856264647], "[160]": [40.39597962552125, 352.4692496258547, 518.9999999999998, 21.80468368573645, 108.97486856491048], "[180]": [6.910115309893939, 2.0934129934117607, 108.99999999999989, 980.0203882162932, 40.22790675516751], "[200]": [14.618234914745187, 15.135064610946081, 35.0, 478.0454139041349, 23.954837023400472], "[220]": [22.052236667301393, 1.3207073273825927, 9.00000000000001, 253.45827652724438, 7.239191689604606], "[240]": [21.94861580353269, 1.2970456663603915, 1.000000000000023, 150.2055489030588, 0.7196363866921249], "[260]": [15.972911110441782, 4.846613194660522, 4.000000000000006, 98.13470452061347, 3.955368081233077], "[280]": [17.452051120803105, 1.247856109650055, 1.0000000000000053, 65.00408869577382, 0.9928951357568534]}