{"[20]": [5.324311620443117, 7.999999994424247, 8.000000000195014, 6.115113316107514, 5.375551261897276], "[40]": [10.398943469204724, 25.859297305412227, 34.00000000011191, 34.415926914114024, 10.981076262509248], "[60]": [2.7697378898955947, 10.976281539135385, 46.00000000004076, 42.01823620339397, 76.04250950402084], "[80]": [52.47096430018428, 27.468084064408572, 145.00000000001376, 43.30124149887183, 151.06440495277081], "[100]": [92.35328713862464, 76.82105867796167, 605.0000000000045, 135.50330736781189, 454.65612023992117], "[120]": [245.08760624359093, 156.6874870851325, 1561.0000000000018, 361.74662595151676, 324.5051156106547], "[140]": [86.4498775085558, 2444.1647505848277, 1383.0, 3461.619232164834, 1247.364809982073], "[160]": [271.25108947443005, 1226.1404231744636, 758.0, 7495.815536565875, 789.8882031528756], "[180]": [285.6662884011994, 127.56291881511152, 895.0, 7242.004841513728, 526.5345948562508], "[200]": [923.1133833799977, 743.3591613265062, 756.0, 5613.852913834044, 50.99148794309167], "[220]": [803.4648876447536, 4.396210322128809, 531.0, 3639.166298044891, 235.1402869181984], "[240]": [670.2947137318974, 359.2454537327985, 450.0, 2273.490614618574, 214.2463678326635], "[260]": [299.5327772866692, 336.9917916032623, 232.0, 1351.167383651964, 100.1847925680438], "[280]": [28.899237374651477, 24.255703873420487, 144.0, 766.9122446877709, 76.94435610737196]}