{"[20]": [2.3826482221967433, 3.0, 2.0000000001950133, 14.858142857142857, 1.744700299766273], "[40]": [28.52229959210584, 23.0, 13.00000000011191, 26.60738900228469, 38.845317892905385], "[60]": [10.851772656860106, 127.61286324603924, 61.00000000004076, 58.438143325081114, 88.5856736060403], "[80]": [18.732481651677006, 71.72814374762294, 1.999999999986244, 48.86436841903247, 83.62990273527035], "[100]": [30.932190762854987, 19.902166901876342, 29.000000000004604, 17.700048070734795, 80.87933335823561], "[120]": [8.893028256285447, 15.583217648570212, 2.999999999998522, 3.1904129790174807, 38.73715050647468], "[140]": [216.87943859613983, 1119.6257048089951, 1154.0000000000005, 455.6330172120438, 992.3990728797353], "[160]": [338.489917780269, 2006.8816953308778, 7793.0, 1788.7884312362658, 1534.0043358610183], "[180]": [477.6240548089336, 17124.450540901882, 3066.0, 4211.59915499558, 699.0728835547525], "[200]": [864.4537707299705, 160.7824694828887, 5163.0, 1437.2735520484912, 622.8673602340559], "[220]": [217.86082526295968, 60.94167583182616, 1063.0, 5615.154145444849, 102.42221041030007], "[240]": [8.297638819765979, 31.113639841562815, 220.0, 2409.9533943389542, 58.37091546036379], "[260]": [17.503922144504763, 4.588263492015107, 22.0, 977.8538818104607, 0.8752774609256981], "[280]": [52.71993995996485, 0.5103936332699258, 2.0000000000000018, 556.1257508109134, 0.5780708428178407]}