{"[20]": [4.428571428571429, 4.666820741650795, 18.060715240188998, 4.428571428571429, 3.9957194788178505, 3.227113025365764, 2.7173184383827245, 3.2586995493857938, 2.901608700684813], "[40]": [106.14285714285714, 90.37280939660977, 4.370655895245761, 45.5663647253549, 33.93788719120681, 24.32239225192275, 114.72591334190808, 24.432131055684422, 120.78978870622348], "[60]": [1127.857142857143, 304.8006927237891, 592.0329571150005, 1801.029902071778, 608.6255944199465, 626.2832740635195, 732.9212431442814, 181.36104672529882, 168.94023185146943], "[80]": [693.1428571428573, 158.1095145320087, 1034.4627232061548, 2801.442558514462, 1700.036743394474, 689.6033869108824, 177.1204127944202, 83.11388284723944, 197.33261849769588], "[100]": [462.85714285714266, 80.91886797660482, 70.86079388745839, 1575.4142071318784, 1373.5331390043339, 1190.1494050877177, 394.96889450049775, 225.50385237566752, 206.32807778532606], "[120]": [544.5714285714284, 137.36711153699162, 39.18853854624922, 185.55278060572982, 195.45583997036192, 1631.4478229988317, 389.76780301076633, 487.1074254210198, 282.68936649716125], "[140]": [7176.714285714285, 5615.5787962499035, 6032.7962014096975, 1615.5151332172536, 1386.538799432894, 8070.136169810574, 6210.884862136542, 6818.454121142001, 6008.619432576622], "[160]": [24656.142857142855, 2691.834460677892, 23908.628873397945, 43.78850534481899, 353.36911279989, 13172.360606210117, 4505.727180342226, 1849.0962760284601, 304.155132111533], "[180]": [17683.857142857145, 1338.634313042683, 20425.170394203633, 200.25366002551164, 550.6692331644008, 9428.02200619717, 20528.523560800422, 20272.62820981175, 21815.262061652655], "[200]": [12405.571428571428, 1781.4769030947864, 1496.5893967315697, 760.8914745534312, 1325.0405176415334, 6627.5054269746, 6655.746515096354, 6987.914865342838, 9923.440880569953], "[220]": [2997.857142857143, 340.9276942710476, 99.31414720285511, 289.54568124753723, 69.05423556998176, 1512.1678548059053, 1484.4278535948533, 1556.8896082963947, 3296.1749900608547], "[240]": [827.1428571428571, 209.233322113123, 27.718773736511935, 101.03503491166259, 127.80096769693682, 443.0766184839563, 442.6772054245937, 449.8417145771309, 1207.1727311778777], "[260]": [208.0, 45.20707088631934, 15.376597965491783, 85.67068683669493, 91.83326683763002, 141.70308076241292, 148.93938241553406, 143.92895558935254, 479.9285634706464], "[280]": [16.285714285714285, 111.0854471867915, 9.43948432127715, 222.00769303914285, 218.02693790071356, 22.571315487841154, 25.504606590245444, 23.499191196326187, 154.18394503767084]}