{"[20]": [20.857142857142858, 22.0, 1646.1427819929788, 20.857142857142858, 20.172115222346367, 130.4533083546253, 126.24821744550155, 131.27769430122248, 126.54744732335189], "[40]": [117.0, 116.8625887859898, 3.2459702835993482, 1153.6166776955665, 693.170452730483, 1.5991600187856534, 136.80358011926145, 1.6606235233368807, 141.77961953453814], "[60]": [170.71428571428572, 77.80929119207809, 734.9973173974856, 2024.9676944272476, 591.6069394278519, 152.13513500441036, 256.61473416749334, 70.49290944808371, 167.22240940704364], "[80]": [14.428571428571445, 19.408133698635766, 150.82629110249297, 3364.5751754443554, 1262.2426412004058, 132.11240600439731, 35.5057830742108, 114.27920733784643, 25.931977487063477], "[100]": [17.857142857142833, 88.34543188269373, 32.61090736463461, 3.8534832286403002, 2.5844326376130766, 192.7583524039676, 35.76040733994449, 52.93528478713972, 46.20858003923769], "[120]": [243.28571428571428, 271.05095153550263, 222.96079594711398, 227.14674397523925, 232.93531017294924, 433.7991211168053, 248.33351714205378, 274.6045751491454, 247.1707958656405], "[140]": [5409.428571428572, 3285.4723388654484, 2033.4759364041538, 1277.7671894507494, 1335.1027101726213, 5662.659453345567, 5084.957256840134, 5467.399352452841, 5084.999438631389], "[160]": [18222.571428571428, 1411.9659260431035, 32413.284558995707, 10677.607324909332, 10840.014941618916, 11024.288272155898, 7628.590813582174, 5815.989697318608, 11526.651640011582], "[180]": [13104.285714285714, 2116.3455366944727, 29267.33258588081, 13108.91130710267, 12049.490390701227, 1254.9100646094903, 25639.356856240098, 27795.35923958609, 28384.525124233587], "[200]": [9022.285714285714, 254.7280182204595, 1360.8903422329377, 24278.990834408814, 22367.98479396447, 1690.690520066617, 6334.79596936465, 6384.137754392423, 7930.392035785433], "[220]": [1669.5714285714284, 1895.560238298901, 37.263800276708196, 3219.6324774015056, 3391.2439709890673, 289.3871415397573, 1866.5672570229062, 1467.871391915467, 2497.6212466045945], "[240]": [316.85714285714283, 628.7976917135657, 20.884856645069846, 971.7138855201033, 1012.1155942895898, 66.50243466453205, 629.737840741877, 339.3231119833488, 970.0496046815367], "[260]": [40.42857142857143, 148.92698053052072, 1.3833549875721847, 426.96084053699553, 398.7681099341954, 5.656123446005376, 202.03067398645743, 119.43228511966667, 318.44099704418585], "[280]": [1.2857142857142856, 208.5084090769151, 3.7129085470712284, 367.147503584192, 372.6709264730539, 2.6002974298832595, 59.209218050940734, 37.6867453160997, 108.34143779849838]}