{"[20]": [1.0, 1.0, 1.0, 1.0, 1.0, 0.9999975270400308, 0.999972467511985, 1.0000000000000002, 0.9999999940231835], "[40]": [14.0, 13.733850228419696, 3.5031735714449486, 10.000000000000089, 10.42296506462593, 5.577654234104301, 0.05606950826573254, 5.592061361042722, 5.0888191463807715], "[60]": [120.42857142857143, 108.47409399680822, 24.974325558264198, 10.811454305225226, 35.14185624896558, 115.68069672471592, 129.69653644393193, 19.26225778495251, 110.80009207632878], "[80]": [1384.142857142857, 935.0084161750647, 77.84660603634211, 369.0416732563515, 263.02094142910255, 1084.9779013832238, 936.7546065062049, 793.8787847691492, 732.9854845634964], "[100]": [7228.0, 1967.7633927849083, 5795.690306007804, 1809.5855548632426, 1600.3411608076058, 1938.4034127612858, 1521.8881740542329, 2816.868790044732, 2822.6473064045185], "[120]": [905.2857142857138, 1474.3314579793441, 16411.528522859797, 48253.29815201124, 35882.25548204343, 4216.461453139047, 4500.576897732357, 6402.7651908622865, 5774.062063032981], "[140]": [5998.857142857143, 1586.137192079799, 2546.52544972782, 29998.088688749704, 10975.622923128798, 2599.652195212694, 1298.0258031782123, 2471.403553457343, 1482.5473805437136], "[160]": [1614.142857142857, 165.92113574572477, 89.95807409189479, 246.76738128033617, 799.873761459347, 615.2979747981294, 422.33917781389414, 527.755345860589, 429.9593785233453], "[180]": [257.7142857142857, 108.27100063737771, 14.122250471551148, 304.3314049584278, 149.7844961177939, 112.12615545643425, 129.27120228056688, 85.91915642627862, 127.57279218583889], "[200]": [27.142857142857146, 226.63982619059334, 1.8722700429454981, 255.12400578103262, 289.1292919299088, 16.595838729276494, 27.91590099103098, 9.545403968173634, 215.8209518028989], "[220]": [7.571428571428571, 217.5307010291076, 1.7392131661086019, 361.02198177663354, 365.30899229571736, 6.017265520182349, 7.510765665808364, 4.245146924099784, 121.83520497435725], "[240]": [1.0, 194.16419586538268, 0.9955911034283952, 292.129969167922, 298.2438164381706, 0.42621309938780083, 0.5686761708588415, 0.8557130626513029, 64.62365886291177], "[260]": [0.0, 172.46761307858606, 0.0, 260.51358266981117, 261.41908542907606, 0.388514276463398, 0.6635770441180475, 0.4894963284829228, 39.76473481338227], "[280]": [0.42857142857142855, 158.66747336212416, 0.07830268291720882, 235.51492580917792, 234.4702774245742, 0.027588006744376312, 0.06914737935658455, 0.004352308175891896, 26.966437651786425]}