{"[20]": [4.937879484563367, 5.69737780606021, 2052914.530809545, 5.968944099378882, 4.378609734472027, 18.72828380576487, 13.105986602849208, 101.36381846663365, 234.19321472156622], "[40]": [32.966393109977126, 16.745003965281732, 24.768527328502795, 23.354623719291634, 32.412590341453786, 34.52964052124779, 36.682142553130475, 20.977321729344904, 163.22919614298544], "[60]": [212.38369071481802, 176.23255508621313, 51.7580708775497, 14715.008799171785, 1.659034217918254, 209.23105256433374, 242.00576662530767, 88.57282767494804, 4404.4379209234085], "[80]": [17.743622544581285, 28.035592186465802, 347.7883684445333, 648.1486943053364, 1603.4454512277503, 76.91009575771022, 22.780637566647318, 46.09551514809611, 76.12782716774866], "[100]": [1.3256866065480724, 11.622483339988465, 4.8680622478189255, 1056.6845032241245, 595.4305104894697, 142.163194720597, 30.345384371729196, 134.25035912312748, 30.270133050558027], "[120]": [9.40055745001823, 12.811915358282244, 2.441400414708884, 22.46510215108694, 4.672704911726998, 173.8568673465689, 30.074522299020057, 51.270889610321866, 23.062895434814358], "[140]": [1560.612519096879, 1275.3392723173079, 19812.579781002896, 1387.3988096464052, 1393.7822110033733, 1744.989935911329, 1515.7411250063053, 1574.0905719982372, 1515.7521380404185], "[160]": [10341.300562961449, 3520.3580994961276, 8482.96334284594, 3499.3322884528384, 3411.7840827859054, 4818.645268262665, 3954.687318302807, 6030.729461059795, 7708.057573134309], "[180]": [654.8562115155064, 3920.935125328332, 1144259.8798105388, 3942.3352787837694, 4553.089054627117, 4782.833186514428, 8393.102623522009, 10126.21821377247, 47635.03544441215], "[200]": [7651.387251644126, 251.43181436100681, 2475.8805878702406, 8521.507871685651, 5690.845019346692, 1401.9337487872763, 6182.3904828447985, 4003.0452822014886, 64756.97762785697], "[220]": [1842.5397709854233, 194.43286319516966, 6081.491943548278, 611.456132711238, 479.9928682975994, 407.99527261958355, 1897.9894630293863, 1102.5696701731422, 3672.726181852909], "[240]": [347.1361158904848, 198.41487574969847, 17.09509258313626, 773.7080620868725, 723.1353979671485, 97.55528634794204, 707.2928951278785, 356.98223707503314, 1644.844619907702], "[260]": [45.20141892417536, 170.140825160287, 1.1466098532214495, 481.99403035483704, 485.2301655645814, 14.426872276826614, 247.15484377094998, 60.30795520081751, 238.5873435992252], "[280]": [2.050753997379459, 142.35788141618096, 63.39853750479653, 280.11579669726547, 287.2081064067264, 0.028656380845517842, 83.15569698071216, 29.69476650425906, 147.27011634877425]}