{"[20]": [0.870602939175398, 76.60748472930665, 6.490995958452666, 8.697173741820047, 35.82253404490796], "[40]": [45.24910552063607, 4601.206117664641, 848.9276080790514, 15401.440413606131, 165.9489007730376], "[60]": [6242.470045840641, 15961.849938553758, 990.9444471814588, 328.55059928402096, 1815.6147532731184], "[80]": [86.08961937971641, 169.62197154944673, 368.9888304847181, 146.12266396471014, 1798.950102446381], "[100]": [35.45640216536798, 167.44691275457947, 386.9987307792071, 151.64369706302787, 1166.2557583933128], "[120]": [2546.5423640081913, 2155.963411981381, 2849.9997873164602, 1847.442594905827, 3481.5681400131953], "[140]": [15627.687547582596, 81582.7807220086, 33991.99974553725, 44668.30560760228, 9926.949121509897], "[160]": [30609.602349239605, 206708.2715148518, 3977.998655026547, 156228.00844452318, 22040.82720530088], "[180]": [9852.413987392545, 20861.335387040857, 27607.956667397895, 3208.2375638408075, 1282.5551332391817], "[200]": [800.2158360667536, 168.67040933967118, 7090.999332111338, 323.4236330837124, 556.2552931150383], "[220]": [2179.89443162659, 61.09559845101343, 1455.996304152182, 93775.451568757, 99.8561341141942], "[240]": [667.9029792644815, 8.567538463005487, 348.99069591624806, 63242.27990537319, 114.13984605043812], "[260]": [740.2007898031734, 2.327626541354484, 39.999586563577935, 150142.9399759598, 7.029507661667427], "[280]": [2297.293497437379, 814.7816893631021, 7.999304132246136, 35288.77440956499, 3.71337839485534]}