{"[20]": [3.1588548247554185, 10.756652141275199, 9.987348364591606, 119390841.26426753, 3.8936403837376643], "[40]": [4.904938019969569, 153.27595731051488, 79.99004484283708, 41.44875424026641, 13.143120888731112], "[60]": [1.4659844096408126, 264.929799475389, 504.99502646197516, 870.8442314834432, 579.2442157659817], "[80]": [256.51508224443563, 8605.230200796928, 3189.997368362886, 1175.6630769214214, 3349.000393017771], "[100]": [1287.0044955484075, 7506.7926150022695, 4238.9987615907885, 34867.25122498085, 4387.229094941893], "[120]": [1116.921042727466, 7364.599898963218, 4270.993771432938, 3344.5719604050796, 757.4286467731848], "[140]": [93.77514561936358, 706.8983964542338, 2918.9950001736884, 122.01234892382719, 430.2513730422961], "[160]": [132.69316968526397, 148.50006720289483, 763.994127306597, 23559.143271020694, 252.36533759516584], "[180]": [129.55109567650558, 62.61154978502623, 109.88303871909233, 24041.882156761003, 24.645908915138417], "[200]": [117.5526820334879, 6.032557162811256, 44.99829343542255, 81595.0732337245, 31.288432759476045], "[220]": [104.16406191794336, 1.4336056504289887, 7.99060323054021, 45448.75441535364, 5.811159664431178], "[240]": [89.23360151465339, 0.5406252921111614, 4.966194520352222, 35532.09416444348, 4.650943481627907], "[260]": [79.73929924492046, 5179.595990340845, 1.9984977365134373, 16590.05249265449, 1.944344051109787], "[280]": [71.09694347627921, 1.2224618433695222, 0.9983916798353043, 14419.28233707144, 1.0088391710820341]}