{"[20]": [52.39352126186094, 72.88952598181255, 69.908743527743, 472.60139912869954, 102.53568721677388], "[40]": [150.05382734158738, 94174.03128715736, 1345.9157035247713, 108.6333359923624, 193.72946181249065], "[60]": [4013.1023660724504, 36855.56925785284, 26168.87546687961, 4492.21494498411, 26315.248980363052], "[80]": [86944.04891163019, 71867.85771142879, 30178.848622902908, 127541.31364061589, 28605.582342514343], "[100]": [3352.361119220829, 61001.352582830885, 43204.95745085584, 104718.97728804564, 155.76237740732478], "[120]": [1816.1959509978092, 54265.45858281574, 11364.90787940577, 958.501742363584, 1933.1030505091605], "[140]": [1719.2571501247164, 8706.122684762739, 2335.9659953813944, 466235.0981417131, 1095.3576397613979], "[160]": [1234.8171318391644, 332.49012895709564, 523.9936371257037, 35126.83735625856, 432.18448034996237], "[180]": [962.0088882112916, 381877.4851566687, 107.16076286107534, 8974.695970829911, 97.85425369123409], "[200]": [793.2632160403751, 56.33959718894455, 20.979211849534902, 18107.272979591933, 19.575983087891085], "[220]": [708.6484943072755, 0.6555844025833456, 0.8577405470341809, 7938.058396365901, 0.8647482173421749], "[240]": [682.3071697678197, Infinity, 0.15015196984101256, 6944.437064437067, 0.010279152155976076], "[260]": [707.9441691268657, 226439.56613259966, 0.9797696126071217, 3076.00134358006, 0.9963161139318629], "[280]": [786.9208397309756, 0.0, 0.004164970704523354, 2544.3130061151774, 0.00011923676231468412]}