{"[20]": [0.26018983431626985, 2.949269072035426, 2.0000000001950133, 1.2231339498056713, 2.6357458270494876], "[40]": [9.076910561163508, 78.51349095834487, 8.000000000111907, 10.133102695340739, 10.516915314937705], "[60]": [46.94580538264728, 9.793736675155401, 65.00000000004076, 1.4307762913322506, 78.20047512171186], "[80]": [52.21989942689106, 169.3043723503094, 18.000000000013756, 112.2239610621852, 89.26412286261461], "[100]": [32.830321135611314, 29.37251671939208, 5.999999999995396, 41.43602792279347, 38.60862491707178], "[120]": [2.3130267664214443, 19.76033153681209, 8.000000000001478, 2.954673056761351, 49.13463677254299], "[140]": [73.12295723858551, 73.85775544287537, 406.0000000000005, 189.5139073994336, 334.0268235724981], "[160]": [691.8852661146921, 223.7404753686369, 4248.000000000001, 754.2606929145186, 47.59900886719697], "[180]": [2295.91325376452, 12706.115932831442, 321.0, 2722.0030367967993, 757.7040396807715], "[200]": [2222.0612112838644, 328.74128141979054, 4148.0, 1707.0022721380665, 784.8200444793183], "[220]": [236.65282230680873, 27.795061231973705, 955.0, 4150.319829235083, 74.10766335112248], "[240]": [39.7956743517733, 11.602957423284096, 199.00000000000006, 1666.8662147826199, 34.79603136494387], "[260]": [125.85816451300414, 1.961070855201985, 25.0, 764.738572672084, 0.44831924067466034], "[280]": [335.8939064973241, 2.820263604860312, 4.000000000000007, 406.80498841207054, 0.9300730396477519]}