{"[20]": [116.07277710069988, 794418.8190180064, 1123.4631220128797, 28011.462041549086, 1700.8162506741232], "[40]": [267.1815879006993, 34512.15284850617, 1371.2627788936186, 645.113019144609, 292.70992617430375], "[60]": [15048.12075584035, 8090.103762609621, 22737.47589661557, 8244.56403114747, 22288.100947544088], "[80]": [67449.99648619328, 46821.72705127481, 10791.647883240894, 138840.87745586372, 6179.513631101555], "[100]": [499.3151811117471, 80177.52230202856, 11794.19280564551, 64750.482407732394, 851.4905154379427], "[120]": [4638.122210851258, 42268.99883960228, 1989.2680707865723, 39240.39636096692, 626.05275290184], "[140]": [2074.715952510772, 891.5818403551061, 499.3667400637243, 15369.997398661371, 383.01447692711855], "[160]": [1016.7864679526664, 6.929022917538448, 228.86160959430535, 12190.668183410546, 214.48851925944294], "[180]": [627.3182973615264, 624.9974884028657, 66.60435740499594, 12668.764323856702, 81.66768748365357], "[200]": [480.1153564635596, 38794039.38410683, 20.597671067999926, 8650.75181921454, 20.892953347945806], "[220]": [430.24001862565797, 57.588447108097576, 11.25324262317606, 2601.373919869918, 13.989081614122155], "[240]": [410.19178928805553, 0.42082403587787637, 3.010414157695583, 1938.8711825236628, 1.999192329642295], "[260]": [407.7705413421234, 0.9957664540925082, 0.6298188154336413, 2845.468693438133, 0.9999039129999506], "[280]": [418.4317939418842, 2.999996634499651, 2.715637661575193, 842.3921306719002, 3.000008709027126]}