{"[20]": [8.0, 8.0, 8.0, 8.0, 8.0, 7.999997527040031, 7.999972467511985, 8.0, 7.999999994023184], "[40]": [81.0, 71.85487998151606, 44.24954073187369, 81.0, 41.364999626546876, 20.95965187994439, 88.45918351131239, 20.89566699740412, 19.07102504092485], "[60]": [404.7142857142857, 147.00222864957823, 675.2753313962914, 561.1924472961357, 576.7691480403585, 314.83560649602464, 404.118212522367, 64.92304219532065, 184.6954505133474], "[80]": [238.28571428571433, 12.52186049263446, 405.53832982854715, 5905.367669248943, 3394.369662930034, 346.5579152114576, 93.2532219572098, 309.86475418560326, 99.90877548586559], "[100]": [136.28571428571433, 35.02376384875845, 187.99406920163028, 20.105223946561182, 545.6744159677477, 477.7203342671404, 85.19600376160031, 80.2034512160368, 3.1673170410392686], "[120]": [260.42857142857133, 23.100777868256955, 17.435371670823997, 139.7591610200625, 124.21500059977006, 716.6901626164563, 199.67212212613708, 255.41577796351612, 131.8941840385046], "[140]": [7546.857142857143, 5793.743359158416, 6800.2416792746735, 5813.191982440505, 5968.632043303105, 8094.570338597654, 7258.360092389752, 7576.298124106393, 7098.41917809858], "[160]": [35971.57142857143, 8190.3118359453365, 46071.81422314247, 10227.929645187956, 8964.710061791608, 25564.737943223958, 20325.841659143025, 17224.67000625233, 21485.5016217104], "[180]": [14469.857142857145, 12938.986551184382, 69015.36587820569, 84582.55497360525, 86147.5336466697, 11395.507723400497, 44653.40651354316, 53321.06387535174, 59853.48195338542], "[200]": [23451.285714285714, 6300.105084431138, 6088.681456115099, 18620.664727343734, 7496.31659108855, 3985.1670742586666, 16436.64149016534, 17804.259951410542, 20498.36331265173], "[220]": [5047.857142857143, 1143.0513070428678, 223.36923830091473, 1672.3318938148127, 2591.3289280883164, 633.3051102276277, 3336.7007631552024, 3446.3760039772233, 6009.437556125802], "[240]": [1302.0, 1008.9008431181337, 115.55703390522217, 526.2087974601944, 730.6940330973771, 257.8847052020286, 1074.5072204119313, 1026.5352112147023, 2273.7024525221723], "[260]": [248.42857142857144, 875.1907569037576, 17.890316000130433, 1113.2764512859035, 1064.15788185257, 51.82062813001221, 331.13589208881007, 287.79799272372134, 867.5213404816408], "[280]": [26.857142857142854, 462.84944999819527, 2.014444193971435, 709.5581459832262, 702.9392098427974, 5.656123423965312, 80.8866041508006, 77.28076048461986, 309.20876028520144]}