{"[20]": [4.943817684044203, 5.69737780606021, 2052914.530809545, 5.968944099378882, 4.378609734472027, 18.72828380576487, 13.105986602849208, 101.36381846663365, 234.19321472156622], "[40]": [32.901014106146434, 16.745003965281732, 24.768527328502795, 23.354623719291634, 32.412590341453786, 34.52964052124779, 36.682142553130475, 20.977321729344904, 163.22919614298544], "[60]": [358.8983008158007, 337.811848832318, 86.34671929083697, 53082.373944926185, 157.7020557302668, 361.00880708478206, 375.0953095814271, 263.102976086105, 587.560496165914], "[80]": [2792.7900575168255, 1266.919276986114, 813.259040580799, 455.2897320089287, 418.8852020223822, 2010.1942938874029, 1184.893282377821, 748.8569874430112, 3750.873097367619], "[100]": [8337.442887483185, 1961.3066875125355, 8882.295258830378, 8848.97785935025, 5128.743569352862, 2764.2680884225515, 881.8737440863215, 385.57061723956315, 1782.834947480731], "[120]": [2681.3085999683694, 1210.5764685535464, 2359300.405324249, 124869.19644977148, 101047.72940184824, 2892.6058895359056, 6405.8723931910945, 2678.25090787375, 334.4368048540789], "[140]": [5931.986170870556, 823.2914204658215, 1011286.9471115258, 16656.944788532885, 2440.9611295910713, 2308.831457890525, 498.52630365297796, 1883.7294964818398, 436.2625598371111], "[160]": [1657.1343698661756, 167.79410560330396, 17021.42645662506, 1846.6822597064206, 1726.3964182258085, 541.6377995837873, 58.85811108088885, 402.8900116379858, 35.07288562945942], "[180]": [355.3031494229206, 359.8458181019746, 22.782466774603762, 811.7332076215026, 744.774243832308, 96.73193475395814, 34.114246767666344, 62.39257672347541, 31.815310210118717], "[200]": [94.50192284686693, 210.98572971109846, 4505.763270278207, 627.4667579752074, 631.5613144550679, 19.865721877762063, 23.740429168257513, 11.726243375771764, 23.234716225257284], "[220]": [26.628913998865603, 134.2984247882797, 1.8170088352118046, 426.9674266955775, 429.18849509216835, 3.8451679744372895, 10.431342630219286, 1.9687893075850504, 10.303208638896464], "[240]": [6.6789999376730504, 144.05565560469933, 2.8517147899135753, 409.7208041806225, 413.61534965261126, 0.7348474751020898, 8.327520127513353, 1.1155398977789308, 8.0618095659765], "[260]": [4.0745361440258225, 96.74092052046628, 0.8743848241956071, 201.46566903475346, 209.64751560034972, 0.05208958025573398, 1.6527981916377679, 0.03383027502609243, 1.6441492844986323], "[280]": [2.5811757726812106, 106.28723355770106, 0.656528382827052, 227.6481937080574, 233.13876184795834, 1.480285806964313, 0.09804818067836521, 1.4595050981455937, 0.11037782795626785]}