{"[20]": [10.65046541804229, 10.415089415549396, 43837.780476299486, 7689.588394463437, 3.4787589387897584, 8.288364614591327, 5.807280442483065, 209.07798445668746, 749.673423537053], "[40]": [138.74185630092168, 110.96590322540037, 34.51898227394618, 63.739924795607976, 76.01019993881087, 53.77276301775184, 155.56084991202943, 47.83536997787037, 155.51691167878386], "[60]": [1238.1174063484757, 660.8140933105809, 77379.79753950462, 119.58274025306626, 154.81701077780286, 1180.7632645725614, 1280.349980429771, 791.9860233772933, 1409.1397534158714], "[80]": [7112.840892502527, 2874.068962376791, 129375.01094845402, 4433.14271774735, 4263.351565417242, 5132.25964626068, 2905.549416600911, 592.6862979296517, 8277.245135094323], "[100]": [2225.738631441892, 5612.163443922282, 20524.83486413251, 70327.93605875112, 61300.260437250065, 76.27801324120404, 2182.8258329013297, 1938.1912302730036, 2098.567850727151], "[120]": [7504.040071160286, 1582.3131184751107, 4953.848645622571, 425747.990264306, 91443.59738911573, 2886.228506883691, 1385.8046255734582, 2354.578037850105, 383.12098217705005], "[140]": [2707.482196894844, 540.8759475076607, 142.20422304017075, 7954.3886335518355, 6129.6980125114615, 815.4908003054563, 140.46546584246585, 621.8869766447542, 36.89392737995828], "[160]": [586.1593448530963, 306.0847341630498, 5.299975346792771, 280.14525494111336, 192.59285777910208, 158.74739558005686, 6.096160302090602, 114.92863667915591, 63.513152435054536], "[180]": [140.47377737481804, 411.71348436830726, 1.1143570329799772, 597.4052362729175, 631.3516700593088, 31.64256994279483, 9.167995857234345, 22.42497095382446, 22.5164315447559], "[200]": [27.099489768799483, 303.75776163929453, 2.673515552437073, 699.4542073337279, 678.555347477126, 2.0219101999145868, 10.208187621293916, 0.1532928335257694, 12.653005475073702], "[220]": [15.365426224833282, 251.11117860573208, 5367.310604295818, 550.7613613821304, 541.8341497881438, 6.696738384977551, 2.118822659288616, 6.327143410712323, 1.968389894034797], "[240]": [1.159796197904936, 209.20191189665275, 0.03029183163126355, 394.69939980264724, 399.5508398265093, 1.0485571399804323, 0.4963803790756069, 0.9768234591107376, 0.3984142146092981], "[260]": [0.24327047618642259, 317.02589751964393, 0.24948165631065197, 323.58616558955475, 327.24044052053574, 0.49962625497782737, 0.8294399220472456, 0.5133196541182375, 0.8134422162752368], "[280]": [0.5812028462194824, 266.75480598740506, 51040.936887860116, 294.3932584590513, 295.904854459802, 0.45973173536595247, 0.6340733827967795, 0.4571076062252748, 0.45579288009440216]}