{"[20]": [0.3057116930258914, 27.924724764207337, 1.2012250224337393, 2.679881014461156, 3.366252080404216], "[40]": [75.94487171990642, 822.6407450551817, 311.00000000011187, 80.51521755499982, 51.86172750836141], "[60]": [604.8016696489642, 756.3186022982322, 624.0000000000409, 110.63309346234973, 918.6036079855994], "[80]": [76.74104588666569, 130.51316649139017, 141.00000000001364, 137.0721763803558, 956.3684163802554], "[100]": [16.75014199183215, 172.87051354088408, 240.00000000000455, 168.6168750051488, 751.2885889150107], "[120]": [139.35798000093746, 227.97323699215713, 276.0000000000018, 159.6771178434583, 669.247724234554], "[140]": [1270.8241509966647, 10978.078516182373, 13841.0, 5379.312963879689, 8754.13698226033], "[160]": [2510.1797524856374, 6575.9001930193335, 5393.0, 12439.713292604574, 11667.76911678839], "[180]": [959.6313311662852, 15064.354807499672, 15994.0, 5011.283225702238, 2627.6748121183264], "[200]": [840.8817784075536, 214.0468549715133, 4520.0, 202.32050375123436, 15.570607733498946], "[220]": [757.4023251007693, 36.28166667679443, 898.0, 7948.7979793135055, 79.63845379282748], "[240]": [214.73699414884396, 21.408261398131145, 237.00000000000006, 3465.4070404783397, 95.75662145058686], "[260]": [242.74704889305036, 0.3346669793366317, 29.000000000000014, 1594.3229454473358, 8.47604402452857], "[280]": [618.3931654940436, 1.671855085458219, 10.000000000000004, 917.508703829747, 7.305561679352891]}