{"[20]": [5.0, 5.0, 4.999999999891386, 4.99999944431688, 5.000001049028629], "[40]": [0.5054939790037448, 2453.459500327939, 9.69393775510094, 26.447477683054238, 10.001735184323309], "[60]": [1.0595886328097879, 1.7478196976041342, 1.9450579880354883, 4.006575393350676, 12.263384273108647], "[80]": [2.2857200840740406, 12.69352936666201, 8.994353503761262, 4.401411514352277, 17.704544247025137], "[100]": [6.215291304457323, 20.11551648097751, 27.99629283540422, 20.386582968824396, 39.590135423749324], "[120]": [1.452098233566088, 32.978593422033754, 41.98904809162792, 8.418473112137104, 45.34996818153004], "[140]": [6.3939106364339935, 12.795932651580964, 80.98519801291917, 13.602224468113016, 98.84077707173056], "[160]": [4.439727120197569, 45.732954959061495, 66.97184690967624, 33.83915928208923, 118.88329722807497], "[180]": [29.983064271555993, 203.49441990107624, 165.72201110433608, 55.515864337994515, 152.4575123539189], "[200]": [39.94771431772369, 13.573911747227038, 601.9939756953441, 130.60169054981696, 84.24241615904911], "[220]": [61.86250945083375, 39.93875906134564, 1451.926794623864, 406.54272078305564, 198.28544130328524], "[240]": [141.47420118058756, 7253.5118768056145, 1274.3984558094628, 796.5292228996711, 130.01929724671126], "[260]": [237.2102897640228, 1913.3781719308138, 1313.985112696227, 2769.2258252919473, 932.6461638007551], "[280]": [199.34308863180448, 483.1715739465599, 1468.9721161237878, 4558.706392957606, 150.50153974993864]}