{"[20]": [0.0, 1.2751498798472096e-06, 0.0, 0.0, 0.0, 1.464595998864091e-06, 1.4342759040512516e-05, 8.487589428871241e-08, 8.03881034579922e-08], "[40]": [0.0, 0.191676967904069, 428.3154476653519, 0.9565217391304348, 0.15956612909668616, 0.8090375402171539, 0.9208307769712877, 0.741343029535899, 13.381546501349298], "[60]": [0.17422583926397078, 0.09933346075991083, 1.1998458589282865, 6.5985864115764735e-15, 0.00036902521474534654, 0.4518277247756806, 1.2530311860366157, 0.35545110895840537, 3.2911720812313767], "[80]": [0.32133620898630133, 0.1728251899003863, 0.05420940359150194, 1.8449735900255644, 2.4148084227079623, 0.03302808252524605, 0.1913910791978175, 0.4655455263277613, 0.09044935192174205], "[100]": [0.0, 0.1192560885931631, 0.0, 0.10107349678157304, 0.2846491069314288, 0.0027324917116800644, 0.03308036968397725, 0.0002432044042026941, 0.11681090080366366], "[120]": [0.0, 0.08957613935165516, 0.0, 0.26773136506379086, 0.3263017700927862, 0.00020055423033032548, 0.0054579781561351565, 7.873577345279917e-06, 0.00024773844068640496], "[140]": [0.0, 0.10030503664063282, 0.0, 0.15905527802755923, 0.1893829922307733, 2.0594419078559252e-05, 0.007078882553778499, 2.672935665271512e-07, 1637.6080932678021], "[160]": [0.0, 0.07378761021221564, 0.0, 0.11323463438367899, 0.13191055088684425, 2.1268345207034265e-06, 0.00022553809272226369, 5.9651160178618955e-09, 0.0029112850788145066], "[180]": [0.0, 0.06942553439972078, 0.0, 0.08795088829717933, 0.10064309715580264, 2.1970291058301506e-07, 0.0013144191739618062, 8.316660811584154e-11, 9.25174763578717], "[200]": [0.0, 0.06925205605051983, 0.0, 0.07191677345832875, 0.081114342625599, 2.268938900046203e-08, 1.5248828500699076e-06, 5.4266706384994784e-11, 8.304129950487337e-06], "[220]": [0.0, 0.06524977943872497, 0.0, 0.06083792233771564, 0.06781302714984383, 2.342634534319328e-09, 1.2903602187118235e-07, 2.5042317939019e-11, 5.267451891932685e-10], "[240]": [0.0, 0.0586018760347673, 0.0, 0.05272295860054907, 0.05819558153553644, 2.417923678116371e-10, 2.7045057673371044e-07, 8.040761566434226e-11, 2.3121146128304746], "[260]": [0.0, 0.05994544857883584, 0.0, 0.046521903160729225, 0.05093080774135226, 2.2845683810501123e-11, 1.997509588625202e-05, 4.113326153180261e-15, 1.8456250793175586e-09], "[280]": [0.0, 0.051328999888135315, 0.0, 0.04162855433416328, 0.04525660967759411, 1.4415264549521651e-12, 1.7466370388738614e-07, 1.0224242696745337e-12, 1.0280001830282478e-10]}