{"[20]": [1.0, 1.000000825687562, 1.0, 1.0, 1.0, 0.9999970660978678, 0.9999674666483876, 0.9999979163545994, 0.9993206813458585], "[40]": [1.9016658066849625, 2.5392255210291, 28334.712779914018, 3.919254658385093, 6.196667557033609, 8.401534166595505, 8.308670208273908, 9.90336494062306, 154.1250639127067], "[60]": [14.405079828581929, 12.177560051610842, 2.600418734397883, 13.975587958119748, 5.695015210940223, 1.7884314505165815, 15.959624221256902, 1.6007358818798414, 19.623423820743966], "[80]": [22.91383483748889, 17.6314095654648, 82659.39859756723, 46.421634674672006, 47.4050807323241, 20.36314553515414, 29.454601929732274, 10.123461030252273, 1.4345021972199035], "[100]": [105.1130720795452, 96.48714053240332, 12691.857620467408, 24.38373640299639, 19.001006336154795, 123.24364977217643, 137.93248315940906, 108.18979418317537, 85.16650661934912], "[120]": [358.26897772235895, 87.32853972636194, 35.77420862296385, 72.9741903926471, 85.51690065761659, 308.8353880558275, 318.63826602351054, 113.2405376059924, 771.646826773181], "[140]": [1115.8255144242094, 196.8149329238336, 288.6832931058367, 139.90721219011286, 158.13092073137523, 444.7727171491443, 73.15181123448305, 480.9725392823316, 642.3993637317234], "[160]": [1982.7987273560318, 399.9805955587854, 1036.8859536855919, 159.9653503508435, 10.649973984758809, 631.2030104405227, 656.1617460712037, 1400.9903525710397, 848.6725949894791], "[180]": [539.658476385723, 858.5169324068237, 2556.128405840021, 512.7436771355776, 340.66906575238585, 75.36096652259836, 664.1238431092103, 447.39401529432047, 828.7696509815688], "[200]": [1624.6350642314155, 51.8175907769727, 1335.6318959465955, 293.0426420126168, 401.4280897882878, 1146.8760038898004, 157.29509662095776, 529.6199817078831, 1359.9626253861547], "[220]": [1421.310227511197, 392.3350822978626, 87539.50779814458, 173.016958951548, 136.5597451478177, 240.379816336472, 113.85711724506655, 320.93606924923466, 283.69649020117197], "[240]": [766.448539058825, 54.8149850472872, 30616.369606136865, 42.277154520100865, 45.439055477212584, 47.43363643861516, 155.74947292852346, 217.82366343747978, 88.39752081948123], "[260]": [218.74215644977284, 96.15481372259902, 42.79251795733476, 446.9273818913583, 437.7391380261742, 19.646794340169222, 19.268378507003998, 34.14669463158917, 21.09266497439084], "[280]": [96.68039299033462, 68.37434076393743, 3555.6610991732373, 48.16174785615171, 51.78791738310347, 3.9787771909341405, 0.7855323615340132, 13.575831462549381, 7.140356190806178]}