{"[20]": [6.217890600547533, 7.1487541680380735, 245073.1175670302, 8.91304347826087, 5.117467466653219, 4.610076311686011, 5.284906274257367, 6.334733933925488, 39.36924455568573], "[40]": [18.678281791570747, 0.8258151604097684, 20.03813808860174, 14.625685371754955, 4.462551880468047, 16.396280381991748, 27.76553613634312, 12.820417845742906, 27.003717303616515], "[60]": [0.6520820657916703, 9.871916782292473, 3.8507664846376315, 77.48731228623629, 23.014886138723558, 15.299556863761628, 23.953888797146146, 15.235134001721063, 34.07909756977543], "[80]": [21.526823432140535, 27.30968823042652, 29.099917041101307, 38.26885572474284, 33.43512213019851, 35.1158775879508, 62.66307547593156, 35.09260202026151, 13.941430962747196], "[100]": [40.35367972186495, 19.778390812864412, 12708.44831982397, 29.736756253337955, 31.814396568263078, 65.88776920553562, 50.31474486961379, 29.856023011421772, 35.408939408935396], "[120]": [68.23884255300972, 43.905474867390694, 15.604904957055885, 7.072267029754383, 1.7540898681356254, 91.37461793133726, 109.12108712387409, 26.426230879507507, 26.17162382524676], "[140]": [61.469386479520715, 2.953505744899135, 2.9734030214055913, 26.110995100026027, 17.937875582551815, 98.18422299004365, 153.49242748797596, 43.888260040744086, 17.44262340149939], "[160]": [48.6433517608483, 48.61894092559182, 37.265054463217936, 47.80747684764418, 59.61041424751424, 116.72018540905609, 188.48919234234722, 47.97644582325597, 27.00735758940228], "[180]": [144.26624882916062, 99.46470126330043, 60.721383181140844, 18.255367989138982, 30.01757607715475, 240.3413806059513, 294.54356412972476, 160.09254515722813, 111.47345571279583], "[200]": [445.90278664503586, 156.14025844546015, 18541.601472218335, 142.12988290276107, 141.43543091145827, 541.3822905619263, 665.4925909339141, 303.1332093340458, 283.52261277951345], "[220]": [1058.5440721022092, 1171.5262486267272, 85.44396649697414, 55.226865668342725, 57.89623768551004, 1680.995242691011, 3340.652631166648, 315.52741732886625, 399.1363388581898], "[240]": [1619.5240832585696, 187.26634882827176, 610.5972962496824, 448.2605795791214, 453.0429147818876, 2973.9773855192548, 5680.228704404814, 167.35073952657137, 463.24893951053417], "[260]": [206.4014466346093, 35.28558900345075, 1465.7899145008648, 935.3206232745162, 942.0406361034326, 2096.334175360476, 1290.703817857584, 2096.3341751297157, 490.19200151795116], "[280]": [1464.9438620204617, 162.00920000845161, 205520.29610132144, 439.0661528439632, 417.49790709657566, 535.4033719982908, 1197.8925573230724, 535.4033719900135, 1121.1066151181592]}