{"[20]": [2.0, 2.0, 2.000000000150173, 1.999999999987051, 2.00000192967922], "[40]": [26.021644743687347, 3.0050020246183564, 33.00000000020768, 13.063698702193044, 87.03723171863322], "[60]": [52.28712068482048, 43.750170079496115, 230.00000000007435, 113.59165892917906, 262.5784563891003], "[80]": [77.02207030755972, 173409.86490006477, 1833.000000000025, 154.86179628993932, 1862.5967879910365], "[100]": [1826.8997219128523, 3875.6229695315105, 5746.000000000008, 156.17120807097126, 4015.8714532842287], "[120]": [2286.386029731495, 11460.461037320565, 2212.9999999999964, 21.893737684638836, 1293.7734305592094], "[140]": [1011.0181163089642, 589.8300950827615, 4002.999999999999, 225.39166828273937, 185.45221774904167], "[160]": [242.6846026415128, 190.76484959069433, 1221.9999999999995, 4712.418350233031, 213.9462707398792], "[180]": [51.28803653138323, 10.939770437754703, 246.99999999999983, 1965.504233953442, 58.336484991147074], "[200]": [105.71841702012436, 59.874881009466705, 48.999999999999986, 1029.6954691582864, 16.099005976050407], "[220]": [105.93242522835773, 6.698666819027595, 11.000000000000025, 507.76705644194, 5.33628868758942], "[240]": [94.54510340888352, 0.33267123361734274, 7.0000000000000515, 309.10372818595715, 6.027244830369673], "[260]": [86.04056142869358, 1.0303328866163093, 2.0000000000000124, 201.89724872580564, 1.8329929796046835], "[280]": [80.04138269832247, 1.9727702442933437, 0.9999999999999887, 124.8583176767255, 1.0286705705045451]}