{"[20]": [45.03567304453193, 41.870542888888295, 23.774967323074357, 14.38466702971749, 24.84573839973484, 2.910077516881837, 6.569351702071856, 180.88840539953716, 573.9814899389244], "[40]": [638.5914777041581, 476.77095259114174, 28.86957387047729, 3.9843409734970847, 27.07437044159115, 56.55468555390962, 700.5452183057453, 51.12652426714163, 10109.612979040636], "[60]": [6125.7696480803, 3595.661722116699, 127836.34712481096, 1651.9505901466189, 1659.4608664809873, 5699.200536457987, 4387.493738698674, 2852.9930361818456, 2785.5056092770624], "[80]": [32943.4100422369, 7533.571982338029, 86886.07306481565, 17079.712172993703, 16600.968253781855, 23154.842541499318, 12600.139914245066, 827.7315073478288, 9905.362554036452], "[100]": [3598.623809781562, 21940.536222139817, 26361230.9488447, 27234.51414871471, 14074.559685741284, 697.187867967151, 14750.718462170511, 12198.042607289912, 16445.268589102947], "[120]": [29141.35072472855, 1522.8736798182078, 4939777.810826827, 355217.41108437587, 159874.136172992, 9099.718411572696, 3346.200813423027, 7793.863081887051, 1794.1528780046451], "[140]": [10113.157631384578, 2171.656138929587, 136445.6798321208, 19291.05609550603, 14394.840178018901, 2541.899686748512, 143.9382473719971, 2091.937674823837, 251.54760817756807], "[160]": [2505.151611727272, 957.9797364619835, 8729.77963322817, 3282.0349614706533, 3421.510928004826, 460.05686741397943, 278.4072854293698, 366.5112490442654, 295.36229057766724], "[180]": [656.6162399241273, 966.967720494785, 14234.370031787339, 2702.7415320943064, 2693.742786538144, 98.74037748878399, 113.69965356223494, 81.02448701588773, 115.49102091949271], "[200]": [197.71612859839158, 561.6232335560964, 11749.27545496374, 1318.1694329919178, 1418.7333809574573, 18.20741046057942, 52.322966499672525, 15.003094748878386, 51.455035169742054], "[220]": [49.08964509596116, 565.7448025679652, 14.788493409238379, 1409.9002804213399, 1406.0521017706203, 10.760756225304661, 33.97123706827936, 11.291771042146637, 33.41043290023805], "[240]": [23.190622131990207, 507.1179108306755, 1.9822321170164705, 1001.2445955199563, 1004.9892983450974, 4.5731825916840085, 15.56603342916649, 4.666522716828859, 15.194566502059597], "[260]": [11.109395926050214, 474.73874135465115, 2.743963420005301, 759.1820469495052, 773.4362451073218, 2.839470689002259, 8.570265207897918, 2.8555976289168257, 8.344559895876708], "[280]": [6.806576470814233, 442.5983952353979, 0.47892631780444994, 706.096967056037, 719.8441036044683, 0.8597417617244265, 1.4330508858736881, 0.8569655481326385, 1.3460350134129329]}