{"[20]": [75.0, 49.07312042759921, 225.91268418776474, 132.2042928112982, 37.261793434061246, 128.3309834578715, 113.02848443725355, 128.6125095023644, 119.11039111442852], "[40]": [1396.857142857143, 1313.3702345891554, 365.9079854541253, 123917.41467236022, 478.73157825436124, 283.0981351538421, 1459.0768523411389, 1199.833954074843, 569.7936428903558], "[60]": [28126.0, 19228.296440027407, 3553.7446442631626, 2021.9501584041755, 3677.9942702137414, 23664.078284991556, 22714.803721775996, 14608.341453844034, 14084.329142722836], "[80]": [43942.42857142857, 81387.11862928333, 255974.3394181743, 528037.4479120113, 199312.78255851765, 20704.87623719823, 26796.343268344906, 21225.41609656415, 12947.9277299987], "[100]": [52906.142857142855, 8354.894008978088, 44147.603609496946, 3021017.250103674, 1257627.3218485634, 21099.531543608726, 9729.10965404311, 19864.046388043622, 4816.5262224641665], "[120]": [16212.142857142859, 7429.651620145949, 398.85329677644404, 53454.22652563499, 26380.916688735575, 4041.311715329073, 438.77728290440973, 3468.3323455852187, 266.0924662262669], "[140]": [3246.2857142857147, 4336.126118492175, 18.688761382412167, 3143.130813203985, 1627.4347362476196, 696.555315215453, 127.91434876886638, 597.1194363578452, 3504.3941516289788], "[160]": [656.0, 1575.2932777119458, 50.9596911520089, 4564.05258875605, 4505.606172418059, 101.62693209492494, 87.65351080244272, 86.59276254669612, 146.1493811342502], "[180]": [187.85714285714286, 1407.0733818105691, 26.20119098597145, 4695.239433741829, 4659.9299235901, 41.73177614623643, 6.484236572506532, 39.58539409982848, 32.43657352778095], "[200]": [30.857142857142854, 1304.8355202459807, 2.0273579162576336, 3903.544149564325, 3988.9580399088622, 4.355021396781957, 3.7854663399410224, 4.061073461237882, 8.318643832579586], "[220]": [5.142857142857142, 911.0622981001907, 1.0280602901983533, 2864.118133963793, 2946.8613392127786, 0.557971564822878, 2.278657736935708, 0.5973773186668008, 3.291405974490355], "[240]": [2.4285714285714284, 852.6604570895834, 0.9561258193077563, 2473.218719294148, 2509.765633929966, 0.49113624539026113, 0.24512624971602184, 0.48592630194694925, 0.09288322148681062], "[260]": [0.0, 793.3250166344806, 0.0, 2190.570608712054, 2206.422627351548, 0.0007054902041005398, 0.00019369903829904636, 2.1539228135835843e-05, 0.008697065373014661], "[280]": [0.0, 718.112800186751, 0.0, 1903.0124472548878, 1918.6344086762726, 9.108219751208928e-05, 1.9535481002732783e-05, 1.8558052881886973e-06, 0.0018385456688208752]}