{"[20]": [10.0, 7.851209207806973, 10.206851679448377, 4.359317225000009, 2.1680304734474376, 2.2172891142076523, 1.388411617824513, 2.227070398736572, 1.3870185645564845], "[40]": [71.0, 31.868543770167037, 44.30529951291584, 2794.607265309395, 41.02158422075571, 35.68542247752593, 84.82988802918568, 35.69645721253599, 86.40841880344496], "[60]": [270.0, 7.086148993930351, 584.4114312061449, 225.78748607639739, 197.85725839570466, 108.80872875961052, 41.25358693965677, 4.081961111101464, 60.77802280238063], "[80]": [40.571428571428555, 41.05977437194406, 87.23848099116128, 1369.4414952417494, 334.45577430379205, 168.92762378467376, 0.6170738736511794, 5.2496597992847, 13.644685227195623], "[100]": [52.714285714285666, 11.275518753304596, 91.03682290359245, 90.45780166943746, 49.78311157437133, 165.37340387872905, 46.81163771081435, 32.500110989280074, 47.937478640765676], "[120]": [28.571428571428555, 59.2430286791282, 72.49075400064964, 68.91109060629697, 64.6550418807476, 242.3203220829929, 6.200225644343391, 31.71460776207232, 6.438835487481583], "[140]": [4699.428571428572, 1920.2779277307518, 1231.9321219449848, 2007.1876688400307, 1883.3465957416047, 4254.986229834485, 3927.885905395688, 4458.856962995584, 3927.9903131985548], "[160]": [14479.571428571428, 1981.8613390703467, 16177.975627328167, 1301.3741534495457, 1097.817632047576, 6502.767893098062, 3078.048136279889, 1565.5063027387187, 318.93383136241755], "[180]": [12434.714285714283, 236.36437097762246, 11983.392688761822, 1795.7595334562393, 2176.6516236247626, 871.3486453680598, 13343.9673997266, 14019.807244274314, 14562.185895530936], "[200]": [5828.857142857143, 1009.0499021741734, 633.2048184443183, 3692.7998621496554, 3434.8497173545256, 1308.613817136923, 4075.9526089136307, 3630.7963744781136, 7261.074412738406], "[220]": [1032.857142857143, 316.39761029046895, 35.4150543577058, 296.5271512315808, 228.1046285309028, 222.21486507856946, 1221.3986190168903, 763.7540433288964, 2323.714472157585], "[240]": [200.0, 133.7476422054242, 15.196677121845454, 294.6016049899623, 271.2566655300973, 54.4005818703541, 394.83671762267375, 202.94121516102842, 912.0683910562045], "[260]": [28.857142857142854, 134.05808762717334, 1.0986537161139402, 97.58116339876304, 101.54786809977821, 6.5116591505427195, 114.67203302461715, 69.78102818746416, 215.48037083989578], "[280]": [5.857142857142858, 82.48071664346571, 1.1677866518872522, 139.0903217695114, 134.11251466211132, 1.732250611025246, 36.20015239060424, 20.957698733154714, 155.15331972921499]}