{"[20]": [8.867797032701944, 5.9613425588463285, 15014.893042908714, 3.916485634778642, 1.2624811341894584, 1.2491911662369137, 2.751419955887346, 10.530671093983525, 27.147920867033516], "[40]": [65.4436053771407, 26.272351800315946, 40.351408146058205, 1813.8564757458719, 37.550698751930575, 33.894858657288964, 83.93165865648119, 33.54014074662335, 436.4610744557521], "[60]": [214.23646159700544, 6.968309716769432, 240525.8638574659, 200.25034909184532, 170.64716054621056, 104.39321854064339, 23.236939366406645, 10.213900185716934, 1586.5748735165196], "[80]": [27.209686878649812, 22.875322880751465, 77.83846221621873, 1280.4491905636137, 290.532116137988, 168.15655759491392, 1.2787680622026023, 2.774970922398326, 8.010484603431076], "[100]": [48.513247985258936, 8.542381476232306, 84.25717280986565, 83.51967910765708, 45.26437244708948, 164.85874891902262, 45.557407738174504, 30.629718508806313, 44.25281333762593], "[120]": [16.522970954810827, 34.91359576307226, 12260.796624571452, 64.08286347497582, 60.765540335204726, 242.01124241085057, 5.223185592281818, 29.54996307653684, 4.4450271351177655], "[140]": [4272.026246266062, 1811.9187966811692, 731.6488744873059, 1989.6296631320115, 1863.5608132981167, 4204.321374878476, 3917.109621278316, 4431.33420207116, 3912.6400039737973], "[160]": [12056.12302172257, 1665.9420703379335, 13921.945603532311, 1242.93232268596, 1044.783544884669, 3641.971821342742, 1945.445641832139, 3028.301080369927, 79514.7475864672], "[180]": [11189.355219362036, 147.20539645875547, 453103.0115300525, 1697.0063853659933, 2072.4255540241093, 871.3465528563305, 11445.828249298653, 7438.988513967217, 11271.99480145786], "[200]": [4535.200978668583, 637.7635535356776, 365.97543130982706, 3647.2198917670285, 3389.936640081297, 1308.6135240978263, 2736.063219881241, 1941.4092407719281, 21841.213800199417], "[220]": [822.6193545076691, 175.74088871466117, 19.435180801618046, 285.96088675801064, 218.50189044818447, 222.21483109455087, 741.0728508676765, 405.9525451463081, 2104.1112520913557], "[240]": [159.62149756180122, 101.96787449769946, 10892.684418329489, 290.85040761637845, 267.81283949152674, 54.40057795501459, 255.86125533597502, 108.11007820124215, 1042.5091333313064], "[260]": [19.916019822944044, 90.00278922904216, 3391.337661788368, 96.30832387055952, 100.35461352514882, 6.51165869807407, 80.30646325884587, 42.52138359227953, 4341.24743504213], "[280]": [4.227297785704676, 70.81428789292285, 1.0426244838774137, 138.38858499339725, 133.45172511562237, 1.7322505585765067, 24.49014766891325, 12.517889408523628, 1243.6983944514805]}