{"[20]": [4.861633753912638, 101.05471438192788, 6.000000000195013, 2.6267266893720542, 5.280616415225159], "[40]": [5.848687174581514, 83.71901384614964, 69.00000000011191, 4.112584511374195, 4.575850915129422], "[60]": [10.336780033447099, 16.585555897585778, 413.00000000004076, 260.1100312322461, 491.6651573492315], "[80]": [210.29642974038234, 2744.95209219988, 2550.0000000000136, 188.80096411639715, 2368.4676116699643], "[100]": [4.077273930510273, 652.4983325916146, 9353.000000000005, 1140.110547601107, 7193.099769498127], "[120]": [1375.9991165573738, 6711.000261308218, 128.0, 156.68837917934434, 4409.85540178603], "[140]": [456.97144492691586, 2564.4307377953483, 8147.0, 1060.276325142575, 537.8483148885571], "[160]": [185.53020862453377, 145.1983001290855, 3162.0, 273.4648221564894, 841.9842059461689], "[180]": [223.9809467688067, 135.05009839003833, 839.0, 122.21719509199465, 386.79064417830705], "[200]": [204.0202599108626, 75.48562159079904, 216.0, 1923.011601589984, 135.9694601318738], "[220]": [155.7300793722065, 32.06533987608347, 58.0, 985.8794069391561, 44.08389583934496], "[240]": [145.06838231676542, 0.5697256857650821, 26.00000000000003, 602.0207092713445, 23.587566403147818], "[260]": [114.96098846110925, 1.267007886580826, 6.000000000000007, 363.4399359319009, 5.582006534096655], "[280]": [105.08020844513874, 0.7539250189052982, 1.0000000000000053, 238.4889121224046, 0.9275840561409314]}