{"[20]": [7.898823758806208, 9.0, 4.140081888635928, 2.660306949780498, 1.2230605346163728], "[40]": [14.217291819913115, 112.49794266168229, 17.76183552655226, 55.98084976030762, 21.001894480219107], "[60]": [41.35226007543088, 1530.4615931918088, 53.02485922662936, 429.36762252783865, 1168.9270641153576], "[80]": [1262.5491800875716, 13361.705905432054, 15815.000000502781, 815.0986842238563, 7201.189166703662], "[100]": [1650.5390309061695, 99230.62895077103, 1399.9999998333878, 58070.572551124875, 6707.097642177614], "[120]": [2804.4819185761116, 28874.715285714283, 13369.99999994491, 59304.899631917084, 1853.3222328400188], "[140]": [413.35048096101673, 5842.480080543051, 2784.99999998155, 15686.301377861913, 1026.8338340447917], "[160]": [54.30125223082706, 5267.448582794265, 475.99999999403326, 3305.4769812129416, 250.48879254997303], "[180]": [126.22402599195973, 4119.15645728363, 67.99999999827779, 733.1898817367992, 19.357154500499092], "[200]": [106.77105400781335, 272424275.9987304, 8.999999999621647, 112.28300682253393, 4.416971073890627], "[220]": [88.96937043885974, 0.39369181627986327, 1.0000000003550213, 41.51854100404762, 0.42584485383693194], "[240]": [87.03502373974666, 0.001, 4.3653257939681386e-10, 57.400436193126325, 0.10384550623727554], "[260]": [98.04033476141748, 0.0, 3.383975253017738e-10, 73.81680028200697, 0.002654226645499142], "[280]": [118.37753987393367, 0.0, 3.263981000312565e-10, 65.33246561040443, 0.000515578380559502]}