{"[20]": [17.0, 17.0, 17.000000000150173, 16.999999999999996, 17.000001929685112], "[40]": [4.304308361064017, 11.199726196402086, 14.000000000207681, 133.5916378691724, 58.247024752766066], "[60]": [7.825513912627386, 4.5462992217724505, 6.000000000074323, 14.653487930723017, 23.994537492045882], "[80]": [2.028635449911164, 16.663291804863356, 7.000000000024954, 5.314119902249196, 23.52497791301959], "[100]": [27.26681004310923, 75.29795762190092, 67.00000000000826, 62.3684674879419, 88.43544326840683], "[120]": [0.7687064618177146, 161.02165788589087, 98.00000000000273, 8.237097633569448, 132.533269284598], "[140]": [74.5862889369119, 65.34287455910419, 83.00000000000091, 82.31037220846201, 157.35152446912417], "[160]": [11.85025604101179, 149.8914141626504, 137.00000000000028, 181.15479854865123, 275.6521693390812], "[180]": [161.7090768818896, 639.3171915279522, 476.0000000000001, 11.8394017898745, 548.5051734722697], "[200]": [212.61068539437838, 25.26580030807645, 1418.0, 518.5291598283479, 194.92566540334064], "[220]": [121.27074101995822, 494.14564328882443, 3099.0, 166.25887364568553, 604.5507794595669], "[240]": [171.16013569803, 2108.2748238987097, 2086.0, 4552.063176030433, 960.0035624125285], "[260]": [2214.617438985536, 4471.57758810493, 2903.0, 12252.615344500504, 1324.1715425147868], "[280]": [1084.6700368403938, 1533.5879833211538, 2627.0, 10425.339054158296, 37.077302181469804]}