{"[20]": [4.405873460210508, 22242.762181060785, 11.520742285499598, 12.21612064691392, 9.994592409420648], "[40]": [7.327174717473156, 394.76546920041153, 302.00000000011187, 87.75295099183865, 42.678804533347716], "[60]": [335.02355521402933, 9369.32798055217, 6411.000000000041, 38.11332612611659, 3917.573319490886], "[80]": [6764.902165681218, 17892.14962279934, 7332.000000000015, 44166.03252895331, 6803.241734250798], "[100]": [25.469321166176087, 7055.76645879159, 11368.999999999996, 61644.2354989381, 10257.40787268391], "[120]": [948.7462749095275, 2568.255175171861, 2620.999999999998, 17069.3124133743, 950.4528507885084], "[140]": [430.37918677389825, 1830.6910802154284, 482.9999999999993, 3637.4627489164886, 303.7714193671361], "[160]": [285.3774103292824, 102.57154330212725, 103.99999999999986, 944.5892415959825, 86.419942119752], "[180]": [206.28961938628913, 744.526800796775, 27.999999999999915, 214.63251364699272, 26.745100455660165], "[200]": [139.59249394012056, 47638238998.814285, 1.0000000000000036, 34.537855906068216, 1.3290380308120007], "[220]": [120.2175945154014, 2.4295714285714287, 1.0000000000000107, 19.295649216097445, 0.9764272810252574], "[240]": [117.93912147437314, 2.447778262394013, 1.0000000000000235, 24.40445699077077, 0.9986066730877792], "[260]": [132.9572270335659, 1.0, 6.090456127421861e-15, 29.467767248131338, 0.00012983108131469547], "[280]": [159.48368031918392, 0.0, 5.626124413078368e-15, 23.836106931719087, 7.229463961868402e-06]}