{"[20]": [15.074793943083046, 10.06336582338076, 55913.27649388847, 6.1471854585425465, 7.335886689570621, 2.2958206720159744, 2.8489610581947913, 7.157239438626191, 14.695940666989594], "[40]": [23.320776593329448, 0.9959736916182768, 34.24166042715359, 25.54075925541804, 3.9663448387996136, 34.07617246605393, 34.28746341876979, 29.55122509722012, 85.16194517182672], "[60]": [19.904516204180233, 14.592393430716806, 136.44135396069822, 28506858.444435094, 3.5649806497354577, 44.47058485155912, 16.310979371340082, 40.98386609801645, 18.85459411991076], "[80]": [78.38528139796931, 54.98893124519914, 6.103740862486723, 14.242192367783016, 6.900951570321497, 118.01252436442438, 64.93677625437387, 99.24135602093415, 352.08636740675064], "[100]": [166.44466834047637, 126.27625938716089, 40908.24703322269, 8.996915960878937, 1.7420109789313047, 210.29390756715048, 112.14443100316446, 102.75129700335215, 107.53312721774758], "[120]": [542.3131335651171, 156.00277974679923, 43.18233458499582, 24.438779289754166, 37.91784929468813, 583.6030103192862, 383.2965442076262, 155.60835639310065, 125.55155322303824], "[140]": [931.9008851853096, 14.042571990050783, 23.87086864837326, 353.2599329352237, 334.74772225844515, 835.2778660034464, 459.85779025888297, 148.67075072556062, 295.65694860951436], "[160]": [808.8173915614183, 130.8187222766552, 384.7106479063896, 674.8305537039953, 611.125720025531, 895.2628637874352, 313.99992209631745, 319.3394645114469, 214.06274616987875], "[180]": [1824.5959406039497, 198.26261308968878, 506.9998267339838, 132.98268504489397, 137.94733308176504, 2367.424038727829, 1288.7328551412209, 1496.447317194391, 1000.2601907790289], "[200]": [4895.359660813016, 119.32460377865269, 138.12855982383064, 471.2672526760689, 428.4968679112759, 4803.655908650154, 3285.510937320568, 4014.991896803751, 2112.5448649815908], "[220]": [2347.6765342922135, 1022.5682282645349, 3492.3741396360724, 515.0343835560726, 535.8351874847433, 8963.632326247733, 283.45897542030275, 1115.5628632124515, 2509.8880610444203], "[240]": [3355.004135523003, 169.08596034774547, 2913.5166017684705, 628.798343949804, 583.4982815400012, 4413.838779207029, 2358.9133166604215, 2209.684182150586, 2512.5373207415264], "[260]": [4873.528101854111, 69.91300847904968, 1176.4713114576969, 242.141821292317, 176.0115266994935, 512.6869686780378, 1991.8732847211868, 2026.6183876967498, 1383.00190382198], "[280]": [2467.8136104452365, 41.23817236121026, 133.55967431241993, 280.1517937191989, 257.449843296895, 90.41507333738168, 1035.8352833394422, 963.9214315044361, 1092.5373061907742]}