{"[20]": [70.26058300279303, 60.1185618552154, 113524.2024229438, 15.405779974176472, 26.848220062629647, 6.469837684825598, 6.979349928406867, 195.7204130284787, 670.7116908260225], "[40]": [881.6261249810475, 607.9402869237551, 247.65437364763974, 366940225028.70374, 160.56732642842425, 867.5358007731871, 896.105007168742, 666.6337173581181, 119.87497094069953], "[60]": [982.4297094832365, 59.04231025348127, 5202.1126573414795, 17613.827484108366, 5600.268405339091, 943.0915799622218, 162.43298524489444, 18.729338037379442, 441.62805572225864], "[80]": [338.62552099784125, 199.8058496040767, 255.73704030713927, 52082.900298224784, 526.0147019917954, 1394.9567194365359, 138.21395894236, 126.91502106387999, 90.19326862500236], "[100]": [375.3337686042612, 333.12282371313324, 17.067008061646362, 210.13928128401412, 422.2136133394593, 1855.2007437247487, 334.82513326373004, 306.83330597362914, 240.45535818064764], "[120]": [2569.6289172502884, 3000.4122962237097, 34153.380500464926, 2808.161771316072, 2778.2465877972177, 4354.213033081469, 2600.3816954860818, 2680.978148713274, 2503.6330212647854], "[140]": [35034.965765472276, 12494.758805736798, 2878.114267917287, 9205.597136649938, 8528.064958034007, 36676.43406169021, 33152.23470037956, 36961.11348347589, 52670.18977970225], "[160]": [3583.372272171937, 22943.610721860638, 108623.2295247988, 36075.892223122995, 37544.27944225485, 5319.359673059402, 21280.143516165204, 25560.928307981183, 126097.57960457845], "[180]": [32878.97502636985, 6358.526955528207, 15765.535523865663, 64535.65155931409, 64837.985389697234, 15463.137014682845, 27186.882655751, 15957.082841845138, 21013.71169494973], "[200]": [8387.927784476708, 878.1281093305993, 79626.47885103482, 1576.029127961699, 3265.5348615428356, 5203.733971013035, 4506.134626773962, 3191.6199278537433, 4265.946573739233], "[220]": [1787.3055045358074, 533.1355141775656, 16060.205823171225, 778.4059033593945, 197.89422991744414, 1234.322641772579, 1107.3392485282275, 754.5092267202875, 1372.2779915077535], "[240]": [336.21807008546455, 603.7478240714607, 7.730952822704325, 1478.550917784271, 1530.6259778299077, 310.7888052254397, 307.09431689017003, 190.02014653943164, 477.45756075160256], "[260]": [41.98601460339651, 509.80317841957464, 2.9170940582448486, 1401.9621337247231, 1430.9118396608012, 69.13665675131323, 72.64340376663658, 89.2690923663541, 156.07700720562326], "[280]": [10.48535435529362, 403.16189484080024, 3184.845585756591, 995.8625034531594, 1000.5481634939182, 19.46018381544155, 19.48630956406527, 11.806960914440333, 52.57771070676897]}