{"[20]": [3.2450503618235427, 20.996811393466775, 14.955010829075436, 951.652774553088, 1.0431722376914363], "[40]": [1.3604778944676732, 2582.6772320006608, 178.95434077267183, 898.552648670253, 14.604027755608458], "[60]": [4.224337153647993, 1374.2805373982703, 2138.9594397282553, 1246.3222235201401, 2034.6885311849821], "[80]": [712.0550655354474, 524286373.1810453, 13756.970394688877, 7484.932503706766, 10448.084693424942], "[100]": [459.7170405137982, 1984.840251298476, 5154.927829023212, 890.1230745574511, 9469.298056273778], "[120]": [2020.7418964966719, 4570.148873171607, 14502.899757928026, 1971.8617355210479, 565.5462796074584], "[140]": [573.9595362255977, 400.958292717065, 5239.875040926394, 338.36215111839556, 1510.1119402904496], "[160]": [119.56301443241854, 884.1750989604028, 1341.8621746329106, 205.49008998805866, 743.8822365881397], "[180]": [113.13360158811392, 40.1528717433499, 328.77637065532076, 60184.01339206801, 243.35732071870478], "[200]": [117.9018883085738, 179.46609493134537, 89.98214255476276, 142956.3620962015, 77.65338650632229], "[220]": [115.51411624483994, 394.4901094047855, 25.90179530784495, 556199.3786197937, 24.244960234986426], "[240]": [113.9546836908742, 2.0021841199834496, 2.646828314911022, 176591.7580109591, 2.750604672466335], "[260]": [106.08774566210539, 129.95932932913956, 5.9957939718027635, 87336.21113596622, 5.964561301634448], "[280]": [100.86986504704302, 1.3666576249864888, 0.9944599710019904, 174839.00142973286, 0.9949639680843193]}