{"[20]": [6.0, 6.0, 6.000000000142683, 5.999999999980503, 6.000001655803103], "[40]": [68.22341537019012, 22.67222160257895, 20.995887757734717, 48.23860736433067, 1.6408714146171945], "[60]": [44.832163055327236, 156.9906262593845, 24.99851561236444, 41047.74165249857, 33.960015137389014], "[80]": [9.35246751757084, 8.113499082531318, 8.958730497404897e-05, 2581.399443858636, 39.12919425987174], "[100]": [2.6838822017816786, 10.968179797992104, 5.999967308606012, 212.08063139525194, 18.547422888818566], "[120]": [6.66884142719777, 14.153555707364914, 2.999945165454152, 6.802572485265253, 20.213066263303], "[140]": [66.4238142277179, 3364.4508688050787, 462.99993878699894, 62.89395696728537, 456.65303130912577], "[160]": [805.0448812532267, 1602.1590061226946, 3067.9997186931955, 1368.249010964381, 663.9628908934028], "[180]": [3786.5980609441904, 7613.5970333879495, 48.96694699525562, 7115.285914006309, 152.76164582646837], "[200]": [197.19068974620112, 92.03179483513406, 2778.999079467482, 7065.500140155463, 202.37900703422355], "[220]": [63.55290004111877, 234.70708837758372, 740.9945912411387, 3324.5810292351653, 32.611219507588125], "[240]": [37.1098669525659, 56.03823097280428, 124.98634999695662, 4038.494461770904, 12.619029198664364], "[260]": [41.90633360125502, 2.988479669228316, 12.99939347505344, 3455.677449530503, 7.479610390019332], "[280]": [106.59495106580128, 0.1915886229959696, 0.9989790238923993, 2891.143877386436, 1.436421305949996]}