{"[20]": [0.0, 0.0, 6.191585306815473e-11, 2.4202085563178404e-11, 1.0490286287641973e-06], "[40]": [2.870644297999363, 21.19602194086471, 12.997403261396533, 2891.6912569817423, 4.717650463849936], "[60]": [19.581089087117217, 867.0473689543185, 70.99795183951578, 1000.1197283360854, 74.85670502475801], "[80]": [47.3947947800488, 4853.0510661131875, 680.9989334789658, 978.2170757413529, 563.8634358624108], "[100]": [398.47070764793517, 3285.3459971649327, 2847.9990966271616, 858.9396945254626, 1307.2747268381288], "[120]": [1218.9071578690775, 3570.5717958578075, 227.99827168823066, 20174.90737090031, 729.0718068509377], "[140]": [872.5412440942657, 328.39605703731706, 2306.997074845338, 293.8330382559236, 209.16257111568706], "[160]": [103.39785803629634, 90.22770644739215, 770.9966466107498, 21895.771010667402, 172.5851182993779], "[180]": [72.31639819842775, 8.696587133410443, 147.97016925536045, 37392.4204098914, 34.267109258021236], "[200]": [93.93768796812682, 25.100567576940342, 30.99956499265635, 42850.89591775693, 11.111101469511237], "[220]": [90.18667702019195, 4.807514321665426, 3.9976052226563796, 19758.551416893602, 0.5751100313364692], "[240]": [79.46571971518264, 731.9818471089068, 0.9913886868441991, 9901.147153806134, 0.41182171994543887], "[260]": [70.43861966086186, 0.29875033686045943, 2.9211427609898125e-05, 12140.175394483982, 0.1001553026531116], "[280]": [63.16146980246084, 0.783935399612807, 3.847414348376374e-05, 6086.011324340529, 0.017196555334998698]}