{"[20]": [0.5435464788647995, 34.59930481413924, 4.000000000195013, 2.455578640088275, 3.745639043375972], "[40]": [6.188423561679311, 15.940002649131545, 14.000000000111907, 13.467142597821251, 4.013995125304465], "[60]": [13.86808484505491, 38.94312084005833, 3.9999999999592504, 8.509646267681433, 11.056176059115785], "[80]": [3.7348835344441227, 1.4070829475243016, 7.000000000013742, 3.9645589774263357, 18.851266390034368], "[100]": [0.4366653495523565, 65.52896634015471, 33.00000000000455, 17.45226120702175, 51.12652320318645], "[120]": [11.720471059294994, 20.63052993269889, 88.0000000000015, 44.843667140286925, 115.22083978406991], "[140]": [12.818579328852707, 160.78574616287938, 168.00000000000045, 21.704884269269087, 168.28684925333903], "[160]": [3.4118703928074865, 179.7884500520861, 161.0000000000001, 155.41909418192245, 186.06468321279021], "[180]": [74.40081342591202, 47.38078741486447, 278.0000000000002, 230.41600974029234, 232.97427214944787], "[200]": [12.835075837014301, 1173.5956943828833, 1077.0, 45.322952665414505, 378.06372878555294], "[220]": [76.18710129856481, 617.3656487017452, 2230.0, 105.57538946935165, 359.9637873260217], "[240]": [322.4813489612825, 1199.1668989740792, 1063.0, 3741.2820753219676, 221.85838172867625], "[260]": [561.5288128573266, 1937.8083514637183, 1930.0, 7770.340608112023, 603.7835262030385], "[280]": [491.89378044980003, 1870.8370378268191, 1976.0, 6604.225788490134, 387.68842177908664]}