{"[20]": [6.991868706064398, 789.3525970757127, 13.367019888994214, 722527.5498776849, 5.1243342290996425], "[40]": [3.9520842430089558, 1960373.9765993902, 197.98164364461428, 55.79400541341743, 53.99674619001288], "[60]": [693.2969238880132, 20444.79940559971, 5033.976073938182, 1733.5647673984352, 4747.434582894796], "[80]": [24604.694576836446, 16577.66969095048, 10984.964287211327, 45631.08678990003, 8739.085808058953], "[100]": [2010.7279984743589, 9048.447373152749, 11559.985848550858, 66075.97406307224, 77.90782004857701], "[120]": [264.19766137522373, 4936.556626905091, 3669.949677103742, 17492.589604823082, 728.185678701672], "[140]": [432.50685259255215, 15370.908174220873, 560.9702444799987, 14235.158041943374, 233.41218019383672], "[160]": [331.624803771098, 144.6104214202132, 93.96455281297554, 10237.728533670286, 64.89090148515406], "[180]": [254.62518625267987, 14.774700164863987, 16.174240135542966, 4271.6746159751665, 13.923883199275144], "[200]": [207.52026943276812, 24.99572726741088, 4.985886152342168, 4657.377902978398, 4.792546667875935], "[220]": [184.19496007026137, 0.030850591133076512, 0.02431265630880413, 2202.755325444747, 0.02563250795898157], "[240]": [177.5857154356756, 0.0, 0.08872812001804058, 1857.0822703075091, 0.00657430602527159], "[260]": [187.39829765638567, 0.0, 0.003686349468657649, 917.9393552553588, 0.00045110816707583855], "[280]": [212.8219153664886, 0.0, 0.0034318941779582723, 101.80758700393007, 5.553878999613151e-05]}