{"[20]": [18.77872710638427, 105.53197355289397, 93.45850002059616, 3863.788421846123, 99.07708454621626], "[40]": [28.406651237713554, 260.6823751225738, 422.9245913506862, 177.41684401965452, 15.607625666746655], "[60]": [6.468717508237912, 3871.6107882548195, 4660.944747124308, 536.296181207474, 5014.610205241244], "[80]": [8930.23984752698, 9089.404125196683, 28669.957196865762, 283036.7467101862, 25698.82116663206], "[100]": [38331.85844380357, 56237.79596103477, 4241.967097504857, 4844.176725721557, 9197.404213830097], "[120]": [4080.662317013169, 11242.777762956557, 21958.820997395465, 642.5646279740354, 825.7357121401333], "[140]": [3302.03830142249, 423.71724246596045, 5675.876409813027, 199.31680241546445, 816.8958158402522], "[160]": [2150.802364173036, 298.8731784961827, 1240.857008790134, 123.70806032487249, 490.2824535656258], "[180]": [1153.3902826265328, 44.406904733609544, 333.15364849230053, 36615.29071658396, 228.5274541027597], "[200]": [738.4691086897204, 35.243116252375245, 119.95844566981238, 294275.3226725367, 104.80769765049966], "[220]": [584.5891768714235, 4.190674389618108, 48.77135391525068, 747227.8735854542, 46.85657137999432], "[240]": [502.25810545401384, 4.990982388725754, 6.17736618716632, 176252.83482651543, 6.69767602373613], "[260]": [436.07453193840774, 20555.266461910265, 1.9634438622813253, 481245.86623191746, 2.0425295219990347], "[280]": [413.4197110245108, 6.131878208074073, 13.96086287876039, 48340.85657896818, 13.993985910899175]}