{"[20]": [4.428571428571429, 4.666820741650795, 18.060715240188998, 4.428571428571429, 3.9957194788178505, 3.227113025365764, 2.7173184383827245, 3.2586995493857938, 2.901608700684813], "[40]": [35.285714285714285, 29.69397977167929, 22.079695278447282, 26.91370603016425, 14.43430078535161, 12.90091149643547, 40.6498887612593, 12.911797027758894, 40.87826857680398], "[60]": [371.0, 158.8835998979298, 65.01794244876265, 80.1968864720497, 54.81805829098266, 292.171289246631, 342.6860134809089, 137.78212431039333, 173.54600158618967], "[80]": [2660.285714285714, 857.8804526850017, 272.7130922545666, 865.1298834573508, 35.260226903082184, 1479.1089415452984, 1380.7998592462463, 589.7025645880562, 612.760557309186], "[100]": [11577.0, 1088.4209700073116, 5375.667467689313, 2287.5113314315713, 1176.0052155309204, 2420.6220672938616, 2464.9879027033494, 3599.1086014348366, 409.91653468973163], "[120]": [2785.1428571428587, 1232.0095797778522, 12877.140000113883, 12184.248095664974, 14248.609750994961, 2880.4426132279914, 923.47203309002, 2842.027191880188, 602.4475803036548], "[140]": [8365.0, 1458.0240756513576, 2268.776096961663, 4014.318847134049, 2237.841113008524, 2728.291646714548, 679.0420741719081, 2485.5060775601796, 651.6813864471605], "[160]": [2475.2857142857147, 788.9370372843969, 99.29167786456173, 1548.454245291765, 1605.8885327979078, 666.5522556554874, 64.29974707178144, 563.7730809875052, 53.016088017243874], "[180]": [679.7142857142858, 145.67162886392725, 14.559507226869982, 380.03280306957777, 309.5877714573319, 158.8166935270766, 105.4990506777815, 130.04498767564883, 102.81868009294863], "[200]": [184.28571428571428, 0.32497857554881193, 0.9579096270500429, 39.0663386282763, 66.91117975237307, 22.15047562302931, 68.50309377126513, 15.011913700589503, 71.78096500510594], "[220]": [38.28571428571429, 83.49018948964931, 20.447971336944754, 133.20914132545852, 139.1021136253844, 6.632702828982588, 34.089287503642616, 8.280877306352565, 36.097112165646784], "[240]": [23.857142857142854, 58.713282828974116, 6.224723303762886, 127.54841699507071, 126.83054029404391, 4.305406880325123, 10.134061982208184, 3.9370599425145834, 12.63727002847425], "[260]": [8.571428571428573, 71.95585061520524, 3.249563909631892, 92.63245039502695, 92.32654525901162, 1.9975523994596127, 4.293602234206679, 1.9178062948353816, 5.643885859736504], "[280]": [5.7142857142857135, 39.938172395295624, 4.389329142688242, 61.905820344686106, 60.57173615726281, 0.6028721469035614, 1.1643375782783396, 0.5858857432339235, 1.5570857703502816]}