{"[20]": [2.0, 2.0, 1.999999999761008, 1.9999999969925175, 2.0000016571140904], "[40]": [2.8460027182140237, 13.384197516184155, 0.0008666590510199767, 135.42821678401054, 17.996633253079867], "[60]": [1.5987624364980317, 2.4108424014052643, 3.9994459429694063, 5.385784300985522, 6.6712039840072785], "[80]": [4.896640751411422, 15.819075599861675, 8.999911127456716, 2.6033227493340725, 13.092382514228234], "[100]": [0.7415219433131961, 13.21007220385916, 5.999985335823987, 1.1146631055965748, 11.913802220721744], "[120]": [5.744532963482022, 12.590469722734246, 6.999883003642332, 1.1812304298086715, 14.29386480337086], "[140]": [4.821936284161839, 22.79690097951417, 20.999981341763178, 4.925897596820321, 32.93884212697832], "[160]": [11.258436837596818, 610.1757121327598, 9.999964005440267, 20.636961831377548, 10.07206550583322], "[180]": [4.952019100528581, 15.59181697343099, 9.99905280884638, 4.807714319854582, 21.751578957307032], "[200]": [5.434779546714189, 1358.8377856990176, 68.99998234186143, 31.496425473676616, 75.3571017970544], "[220]": [19.653552802147566, 4296.45011632879, 224.9998413331739, 115.39639255249813, 211.5627301724246], "[240]": [60.73236409383339, 233.96708837847908, 412.998655472542, 303.6665154485888, 37.68698395670014], "[260]": [234.35625531705048, 479.95230452757096, 495.9998641825776, 407.17673065868536, 37.93895833346971], "[280]": [323.56211693207734, 1731.2128315402679, 304.9997196141156, 868.0662271715199, 336.4186927663733]}