{"[20]": [6.742375415402227, 6.425095471958, 166611.33960188625, 7.968944099378882, 3.673946578947272, 11.096056499053573, 75.18046344396565, 62.422103555634145, 3092.303692430602], "[40]": [119.67604753908799, 96.49574869703382, 172704.3766147727, 43.54243455932429, 45.28645081705473, 40.26014892426561, 131.9168877663205, 28.251459802358003, 1992.1521629253768], "[60]": [588.0972629403379, 13.185201286838915, 635.6254283207105, 478.2517286443163, 582.9230725148343, 302.52563238977154, 232.91209012711067, 90.31762632251775, 2842.357170481277], "[80]": [615.5099932596041, 29.97243409740301, 321.69746925296505, 5855.801110649621, 814.4933882534829, 757.6854673199451, 326.3675139156235, 299.74608350752044, 359.8371011792805], "[100]": [761.7115266535372, 467.0217111431485, 221.83858426368081, 131.6767819675147, 132.82401722319574, 1335.4849045332066, 511.3374209838186, 582.8223830840345, 312.3253147787696], "[120]": [504.1357312214125, 670.4139820071158, 132.15321555646165, 118.46518992916022, 78.08334608666716, 1487.3065080419974, 311.0605460809591, 458.71405885722527, 445.5405832664363], "[140]": [7818.77977197542, 371.00808915282744, 1449.3856202998818, 3815.7510651020325, 3738.6163275794393, 8949.00419212082, 6462.452273443063, 7815.24246340573, 5282.379043024577], "[160]": [3766.9148370743983, 860.4034758050817, 9102.345515017681, 2057.7242195907615, 1920.2927598657134, 4833.682951429478, 3553.515316764093, 4335.000123085451, 4326.592190802408], "[180]": [4583.6723452423885, 242.7493209844387, 507011.0489343237, 2607.0616515629677, 2004.669919978803, 2722.241722110488, 1599.7151481774313, 1906.0193803463874, 3187.4203256137994], "[200]": [1179.7988091664454, 103.4680999735949, 11.923115645166902, 870.4345697752626, 731.6253582668714, 620.9685657599371, 445.53871170184135, 374.5266593096243, 1681.6919352825448], "[220]": [300.06998927265016, 86.57250570632387, 60074.44660349165, 57.41902882808636, 54.72155710624527, 126.68547054299407, 90.13916886314621, 62.576330399031214, 1215.7875447308522], "[240]": [122.83931462947815, 82.2341886966584, 17.683153533751696, 148.55993126825066, 151.7693968944999, 58.989968602498166, 30.780330502805192, 39.471947490309, 2532.892962580379], "[260]": [24.35087410250559, 67.401555413453, 4885.176812271335, 99.94638567297028, 100.8317764175246, 15.678767426702583, 17.533230495986782, 10.244724180348035, 317.50542115177245], "[280]": [6.291504394827156, 60.78886857905472, 1.7307513950844, 100.00663956986259, 101.20311411946123, 5.3421041973291965, 5.756335387483914, 3.792356993911604, 8.677980267413504]}