{"[20]": [0.8785555452669641, 60.65296299488442, 2.7716299860199833, 372223.30802270956, 0.9592452252800225], "[40]": [7.565922008135592, 7844.251421541263, 44.98635342077697, 10.792917413883444, 11.337277635536818], "[60]": [26.424453488408066, 723.2988781630642, 1233.983506089043, 443.0797348831438, 781.5903424575343], "[80]": [178.96842492034645, 3197.414488857466, 7775.976855078347, 6943.810381322884, 1903.538997156552], "[100]": [718.8393852393423, 7536.060283549605, 5631.961184991064, 28355.670149495454, 376.57868358696777], "[120]": [330.5530537396582, 4713.850688404525, 2430.9694408262267, 30421.510704670996, 515.6865564290911], "[140]": [57.274272402090766, 27782.605904005013, 391.9679755301151, 10231.439880269698, 136.49812654319294], "[160]": [55.011606005503516, 295.7571344160572, 54.96370752494345, 4170.179885127658, 17.287987519458756], "[180]": [50.90640687657949, 1.7286478144581137, 12.622924531098734, 3302.5314239342597, 8.972876217185943], "[200]": [48.18005958638804, 0.7769426755629922, 1.9935579026127972, 2084.195396695155, 1.467106550428895], "[220]": [45.75413499373717, 0.48827178916234554, 1.9610513809690018, 688.0464383163417, 1.965365324603543], "[240]": [43.88358359652795, 0.0, 0.04046302051310943, 817.5162244599576, 0.004007427188680675], "[260]": [42.348502020079415, 0.0, 0.0004507961185371494, 223.5698197873242, 0.00030642828191704177], "[280]": [41.605372177508535, 0.0, 0.0005162008342459476, 318.9859066091843, 2.8966761264190523e-05]}