{"[20]": [3.0, 3.0, 3.000000000150173, 2.9999999999999964, 3.0000019296851117], "[40]": [3.102610231044358, 5.4213145719997815, 0.999999999792319, 9.996865349061203, 5.730622416108115], "[60]": [0.9374634704865762, 0.1229360906216892, 0.999999999925672, 1.1763239837892638, 0.15486523361365018], "[80]": [0.06399736420500676, 0.001, 2.495695741369453e-11, 0.3055238653246982, 0.08366969468101138], "[100]": [0.022347189449780633, 0.0, 8.256014256293094e-12, 0.058783881589392406, 0.00701592724052044], "[120]": [0.00796710440381333, 0.0, 2.7295653087258675e-12, 0.09955102550744682, 0.0005705603566671287], "[140]": [0.002899414811979941, 0.0, 9.046502807691582e-13, 0.06214300021278191, 4.7853081606125995e-05], "[160]": [0.0006613465348754566, 0.0, 2.7175918197898823e-13, 0.04996734995120902, 3.829127973911402e-06], "[180]": [0.0024586584437083087, 0.0, 1.759231790210731e-13, 0.009492641672692963, 3.075752789072869e-07], "[200]": [0.004496636786221201, 0.0, 6.814331876341376e-15, 0.002711674488231494, 2.682571828940535e-08], "[220]": [0.005244775237710966, 0.0, 2.322032961575757e-14, 0.011077809438401892, 2.1852417345669294e-09], "[240]": [0.005415969288028805, 0.0, 5.0961781577187284e-14, 0.005203264040861112, 1.7668413095060805e-10], "[260]": [0.004057935759151938, 0.0, 1.2162257379716962e-14, 0.0032750738109299567, 1.486117037428573e-11], "[280]": [0.00390594752582326, 0.0, 1.1376598159865657e-14, 0.0027158657160354944, 1.2183422639301413e-12]}