{"[20]": [2.0, 2.0000008256875623, 2.0, 2.0, 2.0, 1.9999970660978674, 1.999967466648388, 1.9999979163545993, 1.9993206813458584], "[40]": [6.374926131675828, 5.583638604586183, 0.5059528274341814, 2.9699987145537188, 0.24890984055451587, 2.548148951925327, 3.2918200851558637, 2.480035780698147, 4.8354036718528555], "[60]": [2.7448604958015115, 1.653579065340809, 42.18756914163538, 107.77823759277419, 20.246657901569723, 25.906082203336865, 2.416946438152302, 24.12116867911477, 875.2186740231447], "[80]": [0.6495241089831758, 4.186100196175168, 804.3908593900868, 48.97983445004711, 21.071747289039834, 3.1023822459506096, 3.990114286963351, 3.30757157434822, 4.559777923306465], "[100]": [3.0818656008289746, 1.2332362782040727, 321.6668383057235, 0.6107228059379647, 0.8990563327660758, 0.5082704010981417, 0.7800473694750353, 0.4693418425753251, 0.9714268418964621], "[120]": [1.9329384515725585, 0.8788955121585144, 2.800287105472612, 0.05580794292024805, 0.10768159447150512, 2.9939768725218148, 2.970226066294051, 2.999464962431838, 2.9862874682905614], "[140]": [12.22491750288153, 5.804329526701402, 218873.91263557307, 6.603150552671021, 7.62730396237853, 14.085281546649389, 16.99602720991507, 14.085966284568396, 16.99977662621178], "[160]": [107.49016257063803, 98.55878677518274, 115384.56339358482, 49.865363740236866, 48.889530888632564, 119.48707221833881, 135.99944821206475, 119.48683303618236, 3196.147122816915], "[180]": [333.6214666665965, 136.45570792046982, 146918.0484393347, 237.24490150730244, 231.12400470475436, 430.1808502305385, 537.9532662413576, 430.18085860196777, 1206.4177394049848], "[200]": [1020.56875407645, 352.95471767884055, 37594.47007542279, 132.5800410983136, 115.23027162880423, 1349.375095632161, 1717.9756890161443, 1349.3750976333345, 600.8166743742192], "[220]": [1103.0078886929036, 560.2347870845985, 72578.72200698493, 1632.4402994390352, 1643.799087580105, 2133.414830308773, 3282.999961250376, 2133.4148305278886, 1195.6250238811415], "[240]": [1680.286997915869, 124.91801967291403, 1467.3879543305368, 12890.89874143372, 11808.300021959729, 113.0258308199458, 1224.9960549613552, 113.02583082293224, 1134.918608302998], "[260]": [548.1825662722392, 57.86284835835645, 22.390415414580392, 2556.0485142279354, 1983.474102350415, 59.08191766676092, 310.9976919411423, 59.081917657895566, 355.387152843668], "[280]": [244.4540649048925, 52.533198845293335, 364.7705193546954, 201.19400338422224, 170.93602886769767, 404.61367781422547, 560.9992586407872, 404.6136778068056, 46.937912056165494]}