{"[20]": [0.8639052048674133, 9.50047089491989, 8.985848052030413, 8581032.333666027, 164.55610705119042], "[40]": [2.5131124635031834, 13.117953000288855, 54.99078233630361, 76.77000214811521, 7.4438357287039585], "[60]": [127.41318269697722, 1418.1351773464496, 1.9960268790705618, 54.78530523977238, 55.5519596292505], "[80]": [43.474050866116606, 12.342987013564533, 1.9995035390286202, 6.1086251500336815, 30.700197918599514], "[100]": [2.0521116924078098, 4.771202815487171, 15.999955054159228, 3.3097179959049385, 3.598324319536932], "[120]": [14.29270651157664, 594.6169105267251, 13.999934591577679, 22.15399223212065, 25.331638456725273], "[140]": [96.9550448749552, 356.0286295988848, 455.99992827053035, 34.86321371812652, 455.92916653351654], "[160]": [54.411934178694466, 17398.99921183722, 4516.9997169071885, 31.851211376594826, 732.9581572099512], "[180]": [13096.842691795362, 12352.61195352386, 9804.955710085162, 31372.835763289448, 3920.322443082329], "[200]": [5695.022011808588, 39536.62942660397, 5338.997789114362, 41621.41413498619, 1267.9773681377837], "[220]": [1676.7674859101794, 2561.32938625551, 7000.972205668732, 671.8197559348639, 848.5449509223367], "[240]": [835.2507852921541, 682.8240442929846, 2020.9274101623655, 15746.092855815337, 131.09110557669464], "[260]": [85.99845571254046, 40.762611981380296, 216.99677118565526, 71.16081911067458, 209.2533986985434], "[280]": [351.7593165365821, 2.1880657443199016, 20.99456474347793, 8883.489025072211, 40.43405601206034]}