{"[20]": [0.37910514763571435, 5.994869061664683, 4.000000000195013, 1.8897430709899963, 3.745639043375972], "[40]": [9.003522865757532, 20.83888651692534, 28.00000000011191, 12.829298705855678, 11.189958878959374], "[60]": [63.527006179484545, 482.6037521493727, 306.00000000004076, 122.09426420038886, 328.0821586774806], "[80]": [154.36814339496595, 79.76693027702731, 2294.0000000000136, 655.3310130304826, 1854.7641135694716], "[100]": [864.4024143059396, 592.799492960603, 8334.000000000005, 895.4309495414127, 3704.3701423895], "[120]": [3952.8803973959, 12518.444856357593, 3217.0, 950.9965219486949, 1607.524877055781], "[140]": [2392.9789443838617, 2817.2329884818864, 5485.0, 598.8997394307098, 566.0657725016954], "[160]": [330.5769365502774, 254.99529745288464, 1628.999999999999, 121.10219224768252, 416.39662811756307], "[180]": [313.93358417057334, 99.21164408884522, 469.9999999999998, 98.89864175119772, 252.4243754683141], "[200]": [466.15285398139343, 20.52502988197574, 99.0, 9.964564681882166, 62.40411786275871], "[220]": [453.16679663547745, 14.812106913523621, 22.0, 554.7004108448036, 15.915187112084482], "[240]": [400.4287558388325, 37.25647049153169, 19.000000000000014, 401.4545169289695, 17.990229677695822], "[260]": [358.87179817535184, 1.3685819198356555, 10.0, 254.62195586583675, 9.83248332613455], "[280]": [329.9305167638547, 3.595593488977322, 0.9999999999999929, 159.16416184203126, 1.027788829929582]}