{"[20]": [25.07310400977566, 19.719820668646705, 86.98069070351957, 125.35697861072897, 100.56965913799179, 85.92099205258556, 64.59937860492062, 194.2240127764374, 445.2561297355199], "[40]": [16.305890394175623, 6.938470520179424, 25385.56389934703, 10.716093078712689, 11.733572613604071, 45.719822615874016, 45.47932982284189, 27.486512496190407, 15.661261433781632], "[60]": [11.650240121473542, 13.506034111538364, 1.5553003826468292, 1.7447566285579141, 2.759090805527502, 36.50862955943316, 8.952071594030366, 36.52885260772662, 186.98348070032597], "[80]": [44.322713014777776, 38.076684582756315, 963.85995914962, 34.7188263911982, 35.66437293940111, 78.07401837550158, 92.24114730164987, 76.44703531407256, 29.599187680748656], "[100]": [108.65321837320641, 97.28000331383247, 5222.897362509748, 74.8515197375843, 70.66302677521497, 162.11719473799164, 171.90289686870298, 127.01660568427796, 101.13371527951738], "[120]": [304.1104734116678, 79.79357127517305, 107226.6911753982, 89.85559973193753, 83.1217752919588, 376.88754636257323, 381.02169406295957, 70.31919941294382, 168.85453281309591], "[140]": [357.3948991956275, 129.30592732281323, 5.797976515050534, 180.55191492465138, 228.63973626922802, 432.9954079325447, 525.5582271348463, 36.83657874685364, 127.15789062769615], "[160]": [486.85022810412846, 30.91196601586041, 3.7811654961197045, 332.58939998454485, 313.18839331573184, 731.5861174408087, 324.509932595379, 367.5443387095591, 144.15762816359714], "[180]": [1424.315945151109, 812.6498056796911, 1966.8525254268932, 787.8310417616292, 785.5214665558277, 1839.3934812878101, 1241.8800094230187, 1452.1312831885955, 1021.4253973101733], "[200]": [3383.01348284224, 1069.543403279962, 35066.4778160396, 1391.1685564725956, 1365.7804896619732, 3290.4955976308847, 2415.005839619336, 1531.9267257948613, 1415.723842755994], "[220]": [4198.651422155212, 462.63354202665425, 2555.0296218028247, 2526.933703219841, 2317.453041463828, 8383.496711356127, 405.54005217391796, 502.7090083223526, 1214.7961803184776], "[240]": [610.7205015678009, 501.7024370364288, 4660.5051028463795, 2528.299241058761, 2656.499794952551, 5861.854491660187, 3055.472063944935, 1615.3809333019415, 2299.6989836069247], "[260]": [5059.709999447047, 450.26807424330525, 892122.8580677162, 1011.0911932922398, 1125.0862464314364, 914.8244967337757, 3193.498762043036, 2736.6673898994836, 18203.58894799308], "[280]": [2720.7140329365393, 755.6096300964211, 214.94032188077844, 1944.03695931452, 1915.0364781421044, 38.75238672451089, 1654.535421925642, 1202.2356957630514, 2005.6334962413869]}