{"[20]": [14.857142857142858, 14.293214665677391, 46.26159075209182, 2.698297615169505, 1.596538601488259, 52.91024446718295, 50.93659414875508, 52.93056776972337, 57.56142682742487], "[40]": [47.0, 42.67370966830043, 35.801170095107, 42.41559305495534, 32.91592964811106, 16.247626109514165, 64.44420441214731, 16.300713867529964, 48.85154805857182], "[60]": [10.57142857142857, 1.847097809082868, 82.348956665033, 8031.780643387848, 79.1572872660789, 30.517276312482537, 60.67715184991931, 19.453197785316554, 2.2498081065202626], "[80]": [78.85714285714286, 70.56912647612575, 30.211682846341233, 53.99895038119335, 22.722091421846642, 116.36392486733092, 158.17436069753091, 113.27107694390062, 66.42277634632323], "[100]": [202.0, 200.2426277879793, 92.5519351595687, 154.01054859155425, 154.2955921214336, 269.0892891093105, 198.11723981550938, 249.89441627200074, 190.3005224317427], "[120]": [459.42857142857144, 4.460454289553468, 256.3667889313947, 171.32904539097785, 174.52386034173014, 490.0971485401702, 582.995491624019, 118.3166034650502, 92.32327133179228], "[140]": [581.2857142857143, 212.78427922130913, 155.99180030688512, 157.4006730618944, 164.14817118526594, 663.9624058361774, 377.09224417215205, 38.1181823978925, 417.16484645779497], "[160]": [482.42857142857133, 304.469777757472, 179.97484861951307, 767.4199262763314, 703.1760913921428, 822.8778411293899, 334.1812716512634, 316.60571253785315, 250.9604821174048], "[180]": [1296.7142857142858, 698.6000595051955, 591.9467006199725, 583.6199079293119, 531.4641571664652, 1901.1084318133587, 1117.7494435081835, 1582.1369703299322, 966.4675506551253], "[200]": [3833.0, 619.3004241327744, 536.2200447787527, 567.5834292582822, 597.443409055988, 4475.395745170395, 3205.0839528383312, 3027.5701233286172, 2567.4800964951282], "[220]": [3535.2857142857138, 668.2625597385068, 3386.201683037376, 251.7952295701416, 294.271256942955, 7557.053075333475, 549.1051131533168, 1734.6086238785738, 500.94545044520237], "[240]": [1158.4285714285706, 328.6342639916584, 4032.790124985897, 773.3839175923131, 748.535584144076, 5168.045088185938, 2919.9173237051764, 2525.9913517535697, 4344.239999367022], "[260]": [4655.857142857143, 537.634124046619, 2308.333301525545, 863.2546565368639, 867.0574787676396, 1155.9879233550546, 2379.869664273907, 2506.510618741695, 2374.5592147159823], "[280]": [2959.857142857143, 647.6989792832856, 338.4019638748823, 1408.5273658751203, 1462.7575342611663, 50.817767510864996, 1451.3067639145388, 1337.9772208098243, 1620.6587779767178]}