{"[20]": [61.142857142857146, 60.44399016675417, 50.325648990187915, 56795.49554443853, 57.9164104347211, 48.84663665856189, 48.87366724000914, 48.84581358331127, 49.30922649824218], "[40]": [1285.5714285714287, 1017.9913713653032, 28.43659557592605, 222.46890962634757, 27.870670833185386, 141.39365659458463, 1336.23631819434, 1049.356049926047, 1251.3185892365414], "[60]": [21594.571428571428, 13844.340215100056, 7839.670774318998, 8048.22809114608, 7536.814843893593, 17501.20712885808, 16336.261446851235, 9578.72330794015, 11755.80571574831], "[80]": [7814.4285714285725, 22546.74513363476, 133266.55953500915, 650439.9768516206, 177570.15212582503, 10108.42371082701, 14753.14183342376, 10401.946303209668, 1384.8219663554482], "[100]": [24234.857142857145, 6640.83186412744, 11136.935667634592, 899968.0905887043, 519807.4591610229, 8650.522693954885, 771.3296510733089, 7268.015104641661, 815.2022064127978], "[120]": [5652.714285714285, 4312.273983101333, 1.4398941297929468, 734.3270960536215, 1563.0138443689752, 1437.6624322358834, 273.86230614425745, 1137.609491753522, 242.69462493656602], "[140]": [1075.0, 1658.5867136556735, 6.255664370349336, 2183.131011464059, 2269.569317420766, 244.31128824010648, 147.1820963304523, 195.94397126852095, 128.63037056017973], "[160]": [226.28571428571428, 817.870548756091, 8.223375172294297, 2799.623524323669, 2791.27024307992, 42.04886787245786, 48.15812043832851, 34.720213132490386, 46.12410029721256], "[180]": [52.28571428571429, 1084.8321626368688, 2.079394452920127, 2577.898580144132, 2614.344150283947, 11.350846454159377, 8.80386575156157, 10.287661828639589, 9.09325317656399], "[200]": [3.7142857142857135, 680.0394416961672, 6.3806804221934215, 1703.9884064382113, 1727.5680578933002, 3.5307901632256593, 8.48145892347015, 3.681640024878571, 8.757326160751616], "[220]": [2.428571428571429, 635.0393908388924, 2.114219542526606, 1485.4214192234494, 1498.0691574536181, 1.5501419000488643, 3.473432596818565, 1.571302098584967, 3.674305060008172], "[240]": [2.0, 550.8807671277964, 0.8469275843849011, 1190.6194364533335, 1198.1244368981006, 0.025683462185309924, 0.7967781853916177, 0.028631056790530796, 0.8932064484146985], "[260]": [0.8571428571428571, 464.22884915207123, 1.0, 971.7828186771951, 988.2265181986693, 0.0004111070342177252, 0.00039409984568081126, 1.8683393838966193e-06, 0.001926216316952339], "[280]": [0.0, 451.7353238434607, 0.0, 897.3570233257146, 903.9922917698437, 5.6848805727908806e-05, 4.796215074798926e-05, 1.4048402619913265e-07, 0.0002793357373581544]}