{"[20]": [9.493330859832884, 10.083759307157232, 2175665998.2209783, 10.962732919254659, 6.727809630199626, 204.48744100897815, 2502.938545380801, 8359.315717536681, 13523.504026286855], "[40]": [58.78369881364276, 53.03309797189099, 28374.892471740743, 17.767593767385446, 13.757589500679146, 4.687839898537134, 68.1903234503497, 4.5124341206837935, 74.47635379282718], "[60]": [265.976510887072, 177.80945430497155, 62.06502904588281, 814.0728899128352, 76.23281747369185, 277.62208695472384, 324.9043336648896, 185.72777523062896, 1261.5670682721707], "[80]": [1710.2830763322434, 837.9566471641516, 377.68536610240676, 679.5512091159319, 636.6706131075608, 1517.9046173433258, 1666.5991613890035, 603.2987167798957, 7102.817580075667], "[100]": [7335.0463005875345, 2355.2576335859953, 1365.7420700635641, 2134.6067484307964, 2154.7303665655454, 5574.612228752635, 3595.500608488225, 1511.968314201255, 2110.3743088335796], "[120]": [5500.628631739215, 3446.268127883392, 85551.74269624289, 14108.80117302779, 17452.455489954424, 1153.6328716762443, 689.7390893255848, 998.1104160378297, 1261.809174861294], "[140]": [7984.30922535253, 446.2315977277987, 822388.4661777428, 3028.1992124342164, 10914.366391828722, 3438.6618652010548, 494.6240503742818, 3068.8391914223866, 500.8916182354112], "[160]": [5015.4417256932575, 1266.391885210036, 691.968351821017, 2277.976245157493, 630.581220340754, 1636.495502639029, 62.90386629861893, 1316.0648143603353, 69.74287089872325], "[180]": [1435.8696303249026, 479.82977309525387, 13.79680747777429, 981.3941958133679, 897.0475206763081, 406.966025562049, 71.97618848106187, 304.11740047629615, 48.50837419368604], "[200]": [368.1865859405954, 216.9671192406775, 5.206562758640466, 457.62125968663315, 490.5897467268723, 91.9056568064378, 41.77850914689469, 63.76108887867167, 4056.3879263494296], "[220]": [88.99435990778633, 251.78399721519511, 8.642460873402241, 637.8642448024268, 653.984832843242, 17.66021345393474, 29.43010515502963, 10.355584860939958, 25.73244805715821], "[240]": [33.297595532316336, 149.2840346743168, 1.9111987282021747, 454.01633674240276, 447.1328005489845, 7.050630523084604, 10.32062650987125, 5.194679587967094, 8.75081473816541], "[260]": [6.718334560076074, 144.75158835783427, 1.8418587058216935, 345.9019900577034, 356.92699568937496, 0.04233669007082574, 5.014159208921524, 0.4384840609070779, 4.560128500183878], "[280]": [0.8210295462633984, 124.07380735540156, 0.5063358287654934, 255.49688761402254, 262.99078055540673, 1.8793060178819256, 2.593488965477219, 1.9817077058643933, 2.537331975723249]}