{"[20]": [6.0, 6.0, 5.999999999940151, 5.9999986236636165, 5.999998574761777], "[40]": [4.559357741451973, 442.7486488845471, 34.98752195657721, 10.357689429640041, 12.419597567798425], "[60]": [47.92350702676595, 11430.268271245508, 516.9915838921697, 242.2589469834422, 496.58265429544474], "[80]": [552.7823259622527, 631.9249309011014, 6604.990276317451, 773.1713832815662, 2803.53065214821], "[100]": [463.9793762756874, 9772.866694728717, 1470.9651006297872, 21880.779817671515, 3187.711035712365], "[120]": [968.9217312188943, 39567.30059880269, 7206.9594007502765, 19303.221731586567, 863.9159113169703], "[140]": [158.14175600454112, 7566.2938820059635, 1652.9572878219324, 9910.19162501057, 324.5400154435106], "[160]": [66.46763958583874, 584.2353508190163, 216.9524317444057, 5034.611660390324, 57.70198567420968], "[180]": [62.642184874332266, 7.018930401171129, 41.49731970664293, 4143.278329900979, 23.596329989578347], "[200]": [60.01702046161908, 1152908852730953.8, 2.9912580976161744, 1843.435467870177, 2.7059488877088023], "[220]": [56.750406193023665, 1.0713473117422814, 0.015190629138818574, 471.73099051653395, 0.24078861532401308], "[240]": [54.39327277968982, 0.0, 0.05548442177025333, 670.2912757915806, 0.018566428848222925], "[260]": [52.87245401285347, 0.0, 0.0006143027746575373, 255.83658759497334, 0.004199607564261359], "[280]": [52.12107366958749, 0.0, 0.0006930016900835481, 78.2380334368378, 0.0003199656554092997]}