{"[20]": [1.4954509909794282, 11.999971416775782, 10.00000000041028, 9.841258070602844, 39.497377253563435], "[40]": [30.119713358715217, 61.954853844310165, 92.00000000020768, 42.844770849562224, 35.43680456404752], "[60]": [10.44740493114466, 152.0199993939289, 430.00000000007435, 158.16814698551036, 516.5062121466277], "[80]": [175.8318975157797, 397.911408255615, 152.000000000025, 270.1384874602063, 541.1450580373357], "[100]": [88.55516680901178, 127.95087497394479, 99.00000000000819, 169.30322104220159, 309.4825096316616], "[120]": [17.776471637811028, 68.89170951071492, 148.00000000000273, 43.13396675112904, 347.6084617854493], "[140]": [1868.8344462306595, 1288.5036485450373, 5421.000000000001, 1242.6504978332741, 3886.479440440179], "[160]": [1559.9580022108603, 22207.286714285714, 19008.0, 32038.618785044382, 4142.380795871246], "[180]": [9688.333885257915, 41791.95801962908, 12422.0, 12907.609289942317, 2771.872582523454], "[200]": [2841.313013799445, 396.38302178768663, 9771.0, 810.0164122595943, 111.86122096021336], "[220]": [430.9038236964245, 74.41732883978239, 2224.0, 16672.057556008724, 139.40324277484433], "[240]": [2.2374154181198946, 75.60987450901933, 574.0, 7201.827371082938, 194.3680631804064], "[260]": [86.43659103103107, 0.7317257032209525, 107.00000000000003, 3330.5441570574667, 51.34406107257598], "[280]": [306.03612671868893, 5.861232365227599, 5.000000000000012, 1753.4702442360094, 1.797036667769893]}