{"[20]": [6.571428571428571, 7.0, 32.57242857142857, 6.571428571428571, 149.11847401210443, 6.390500354453373, 1.6252684429558304, 6.294668077180379, 2.812148528336577], "[40]": [13.857142857142854, 28.713828771217724, 76.38859513823303, 386.73379678131016, 195.18998505575772, 48.95601636768912, 30.323379741481823, 48.90692409938649, 26.559999667214356], "[60]": [31.14285714285714, 4.861529832985866, 27.151075671804307, 205.22607048800933, 11.33459148551374, 42.49701321007238, 79.6385817391374, 32.531531336439855, 5.0858352409942995], "[80]": [164.14285714285714, 121.73421853421516, 49.94297270459225, 55.94118136841553, 63.79350535423089, 175.3344862145339, 125.24171155657908, 130.4774397610373, 116.34865843751871], "[100]": [394.71428571428567, 90.44471727005009, 71.67460915400466, 43.66939077072186, 35.16058307963419, 323.59922651421687, 231.57857100421768, 42.20575650879482, 53.9072414919583], "[120]": [1123.4285714285713, 138.9985337320354, 160.9583961487897, 171.27768476909705, 165.19938378117058, 849.3360072605419, 634.9572325857375, 218.8520342630395, 128.36999597900694], "[140]": [1321.0, 19.546108006395116, 356.6565685260639, 652.6389362927575, 650.8126948161544, 1018.0708774945506, 543.0769492060581, 654.1810203520372, 327.75386847393384], "[160]": [309.57142857142844, 87.40537148815838, 547.1330498555053, 580.881812016587, 566.4153871381832, 843.415102104048, 22.821086085816205, 14.185319141769469, 100.56455465565887], "[180]": [299.1428571428569, 186.68273200576823, 196.54513659887562, 217.96071489474707, 174.38886303430445, 1424.8024602110463, 197.80964413264064, 175.07370221550627, 452.3958702084492], "[200]": [54.714285714285325, 58.7981408762098, 375.4460111428989, 79.99936249543407, 92.84279686747414, 1575.1923041907494, 28.28819789231693, 90.02444787151217, 59.023096346899365], "[220]": [851.2857142857147, 133.4750047186826, 297.50371930107576, 347.53825393081297, 344.5267662743572, 877.1356617000029, 575.734224040365, 728.6657928593622, 505.91452188926087], "[240]": [1026.2857142857147, 15.340181277213105, 167.21624750205, 25.895996853585075, 24.971334166888028, 352.9340540241469, 624.4054102040154, 947.9674654351074, 540.4275727828772], "[260]": [878.5714285714284, 96.7547399035534, 153.47875507369417, 118.27434103243763, 108.61751050334306, 33.2820792458142, 461.00346814438944, 823.1262641433286, 398.202013150305], "[280]": [425.8571428571429, 27.807915957876048, 4.432655003458649, 46.8604329756613, 44.0169213519531, 7.960317142109943, 211.47762779046832, 516.0554507223078, 231.07655000759178]}