{"[20]": [7.7503943425982795, 7.710786651048014, 24.96568299970118, 1.6001774025639677, 0.854660904129373, 34.98385174084587, 22.41068599237095, 55.28715784889907, 54.51457305972913], "[40]": [72.32112219746054, 64.59803232136798, 44228.03981698789, 3.3380249612651416, 4.578558648780963, 8.165939561479851, 84.94869760070975, 6.950964413005174, 21.353153942374274], "[60]": [635.4160549446317, 569.5785433780089, 166.89212740644393, 294.2496199153496, 41.42369216872563, 597.1749275831952, 681.9532058657503, 295.7273638774048, 14910.077984192816], "[80]": [4913.799733741393, 2715.0873026680674, 141383.6680758348, 496.18972403135666, 523.441938079413, 3597.616252782651, 364.23762130037056, 335.513707087068, 4642.1411137643545], "[100]": [6533.474305975979, 2051.393455677892, 299338.3125003037, 30343.952243697484, 13939.28589718362, 1754.4351259006166, 507.1707762555798, 627.6726689211782, 1027.1360332761753], "[120]": [6706.614263891831, 444.98292747448295, 8968.507983053409, 4359.631433363096, 13600.775626645778, 2959.476678595828, 2004.17355953781, 2532.149471768476, 546.4107827237553], "[140]": [4217.291996295455, 417.4513560523048, 634.7781063789299, 10546.531802819054, 9054.637590071623, 1405.4569089293843, 323.92755717223656, 1109.9900720596709, 93.67096731930621], "[160]": [1022.0067722402515, 246.24501401558678, 7.437930198515567, 381.67699805873053, 409.19185548588104, 297.1175779339539, 39.06111690864638, 219.51932490583076, 33.758606701082556], "[180]": [234.54310818523842, 152.453236087198, 7.01519276566455, 219.65816731226795, 279.6627873276383, 70.37216692665261, 1.0993351272359815, 52.42432338209884, 19.3722864641614], "[200]": [45.993090191158906, 164.03505208918585, 8.51542051086227, 501.39436768722544, 517.8869495993241, 6.561619068896959, 8.034841946611909, 2.6293315538170092, 13.91251533179377], "[220]": [7.596134366501304, 106.65616876927511, 2.471504150759859, 403.17391265450107, 392.2475665853278, 2.7511130243182675, 7.810547770804186, 3.534540184371181, 8.897726501825222], "[240]": [0.3175140928390423, 119.93185970574714, 1.3366716521995214, 319.41979433201027, 318.6856480163401, 4.968260104667961, 9.181310054964014, 5.13771306730183, 8.888120575241881], "[260]": [3.5923578406204517, 93.091140733981, 6.613209938396311, 217.31850922075932, 211.75700003185938, 2.102650461317933, 5.923475154238278, 2.138389167236493, 5.3527642177710355], "[280]": [5.361216314363369, 96.05961026869872, 586.1736944056303, 218.14215012585726, 214.15009939255538, 1.9220219507613945, 0.410409589059432, 1.9145379426651628, 0.023682774492879418]}