{"[20]": [52.39352126186094, 72.9807738961506, 69.908743527743, 472.60139912869954, 102.53568721677388], "[40]": [137.05382734158738, 94176.85737411388, 1332.9157035247713, 112.58985773149284, 190.90337485596893], "[60]": [3975.3950579673383, 73885.19724120903, 26805.87586784577, 4674.367597695224, 26648.574482539265], "[80]": [84216.81405029078, 63759.92385965334, 29999.846176125928, 168511.0782450659, 28426.147642420736], "[100]": [3253.6584806073292, 51334.728188682915, 43830.95703932642, 99686.03738582316, 297.60562559819607], "[120]": [1789.1579138985367, 93991.12391964626, 11396.907285736434, 9621.107545122899, 2950.24985102345], "[140]": [1738.1098516942843, 1529.1159555731745, 2339.965785354235, 31626.431142410136, 1418.161410734647], "[160]": [1231.210399036004, 448.69677681419876, 479.99359793358985, 27426.16035465965, 327.14731449626714], "[180]": [963.7461176228567, 473.15493344430325, 139.1555934120508, 18614.275838343565, 130.54097568758849], "[200]": [797.7839259535743, 318.84533031919096, 20.97908379736767, 10527.737697413011, 20.083205335988854], "[220]": [712.672300630865, 1.1918420776750898, 2.8568642553363772, 9175.62249087557, 2.8453383915193227], "[240]": [687.8788750050928, 0.2573674822134558, 0.574349569261868, 9847.445867227992, 0.984573956891596], "[260]": [713.7404130706191, 0.0, 0.005796967295000853, 7023.352216012472, 0.0012976981644993806], "[280]": [794.2353112627333, 0.0, 0.004190619869151923, 5849.0077913268915, 7.067045418725406e-05]}