{"[20]": [0.6804998007343855, 8.1692953756055, 0.9651168940691591, 1671489.4457926038, 51.721823571543815], "[40]": [9.65183399323873, 2259054.9776334204, 42.93776826505441, 9.846810927191793, 11.623127858165981], "[60]": [84.12867125158509, 977.2618379982749, 777.8829194126362, 105.74574913883838, 599.5251419918304], "[80]": [596.3504731321743, 2285.6882674732456, 2640.87233865371, 4181.9679211266275, 1745.4109632791362], "[100]": [73.1870930630604, 2105.9684210983837, 2589.8063774626294, 7494.8922196152735, 270.0285658899981], "[120]": [66.489260033936, 5908.278091121197, 684.8605796822263, 4233.249207299857, 129.4275002839226], "[140]": [38.67464245838948, 387.9434285159223, 81.90870715061112, 2100.5850575215304, 10.004044836616387], "[160]": [33.557469314079874, 37.23055262959833, 18.985078742888867, 823.811113229711, 10.860408077844133], "[180]": [30.069595036439267, 1.4591892644235194, 5.045109133499905, 1844.5323852774027, 4.930835159653967], "[200]": [26.16928435343924, 0.0001017719009921046, 0.006741485586902272, 864.1947106140194, 0.09053199652481221], "[220]": [23.981606763294117, 0.0, 0.04608587426181674, 331.97178062279096, 0.005481362485467956], "[240]": [23.06186367627802, 0.0, 0.17000668146899844, 99.11937334514234, 0.0006737826541874612], "[260]": [23.218907049518215, 0.0, 0.0017483060274350818, 5.380610822035656, 0.00015324095136142534], "[280]": [24.689582511900237, 0.0, 0.001552782055580105, 25.24743553740957, 1.4770806279941256e-05]}