{"[20]": [6.121853943351236, 48.9391272936316, 3.962358383658788, 13177.5507066613, 6.123252268311015], "[40]": [2.5627101196129245, 51.88824596735213, 46.98226772281218, 1343.1629080597847, 1.972695482834686], "[60]": [7.7445105699303305, 71.45983857606579, 210.9896853432197, 1141.4397871747985, 233.44382589440357], "[80]": [31.76355698184347, 1966.3785373331873, 23.997528979451022, 95.97465871829196, 244.43216487277866], "[100]": [27.294225173391272, 837.8671775002307, 83.99881881278691, 51.41601920674727, 123.37452456240763], "[120]": [13.703380880665488, 2006.4530352289, 2.9987934832967325, 41.36976997735881, 51.05146407280735], "[140]": [119.95248741708465, 716778.6882618882, 3202.9969793564933, 534.1402830200138, 1208.813373570792], "[160]": [449.5585717278601, 40701.83511411679, 10087.982401005589, 4897.714843241607, 2189.1853231575656], "[180]": [930.6028079214739, 16563.05769396975, 8304.584335161799, 2522.19274924763, 1011.6041638206347], "[200]": [457.85138062757966, 189.98532176290075, 4261.992847222907, 286.41349511068256, 380.2410435054668], "[220]": [71.37505275179197, 29.355172537443295, 807.9603313626617, 10070.684782388968, 77.34023179423565], "[240]": [50.730773677303965, 5.082148031993903, 185.90013009394076, 5129.133333326938, 67.56579204603356], "[260]": [48.94754323264002, 1.5834585691334184, 16.998811205843044, 17836.714809040168, 0.4561534926206034], "[280]": [50.45484035905763, 679.8027533032929, 0.0007015474653917671, 4967.752284961733, 1.9805758300791196]}