{"[20]": [44.98041648201176, 41.870542888888295, 23.774967323074357, 14.38466702971749, 24.84573839973484, 2.910077516881837, 6.569351702071856, 180.88840539953716, 573.9814899389244], "[40]": [638.0887999938928, 475.77095259114174, 28.652182566129465, 3.7669496691492586, 26.07437044159115, 55.55468555390962, 699.5452183057453, 50.82217644105468, 10109.569500779766], "[60]": [6482.138875353479, 3738.445852080994, 672.323373961552, 773.2926179906253, 1542.2902772731393, 6028.868953641865, 4677.3137348219725, 3067.5244963973305, 2690.8502171790924], "[80]": [33368.3952057068, 9119.162797860374, 21065.835484012958, 4156.816681878636, 1001.7662627674221, 24471.88649639501, 13946.196872770548, 14749.468343373444, 11023.751506874849], "[100]": [2658.0202433253876, 12608.711460666504, 83402.00423435973, 389547.86238765734, 442908.5316280186, 1212.202285420233, 15590.30774914725, 13322.333700263758, 16707.26842625948], "[120]": [28738.061542894175, 5864.378375559793, 14885.749310344198, 36422.82353403906, 4937.015563944588, 8979.58102716124, 3443.773316785919, 7661.4671906180965, 1441.8846214719917], "[140]": [9726.208073166448, 1537.9241614632315, 214.27761033690217, 6979.0949464114965, 3381.5024380143445, 2179.4253983190974, 456.35118860244364, 1738.5478323199495, 571.9137911102102], "[160]": [2617.993674664943, 724.4141801903986, 7347.7038943729385, 771.677838997628, 925.652840167431, 445.23300599923743, 296.8909708084345, 354.54824695167423, 9460.175908018184], "[180]": [706.418086756807, 545.7253044391448, 15272.179919040878, 2270.1654631483348, 2317.5729481954118, 78.20860304383397, 153.33265204822538, 61.118252292058735, 154.03882115492758], "[200]": [191.77959087148173, 530.1714717361865, 26.400926831236326, 1962.516838138675, 1914.4531423936733, 14.653661090447144, 95.04065988510905, 17.45321905404479, 93.48595235855069], "[220]": [90.00581780963785, 455.3868666847056, 8.863817310247985, 1232.4719646904284, 1213.1358218222547, 3.537794333084413, 29.334347068803964, 2.9991327525967875, 28.274905681611493], "[240]": [26.331983421263857, 425.99169146340677, 5500.233233948748, 1035.338436254495, 1033.9493689439605, 4.150663123185823, 15.975153006659625, 4.239703220224654, 15.5111770259726], "[260]": [9.404247611092723, 378.96001966071304, 4582.019376821912, 977.1045988357092, 980.600303758515, 5.8691619602956155, 11.90091327785892, 5.8844877459252665, 11.651169052428523], "[280]": [4.320493064362236, 380.9744516352413, 1575.716856687405, 837.3959992277439, 831.5286294621166, 14.826667254678096, 19.965996892987647, 14.829256040064335, 19.738548424424213]}