{"[20]": [3.0, 3.000000825687562, 3.0, 3.0, 3.0, 2.9999973665461304, 2.9999400910838023, 2.9999997019740667, 2.999999690005653], "[40]": [21.37525884858432, 13.58266675791252, 4.984300256215892, 32.56521739130435, 23.93164857512699, 1.8369194635369765, 27.30513006699262, 3.048646857274528, 28.264877480528757], "[60]": [259.29277136750216, 103.38691258665686, 50.621066369086776, 16.555547118583892, 30.550015930301107, 184.26304474079848, 214.5189835200399, 50.390709308727445, 6176.72176028109], "[80]": [2413.6936567338903, 110.69767801993649, 36.302765865221794, 317.1838120919416, 57.41159586087142, 1435.6450718946764, 631.2034077026608, 429.29407288139794, 1593.4066346092516], "[100]": [13055.440060280793, 2030.7215203959818, 3625.136710053569, 1407.731268134776, 307.76092504756645, 2167.356825509932, 2615.2738008083434, 2980.859840232253, 1582.9920913139497], "[120]": [2901.967018420273, 2243.771019376399, 6054362.886003892, 7801.731267827965, 8215.815266534102, 3423.2211412738257, 5255.211568592672, 2770.6219229316034, 5175.669313718711], "[140]": [12855.634329727238, 170.63239315357558, 5724.349178974899, 7307.138957893996, 3023.1304608448195, 5944.833454922097, 3209.4442702202696, 4713.516144411646, 1613.1638711366961], "[160]": [4331.340665716049, 616.0555663396317, 74476.18007847949, 1286.4567335805664, 1399.843223779319, 1550.7610267906496, 393.05467697082173, 1138.9797827834125, 199.11466786169362], "[180]": [1185.9265833465863, 163.0923891412011, 19.748951293787908, 73.64529273536631, 57.644540897937866, 319.3417427097536, 29.275147497420182, 227.1197203791791, 88.92689830886381], "[200]": [322.74364920385904, 161.75201257503758, 6.5461865953417115, 444.59494967475587, 427.6573794767283, 86.17458463480165, 40.94742451728065, 65.98981983110968, 96.43987340278282], "[220]": [91.6760661713487, 158.18162224188762, 6.078905979819097, 293.3389018170295, 299.9397668830876, 17.796603703121374, 32.427913320156584, 13.415617667860953, 71.21207505255036], "[240]": [21.30449206297104, 99.0631298160365, 8.365829223245854, 225.46351031580636, 220.36622915140057, 4.495645941698518, 24.05753689983279, 5.064421312010554, 43.77053768541069], "[260]": [19.472766065096263, 75.07552351934645, 4574.837852046701, 131.75178327117683, 135.144465944524, 7.6227634805394064, 0.008816157776731254, 7.42087958001335, 8.691715228713246], "[280]": [3.192245102106179, 72.12752730874, 1.2352977165215226, 98.36630529497485, 102.10456255927778, 1.1977125300211389, 4.60936293984652, 1.2304036302564951, 8.915263629527157]}