{"[20]": [24.428571428571427, 24.98296372306209, 147.6099079558444, 24.428571428571427, 23.994368924728594, 18.805127363860507, 14.879506894785287, 19.09431215915702, 16.419706991814095], "[40]": [343.14285714285717, 340.6746387651527, 14.721081782305134, 197.45337728069273, 22.314449799244358, 59.5078643239886, 366.7652723093125, 60.93583441806629, 376.0426595529832], "[60]": [1997.857142857143, 681.0083102480073, 3490.9181972947354, 16262.252774753071, 3489.271943755736, 1478.115040231072, 1790.4679493311696, 421.5002137246438, 431.8759484345833], "[80]": [1014.1428571428573, 478.54833549551313, 2480.3818724044095, 24959.15628511597, 16275.849800974305, 1509.3887558757283, 314.11590737079723, 96.79662878522777, 383.33587949143975], "[100]": [835.8571428571427, 350.2647083418824, 147.8513808751104, 7854.530644222294, 6301.293006332771, 2412.523287987132, 872.2144976810182, 511.29811629411597, 475.29900882324], "[120]": [906.5714285714284, 343.4447898649578, 17.368181094757347, 414.1782988895593, 464.3842193831597, 3093.3148294296775, 744.7446362176261, 921.9298285870254, 533.6303624364045], "[140]": [20469.714285714286, 18908.38513708131, 18313.009842394655, 9183.061737183005, 8260.299560806237, 22985.14632907227, 19501.909129581803, 20607.086786797216, 19081.70170833198], "[160]": [29851.142857142855, 16389.85133203672, 90201.89751279732, 4060.795156296488, 5695.5052741932595, 14976.69902014162, 6824.593122449005, 13681.915929378389, 20478.75990339696], "[180]": [32437.857142857145, 6712.859971871265, 36381.50162598291, 5628.8600756068045, 1640.2094770180265, 17513.12605311485, 39980.00775844749, 37599.47972241223, 36765.139695196805], "[200]": [17009.571428571428, 6530.357326503388, 1487.030894249996, 6356.783231144551, 8952.252822922503, 8742.903082613258, 8811.02467554269, 9358.368381139539, 10798.436665677866], "[220]": [4183.857142857143, 1832.4899519491864, 80.43242751652701, 581.0410567230012, 427.68194748486076, 2029.5001674087002, 1945.4152322885698, 2101.348296696497, 3410.2541910339996], "[240]": [1207.142857142857, 1052.5453834802756, 98.52795455484261, 876.4951337077575, 988.5928336208744, 655.5507193217745, 639.2920386784851, 666.3536922185513, 1299.6660635663827], "[260]": [267.0, 342.34115195453523, 13.996715263158592, 600.6841397979731, 623.6536622976929, 185.54549838326676, 191.10452619710813, 188.98321527205255, 489.2122962057608], "[280]": [18.285714285714285, 536.2478870487448, 14.514465783559535, 1149.3358862715372, 1129.0219343914468, 29.294763915452975, 32.08910102740462, 30.70033930584411, 151.05723833176165]}