{"[20]": [2.6460724948477257, 10.783740599929372, 4.986047051287639, 51537126.325748414, 2.9230589781527416], "[40]": [1.74930351139007, 92.13235630137706, 20.991290768060242, 21.343674608568122, 1.8104309908668514], "[60]": [82.78807005902253, 2814.0957389992545, 60.99567033230535, 14.435776308057326, 88.1275633949033], "[80]": [2.3482326447324358, 16.189096217250544, 0.0002448934041164757, 48.62818193030102, 68.11765831312519], "[100]": [8.360017250229957, 3.1674256556941667, 18.999837445911503, 9.98010656073111, 13.475713746755154], "[120]": [1.879744797604886, 23.018721820758373, 3.9999016329608996, 43.56625180108231, 25.922576941968515], "[140]": [10.692158216497887, 240.03763735861241, 434.99980131941635, 83.28665179700522, 425.7982857407354], "[160]": [82.36723180713476, 2000.3961563485257, 3239.999166647289, 7719.110924682548, 1139.6081382855516], "[180]": [193.0774073903555, 6857.441898598128, 395.96408375759285, 17988.434223944183, 657.5100549358525], "[200]": [383.033113169858, 239.0103007326091, 2748.999181039234, 6744.219202754821, 348.02511766674644], "[220]": [54.14213167452163, 149.36668973253677, 638.9953327609194, 8318.41766717101, 54.75100562747862], "[240]": [20.855888077074173, 39.20577238270353, 131.98824009282572, 4290.4907132441585, 23.65962365781968], "[260]": [20.154315273675397, 11.653127980129119, 8.99985999386095, 5082.2941766755075, 6.647521721031406], "[280]": [22.072309120247144, 0.1253972509708791, 8.261381412889226e-05, 2421.4702349036843, 1.8560801913645557]}