{"[20]": [43.30421048738682, 42.379495012704304, 836689.8066175339, 46.88198757763975, 3.971907589235782, 93.93994179238632, 61.794369928391845, 529.545771443691, 1194.1851816201204], "[40]": [437.58086988806446, 408.6974894193161, 25.177935162186838, 398.01241576112244, 120.75548253058261, 19.315800176739277, 490.9275422038596, 29.00377931466782, 22135.760063120506], "[60]": [4798.749045864962, 3072.122048135967, 140009.1638381455, 4024.9191302612685, 49.69725058969193, 4549.547092981297, 3577.63914724809, 3241.3495781681772, 4510.426570927928], "[80]": [30241.39758742508, 8249.921551563291, 16753.594908699328, 25747.034241564153, 22461.50000354791, 20120.490316366726, 12422.550732600295, 13417.609099321746, 3568.0839353578], "[100]": [1090.0092435264448, 18145.704252509055, 84636.23475727643, 122998.06529517853, 155095.36072758763, 8310.178766464034, 14256.372835706401, 9520.083719795224, 2213.8875485416806], "[120]": [25140.203200995766, 8475.568052598903, 10190.715957026736, 395171.2401482225, 176106.01503988155, 9264.057124782315, 1962.3591114148755, 7750.760456081495, 866.0245155720452], "[140]": [6759.667821274011, 730.9962653702586, 32908.22332707643, 50.12425248442663, 2989.393591221251, 1834.8779012330551, 295.0994951892004, 1412.4395570157255, 468.37623060365246], "[160]": [1497.062922570482, 1618.2040805718973, 8128.829345136967, 783.6704873005922, 1215.918005777981, 211.96882487372332, 399.7053675571618, 128.52192549627804, 426.881872336632], "[180]": [392.9379239341116, 1712.5321578480377, 26.207481864619695, 1720.5041516941321, 1699.6817010218558, 8.719874895285946, 221.1321114823187, 21.519731704697044, 241.17880359413692], "[200]": [129.6751665067283, 1551.3802638018603, 15.444687699445462, 2096.9124420303324, 2077.9193518592106, 38.53298068480067, 136.2790474420072, 41.022741831486975, 152.4782544145136], "[220]": [58.2617660150069, 1286.5099007236556, 10.490707359908216, 1346.2590865189118, 1384.02797757509, 31.68529884886681, 81.13790701237613, 32.144873589181955, 91.19092658219299], "[240]": [10.523486882853678, 1171.4794695808, 10965.784286549837, 1277.1761617369452, 1223.983228217961, 37.6503580077527, 64.9252132668896, 37.73202672646371, 70.90509497632114], "[260]": [1.1129898741985904, 1081.0668595731236, 15.79151566221605, 1249.508657760438, 1245.3025278425446, 42.10160345921754, 66.54058749715101, 42.115792821093216, 71.60579057458956], "[280]": [13.407797772530948, 983.4764742884109, 40.67197677144167, 870.9492525417021, 845.280206848773, 26.629267311301177, 51.384989154726476, 26.63171415391239, 56.714360353234525]}