{"[20]": [18.142857142857142, 16.542096885156663, 14.009705622285207, 76.21093750001529, 16.23811641202402, 12.87960357521395, 12.865753178629904, 12.879406949865212, 12.917241050978477], "[40]": [356.57142857142856, 176.88560513473294, 21.094244423333578, 42.12668257003071, 17.267116331491877, 43.79895163910504, 350.7805666723599, 173.07208061303362, 263.6979120557045], "[60]": [7723.285714285714, 2782.178295750452, 936.7152450929188, 481.52412722334157, 854.5249171611777, 4315.0639006757865, 4105.301751294501, 1731.3108599721872, 1685.141797494378], "[80]": [14408.0, 7540.061185859711, 39568.33062439761, 65920.56501578205, 21331.705211021617, 2124.7776551567586, 243.51271523228206, 2731.666196655249, 6887.261527019407], "[100]": [17119.285714285717, 1366.556968143872, 8917.027350679484, 73450.40411797323, 49987.63873156591, 6912.958674920854, 1675.099520832453, 6003.822853942926, 1663.950792682841], "[120]": [4114.0, 749.5453361871969, 45.53375734799056, 2225.489993071735, 1769.401541866831, 1231.8422265785712, 92.37553157184266, 1009.4308224848355, 91.18941619771931], "[140]": [747.5714285714287, 23.8697045753579, 13.822759284681297, 146.8794036901612, 20.850655647253575, 199.8169733442803, 93.56241806905877, 162.88574715292543, 84.73536403832225], "[160]": [147.14285714285717, 47.40245306537872, 4.959936810236968, 387.87518405661456, 413.01773685310775, 31.05488725572971, 36.36880489730011, 25.424259592489733, 37.001183282891574], "[180]": [47.71428571428571, 219.81592392754465, 18.334839044438127, 464.25159596862767, 459.3370783196512, 17.26431052292999, 0.1734996376741691, 16.444477622985353, 1.4059017309033557], "[200]": [3.428571428571429, 104.18405598134814, 1.1266477818938814, 279.56670066162656, 289.0352426523257, 1.2971089122534938, 3.11186797448397, 1.4135879551857191, 3.1452062100436358], "[220]": [1.2857142857142856, 88.59151106207173, 2.0626955014449164, 215.89526782489685, 221.0246699456568, 2.833802062651663, 3.9855675357071356, 2.850113516729544, 4.145446331802992], "[240]": [0.8571428571428568, 74.35839707455943, 0.07950230876424147, 176.0766992191692, 178.89204854397036, 2.4150503808477426, 4.354749984108301, 2.4173229021636655, 4.689500045205404], "[260]": [0.2857142857142858, 89.64967598959629, 0.6302668749488656, 174.1058418706329, 175.51689949527994, 0.28315205610754235, 0.6712328911829559, 0.28346713549108793, 0.7386963152738177], "[280]": [0.0, 76.99247868067323, 0.0001264561257977285, 149.62453008077668, 150.5860951504413, 4.372813169522116e-05, 4.9849878221936664e-05, 1.1715559032595445e-07, 0.00018315960433648245]}