{"[20]": [1.0, 1.000000825687562, 1.0, 1.0, 1.0, 0.9999973665461301, 0.9999400910838029, 0.9999997019740671, 0.9999996900056528], "[40]": [2.024620049228267, 1.9352087253029076, 898.7266997269314, 4.888198757763975, 0.21218297563261826, 0.5311851934615777, 0.8462030430520195, 0.5336175371699052, 7.222075256569343], "[60]": [5.912442875148722, 5.815220626881493, 1.6094560650049339, 0.6999205254423255, 0.515575899498041, 0.17467358123693244, 9.757931790282296, 0.39918286594826197, 6.60863780622667], "[80]": [29.918490379663204, 10.873862313403182, 5.52216943723644, 17.202173002996243, 13.36886938494863, 30.199668119153625, 38.294174880548496, 10.067839595384168, 727.8874232418385], "[100]": [95.26753632039454, 26.393478093350108, 43.32188572909986, 9.974126895821648, 5.8764826488617095, 90.33565789713052, 107.91280913237031, 43.81440971801592, 513.0789448791853], "[120]": [274.4395030219932, 29.170532686653015, 3.681545194807651, 3.4502931650376514, 26.911436940158296, 174.19683755380848, 131.39116738378104, 75.82810186791154, 421.8247483106772], "[140]": [813.3616915123965, 98.0897020505323, 6.384931128563585, 26.256543152368256, 11.431384521980545, 448.5880926817843, 219.19917282834328, 298.381863752174, 218.4515136274056], "[160]": [1074.2575400936958, 35.66007551888512, 336.94062409365165, 165.85786601662576, 178.23307482255777, 426.26378133727957, 211.1747880200507, 114.81310459976481, 91.00184382456565], "[180]": [22.407870214778967, 149.5358661270125, 105701.1713293828, 258.7518154132646, 298.2577236459611, 9.10703009242421, 423.71432785303153, 343.5306617442362, 460.5168423445909], "[200]": [1089.37223846724, 24.04289299329753, 593.080842949304, 473.92654960234665, 337.35608143023796, 383.02499958007064, 419.58763160687033, 388.4720216028555, 689.2221729528004], "[220]": [689.2338493921083, 50.72715709585627, 63.859208192600256, 218.03922940171964, 212.53343162778444, 30.008350181054585, 110.21303444980995, 169.46548870448098, 52.34275095215356], "[240]": [316.2361995970207, 19.900646831830585, 22.930038137896826, 50.54877958903533, 45.860611368627694, 17.374650779351214, 43.837384536101, 75.87709946397327, 11.577560213861993], "[260]": [95.63589919003972, 19.72083842636005, 9856.272012837167, 6.990884705766852, 0.9010638582881927, 0.65469865432721, 6.815404650978217, 17.073546595963755, 2.086026694052627], "[280]": [26.358340358803883, 21.518271919884484, 7865.341444784061, 7.638648496249056, 6.525448396274902, 10.76421125195665, 9.05422238061736, 3.8355591923196055, 13.8864638376708]}