{"[20]": [21.142857142857142, 7.899947947875479, 6.881616580309348, 340.4999999999953, 6.359388250424715, 4.93322541620288, 4.447589878226346, 4.9339911203390585, 4.134789433037909], "[40]": [51.14285714285714, 6.934141863313727, 61.58131187253011, 25.421241973587257, 37.77653866741258, 44.440492506291974, 80.83732683928426, 44.3911230441706, 9.563742256466739], "[60]": [17.14285714285714, 22.402841736852395, 5.809991819248239, 343.188594545443, 29.68566624669917, 44.89814976497837, 12.146035335382749, 42.87057434959628, 4.241910485278652], "[80]": [102.14285714285714, 72.09221441866771, 13.885578346971045, 45.64307706450495, 34.19690063486513, 143.0668533198254, 83.67408991349515, 133.49548324433508, 69.86321422565425], "[100]": [246.42857142857144, 91.63380556885988, 50.99974578987019, 135.2805784263286, 115.94232098281316, 278.1659428520877, 187.2999323035192, 104.11989551980344, 174.70198982667227], "[120]": [642.0, 112.4738874933596, 15.477264828552507, 23.793791517191266, 29.336646903187102, 571.0767657008523, 411.55151797943813, 214.0480091234399, 317.62887775001354], "[140]": [892.2857142857142, 43.70710429564406, 198.33304262923684, 29.255372282086682, 18.347434186216105, 747.9207059283485, 446.7881066424143, 528.4284817034722, 421.224975401381], "[160]": [1033.5714285714284, 75.65415153361027, 115.96381693301646, 205.805184148463, 145.95728841417986, 1153.8537811801916, 547.1968988860917, 674.8943644183837, 346.79376246508946], "[180]": [2215.5714285714284, 807.3360704413735, 607.3541885984441, 731.3239900273757, 647.6143090516043, 2637.8646111445314, 1631.6913109404277, 1947.5663529255107, 1382.8356017719198], "[200]": [5449.285714285714, 455.784941708971, 459.2520116185988, 112.84370875142122, 19.183518968457065, 4621.2492440847, 3431.3859126612842, 4485.667758562291, 3010.4859479944953], "[220]": [3131.8571428571413, 806.4186738353674, 3093.248004909561, 481.65234511408926, 507.98341031152813, 8841.872590351843, 110.42582267846228, 869.5718633317156, 525.7183323183745], "[240]": [3491.0, 138.94538368833673, 2992.4124124405935, 86.87504014429214, 103.08514954768543, 4414.512618318087, 3009.107157310864, 3523.99920593185, 2848.3058879371965], "[260]": [5848.857142857141, 76.33270950961742, 1772.703270950542, 348.6528374922891, 368.2610221415962, 235.81011169019257, 2594.6440491343383, 2614.2476574284246, 2740.0034994235084], "[280]": [2853.2857142857147, 434.05732307278413, 192.30217050063766, 231.44733769652157, 223.77766916662767, 198.8583455097796, 1301.770397432142, 1239.5204744526654, 1961.6551172602476]}