{"[20]": [0.0, 0.0, 0.0, 0.0, 0.0, 2.04902493435812e-06, 2.4016839286035485e-05, 2.9658181560170987e-16, 3.2721986845422965e-08], "[40]": [7.428571428571429, 6.202331980198137, 10.88299630757118, 7.428571428571429, 3.5726855192314524, 5.214450810792201, 6.056801076295496, 5.178935723648099, 5.969327889388001], "[60]": [87.28571428571428, 32.0217472089585, 44.09279216360309, 32.708774551157205, 6.464890548007418, 23.255783704847616, 61.38090141024111, 13.007580505131571, 3.02138580362913], "[80]": [571.2857142857142, 326.0529705074548, 72.54933376689326, 118.96232014908014, 101.0715503305496, 405.4985409486643, 460.71575467553924, 232.39319313716237, 233.83598582566196], "[100]": [2869.8571428571427, 610.0265100570696, 313.82472685888297, 1137.6008174132876, 1077.9700133170945, 1287.746941963821, 1034.8858834660505, 669.3822508221883, 655.0407143867242], "[120]": [6262.857142857143, 69.31984533812647, 3776.037256528227, 74.73001813457813, 167.84884014337877, 1543.5789727517076, 1164.00242108772, 1753.7876677793192, 513.3873063741466], "[140]": [2605.4285714285725, 98.8522082743657, 5155.341374571108, 1445.3366207517356, 1436.5361536305354, 1335.4955922482477, 161.83570643444546, 1330.9319329771788, 187.46327322629804], "[160]": [4701.714285714286, 701.76575257675, 1226.229582683075, 1359.2825666989065, 1121.63761542475, 1481.5529637827212, 553.6598529188032, 1374.3100838244854, 452.09482402620506], "[180]": [1761.5714285714284, 56.41861939615319, 95.55412326530495, 28.439221461059333, 62.40563663216153, 524.9135321276012, 135.44909801224503, 467.207096098266, 99.25279927654901], "[200]": [471.0, 158.4441311382161, 13.106069203350671, 60.887717039322524, 16.085699431844432, 109.22883078292045, 5.180706387950863, 88.94667901976732, 21.22723199363304], "[220]": [128.85714285714283, 153.13046282994856, 5.231657289001703, 89.68079728190781, 86.22271098572716, 19.265738380268033, 21.566302706259364, 13.091963332738288, 203.1033335298224], "[240]": [40.85714285714286, 208.0190081023561, 0.6995270327534513, 85.97169710027856, 86.78852872445725, 6.0755958895801, 17.106196467706468, 4.3293539112479635, 17.168275796339202], "[260]": [19.285714285714285, 175.1631803664718, 3.114282796381463, 84.39991398993226, 83.49423199821832, 5.28423129854097, 2.6725977273253054, 4.809174633297612, 2.534336154233017], "[280]": [5.428571428571429, 169.5573317060148, 1.8418493344891491, 66.97419210515412, 66.4329261739589, 2.2204068961315393, 2.0457503226753513, 2.09539609162381, 1.7593752005724381]}