{"[20]": [3.0, 3.0, 3.00000000007138, 2.9999999999870344, 3.000001266604183], "[40]": [0.41889453774062346, 21.10723807748895, 12.000000000111907, 4.187681328997584, 2.758667483473694], "[60]": [13.213553980917567, 156.56136957418508, 106.00000000004076, 8.432600309058273, 114.69108882337616], "[80]": [50.03640521300463, 156.72323873208188, 623.0000000000138, 168.9768599630611, 610.5050138697757], "[100]": [564.7268428599145, 2793.684015567619, 3121.0000000000045, 96.93448058084596, 1911.2158995903346], "[120]": [64.02542284598894, 645.9287482781438, 3124.000000000002, 618.8302924496857, 2588.013253527748], "[140]": [291.456051031284, 3068.350585347809, 3543.0, 425.6666559184323, 405.2647762547567], "[160]": [377.43025611450685, 366.1239291113184, 2528.999999999999, 353.0231090966581, 511.58982511742215], "[180]": [52.2444225838633, 85.42613823751662, 668.9999999999998, 22.834878939486543, 188.36583372896757], "[200]": [5.9182239305518465, 6.540051749878273, 204.0, 64.27115723878023, 109.2715798314295], "[220]": [47.062156787695216, 4.383445871000276, 36.000000000000014, 645.1208259257173, 18.041080950312377], "[240]": [50.67207833368291, 4.124616416910971, 14.000000000000028, 357.12564339517576, 10.620076076396174], "[260]": [47.001305262891734, 10.301579987185555, 7.000000000000007, 216.88341459384264, 6.364752530641603], "[280]": [46.19606458081582, 0.7887884815844983, 5.329070518200751e-15, 138.08232425194524, 0.11935970599316903]}