{"[20]": [0.20269813153291782, 5.974141671934976, 3.9800539745799974, 431.74293306591744, 2.076484879058746], "[40]": [7.9871128738849615, 490.68714956339517, 27.99251447553269, 36818.329595786985, 6.683440105487485], "[60]": [31.383784083329306, 96.71098427689768, 252.99468778885398, 56.609918292547974, 270.1107703903888], "[80]": [61.56977633623432, 63.49882832704638, 102.99796447654354, 1512.7843828648113, 279.5884746827941], "[100]": [33.21791113889152, 1678.5019822196464, 54.99949280010891, 272.26910107593557, 73.17115281487982], "[120]": [4.150206478142948, 19.221335997760605, 68.99961452920832, 229.44286916914461, 89.18028826489994], "[140]": [493.06502953824685, 196.29916238212812, 1490.9990948444806, 269.7576398030808, 910.604628175153], "[160]": [1102.3131992162955, 20663.24635877401, 9920.99648908597, 4049.709600727986, 1000.9699091056876], "[180]": [5612.523452774606, 14789.217628269567, 4051.8844448267564, 5132.876185461637, 1694.048620516707], "[200]": [2448.2624654843175, 332.5754463149015, 6094.997680536052, 736.5423725649731, 610.7501111067797], "[220]": [121.30726249244417, 569.9529092397153, 1370.9869478801343, 24428.07418208555, 122.10303233868999], "[240]": [120.49804109710607, 4655.133186556507, 352.9671143742761, 9226.216576465406, 125.01877018694873], "[260]": [145.0748417926906, 3.946471313088906, 66.99960847533468, 38062.780898367666, 32.24471879666948], "[280]": [369.1212021199529, 2.8197280530857993, 4.999188782311171, 6606.70073174736, 0.7005705014458027]}