{"[20]": [0.0, 0.0, 7.137977433891978e-11, 3.2810088385806005e-14, 1.9333297632306143e-06], "[40]": [8.782791383072627, 9.955056737970322, 4.000000000111909, 0.2924757522772268, 10.699132974680829], "[60]": [1.746552899010652, 91.79512021920584, 94.00000000004076, 61.393617342381134, 99.22900912785599], "[80]": [192.50380322462115, 1470.254802614325, 1497.0000000000136, 750.7475901415919, 697.8557408042484], "[100]": [2131.679088169778, 8973.234520017275, 4348.0000000000055, 4435.328400328312, 554.6773098976155], "[120]": [2756.0767727976327, 38163.45757297551, 3925.999999999998, 18047.045753818096, 301.79334625997035], "[140]": [704.1486540137689, 2480.755511878341, 1643.9999999999995, 6925.182079183896, 269.47000939691816], "[160]": [114.21915010073624, 339.4735579268106, 230.99999999999983, 1367.2818845987813, 2.9655358715994566], "[180]": [168.558582541731, 2.834000957215757, 31.999999999999915, 228.51901459265673, 0.9307138392531016], "[200]": [142.12440070196357, 0.5260031314420548, 0.9999999999999969, 176.2966804702953, 3.304731187692709], "[220]": [119.172571046054, 0.8883206343422672, 1.0658141036401503e-14, 60.56833077046599, 0.5094944890525293], "[240]": [115.33086997931044, 1.4628824256090085e-07, 2.345251993664329e-14, 5.190357877166548, 0.11701059348570525], "[260]": [129.5170036646466, 0.0, 6.090456127421861e-15, 11.573814874595485, 0.013977131423244454], "[280]": [155.60875084554647, 0.0, 5.626124413078368e-15, 11.381018565340867, 0.000833952785829058]}