{"[20]": [31.9567307025619, 26.978732557479333, 24.87073322960526, 19009629.413246013, 16.721121383554497], "[40]": [66.34786006476193, 1686.1466769799388, 337.39352518254816, 98.6675568668854, 69.91343563034707], "[60]": [732.286085380831, 16792.949138531763, 9307.745781547888, 1008.2937184117872, 7410.129736782599], "[80]": [12797.71912558688, 25166.991841810628, 14498.367517171815, 48058.806090088765, 7067.628516938354], "[100]": [1590.5029405980142, 11619.839655556121, 19301.103674328075, 45016.976755750664, 2137.464967716468], "[120]": [3505.4599217711607, 25820.250599750114, 3695.689927896924, 39498.26623139688, 512.9442138345428], "[140]": [819.3277605743465, 46220.571258885444, 695.1445118563786, 26623.316792365342, 401.05290220904294], "[160]": [317.90256948245946, 8571.514884074772, 207.86153275042417, 13330.478959580465, 175.86154013158696], "[180]": [296.128933539832, 258954491.5752568, 49.97874155409778, 12246.658436485675, 55.510704805494775], "[200]": [285.8448345619113, 77.25979561253753, 26.776493947325513, 1200.2171971138632, 26.696943555107964], "[220]": [273.80255892886044, 1249.5238850203357, 6.470658498583261, 3509.4351799504516, 7.998276969271611], "[240]": [263.92255863027464, 17.42618104817994, 1.7986681320163584, 1815.5859683918752, 1.9969378092036427], "[260]": [258.905562429294, 0.4623165057155264, 0.9416689808051473, 1648.0634582275184, 1.0003515228757798], "[280]": [256.5251636167474, 15.87573096974137, 0.9481523811553115, 3768.672739533154, 0.9999756474181472]}