{"[20]": [0.0, 0.0, 4.74392869321804e-11, 3.9197187736345963e-07, 1.2465379798559756e-06], "[40]": [0.9944392595304236, 19.73065214577347, 2.3054657134637435, 24.951832369297637, 17.074999982728283], "[60]": [13.17853134641464, 647.3054223133913, 99.96019635155905, 219.11074818317758, 336.00530640571054], "[80]": [23.31897358346291, 4820.02956823853, 7310.933102918046, 1599.7087672344862, 3684.488379190548], "[100]": [7847.1617457421435, 25435.81737124986, 1195.9117129211802, 21849.99669758227, 4555.145257813013], "[120]": [3759.5316127500364, 145989.37636884555, 7643.9019549645345, 24124.60765762248, 968.6359135297889], "[140]": [198.68652619520586, 12891.168952289683, 1433.9291034537011, 42452.398501029165, 147.03134227408862], "[160]": [257.1168176975182, 5461.141319143016, 277.99999353243436, 9311.141646185733, 126.18242852413056], "[180]": [247.33751744798542, 51.18511454376237, 50.99998787857976, 2329.176516307589, 24.121657324041788], "[200]": [212.37045788421258, 2.67265991862375, 6.9999967524452185, 4688.0680442630555, 3.056049571056769], "[220]": [189.81302868860143, 1.4841895095685878, 3.999999787881124, 1179.5763781763656, 3.818617002199454], "[240]": [183.49882265323495, 0.012255567424366936, 2.3491671790290434e-06, 1099.7322846514767, 0.06743166896891212], "[260]": [190.24990927107538, 0.0, 3.646821984700686e-06, 285.59728492036595, 0.00273370960672256], "[280]": [211.0916931676523, 0.0, 1.3821608754945041e-06, 1027.246016891278, 0.0010113909784071646]}