{"[20]": [8.0, 8.0, 8.000000000150173, 7.999999999987051, 8.00000192967922], "[40]": [29.9725149629785, 90.95374607525916, 77.00000000020768, 38.63889882087329, 18.54988025010597], "[60]": [476.84954448869973, 798.9709562930391, 352.00000000007435, 348.53700710885005, 410.100880111431], "[80]": [144.84704724097924, 69.20390016594672, 180.000000000025, 659.2393325471514, 510.4282457670663], "[100]": [113.84638833516419, 221.33025340572544, 104.00000000000819, 6.558483879200594, 212.88973083931842], "[120]": [8.497401075836933, 131.48259838102786, 204.00000000000273, 42.37921593003148, 335.5963545576484], "[140]": [2277.2809572139076, 6127.203925151869, 7260.000000000001, 3005.227397359312, 3535.9947534417715], "[160]": [1690.0412435649996, 35971.572428571424, 31316.0, 38334.52857008872, 635.346713026971], "[180]": [15047.103411725322, 92452.7026386432, 17232.0, 19480.412602294804, 888.3614000295493], "[200]": [5812.602847738981, 484.73101613581093, 17530.0, 2514.0649765087364, 816.7780029994519], "[220]": [686.0605575978034, 1783.8932863812138, 3512.0, 1048.4021221356652, 74.10085060650226], "[240]": [17.66365692257449, 8.572432678005839, 962.0, 11797.928149946962, 324.09874834646075], "[260]": [159.06185056404377, 153.75172554845642, 148.0, 5442.807315916498, 55.667418859216156], "[280]": [533.7359086171466, 3.7744058439009844, 18.000000000000004, 2591.666972634359, 7.207599128035124]}