{"[20]": [0.0, 0.0, 0.0, 0.0, 0.0, 2.04902493435812e-06, 2.4016839286035485e-05, 2.9658181560170987e-16, 3.2721986845422965e-08], "[40]": [1.0, 1.354085029577335, 0.6883423765338055, 1.0, 1.0001554890668638, 0.32799100882410404, 0.6772316942390253, 0.3874751970361605, 0.6790986597456921], "[60]": [11.857142857142858, 9.19740750596678, 18.87858376978034, 2.9999999999999467, 1.745657065283904, 8.508116910466029, 7.779940767361198, 7.51061302136484, 4.114952862228424], "[80]": [147.57142857142856, 80.14011075146166, 15.807581697095287, 13.151656743282274, 16.081021290865294, 21.021821133284703, 49.36678427082012, 53.435477503148036, 48.77514694565926], "[100]": [1565.7142857142858, 233.25622488640965, 191.8695419009846, 94.87194953746939, 229.37510224950756, 588.5650503659563, 715.4770569633718, 820.0125579454207, 718.2028580503779], "[120]": [4419.285714285715, 72.66922337547294, 3720.3636571945462, 2151.7981989638884, 997.8971913789519, 170.76852263709588, 481.10074995076866, 310.5159690676064, 475.15027292480954], "[140]": [2814.857142857143, 437.7278162933799, 4335.776336076164, 9135.49687396382, 7561.040294562132, 2358.124207279645, 1926.6751554054554, 2525.9781882026073, 2266.811649381354], "[160]": [2755.7142857142853, 265.425251848244, 609.0415773952582, 2515.3321785075204, 2506.0222979089367, 1167.6887388066907, 1123.9072144484817, 1105.1680222725377, 1263.9221928441252], "[180]": [574.4285714285714, 135.7318467996488, 12.136894555167373, 22.597046515888678, 17.460558076296707, 258.1630583517183, 461.0872302558005, 224.45330765988672, 488.16478750456804], "[200]": [89.14285714285714, 11.743537095156626, 2.988961526213103, 22.46098038521292, 17.11242870348596, 45.65661389914004, 137.95037373617248, 34.70074677108545, 162.30090891597703], "[220]": [8.428571428571429, 58.506881842348776, 2.8382594139048187, 61.686479986345034, 66.72037654970298, 9.7263319821968, 36.85754380389408, 6.455137886127382, 79.87933248279974], "[240]": [0.0, 39.03577658928634, 0.8355724740173538, 58.302945164544695, 60.58330576761547, 1.320716243462595, 9.12597729335793, 0.3907402382091387, 64.27636241520914], "[260]": [0.0, 33.853799975654965, 5.365131780347537e-07, 45.50810413204728, 47.29332154793954, 0.385100968968383, 2.3601985391836573, 0.13521771867132054, 36.972739598335025], "[280]": [0.0, 30.277665925005522, 0.0, 39.012456425572616, 39.92190811771665, 0.09247516470517105, 0.5553127742111111, 0.027015299286597388, 18.311210391560934]}