{"[20]": [5.797550136077271, 20.606905350896792, 19.986578849678775, 11512002.381805826, 19.408345991799646], "[40]": [7.176681120734559, 2721.3105149259895, 240.9789294484266, 195.58904909853908, 9.937560566321949], "[60]": [157.4110877104694, 6695.057483949973, 2480.9844143070063, 11521.836345864183, 2689.805699521566], "[80]": [904.0751200121684, 3598.822335296872, 13760.98799543097, 521253.4292773731, 12557.618319488662], "[100]": [8132.647819634322, 27668.070834835267, 2001.9939488332059, 1169.6209913446428, 5369.7839434728485], "[120]": [539.0655350008022, 3852.592182118436, 10742.967361754478, 233.29091941340317, 381.73925392954675], "[140]": [688.4626420751243, 2155.979121678732, 2994.9776192174645, 25.92109037476688, 588.9105396227083], "[160]": [591.214438022826, 302.1380298704561, 678.9741085104345, 283813.23894126207, 306.48602179422164], "[180]": [361.86351754554425, 225.70059701671, 185.48468650617298, 364041.13070852717, 132.65731134909944], "[200]": [242.05481854454843, 11.694591738744565, 52.99248035505792, 124443.81663908689, 45.45806428692076], "[220]": [193.33086277507655, 42.131377062933176, 36.958601084065045, 15832.30248518257, 35.93574092779232], "[240]": [176.3971235382872, 4548.6216447275765, 11.851062083855329, 31362.38553666471, 11.849862189048231], "[260]": [165.04693091925745, 1666.6564563988725, 6.993381443116808, 20703.405800441575, 7.021113616426315], "[280]": [162.58223417659934, 5033.004934621994, 4.9929141772397, 16679.855718926097, 5.002978791548586]}