{"[20]": [3.0, 3.0, 3.000000000150173, 2.999999999987051, 3.00000192967922], "[40]": [16.768018848469644, 6.0, 4.000000000207681, 1.2358112183228087, 38.93042495991349], "[60]": [18.592569412862872, 419.3861482503773, 41.00000000007433, 15.795481463594342, 45.46204292130898], "[80]": [17.64188151552071, 62.6015662036792, 3.9999999999750315, 5.6091986149437645, 37.62131915617945], "[100]": [15.813791231205172, 60.015016467701045, 21.999999999991743, 28.870601524132795, 5.0594470541631225], "[120]": [3.066712702817256, 19.857742322223075, 8.999999999997264, 3.1692747964006074, 7.135402671283629], "[140]": [60.540722875110646, 210.4665974594319, 180.0000000000009, 107.08202637608795, 180.0637888900587], "[160]": [95.7360288445484, 80.40385057675894, 1964.0000000000002, 799.257073959136, 289.1295677602525], "[180]": [1038.1688132291565, 7830.233655128915, 2455.0, 3949.203581518359, 320.0515563133122], "[200]": [1624.9236959302816, 3565.286714285715, 3122.0, 10468.264529191443, 281.46775255640387], "[220]": [373.1374566980817, 38.013620055676824, 1197.0, 4573.768794212972, 54.089962951574535], "[240]": [40.7870508957063, 34.402315154625825, 224.00000000000006, 1893.3726472734193, 25.842185108751863], "[260]": [6.045639888878023, 19.185689675552922, 30.000000000000007, 851.151038993029, 8.22905082580802], "[280]": [47.07076740486005, 0.4368388929386864, 2.000000000000011, 441.4523908748854, 3.2200242044453704]}