{"[20]": [0.8323498238527484, 4.5004708949198875, 3.984350105647761, 16889648.895206872, 11.773931881614372], "[40]": [0.42080127576329973, 4.386670579432215, 16.99193331851781, 40.91068113220705, 1.6639404606428534], "[60]": [24.103612210768244, 961.4999201949404, 4.996516330792546, 37.87633995286142, 20.95884058619014], "[80]": [24.961324713175312, 1.9585507020239246, 4.999564872085173, 5.921423666792385, 24.86854533190142], "[100]": [9.01339962009351, 3.410026495418366, 19.99992784213835, 9.416934384720884, 11.86366069470266], "[120]": [2.0908571131169005, 516.2145711356258, 6.999959752895531, 0.9102934737501593, 0.483676886111837], "[140]": [6.427610190172317, 79.81065770296026, 136.99992226958256, 2.661366740160733, 137.3714297197409], "[160]": [65.4500435133466, 2000.5627379852601, 1518.9997083082087, 210.9000541881938, 284.9479613302686], "[180]": [1151.9828517619399, 2352.98301848716, 5413.97963984281, 13231.81522274212, 1320.185024852252], "[200]": [571.8169702846733, 32453.35469047111, 1467.9989841030683, 24507.6307531034, 815.3747220707766], "[220]": [132.22523788948538, 1404.1618943827252, 3855.9872342206604, 570.9867911633008, 619.2323710491743], "[240]": [218.84849481694337, 1434.2968176573706, 1308.9666747088784, 7871.731389296963, 95.6582094019591], "[260]": [26.0288570515628, 51.8852958987173, 166.99960286425144, 3.981069311927808, 90.41716616157657], "[280]": [52.737830618750074, 1.5890930578797073, 12.999177101311014, 3156.0510534793607, 25.1267417499916]}