{"[20]": [1.0, 1.0, 1.0000000000713798, 0.9999999999870344, 1.000001266604183], "[40]": [0.7970197945880004, 1.0426805595011575, 1.0000000001119083, 0.4137167649743825, 0.8362656573810554], "[60]": [2.6516449098761257, 3.8432499914619083, 1.9999999999592446, 2.8650850559255554, 1.1298263519783238], "[80]": [0.041543011088990944, 0.2729066919213956, 0.9999999999862617, 0.6342762162955777, 0.7859108693911208], "[100]": [0.2366290771636932, 1.3318061730542974, 0.9999999999954474, 0.8266030669889033, 0.9726570797242986], "[120]": [0.2238129669190473, 0.03490324050620056, 1.5053251843529611e-12, 0.12767246711943703, 0.0023919680357435053], "[140]": [0.34754383552647905, 0.0, 5.041445694747832e-13, 0.06801000525270268, 0.00020170957373782922], "[160]": [0.23829733602516395, 0.0, 1.4779809337780139e-13, 0.07196867385562417, 1.6930893273194555e-05], "[180]": [0.1552330866566462, 0.0, 8.100109517106596e-14, 0.05644982664969267, 1.419676273352761e-06], "[200]": [0.13260424008093225, 0.0, 3.144847698654042e-15, 0.0165793730812831, 1.1901926518307341e-07], "[220]": [0.11573278468447935, 0.0, 1.0711786202187284e-14, 0.007008917176095419, 9.976637726016204e-09], "[240]": [0.04461823270549027, 0.0, 2.3452522360310632e-14, 0.025883495779997046, 8.361972848724902e-10], "[260]": [0.043759802044183435, 0.0, 6.090455945237663e-15, 0.02017045545799495, 7.011978603111549e-11], "[280]": [0.11322013731414367, 0.0, 5.626124335450198e-15, 0.005765544837426334, 5.913329004958685e-12]}