{"[20]": [0.0, 0.0, 7.137977434246622e-11, 1.2965643611924093e-11, 1.266604183032739e-06], "[40]": [3.5232033826127207, 4.170494757723823, 13.000000000111909, 0.5087455410874284, 8.678682524431792], "[60]": [43.018412896216304, 48.0995502941841, 64.00000000004076, 12.364135980204225, 70.05763462996438], "[80]": [45.03382588663959, 114.36710972763899, 2.0000000000137277, 75.96707389324746, 62.19586686705878], "[100]": [5.826293261902833, 15.37834188400052, 7.0000000000045475, 11.106975282588053, 44.817771520718594], "[120]": [6.973575011122989, 12.872650801757203, 3.9999999999984936, 4.935246507821574, 27.788817689891005], "[140]": [101.73801425533395, 232.3531259861927, 247.0000000000005, 120.14534903395264, 228.45862496349895], "[160]": [432.20678759723705, 798.902277543526, 2682.0, 379.7173946951725, 143.11727659460394], "[180]": [1709.379212252854, 8458.533162950258, 1343.0, 5404.55308099238, 580.7284874660327], "[200]": [1697.5064209447019, 766.5058317979947, 3239.0, 8635.472722683364, 460.50099314789077], "[220]": [214.69067098341338, 4.321682088373336, 844.0, 3284.3815307079985, 44.56503797167011], "[240]": [13.68056138048749, 62.584656221507004, 204.00000000000006, 1475.1770414836192, 50.86524703445673], "[260]": [91.19319656370334, 4.130283681218078, 17.0, 596.3467366961836, 6.893933633008718], "[280]": [246.48378880872136, 0.3062795685253211, 5.551115123125783e-15, 320.10707646126366, 2.832273865267612]}