{"[20]": [23.098227295388355, 35.38598798972351, 15.742476238076081, 143.71103772189667, 19.642655827870573], "[40]": [88.44800372938167, 105.72610265970614, 243.68944598267825, 53.78180224878157, 85.33238771665162], "[60]": [1036.284450313056, 18358.676037263234, 11889.276832612477, 844.1353444765202, 10845.124398342361], "[80]": [14333.275961278117, 18184.486098510384, 17633.41506821553, 61197.65688159183, 14211.764560430349], "[100]": [360.97827380352174, 27820.016315781566, 23235.4571196114, 44479.88184954197, 1865.6940401262627], "[120]": [887.2738118668789, 63286.39261177671, 5239.633271330627, 25570.143233293897, 1344.232593819871], "[140]": [483.6598880274766, 32329.747225102165, 986.7896338393801, 36598.1155755831, 581.3031641127934], "[160]": [368.493652987056, 1200.6551993643932, 212.99998088865522, 9191.207415510808, 169.58799334160636], "[180]": [313.9096978665272, 10.113392402187342, 60.99997619994297, 13441.543635883356, 57.19846591605847], "[200]": [277.89517622104495, 3.189282627572939, 6.999993630473208, 4315.162964034113, 6.483436547849551], "[220]": [258.4751127798423, 13.146563225681167, 8.999999553370158, 10126.429485304003, 8.944910241364486], "[240]": [247.64579423292344, 9.384612733851439, 0.9999830613284502, 6899.867924427278, 1.0064252224986852], "[260]": [247.63453657389599, 142.19017385872243, 6.63525437735807e-06, 4577.267211104831, 0.00043871119748143344], "[280]": [254.8273731474667, 0.00014815865943959528, 1.7900805581428297e-06, 1177.913053535712, 2.8248610741403724e-05]}