{"[20]": [2.5680480770821332, 4.072774903715239, 3.9905366349551206, 646851.8787977764, 47.135635632935006], "[40]": [5.892938290767331, 27.286835842613367, 22.996519973292834, 15.245352022360729, 5.360780735008857], "[60]": [23.797767192112275, 130.9225101386208, 131.9985140679625, 2651.0272180910174, 152.4017994970733], "[80]": [67.11802830068521, 812.882617184307, 812.9993128228105, 1205.6322124619342, 886.7918912894481], "[100]": [360.3270565102414, 5000.933021142903, 3527.999683883489, 11473.368815576898, 2676.1087967885746], "[120]": [1654.3532136718793, 1546.2985380058872, 1996.99861844706, 1396.5451713521256, 2472.5835387629454], "[140]": [2172.0986928247708, 5514.611522379732, 3662.998184105992, 11897.22860640063, 224.25530566791593], "[160]": [582.8466403783943, 124.09904255900878, 2143.997559606208, 107.87179268031034, 306.6060756449978], "[180]": [43.97632098660052, 81.57997893434407, 614.9507410741429, 76144.19390573613, 180.97319353192597], "[200]": [147.31626319966327, 28.106553770911027, 131.99928089081592, 55792.33714189544, 45.86997201909923], "[220]": [146.08456202205699, 11.968937248156838, 32.99603822014551, 72760.71714294798, 16.5144750757284], "[240]": [138.48940301895828, 8.671565841180279, 16.985747938046963, 45688.78624914656, 13.866141279291154], "[260]": [124.69016264791152, 1868.442787008961, 1.9993666539398667, 4103.883349715723, 1.4050282618369843], "[280]": [108.33635595389535, 67.81630117062483, 0.0001931063114654837, 17653.163786373603, 0.11251177145206931]}