{"[20]": [1.0, 1.0, 1.0, 1.0, 1.0, 0.9999975270400308, 0.999972467511985, 1.0000000000000002, 0.9999999940231835], "[40]": [12.857142857142858, 12.524090629098977, 13.0, 12.857142857142858, 11.417667066055937, 9.690048088498205, 9.306607828401773, 9.667268438948188, 9.331119977677508], "[60]": [100.42857142857143, 78.75220880975482, 40.93999721881568, 81.36695036498938, 17.69508948035312, 97.51592198465951, 108.32513326886962, 25.379557080448095, 104.95423756433487], "[80]": [1039.4285714285713, 671.4648369685382, 112.01987722696504, 97.13519252442484, 199.21734578160897, 832.4873131042043, 772.4047894045868, 598.3987283079559, 487.14162074257035], "[100]": [6065.0, 1981.1296049956754, 3027.1793776593277, 3601.6956512709003, 3762.122222510927, 2096.0156922869046, 1959.4536546130557, 2972.2636212761054, 3171.6434687203346], "[120]": [1720.4285714285706, 4903.379713632356, 16691.69509815526, 19494.375380357633, 18676.67835855601, 4002.675119509833, 5469.504780417206, 4273.454918414329, 3125.6781863173874], "[140]": [6215.714285714286, 2180.3893763834762, 3639.2328654509565, 64950.245478916026, 38860.089450834756, 2929.9689771919784, 1488.7414316560034, 2872.782763809826, 1781.2313974135823], "[160]": [2247.285714285714, 1384.8211723586187, 239.4255260880908, 8340.44623257484, 7809.775429660822, 882.1165864285788, 593.5484621246542, 783.2098279739826, 613.5075580355847], "[180]": [376.57142857142856, 337.8336822231968, 17.88023347028117, 616.4583409943552, 638.5348217470369, 175.02042951970938, 182.0389172420206, 141.61908910201927, 183.5827361947334], "[200]": [42.142857142857146, 93.78925503917117, 1.6573177251069682, 306.8949135818466, 285.486179814022, 25.842826961901793, 50.65033784039198, 16.336150782715503, 50.221992941027786], "[220]": [2.7142857142857144, 125.24532804316414, 0.20358966543997062, 254.79392313164658, 269.1044300685629, 4.472929541693865, 12.529990664951786, 1.9560084691927724, 102.81077939778976], "[240]": [0.0, 114.85235827360316, 0.0, 201.32707186662117, 208.3587169904797, 0.9013241808287302, 2.612966754056773, 0.2684154362952013, 79.25921043781537], "[260]": [0.0, 103.03606595217752, 0.0, 177.76998961753233, 181.73898533136423, 0.20383766966133596, 0.572345443416911, 0.049158309103410146, 48.260055073159904], "[280]": [0.0, 92.16555737422937, 0.0, 153.42648378674275, 156.60766591670722, 0.046100734446224145, 0.1237610918324712, 0.009306320005073988, 29.949456983538738]}