{"[20]": [7.685550568973817, 8.143857142857142, 258.7810671621092, 186.51036263872453, 161.917370672245], "[40]": [63.735491658287685, 209.81590470253832, 239.00000000020768, 172.48188721206762, 192.64103127154277], "[60]": [1675.2167899633969, 204.8496026781022, 4594.000000000075, 1062.0586197986277, 4497.250907710822], "[80]": [8693.357816965523, 14658.036956190059, 699.9999999999745, 47251.500498862675, 2189.0258437139255], "[100]": [162.55937801662003, 4824.308012105452, 3612.999999999992, 34820.550107373514, 3337.508250851698], "[120]": [876.7994521470603, 649.3400478139256, 664.9999999999973, 7837.770093205594, 153.50946354501048], "[140]": [593.838335576775, 151.88454305136463, 169.9999999999991, 1654.0286681253078, 121.61190760746535], "[160]": [347.17750945334143, 3235.526801546636, 44.99999999999973, 401.838606679667, 38.26397511538222], "[180]": [205.9351462599958, 2881809071.8831635, 31.999999999999822, 117.95917843588416, 31.639252615251998], "[200]": [131.5900365380904, 7908.105396489711, 5.999999999999993, 3.784703893363144, 5.919080028242245], "[220]": [94.9002477375466, 9.061590654855229, 1.000000000000023, 18.103059502772794, 0.9967432413278452], "[240]": [91.65737722886747, 1.387462803874921, 3.000000000000051, 15.504249535623131, 2.9991351133813478], "[260]": [102.96846524000372, 0.0, 1.216073317155514e-14, 17.50921515104028, 3.478856280265494e-05], "[280]": [122.95821939639237, 0.0, 1.1374917389937072e-14, 0.03110274500699641, 4.426530616672533e-06]}