{"[20]": [0.9914682464575167, 3.8560131275524063, 6.746202188891924, 645.1685411052174, 4.65490698643517], "[40]": [2.139432089150362, 77.97537792434014, 7.207698809432144, 13.607136346694896, 5.899827549609142], "[60]": [6.041376763194698, 6.203839356619956, 8.885297177518025, 6.385576082863923, 19.606514081935156], "[80]": [12.743356282887898, 23.650849708552865, 15.408934586656148, 12.68854376620858, 28.78340183365697], "[100]": [17.243390105809656, 9.008787351985182, 9.372023651830661, 24.768137468649623, 48.949236225447116], "[120]": [3.0991226826973435, 9.35262425730935, 55.001177205400175, 6.776758663396144, 67.50176403919899], "[140]": [10.080669912470832, 129.0084480192848, 49.00004606317, 24.383187540162844, 79.39182473701192], "[160]": [11.223820255664823, 58.50088566462462, 52.0000533967914, 45.3821870760633, 110.59186090690704], "[180]": [33.036939063556886, 68.12479776023908, 122.99999990376202, 49.89770065928327, 164.37054146761824], "[200]": [5.770290143747309, 113.44374677185382, 396.9999999596291, 88.94141596349165, 190.57201509528224], "[220]": [78.26447219893072, 173.60067300239433, 922.9999999959707, 128.19996714699687, 922.9999966159298], "[240]": [117.93385922676636, 257.4700774730659, 1275.9999995855646, 276.51859855903064, 154.91265910305427], "[260]": [438.3036036021495, 938.5453107648343, 313.9999984705228, 2024.6409831034284, 258.1466899802703], "[280]": [95.36475651634656, 81.18825764472354, 1216.9999989140458, 3600.5968083830103, 92.50512610372088]}