{"[20]": [0.4715733870108999, 1349.2650110969446, 2.975849967821251, 11965.018628475496, 3.1311397668615735], "[40]": [1.7475582540179517, 53.69962202075647, 20.99053902273844, 3438.689460625815, 1.9067746061857658], "[60]": [11.205556040392121, 153.66944833468847, 68.99493758935974, 1185.743975407284, 79.42756007035095], "[80]": [5.294604755569751, 2090.603822849674, 3.9989125297218244, 77.99682494581279, 90.91641841635479], "[100]": [5.749921824675099, 24.168331199251774, 18.99970211898471, 13.827927062899239, 46.57119013908262], "[120]": [3.921711929599438, 7.479196869348009, 9.999769541576637, 12.158838748550382, 32.97273927811498], "[140]": [177.77892460398243, 829.0733805628605, 1231.9994667832275, 126.02639102123025, 939.5435657433756], "[160]": [366.67599657934215, 17082.408955207226, 5313.996510361646, 2765.223060506548, 1745.0344620938224], "[180]": [204.78975776983265, 7927.222026291113, 3524.8982294599705, 5354.5208322035605, 372.5371648611902], "[200]": [287.2071036926443, 1174.4831539359561, 2554.998141930431, 7873.518253885488, 250.0305212045234], "[220]": [39.87117146095154, 68.95829973517962, 493.9896599538765, 28307.378073277687, 29.656692669049356], "[240]": [27.15857550654922, 353.8182075004, 91.97396777323674, 2954.970642222913, 19.562073381884147], "[260]": [26.079672004220345, 0.539796719168001, 12.99969009340318, 3173.3228898639336, 4.92659519440686], "[280]": [26.800552444617484, 0.05504042793321874, 0.2852957763832643, 10091.848076047308, 1.1180028590755224]}