{"[20]": [0.5435464788647995, 34.59930481413924, 4.000000000195013, 2.455578640088275, 3.745639043375972], "[40]": [6.188423561679311, 15.940002649131545, 14.000000000111907, 13.467142597821251, 4.013995125304465], "[60]": [12.570656390241183, 33.66857705408026, 2.9999999999592504, 7.509646267681433, 12.056176059115785], "[80]": [2.2669429490930497, 26.686945097855137, 15.000000000013742, 13.972008822066726, 27.864558517675555], "[100]": [12.088508776721625, 3.637332910177605, 18.000000000004547, 3.525041596729693, 41.358966101091156], "[120]": [48.10148373190242, 85.6232340143444, 136.0000000000015, 76.87762825749138, 147.36548265917827], "[140]": [23.281581434726377, 156.22193449930592, 167.00000000000045, 19.77684388226885, 167.25877822969562], "[160]": [61.823756985754244, 363.383182324877, 140.00000000000023, 233.61894496714854, 196.42373161152682], "[180]": [136.61692449216753, 82.56071042456551, 266.0000000000002, 358.079321349323, 293.2761056228919], "[200]": [155.75603282563134, 1796.9488953211662, 1244.0, 30.250172510865013, 554.6532807032054], "[220]": [196.81236394594816, 2186.1528368048557, 2180.0, 346.26623539439606, 896.6751298901909], "[240]": [303.9760113342563, 1543.5511132616193, 743.0, 4191.7059844183605, 260.091182731936], "[260]": [413.2820319055354, 2504.4429151579643, 1831.0, 7632.788865175324, 450.21209567213737], "[280]": [485.4624714512456, 1346.9520519877888, 1837.0, 6305.285300389518, 309.94758433619427]}