{"[20]": [3.0, 3.0, 2.9999999999401514, 2.9999986236636165, 2.999998574761777], "[40]": [2.89855774675631, 175283.57626339156, 46.990407904232896, 7.1796955745984254, 13.44927566114009], "[60]": [40.288053455845954, 757.9612261109477, 862.9894313352772, 417.44391908388405, 781.5036012865462], "[80]": [907.0811025565567, 4102.694795727041, 5978.986002339766, 3446.1218056218645, 3102.491953350416], "[100]": [726.0190260390235, 7785.532089173635, 4146.977997330141, 24316.68282747455, 92.07199641600319], "[120]": [304.3453443005912, 1469.8343801295262, 2045.9834708979834, 15858.979090827983, 426.70056040465084], "[140]": [43.04280388222251, 3913.193768014784, 311.98748762712455, 24273.244223382528, 90.85421989453671], "[160]": [43.23386359351854, 1670.424155091074, 40.99093365141299, 3133.28316760772, 14.910376696970854], "[180]": [40.01931398193502, 0.4592131513447908, 7.865399623837697, 1936.450318691007, 5.122399193327282], "[200]": [37.34616397398788, 1461.5021559192246, 1.9970949990838107, 1152.5519244927016, 1.6892351497937097], "[220]": [34.99455562344948, 3.5418617959860117, 0.9807519128676935, 698.1225499421856, 0.9713153421259287], "[240]": [33.62528652445843, 0.0, 0.020234650784785656, 507.50265317194743, 0.0027402833927386537], "[260]": [32.78004165981214, 0.0, 0.00021237377675267612, 51.601932566506, 0.0003024714954578707], "[280]": [32.37577682218103, 0.0, 0.0002044360190707921, 140.71118690190204, 0.00012062402296078169]}