{"[20]": [3.541890487457249, 6.857142857142858, 6.000000000195013, 7.75824327717251, 8.626437378254103], "[40]": [43.183762272344495, 54.37075089792436, 39.00000000011191, 9.272233259774467, 4.740931534745414], "[60]": [1.284949561262124, 82.32187884048892, 363.00000000004076, 97.90801546621765, 388.8357481483372], "[80]": [213.7330964549883, 748.6544944963262, 2651.0000000000136, 195.63448614881054, 1961.5034679267878], "[100]": [847.9709855070178, 1346.2866825550045, 6172.0000000000055, 348.3710925897394, 4084.85945722372], "[120]": [604.2092354451015, 9049.68224362779, 4911.0, 398.49536751777487, 377.51611193365534], "[140]": [59.83836316400175, 594.3952933214032, 3148.999999999999, 309.0143800578562, 526.4196199228727], "[160]": [112.89310409478799, 496.07144415061157, 716.9999999999998, 49.10520406560386, 199.8963502404581], "[180]": [103.68674673499214, 12.85813670117301, 143.9999999999999, 20.438841185377896, 60.045013888120536], "[200]": [114.89180468879053, 14.96001939244961, 38.0, 636.824147392982, 24.845190093310038], "[220]": [103.06458105797003, 0.42916616636942173, 7.000000000000011, 359.4410670139191, 4.9510483401647765], "[240]": [81.07821763833056, 2.515980261186975, 2.000000000000023, 224.39056250745125, 1.6811667983615006], "[260]": [72.26321351299298, 1.6961818127650465, 6.217248937900877e-15, 145.79538481122495, 0.049605406971579225], "[280]": [64.11291268301339, 1.3356452700043189, 5.329070518200751e-15, 94.62353197026869, 0.007717648123110266]}