{"[20]": [10.428571428571429, 10.982963723062088, 161.6099079558444, 10.428571428571429, 9.994368924728594, 32.80512736386051, 28.879506894785287, 33.09431215915702, 30.419706991814095], "[40]": [103.28571428571429, 99.52258039761865, 70.7610638100847, 133.07106027843497, 51.381893625731394, 44.97556771395652, 113.07348853802957, 45.060643230880416, 115.2000704044622], "[60]": [948.8571428571429, 656.6522303468811, 35.43293639875742, 102.7109847449326, 14.974700797231435, 887.472300557805, 987.4334299474443, 661.1007074114113, 615.8999429931131], "[80]": [7659.857142857143, 4101.921033389544, 1638.8192964651862, 1790.0278463178583, 1779.9548321270613, 5688.620565049229, 1113.0525085221807, 1974.5205767285452, 3235.818839707308], "[100]": [17743.428571428572, 996.0820932885799, 30076.72171377366, 27728.522580871082, 24434.642228841236, 1587.5176710140258, 516.2491150374372, 3396.893967450931, 1583.9832500314624], "[120]": [10166.857142857141, 2112.799651925572, 25810.91380037286, 99074.72751841437, 49361.59189570253, 5848.978046594242, 2437.613763089652, 5694.02038248711, 2340.61222255975], "[140]": [11760.857142857141, 844.0712375314233, 2637.47500007531, 449.28241073400386, 2041.654655213758, 3431.0498154678753, 428.514815550021, 3041.2176155431225, 408.6197662702489], "[160]": [3290.5714285714284, 1255.4181645512745, 104.92504294153719, 2610.741456621501, 2915.0560598733537, 681.7540820143936, 297.5068274157163, 538.8637125508717, 301.10222253523716], "[180]": [945.8571428571429, 219.06426620207367, 19.381280032255177, 1151.6026887731607, 1145.247161862363, 150.7264875795297, 146.56480028557905, 113.05418317709427, 139.66216682064766], "[200]": [238.42857142857144, 513.4332527594725, 18.32913122967105, 737.2607817079931, 749.9155470194645, 16.64899983673621, 79.22644414864864, 7.510438202597413, 77.45091585257934], "[220]": [85.71428571428572, 476.3747125408936, 2.7382897616879873, 604.7036270103929, 655.5066126543726, 10.396645955731138, 24.93432921482809, 8.31726759262446, 25.464487711240903], "[240]": [24.142857142857146, 313.101613198196, 2.2471585223852593, 395.50108211627514, 399.3050335852959, 0.5660677306675268, 11.910558158106394, 0.10989566619894475, 12.403591042470783], "[260]": [2.7142857142857153, 291.76113884329425, 6.178507595576769, 323.42619489424237, 328.1573156572867, 6.109663815540156, 11.688803263901494, 6.207117320056028, 12.047030470583524], "[280]": [6.571428571428571, 288.5032171250605, 5.536017603217763, 282.4685620449838, 290.9070536041927, 0.6622796937119917, 5.284604107000083, 0.682820642213736, 5.683003259347627]}