{"[20]": [0.0, 1.2751498798472096e-06, 0.0, 0.0, 0.0, 1.464595998864091e-06, 1.4342759040512516e-05, 8.487589428871241e-08, 8.03881034579922e-08], "[40]": [6.398440090614241, 5.155051353254806, 6.4482013797690225, 11.801242236024846, 1.9667761061321498, 2.965908784196301, 3.2357395062339585, 3.3956644139024332, 203.9556495821826], "[60]": [64.21249614593196, 13.29842313598508, 44839.112687058005, 11.817616664326238, 16.87839526923278, 5.586487384308367, 44.33457213541358, 5.914139987141341, 5698.107882465743], "[80]": [12.507294704850917, 4.077904464459736, 31.68326964023122, 37.09896969178201, 11.528117479780274, 29.64281660293437, 1.6947463697955, 27.337227131029977, 12.942357910990937], "[100]": [3.1490211226856415, 11.942451513977423, 3306.7793375229, 146.5425006501776, 70.18456500692568, 45.68824653099955, 16.249045104620762, 43.75581306241964, 14.8143059556654], "[120]": [9.376887494733882, 12.656657994598973, 11.555139790396622, 3.2313389840574187, 1.9829661624666646, 30.258551675786038, 2.1712933404680803, 28.216743857591727, 0.7759512652069848], "[140]": [101.86257133445199, 76.08427011464104, 154.61786190046175, 77.55431682678372, 79.07317461200974, 139.17687252145012, 104.58193780341004, 137.71345774479852, 103.33197879259947], "[160]": [1376.3133601125112, 573.7511774409477, 146.22947625397873, 138.0882991134988, 130.0947296850112, 712.8189075999278, 1222.3965675679938, 770.0871655023552, 1222.5264367311636], "[180]": [7010.048589818119, 582.1854646794441, 2614.3369339555347, 1478.7749508846828, 1620.2649476223173, 2893.044795417039, 2538.2392695722488, 2273.0211778755606, 3430.231353089617], "[200]": [461.2333691536066, 899.6395396740826, 8531.659604997696, 4038.9618158670746, 3607.6043062733165, 4611.916880475939, 4624.835472161131, 4485.422184942551, 4762.397972198794], "[220]": [4815.784353470261, 399.24015636235345, 1277.7034842907094, 2180.5546939079104, 1977.2995176639322, 461.03606135786924, 3879.7519095069565, 2431.6335707475696, 30346.179802207804], "[240]": [1911.3899277356818, 94.69629535146024, 178.46752280954254, 60.25772699817899, 15.562202803536884, 465.9859003582749, 1371.6554840094075, 827.7987143575339, 5647.947426384154], "[260]": [362.745260158693, 80.5557242915525, 44370.95911711557, 125.39211942260611, 146.9533570818112, 126.38381607885414, 626.9923914327243, 380.7291888034413, 4391.3159385410645], "[280]": [39.92706830267611, 78.23453853276438, 3621.701039132788, 61.0672691727832, 65.31191110389817, 9.858004567084125, 236.785372694714, 102.7397575641075, 852.7654052469348]}