{"[20]": [1.0, 1.0, 1.0000000000713798, 1.000000000000011, 1.000001266604183], "[40]": [1.4908576690228, 4.699638410802509, 2.0000000001119087, 3.231049709088037, 2.511361869967793], "[60]": [2.313491743117525, 1.7625089647517864, 4.0755843144779647e-11, 0.832651888109571, 1.263618281222806], "[80]": [1.1869214780237827, 1.454891022566522, 1.3737899706711687e-11, 0.16431526151890896, 0.37677738031865826], "[100]": [2.8529001551608966, 10.504276962583294, 4.999999999995448, 4.940509993037866, 4.887158815216063], "[120]": [1.907172695822462, 17.249171332657877, 1.5054624213917123e-12, 0.13549677135586702, 0.002522531488970081], "[140]": [0.9434533478153329, 1.0437731113561748, 5.03597163969971e-13, 0.07834366967869677, 0.0005703389801556824], "[160]": [0.38448899091412114, 0.6700577792385869, 1.4788170688007085e-13, 0.10206693905686137, 2.541870563477211e-05], "[180]": [0.11592029783296232, 0.8219519651754486, 1.000000000000081, 1.1515757824284076, 1.0000012106786778], "[200]": [0.9738457811351257, 7.783135955065361e-151, 3.1473727093031384e-15, 0.10751532260188812, 3.779506188558047e-05], "[220]": [0.821093814837969, 27.053075194275216, 1.0658141036401503e-14, 0.09367251348092331, 2.085644457139324e-08], "[240]": [4.702107689839407, 8.005952876088013, 2.3147692911767894, 1.1203325412650704, 0.9999999992637534], "[260]": [7.604391334848064, 23.75111304157711, 14.000000153126685, 13.802922490183207, 14.000000006679041], "[280]": [2.459963813237934, 4.4390456777702525, 8.3360299782005, 5.808981717311568, 10.000000000071893]}