{"[20]": [6.0, 6.000000825687563, 6.0, 6.0, 6.0, 5.999997366546129, 5.999940091083803, 5.999999701974067, 5.9999996900056525], "[40]": [38.88999731382921, 22.215764373052632, 3.106403589218267, 2092.326075153407, 2.8600846083063005, 1.760025289412434, 48.390455166610074, 4.1978761819079615, 38.279911200256194], "[60]": [564.4521997159513, 215.7791108074492, 149.494947594104, 803.200729952201, 136.15694958902188, 468.12890562433864, 518.1933890350243, 222.24295540474813, 12384.665781571506], "[80]": [7498.355724399493, 1600.3460056153456, 1319.6229092591357, 667.23562208848, 689.412472950918, 1689.5867465504132, 1619.1686319168537, 1668.2613994121828, 9653.056945105007], "[100]": [3113.907088541629, 2003.7392063256332, 20721.480840372664, 4575.918262980789, 3616.6072799408985, 4258.82009201078, 4830.721766255338, 3347.0833305482784, 5761.709836252105], "[120]": [9055.154488775162, 1311.1013865198981, 4166015.029237322, 58774.508639530824, 36638.86048252583, 4589.404625738286, 1527.4620139535443, 3312.755319453798, 3737.147364320419], "[140]": [2179.47078088691, 245.94933031842012, 109.07026012920913, 2352.911209715488, 2050.8223802278067, 1035.9376949414807, 399.26334288924494, 769.9066331357349, 346.0547989624176], "[160]": [280.15513435410736, 133.21413007857254, 13.841358121714752, 99.27309268020792, 132.73679070022217, 136.02374025709815, 54.56128157670792, 88.78561354454541, 58.52148413581428], "[180]": [53.24357681256253, 83.33822408006824, 3.3735419191666236, 258.741923080442, 271.7501279810926, 31.889893848616317, 20.51174897327636, 23.373601071073494, 20.30928249342179], "[200]": [3.270289450757762, 76.34431409398604, 1.288005007657784, 224.8009284428308, 224.5289919486803, 2.3923831472739217, 1.673963249500077, 0.8546314969358646, 2.827477099416345], "[220]": [0.2158216200409172, 67.56385255921329, 102.51400478287947, 188.58953905071346, 187.4129159982932, 0.2922218754552294, 0.7499088710071059, 0.020345196385586926, 1.300543381675156], "[240]": [0.0, 63.34459008818529, 0.0, 162.04151817590565, 161.15180649233614, 0.05144610152294993, 0.1135905795958064, 0.002497932652310669, 0.18083559114011966], "[260]": [0.0, 59.713925794023275, 0.0, 137.88634159387192, 137.2847446582267, 0.009056795890407027, 0.01748020440530587, 0.0003098441168561792, 0.030950534719304274], "[280]": [0.0, 56.609303792567914, 0.0, 120.14766663066112, 119.67912174802208, 0.0015943107330361678, 0.0026647208596609386, 3.719695684753968e-05, 0.00515973172687237]}