{"[20]": [12.914107852654624, 13.16968956567555, 32628.591155421676, 13.975155279503106, 345.1534770270937, 2.3817568529971043, 7.406521585486426, 3.882623396884745, 124472.71157224684], "[40]": [169.8370780698362, 132.9386892810399, 12.300400472967864, 808.8816789847637, 61.948258214299656, 17.309386505502985, 174.65603223654466, 21.420934902380033, 181.49320916854253], "[60]": [1520.3457374695129, 839.6822923965817, 132887.99192630895, 649195.8637951778, 386.48115285541013, 1462.6499384377023, 1176.0084778766732, 1027.530506407722, 569.4719139618556], "[80]": [11640.954130912374, 5242.495541598549, 1654.4946792587668, 2390.902405669348, 1971.665414121305, 9387.681656025581, 6495.553458136289, 4708.828618581203, 16788.90341044794], "[100]": [25754.986432707094, 823.6542263371548, 41503.63603702451, 29946.577296564526, 31757.902159966296, 4068.553945478799, 2042.0339776474332, 639.815249566655, 2279.127123825574], "[120]": [17172.238814131604, 756.769138602502, 38044.42929927515, 67622.52972988876, 56430.51679879849, 9990.526764254084, 4625.769274175982, 9341.666926717036, 1909.5100596168472], "[140]": [15675.142929606483, 2265.350723977304, 737262.8537114823, 33561.600847990456, 29600.275189333992, 5279.246983741269, 1313.7548880078004, 4375.457449179755, 561.888547003054], "[160]": [4136.856115749728, 652.7198230186385, 18667.858028387796, 494.1230301496409, 547.4187819599371, 1133.8062183324923, 19.38423502379241, 885.0787961442567, 170.54443546462656], "[180]": [971.8374140068021, 647.9504733651718, 34.197822165257314, 1656.2747061136001, 1764.9407121071474, 214.44375389887023, 117.86079875122131, 158.68141544277213, 150.81252732348435], "[200]": [234.71478391753934, 451.18003407619193, 4464.064992602975, 1406.8432139068304, 1454.328293563161, 20.961427433210513, 81.93192512649627, 8.968700469213411, 97.39206942109219], "[220]": [93.534034826522, 390.94049183280345, 4850.972357116268, 1001.1129352695622, 1001.7827211173083, 16.477369544019282, 23.019942015291022, 13.966902271478977, 33.096919177703526], "[240]": [20.79727837360683, 348.4642270686234, 3.932921518242482, 775.7610096935545, 775.5100764526826, 2.9269162758978915, 15.304096800026274, 3.3752631940445745, 19.027392655398614], "[260]": [4.714678910857157, 336.03309587641195, 2.054403533671986, 724.411197321401, 722.9852042688536, 3.5854321434997836, 8.067544960699944, 3.6799130846074886, 9.628179282512882], "[280]": [2.585562411716939, 305.8851224584523, 0.6424445367767969, 593.5275093708959, 598.3873513259355, 2.0897783219354253, 4.496253059223236, 2.1092257186592627, 5.434506589860943]}