{"[20]": [3.1286031625831114, 13.999999999863235, 13.00000000041028, 8.392266665886128, 3.644456785585012], "[40]": [6.567762284082761, 1032709.2506931659, 190.00000000020768, 82.74622368640541, 59.513870029091464], "[60]": [408.4788129777344, 177.34559355605188, 2233.0000000000746, 16.72157019815586, 2361.364816082726], "[80]": [717.2886331085265, 10263.521257434779, 8700.000000000025, 2833.135592557861, 7042.910952165551], "[100]": [10855.64417516857, 12787.728189766065, 5958.999999999991, 574.0980263746787, 1173.2891845881877], "[120]": [313.6673080472626, 1487.1659751230868, 3953.9999999999973, 47.98981474468019, 313.28724672340104], "[140]": [1305.7819188914737, 71.88014387604403, 926.9999999999991, 58.9564259221105, 305.7770934556968], "[160]": [1032.3391011445103, 626.4970606226514, 164.99999999999972, 2165.5037024610756, 80.48691174076953], "[180]": [633.2664095193285, 15.466789412671005, 73.9999999999998, 1109.8942659499435, 62.94837029383271], "[200]": [497.4849340665859, 18.829031390038658, 27.999999999999986, 575.4344309785138, 26.563655379285294], "[220]": [416.87045713136297, 0.7909341901221296, 0.9999999999999787, 309.2757761991934, 1.1865089725415956], "[240]": [324.4985065985786, 5.835491310704434, 4.00000000000005, 201.97686495769108, 3.975784977141082], "[260]": [308.6180210846256, 15.543124025387023, 16.999999999999993, 112.51510405539352, 17.003143839603084], "[280]": [305.2165838204015, 26.416509133702448, 7.105427357601002e-15, 90.33824411538501, 0.0004081658948749123]}