{"[20]": [0.2817383119262621, 24.201217980114972, 0.6718852207205113, 21.457237388458378, 1.8099414351002685], "[40]": [73.22085276675264, 435.805288761797, 310.9386779047392, 2284.1780903049093, 32.99255802954968], "[60]": [481.2542893386163, 8676.838368260842, 593.953162130424, 357.65376943613796, 866.3055940249941], "[80]": [9.62248655023167, 1100761.094391461, 172.99076289046872, 833.5878757867046, 937.5536029150608], "[100]": [135.76393044506872, 405.22768987615376, 115.99893983563227, 171.76125728001801, 331.39028665024495], "[120]": [46.76561769406046, 282.9716713175948, 213.9998529211524, 61.832076359550044, 336.27398165942924], "[140]": [976.6682641213498, 77546.29825332566, 13263.999738227434, 5844.649988777402, 4769.566651635971], "[160]": [2366.449044085678, 211725.76807108478, 6677.99864967745, 109554.59059087538, 9091.051584862711], "[180]": [1121.1392344378023, 8054.083142482951, 16329.980064465284, 3003.8753906902034, 1966.5299991423035], "[200]": [258.1149152149846, 728.171987972891, 4511.999692146272, 103.85693710498607, 89.68257381928929], "[220]": [399.1219626835868, 240.7530954081673, 892.9982973581565, 101715.02630250834, 43.504462515828614], "[240]": [145.49977921761678, 29.397750124683537, 210.99571567075083, 40942.669437800076, 71.7102267520441], "[260]": [159.0016831529623, 1.9224360451907179, 23.9999489635843, 24693.164900523174, 3.641855348948819], "[280]": [379.9080730290367, 6.912980803543667, 0.9998943014709908, 7049.845432759784, 1.1538393543319894]}