{"[20]": [24.786338201146084, 54.91220759180947, 14.949096228675229, 520497.24798574235, 56.51817431225909], "[40]": [8.87539047228007, 169.99476281791772, 170.97223056512422, 18623.40917305696, 4.078691081470599], "[60]": [1068.8928682375233, 641.3423161098741, 316.98611288490446, 469.7766534972802, 476.52317892445615], "[80]": [64.77114201112111, 21.740622626828102, 98.99676328505733, 300.63113918399443, 498.792292311653], "[100]": [6.895006228041739, 33.57758628615398, 64.99949114981132, 174.2223825669924, 281.5586250802827], "[120]": [285.68064629923293, 1061.7253142901632, 349.99811713161705, 218.49011418151792, 545.5844801876929], "[140]": [987.0633135507641, 8944.778418655338, 9752.997302121983, 2958.0543517996934, 3201.7907369655973], "[160]": [2706.770763038528, 475792.8840245193, 14108.982984394093, 43475.51841051491, 7551.500344042702], "[180]": [5201.8280923160855, 24064.21414322817, 16793.095252202984, 7369.433635759291, 865.2591420869579], "[200]": [166.80595447919285, 230.90151398034354, 6744.984423791305, 582.9553144411217, 160.89865937072162], "[220]": [550.6886498428413, 273.3842989553106, 1235.9135955558268, 42970.17552379865, 1.3851792346479197], "[240]": [220.56355983169874, 115.10538274871845, 236.78238210589166, 25705.542064322064, 41.09457888614476], "[260]": [243.01044874578787, 5.149570554435595, 31.990330789241693, 46482.6751163185, 5.348501720185619], "[280]": [646.2150358029884, 3.2815980475940036, 0.004635514315267222, 10204.367146230921, 3.0937953790204413]}