{"[20]": [9.445445557215942, 13.715285714285713, 11.000000000195014, 6.18449391712366, 8.711756388620605], "[40]": [2.5196776081635903, 10.973523665815938, 8.00000000011191, 7.611155910441063, 1.4888970116761335], "[60]": [2.16249686043124, 5.693600926732181, 3.0000000000407567, 3.7838419907155405, 11.870580564400992], "[80]": [5.286641651687994, 37.17661226998839, 21.000000000013735, 20.00549095655108, 30.501831633808827], "[100]": [13.061597687408181, 11.913114260454307, 67.00000000000455, 34.508820082043826, 79.31697032500367], "[120]": [35.69798889651804, 70.66365561275336, 151.00000000000148, 22.268237417693854, 147.29714087590384], "[140]": [61.58762651120264, 33.08644459042671, 252.00000000000045, 101.50732643182118, 232.94282622470132], "[160]": [2.4012099376197966, 96.27898043199411, 227.00000000000023, 377.01390664481914, 315.8433537463336], "[180]": [56.16534966087693, 586.114942142266, 458.0, 613.907116160969, 676.0860125131317], "[200]": [117.63268161789165, 381.53420451888087, 703.0, 1078.7364681750732, 656.1223900636969], "[220]": [93.28765281707274, 500.4223768423544, 385.0, 2948.1031342134747, 39.830135826394326], "[240]": [160.79604698665344, 1026.1823590125641, 761.0, 3027.8134094253282, 117.28054972027076], "[260]": [113.05458630050452, 34.56788361173517, 517.0, 1982.7979602836203, 144.61105525956782], "[280]": [72.68505854047442, 303.560237091304, 213.0, 1005.1531030631445, 12.821066486326572]}