{"[20]": [1.2055451768966368, 1.7320492762153712, 175.18543899761843, 1.981366459627329, 0.6095232825066319, 7.000721294064903, 47.64387171825478, 49.04005439448395, 2859.139847182813], "[40]": [3.3555110682816083, 2.830297640160816, 85.75968709909678, 3.8888820228830907, 4.198121036048812, 1.8135627890928079, 0.8191398045994382, 1.11351629332191, 1.553733631888626], "[60]": [0.7980441085399004, 0.820281995575806, 3.5596592909475753, 14.753532650170477, 4.6161990977374465, 4.47257237433858, 2.925098077112215, 4.22611464815273, 3.4991462730821135], "[80]": [3.595250159275278, 2.4690060875318505, 8057.608114284029, 3.4218367660532194, 2.8428038274683174, 4.902681276074308, 9.250387667945093, 4.916536513587691, 9.719719357869764], "[100]": [1.062232337945226, 0.927428397400322, 1.8134199330762417, 9.255171808117737, 6.796157269912384, 2.480823629073658, 5.156906712582946, 2.5293802615179652, 5.488743346005274], "[120]": [4.485458897863487, 3.212929856238222, 34052.413407379005, 3.6996749085949294, 3.469015685049895, 9.826704463454435, 14.77821619836178, 2.205245847730643, 4.17586071655917], "[140]": [10.06224271791588, 4.330692745003034, 9094.924869806762, 0.68132877223966, 1.9578336212082157, 14.20207125739575, 20.99791239924759, 10.03371120738525, 13.924972376788094], "[160]": [0.694626541764712, 1.7711326682430528, 0.5794502249384087, 3.6089244129054, 4.378244330547887, 11.231187802216114, 20.16399504270753, 7.009885363409843, 1.3696186810757458], "[180]": [14.54203391131881, 16.330190533376282, 9189.305652113851, 5.5104332937126586, 5.643332511718625, 23.991636057523923, 47.44243495557347, 18.830628974644483, 9.08824973854689], "[200]": [43.283355470025796, 33.11633741684398, 32536.816461436778, 5.199694501114931, 5.480240781787422, 53.77848055389616, 70.67245889725648, 20.64433343595672, 26.199938438584343], "[220]": [170.04034846385014, 76.63290038780553, 17.798103080342834, 35.90349616383661, 37.87289320156264, 99.71874084032818, 173.87419692819032, 147.7868016986718, 70.13389444750604], "[240]": [256.7869759751961, 16.894955431218637, 49.51934281925704, 4.3301405728730575, 14.93611559544059, 427.8535391834939, 975.9999090862528, 237.217118288023, 109.379525380119], "[260]": [237.89951665375793, 102.54926798178617, 44230.51397992207, 145.52230388627922, 157.7707790604925, 642.5027282354897, 1803.9998134978946, 642.5027256038024, 135.18670967657576], "[280]": [203.6345309665242, 19.068764936788366, 173.38081174637085, 253.31954703386256, 254.36631875423762, 305.148784040261, 1533.9779363032121, 305.1487840233844, 174.6820483582255]}