{"[20]": [4.0, 4.0, 3.99999999985216, 3.9999999768131316, 3.9999967559700194], "[40]": [18.15298335720545, 75.82088733633088, 20.0567802800855, 47.845581614361265, 66.81258348667585], "[60]": [13.196164419081029, 1988.9991825344973, 483.64520894375084, 1183.4337769540284, 1754.152061144755], "[80]": [2650.683085041125, 10359.781499887316, 18937.86631509906, 1287.2632474282923, 13995.730821052774], "[100]": [17705.88668002475, 80419.09993613916, 6048.954471181881, 58422.67190229001, 6860.439914428021], "[120]": [4233.8374055189, 154728.93194399116, 12430.840166506863, 46247.94404530947, 786.8286805638174], "[140]": [300.7335744806623, 14523.569899317175, 2165.9343485112486, 70276.21546614234, 87.84786169316143], "[160]": [241.71745119551306, 14570.92943892049, 436.99998351248104, 16294.280166547653, 196.84119987407658], "[180]": [235.23076912195887, 106.93809687485519, 90.99994047738396, 4472.372635360881, 47.86534929753129], "[200]": [218.89009267678483, 2.790623275558221, 12.999988282660645, 9573.082326029376, 6.651972172725765], "[220]": [205.28792815431663, 1.8440014637201387, 5.9999995381894085, 2402.6594877740913, 5.71794146331357], "[240]": [197.06823741851503, 0.003159962838729327, 5.116933980205186e-06, 2201.4984781423973, 0.10843453232738634], "[260]": [193.19251783940246, 0.0, 7.946916957929756e-06, 458.2010014808555, 0.004289737199447846], "[280]": [196.10193696323518, 0.0, 3.013136628626918e-06, 2045.424436138241, 0.001621610779747236]}