{"[20]": [14.0, 14.0, 14.0, 14.0, 14.0, 13.999997950975066, 13.999975983160715, 14.0, 13.999999967278013], "[40]": [306.8571428571429, 104.18816585138268, 33.994680588018696, 452.2355067706924, 194.476583218555, 17.44723388584714, 245.77591681224433, 15.001714256695436, 126.79755064644337], "[60]": [6653.142857142857, 2406.704143762029, 57.50426920484824, 979.1676242189315, 306.95418957384027, 3728.3577626405304, 2594.6002945523287, 1481.417596299022, 1471.4033303611932], "[80]": [10530.142857142859, 7189.356574521546, 36774.89883753759, 10545.181065643817, 23558.12219049201, 3971.7662164559006, 6082.149026210718, 3973.215331322812, 754.6814523409703], "[100]": [13684.857142857141, 709.0218280828703, 6015.236909441413, 13345.015729340797, 18275.20123527941, 5604.14863731974, 1029.0791385264165, 4834.723136996436, 1506.3948562466885], "[120]": [2868.7142857142853, 1362.1499621743387, 159.78850092148514, 167.53604968441277, 96.87467575464234, 811.8933261205661, 328.69523251023566, 637.0498097053837, 227.30242048922855], "[140]": [602.0, 363.3189659856944, 2.0300471171242407, 678.6154866080519, 586.934207511345, 123.56340700958856, 221.59741782214888, 94.58217529983688, 241.92265427952492], "[160]": [165.85714285714283, 205.12562213189358, 11.222027387609444, 450.94024013628405, 458.5496512898062, 32.95751382280608, 87.31851392677837, 28.538985708464025, 119.66501066847434], "[180]": [46.0, 107.33237921174805, 1.8873607825498553, 352.789762124516, 355.5479644588976, 3.3026659357407837, 34.454780520463856, 2.6542915507936726, 48.09747081520287], "[200]": [12.0, 123.65337748581169, 2.105052289979893, 251.3261633763908, 273.1379005632905, 0.4246519596258693, 10.709115263925142, 0.5174446033073536, 15.27294799833876], "[220]": [5.142857142857142, 142.06516485166412, 1.0018816342086092, 262.86561495071265, 269.92482874400133, 2.1786036351125544, 2.336698224342338, 2.1654910899594038, 4.599456169088425], "[240]": [0.8571428571428571, 131.81248259024414, 0.22935541791598058, 207.77861282229088, 214.72252822901413, 0.0018568678207518058, 0.0033779640620456696, 1.2489484440902674e-05, 0.02735860328884642], "[260]": [1.0, 108.84884302119826, 1.0, 174.3319185213702, 179.15214907685436, 0.9997405697496634, 0.999590009426146, 0.9999990789411888, 0.9957384992191147], "[280]": [1.0, 100.4056806219096, 1.0, 151.6900993655878, 156.071627667494, 0.7165675249874339, 0.2635962543368971, 0.7165313519344222, 0.028737466492251708]}