{"[20]": [10.202469177919887, 0.41318261277104895, 64.38165710184339, 85.18895872307552, 93.8990732551609], "[40]": [13.754465001851472, 96.92982145251307, 54.9824323362502, 84.81852552051782, 20.814759877663064], "[60]": [28.185668364400712, 4.844759453051061, 43.24308793235632, 6.454572528297987, 24.283634927935175], "[80]": [34.41606986393333, 53.88925369585003, 33.99855337876221, 43.12267175897149, 57.35643663118412], "[100]": [19.866396306424917, 3.7225003946232675, 13.386134044751344, 47.86317587343595, 87.89188431890541], "[120]": [24.818803691499454, 58.66453317714223, 84.00213606022177, 49.41592317432833, 132.85505285409596], "[140]": [68.0686115040449, 462.02602972634884, 74.0000856831038, 142.19615060840727, 179.53289569601665], "[160]": [36.72119133739318, 126.0575270335957, 110.0000968889629, 228.47070819586258, 248.90211499882878], "[180]": [150.9406273555295, 215.8024211075633, 324.00000000494776, 132.72096774731608, 435.7895547815777], "[200]": [12.122076686792752, 337.8405783396772, 976.0000000016889, 122.85322355767471, 664.6142409854424], "[220]": [321.43722675993376, 971.7450536555516, 2116.0000000008476, 194.08547112515407, 2116.0000061493706], "[240]": [287.32104007376256, 1357.9211104692022, 2337.000000000692, 2171.269744222358, 470.2337366294578], "[260]": [2196.217936215802, 2801.6986385723267, 1262.0000000006912, 8353.252664618596, 379.5568578573102], "[280]": [860.5907896476529, 254.1924432837377, 2241.000000000693, 9439.578683135716, 80.7377732398154]}