{"[20]": [9.50047089491989, 10.083759307157232, 2175665998.2209783, 10.962732919254659, 6.727809630199626, 204.48744100897815, 2502.938545380801, 8359.315717536681, 13523.504026286855], "[40]": [58.63940618490766, 53.03309797189099, 28374.892471740743, 17.767593767385446, 13.757589500679146, 4.687839898537134, 68.1903234503497, 4.5124341206837935, 74.47635379282718], "[60]": [3.497260274583119, 26.06928322225122, 237.19493375417588, 2421.856325936403, 46.479271786040655, 20.60818336383406, 58.78534185657316, 9.130026864981222, 163.80628642303435], "[80]": [3.49121463250946, 5.408381682447657, 2.090670571572174, 1148.0098621356105, 117.74645509962902, 40.681779580261484, 10.807609399292499, 42.33165885951971, 12.959738596318862], "[100]": [20.552523913355504, 4.66080087685868, 1.6451711877812152, 17.6974375790257, 8.786071255234186, 19.736431704621587, 6.249896208662107, 19.146287522385705, 7.3826029047823605], "[120]": [14.5152402478953, 9.391440367551313, 4972.438856716527, 32.61818072162351, 25.42892899045038, 43.109399906724896, 24.85176733596498, 43.03104328803399, 25.023347820922506], "[140]": [468.3085329851759, 441.80334422121086, 77998.93447277909, 433.91100880478336, 434.6821124197001, 515.1150158949355, 470.04072105549824, 515.0752157894013, 468.26911574681105], "[160]": [4715.090708564219, 2532.7596074601506, 108.99615382141019, 1039.14242568932, 1000.5042122396001, 5126.471491088635, 4508.747472826686, 5126.4783599075145, 3210.577076811321], "[180]": [10891.349629814144, 554.8524503105986, 2729457.163297671, 26.372961164228453, 440.5842854288635, 14688.545826311254, 2477.1816474193124, 14688.545696939858, 31826.641024038934], "[200]": [4398.495679917639, 2512.276958463828, 15528.008869819092, 59632.409771182996, 63366.46081591483, 5282.391475650514, 12667.88525291112, 9056.099773504562, 11353.598149812346], "[220]": [7864.251020096934, 1264.9945868358104, 816920.9793397933, 15447.386182182716, 6845.074197995599, 1036.8502831724854, 6111.603490316707, 3868.9684863789425, 20670.82145296227], "[240]": [2446.736222794017, 301.6381482112431, 84736.6112315721, 217.80677927422008, 70.81947461293204, 700.2052026126782, 2389.280686377017, 1254.151362294227, 6433.327494458256], "[260]": [274.5852142276657, 261.20339399695973, 10.515641800412332, 65.19965015093636, 62.17786626991417, 70.4164652781083, 847.6828816355286, 276.785370119943, 1967.9191434398008], "[280]": [20.715197875331093, 343.64502901534087, 4918.3984311891345, 361.8738487605048, 356.912753283255, 6.773722333936308, 280.1034368541233, 132.10264587046962, 448.6276425674758]}