{"[20]": [27.142857142857142, 23.39798337285898, 129.28316092916003, 127.57577810381028, 110.95042694627796, 91.03808512388302, 89.36361290545642, 91.0636824125663, 89.22650695695332], "[40]": [11.57142857142857, 3.7057921978505775, 53.91151178071024, 11.169925903607428, 20.184057443014837, 55.74868309059734, 40.17294917866089, 55.74523432492046, 15.645208655946725], "[60]": [23.57142857142857, 23.573520765718868, 15.162102084461083, 22.88280319681654, 20.719076706647535, 45.41527124473081, 66.0833367660119, 45.96463275543664, 16.686555295946192], "[80]": [55.0, 53.28624502261886, 20.536302578302028, 56.92652555283259, 53.71450581336927, 89.74371311920945, 115.39306469604844, 86.40164690927827, 41.771477312464086], "[100]": [156.71428571428572, 102.6240201965777, 59.2619312663154, 65.35700850496096, 67.63074225658323, 206.4086039400242, 251.1330584689472, 161.2506898512231, 136.09834536669686], "[120]": [340.42857142857144, 78.09027507282372, 250.55965788125457, 897.2356924190412, 761.240184918755, 363.7244810361059, 443.15557207779125, 47.76560380605531, 75.30309732353453], "[140]": [317.57142857142856, 256.3511832767067, 127.28841102307229, 84.56242434916408, 198.23850442312505, 418.9627501215376, 538.4433535171287, 67.69671639805028, 92.95177342961028], "[160]": [443.2857142857142, 316.3889712177365, 24.07310980242937, 514.8254823495649, 450.07451695564623, 741.481959277721, 366.86392856224666, 499.30629010426446, 312.10584436058], "[180]": [1383.857142857143, 743.7888311444358, 539.4828249325037, 691.2551023540873, 668.991941147237, 1842.4652388812742, 1224.0151075447736, 1505.5687818946353, 1109.1897564297649], "[200]": [3886.285714285714, 832.9697675194966, 353.5503584793778, 671.4724840807148, 745.0592606228347, 3616.0458814433323, 3016.622142110078, 2381.004194137189, 1927.9065573968828], "[220]": [4515.571428571429, 329.10460738314214, 3014.326782554781, 421.62941146382036, 304.2764864683377, 8337.614311416179, 864.6555569231859, 1115.0208667002535, 1927.0635750009242], "[240]": [813.1428571428569, 1002.8983908253031, 5113.080349638956, 1080.1544574678737, 1016.5388876390662, 5824.1726855619045, 3840.648940379786, 3685.870992182583, 3954.642056981749], "[260]": [5599.285714285714, 475.33215251507863, 3056.706676396265, 681.9112702424136, 598.4844357000266, 790.0809174778442, 3585.2886017602395, 3590.3769620701096, 3565.3384599005785], "[280]": [2996.4285714285716, 974.6496285051105, 138.86407448874252, 1833.3172028492831, 1918.2895017852998, 22.78465095814545, 1790.460025619498, 1619.405480580525, 2207.915912644604]}