{"[20]": [10.0, 10.0, 10.000000000150173, 9.999999999999996, 10.000001929685112], "[40]": [0.9877883343686413, 121.65121005805352, 31.887788773551343, 21.02486520844866, 20.534267268911293], "[60]": [7.5871204061058535, 6.419854676235502, 10.028203700533751, 19.792944141588784, 25.991511863341277], "[80]": [16.819518047988154, 58.00751826787022, 36.012447997389394, 33.26821835839559, 50.979014658696215], "[100]": [24.740130679748148, 82.02400224849501, 33.445040769726575, 50.31263129841352, 120.06938369298986], "[120]": [63.9004416005007, 113.96158474239525, 252.00196078441152, 105.05578242061165, 258.2246397474404], "[140]": [37.47801000020877, 292.09807528131364, 320.0000000468193, 154.6607035337529, 370.2341641219946], "[160]": [37.24770739946007, 246.2807183123275, 454.0000000152663, 466.4423140731799, 614.7731734119193], "[180]": [20.790020564681072, 127.37145834546845, 1002.0000000049477, 576.7489093826671, 1265.0415054601133], "[200]": [407.7685729481427, 1367.2782019481165, 3718.0000000016894, 346.266269017231, 2416.9440274600083], "[220]": [307.7521804335447, 17028.24587741553, 7377.000000000848, 1047.0856819052824, 2998.2864667443246], "[240]": [916.8275256169945, 3989.2096474488535, 3311.000000000691, 13720.02720879639, 3088.699688701374], "[260]": [178.18321576623566, 7022.79667246791, 6199.000000000691, 6035.164712675269, 1394.3987385966902], "[280]": [794.0723262085376, 1978.0850708201851, 6416.000000000693, 3042.321250820407, 637.8005585325154]}