{"[20]": [14.741067006802876, 12.865306219119473, 47847.064800779284, 29.037681180183, 15.612471731039617, 24.026287022090237, 11.503979699346884, 233.42602514816653, 807.7238346552233], "[40]": [246.06983614485753, 179.9609431281334, 182.12119659180473, 238925.20997767686, 181.5627992422157, 166.475428986097, 272.629033162608, 139.41505093526857, 146.72889118516628], "[60]": [2452.9822656038837, 1338.5307263004145, 329.09790513502094, 10355.59238996685, 22.28487402379699, 2252.8518618236762, 2150.329553146103, 1495.8509110793475, 3940.5863694947266], "[80]": [14165.792652193393, 5216.926046509337, 192852.5320432631, 9872.956068727985, 49.181790746215654, 11045.17234589855, 7041.358968418541, 5173.838746847015, 2993.164249980268], "[100]": [5817.425408487069, 7412.135640480452, 40633.07470462301, 79275.33772887135, 81431.66285962665, 737.3566871352443, 2374.519279708541, 2931.844056199163, 6350.26107567478], "[120]": [14897.291408879604, 3668.3762710471756, 10011.274149785311, 42750.01865929937, 42249.37561384174, 5525.367789213797, 2215.5721976844848, 4571.567806194229, 512.9369844379311], "[140]": [5699.6377331036165, 362.31219178648297, 355.90723355757945, 5175.2406164146805, 7250.418522782768, 1738.126566971508, 211.7677817207883, 1373.8200410607794, 31.207786541468067], "[160]": [1318.4988250180636, 458.0828340810986, 7.321878131994418, 452.6383405346209, 680.0612457986394, 312.9517409551053, 72.32689284138114, 231.13058777664568, 140.14655924508565], "[180]": [335.0137937959913, 222.99282157202018, 4.517282766087931, 112.47900413324446, 280.95980052896346, 68.4265861914086, 51.495683720523765, 51.47897284639648, 62.7366493522045], "[200]": [86.50477784582877, 202.759822981705, 2.913424567706569, 585.9637132649084, 597.4373058908235, 10.77342541318206, 25.306140416329644, 7.400301565781907, 26.40505546599059], "[220]": [17.71135630348819, 228.8888309630786, 9.392827479790512, 697.3350957825118, 724.1795363801224, 5.2958561880587505, 16.962860778754525, 5.917780957100706, 16.655172283820363], "[240]": [10.265567306042996, 227.73143122530826, 55.567610206062255, 576.880595886549, 580.735634567953, 1.6619880568139147, 8.316671245750308, 1.7829434253055596, 7.723908377100832], "[260]": [6.484376670902457, 197.12756077575887, 0.8962805382289453, 476.92312823381565, 484.7055993217077, 0.8816381835984908, 2.341700684877193, 0.8584030382156892, 1.9913655843175366], "[280]": [2.3624350572834745, 196.09019315909117, 0.39701351220045256, 447.04657272439084, 448.6387407675785, 0.46155540193015687, 0.5094861154861041, 0.4572367939777258, 0.39844298092839797]}