{"[20]": [31.33781430823293, 844.6361826957882, 18.96550225991997, 883.4951870140185, 391.8881927508236], "[40]": [39.052985936650515, 212.2146928812862, 211.97036759009944, 288.79333239358294, 6.3571830365107855], "[60]": [122.43136772265495, 1322.0521169411434, 1999.979917418727, 3521.237938444104, 2172.9383677961546], "[80]": [2515.7185821433973, 15430.06979856605, 14830.98636021383, 3116.556907970524, 14402.157209179415], "[100]": [30856.120091228568, 41923.47882742782, 18679.98861518676, 2326.611702875582, 16880.80303834161], "[120]": [13910.11431093664, 37393.13625452255, 21541.90079717469, 859.2345201488308, 970.1900947101761], "[140]": [1138.2186846113425, 2639.321648531987, 10640.92258886378, 46.390330706855266, 1010.5716581270789], "[160]": [809.0862386985867, 210.54308161254815, 2477.9095802763886, 98.50228872454474, 617.173284143136], "[180]": [1060.530515121268, 29.609952854823117, 536.1993515892487, 95.3022524762766, 235.35147707420958], "[200]": [928.4255330905454, 23.232361017209147, 162.97371478265632, 1726706.6011501343, 115.31631445697728], "[220]": [825.1033627862631, 17.053893557756005, 70.8553488650894, 83478.97676215073, 63.52686146468502], "[240]": [710.5941593859345, 6.152190843489029, 0.14821338742944323, 522086.0711331963, 1.166872834352887], "[260]": [617.4184633568645, 13979553.34645717, 7.976873404388211, 54345.15158256194, 7.816776816127], "[280]": [561.5985407317709, 3.783201668718504, 0.0070513120790501645, 48954.43242200744, 0.028610995136391672]}