{"[20]": [2.142857142857143, 1.7397325399113721, 13.229130493125336, 2.142857142857143, 5.548057498960787, 12.611846744335228, 12.558677884551745, 12.379014705929585, 12.523052742169476], "[40]": [70.42857142857143, 23.29128688032202, 25.251412601783912, 77.62010769557881, 27.687443226781085, 5.750167437196424, 51.759289226481215, 4.666493612000622, 18.760931383093478], "[60]": [1717.0, 809.425876343013, 464.11871550470096, 1784.6688007583011, 303.2657707396934, 737.3644818741766, 266.4824639847111, 565.7710331178689, 438.2275022599133], "[80]": [2562.857142857143, 1361.2518030344545, 9414.653578154725, 19112.38984261907, 8501.180275990462, 974.6181508753398, 1642.088357349825, 1651.897524994869, 114.19494491858131], "[100]": [3426.5714285714284, 517.2130430908906, 1515.568745165394, 1301.8226492700796, 4142.58998007216, 1400.703669902201, 354.94308026618, 1171.2956529264402, 406.66016786394994], "[120]": [707.8571428571429, 171.47827846521977, 77.56481192862975, 234.4958167503504, 90.05868619911325, 174.0288492276079, 89.0450238641198, 121.37451525098538, 90.74892588545902], "[140]": [151.85714285714283, 215.69783438647346, 26.780892234539436, 267.7561828305127, 256.25608003001435, 27.419256782019602, 93.60865573864317, 18.320184598641816, 95.94844549522442], "[160]": [38.42857142857143, 21.945959485865842, 13.59323950374749, 59.65045902734849, 72.75427040324132, 6.625656813207556, 54.16699117960176, 8.094687244524522, 56.75713629414325], "[180]": [17.857142857142854, 56.061750743237326, 1.6150094845897804, 108.00923746596982, 120.57796969043858, 3.0476853716619594, 21.168198624987493, 2.8193692961826606, 30.556966486759016], "[200]": [4.857142857142858, 45.493376985876694, 2.7909097556191997, 78.40583384952907, 85.69313426652499, 1.9172168991159904, 4.433918505953283, 1.8824813988442948, 5.315335285966176], "[220]": [0.5714285714285712, 44.67590447708653, 2.172273673627106, 72.8370241069631, 75.46220332368526, 1.4120598905505721, 4.370463362847653, 1.4172995226419505, 4.842022835293826], "[240]": [3.4285714285714284, 29.686294091300624, 2.5157771586038455, 53.124317465025335, 55.86489755552293, 2.1503831302397978, 0.35896995684241173, 2.1495971086732477, 0.139678954185226], "[260]": [0.0, 30.041418123971198, 0.0, 51.77499751172135, 53.61200988096016, 0.00011788479769208641, 0.0009921306641733339, 2.2786791347739845e-07, 0.0017870580440066466], "[280]": [0.0, 25.46940867767512, 0.0, 44.6407709154026, 45.97296299203689, 1.7608117057841137e-05, 0.00015236553595342585, 1.7485948449018804e-08, 0.0003270084767753594]}