{"[20]": [11.966200548665602, 21.999999417790473, 21.987716422716097, 269.95665584019656, 6.674037736727112], "[40]": [11.78674937868027, 84.0180173611939, 69.95870448799369, 43.51787580026504, 23.038494039188432], "[60]": [15.778433432537144, 41.13407396521371, 132.98823568750927, 68.34394953382544, 195.51207008276407], "[80]": [106.97652303199393, 24.636874790681087, 376.9978479550739, 60.785979131605956, 419.75319414435313], "[100]": [243.88013448580338, 672.1735820535605, 1542.99937435866, 179.36454121235377, 1335.2632662514313], "[120]": [312.20667596013107, 458.750016748077, 3526.988446893041, 2534.3391791383956, 653.1683453401034], "[140]": [284.2147430696252, 2108.6448305322924, 1961.9868655902524, 6883.9381260166465, 2532.0600275163747], "[160]": [1338.724924245971, 2618.3480231553176, 1892.9728149431542, 14127.92270063395, 1626.2218680470253], "[180]": [190.09633423361757, 111.26789422191678, 1733.4849175390004, 13840.776813778062, 1007.8685353190411], "[200]": [1593.4697114708242, 1119.9645819019568, 1439.9927086617915, 11852.525142207433, 175.26805138738516], "[220]": [1407.728205218939, 30.446078868842843, 994.9605031552006, 11915.850133348464, 455.86395033134517], "[240]": [1069.349036052478, 298.6804317594273, 727.8595455415436, 8729.950696667262, 271.8085568837648], "[260]": [466.0601536549075, 415.816851086575, 435.99278360270404, 4286.900812868599, 166.1317163110817], "[280]": [75.193309026078, 21.840603159132858, 253.99106894497064, 9841.39390574556, 127.18677931829862]}