{"[20]": [12.621768847449195, 12.745718266983866, 11.692032913211849, 104643310.03115971, 4.922423494694646], "[40]": [14.081970999715407, 52.6635486683014, 23.79730824005584, 48.10866993238813, 14.039162986603525], "[60]": [6.2200480059487875, 5.576086767866537, 2.7142156520892073, 24.962114608471044, 31.818531236223368], "[80]": [12.540538725740355, 20.220249878434462, 13.970764537032638, 10.141545099982523, 32.1415958101471], "[100]": [15.827186523964121, 9.705421705362193, 50.995750341509314, 25.018301285660474, 75.13256669619952], "[120]": [9.476505144222005, 9.759017388994938, 95.96335647009592, 8.317459420917272, 154.46557772111214], "[140]": [63.87252990311433, 148.53792959288285, 40.97483643214363, 57.2723667250516, 122.22220855329321], "[160]": [5.105664999608823, 1088.0852172048076, 66.95506909951918, 108.2221071360946, 184.10771228494238], "[180]": [52.65754503226678, 788.3138480524051, 205.12392017762855, 49.86305833270931, 317.4633956338974], "[200]": [23.088426902312495, 182.68323813196966, 739.9840190271836, 159.70639602749313, 780.3922229679608], "[220]": [67.30336746474218, 4947.221104866934, 2032.843610961531, 447.3828509061469, 1009.2743707891575], "[240]": [235.7362158201401, 1763.3973539762912, 2754.668205973939, 871.0497377902127, 2756.0000000163773], "[260]": [1171.1100616524316, 3258.5839067385887, 653.854623344418, 4002.991834188829, 1631.4924160291284], "[280]": [307.3259080557418, 2548.983180341303, 2530.7395451643342, 7355.901242783623, 334.92984285219956]}