{"[20]": [2.0, 2.0, 2.000000000150173, 1.9999999999999962, 2.0000019296851117], "[40]": [4.456069709345236, 9.571428571428571, 9.000000000207681, 7.087127833244978, 2.8168329093484683], "[60]": [6.8760014311046085, 46.12482807340497, 19.00000000007433, 7.686404210542868, 25.604950283971608], "[80]": [15.478741679214195, 76.48188810866438, 31.000000000024954, 22.799901745821828, 24.385603857398706], "[100]": [6.656704685139715, 64.80289981461885, 132.00000000000824, 45.6386278636391, 160.00748052865913], "[120]": [68.86947129413875, 97.64884127520702, 387.00000000000273, 24.735100656027726, 170.7024375642086], "[140]": [255.28323741231657, 13.555706524920652, 902.0000000000009, 160.11594939199676, 761.018841603445], "[160]": [232.7685038987579, 673.2433960860963, 301.0, 2048.903898432186, 13.230902102455275], "[180]": [68.10894348032343, 65.32561617831516, 128.0, 3416.4477483032897, 451.9066802849625], "[200]": [253.09994909199736, 506.54730649026305, 430.0, 3957.396272335858, 215.54573915735205], "[220]": [209.15655878679672, 637.6417867295031, 444.0, 3074.3788882128765, 33.29933402917891], "[240]": [114.8434858959115, 112.57734216648703, 338.0, 2047.767612268446, 123.55778779138905], "[260]": [48.70817706341836, 250.32913577268357, 223.0, 1256.8956958263218, 134.45746292330546], "[280]": [4.641729640762719, 9.0516679145598, 103.00000000000003, 668.7536256345586, 34.418364541147014]}