{"[20]": [17.0, 12.823873183826311, 4.191256466797686, 6.209216589648621, 8.57387670472447, 4.007379436001784, 4.679940525973908, 4.0112447282823105, 4.627906298267185], "[40]": [215.28571428571428, 106.64442170792847, 12.65092194510504, 36.365818582110194, 5.9499326720268755, 35.61601852538604, 224.28412905954252, 35.88871141798552, 72.13884330601354], "[60]": [1231.2857142857142, 121.72460937055939, 1417.6827786837457, 915.6802736071891, 1269.4501179701842, 573.2397087290312, 389.116084486365, 281.7126500399413, 280.9613337995834], "[80]": [472.85714285714266, 280.7989258220805, 409.8223887299214, 2602.095180273452, 627.6198472557435, 815.2036640877459, 190.15971356505906, 103.63877152771647, 112.8050947437132], "[100]": [425.42857142857156, 61.286640768214056, 156.49517412767318, 750.0335721358788, 457.36522017806965, 1213.038093843572, 276.62502436413115, 253.15321471897232, 217.97573822263166], "[120]": [309.8571428571431, 0.7954678055593831, 101.67414554753304, 0.7508382041978621, 96.02219691120263, 1395.1430099595414, 202.46014597226622, 310.7944556170969, 117.92841632650652], "[140]": [14290.714285714286, 3850.7014481859005, 7009.343228674959, 627.6727922014543, 554.732434489837, 14422.422750023747, 11688.046712755866, 13372.997700453629, 11286.757739714856], "[160]": [16395.0, 5929.232930974817, 34375.38342125404, 3688.638681463439, 3609.936129587659, 7399.6736642326505, 6497.374792854564, 10431.60371325734, 15904.466132873073], "[180]": [22002.857142857145, 2385.846018672568, 13248.299830516444, 278.864220806543, 735.6018101911759, 12475.127952858566, 16905.883468729786, 17275.5211027575, 19434.491752836184], "[200]": [8669.0, 1339.7898573130406, 556.7624285163802, 1553.8808054690744, 1364.8200717839773, 4441.2481023130695, 4418.227035957641, 4582.642594659479, 7673.115179493199], "[220]": [1869.0, 104.90705809931751, 5.880992124080649, 338.6943433829622, 380.03225892828686, 1048.0110890691044, 1070.311032624265, 1050.257976231042, 2663.3313011365935], "[240]": [480.28571428571433, 47.602244442807205, 77.32717351638331, 2.678114607240218, 0.9742003465926814, 307.45117228782465, 316.75918354945156, 306.94167918131257, 944.7245239037732], "[260]": [63.42857142857143, 103.61615128834455, 9.766060880915575, 206.71346054984843, 209.0357239135273, 63.978127589605876, 73.71530110020889, 65.5463971792919, 296.0767987411831], "[280]": [6.714285714285715, 93.89952626732884, 4.057567225575916, 177.77890976845643, 176.96920438179524, 13.243095962191902, 15.471698486980507, 13.226624140977862, 98.58712265188564]}