{"[20]": [21.91228964647845, 22.29394462422427, 1499790.7505547605, 23.93167701863354, 20.079577245085094, 13.764688167644625, 12.512375819923909, 40.84996684419022, 103.84291549984921], "[40]": [54.07294947724294, 79.61618957655399, 224.3275291979094, 4022.4824380774457, 348.9915824534188, 133.2681044745412, 79.79627891777086, 83.12476931762927, 134.860193154419], "[60]": [75.00249401868446, 44.856607372764024, 15.300280900007914, 73.74344913895716, 44.83267017174063, 114.65093635718259, 111.30800019873085, 121.49437885075596, 133.5142649311293], "[80]": [146.37850740219318, 61.89746956006133, 5.667995888723787, 9.192941841388036, 5.887656059035185, 226.71019923230534, 125.74768858774176, 202.26702635532203, 105.20033791070391], "[100]": [458.7453155029078, 383.97879686305424, 148.19460658090648, 177.25155022184327, 166.7760095297661, 596.8566324338937, 391.68326018713566, 511.447333367524, 299.4902615527818], "[120]": [1343.0333178410658, 427.55195915838357, 158.52708800915158, 194.21230276069915, 318.9483255765349, 1460.701096787136, 958.4884292597246, 373.46855044022334, 571.198057189691], "[140]": [2116.0102915580765, 272.8653765764762, 63787.15136005762, 421.04503098778986, 424.0917956921892, 1880.4535934066234, 806.5826190041079, 331.9798829733974, 2032.4913489605015], "[160]": [2168.6761454214125, 130.4971500603297, 1555.2298769119266, 1184.1433179532664, 1311.1384508680449, 2603.5835956637275, 922.874847223818, 1047.1907840425174, 641.3836721943375], "[180]": [3722.146557488516, 1142.0594562088443, 696.8058868864393, 265.09354898498236, 457.5185586414936, 5380.649073361512, 2814.893971496848, 3099.5788724161407, 2156.2225050336046], "[200]": [7840.9615187900845, 948.0795177938445, 1225.8347556804542, 317.74645659906867, 257.8498106863994, 10617.295670138014, 6304.7453842071345, 7683.171700905901, 4975.034199505596], "[220]": [2312.782478111815, 3131.3006731005053, 269860.571126106, 3336.287868377216, 3505.3700177071555, 14291.086096141908, 322.36715572241394, 1325.6482323261025, 5525.334389234945], "[240]": [5981.705130452889, 158.3601937831947, 5525.073253494345, 770.4643354972166, 408.9552163704408, 7249.37673997274, 6080.179720691926, 5288.506527208176, 6567.89478251372], "[260]": [7278.897583771829, 180.41731691835625, 2097.7779888893742, 4518.120975127008, 4323.70864910961, 1919.9369311342782, 2744.870729712947, 2906.088828131105, 1768.6207281085856], "[280]": [4244.819298946764, 160.22377285326505, 145726.89435741818, 813.2074966653223, 797.8153280160323, 266.4085879998173, 1298.896354495286, 1470.0844914057855, 849.9502256620622]}