{"[20]": [5.571428571428571, 5.990467027783706, 36848.15250392613, 5.571428571428571, 5.183342650681166, 177.73275903256592, 129.328460956958, 164.32351433548553, 138.73688037630112], "[40]": [27.0, 25.78454962369203, 24.401946992727666, 29.502917127049415, 8.534001646066468, 14.9909197358091, 12.155976639072303, 15.023528552626129, 16.617051485219317], "[60]": [287.7142857142857, 221.42227220236072, 259.03278631605497, 17952.575937054316, 111.62647679598945, 244.6140202002614, 280.85952390229613, 16.65474546968028, 174.15982628727164], "[80]": [1884.7142857142858, 821.258246245076, 542.5796685704995, 720.4492687862494, 820.6974947999192, 1428.9371927799045, 1556.5380614711407, 116.20574667489109, 630.976256413503], "[100]": [2694.285714285714, 1056.4095988406189, 5351.033962036967, 1585.6089697062962, 1735.086775360644, 1223.8191504069282, 459.45886730223083, 38.1630341079408, 85.26615293960367], "[120]": [2540.0, 118.36819042216985, 3622.3428942148685, 20603.415831350238, 15452.000543431954, 1059.634560218462, 1262.3995272027105, 966.915825325128, 2238.911408388176], "[140]": [1774.7142857142858, 448.97305028384494, 263.5763021926666, 1271.95969299349, 305.70957319963077, 509.30262761550784, 174.99208176277352, 420.1126843752993, 22.880020980566087], "[160]": [453.0, 227.25521177229007, 2.1372360009389126, 264.1549768963192, 104.90844403549727, 116.03114355214586, 24.30587424769655, 90.01609339546218, 23.75046704389601], "[180]": [96.71428571428572, 194.87328212942316, 3.4386176084565108, 110.92090522920012, 110.78559513811763, 14.904921610849762, 0.9342340695790483, 8.414237134566235, 14.212305218371341], "[200]": [18.714285714285715, 278.03789061772227, 3.3171432087519968, 170.23503815159657, 184.49463096812283, 1.9892166380349643, 9.365230230247992, 3.495129743922355, 59.838118242772964], "[220]": [10.285714285714286, 256.07994833394366, 0.41043874015499693, 186.27273042148326, 195.87987211971273, 1.773614509592237, 0.5213367962002282, 1.4414319069174741, 43.535340407963524], "[240]": [3.0, 224.93113662840176, 1.0638890538167836, 138.92313689117708, 149.77317781295707, 4.4612382776713, 5.3622397931955925, 4.533027668739908, 5.480994201983727], "[260]": [4.571428571428571, 211.41929703597896, 4.619819017394193, 121.1855045358792, 127.87451987696036, 1.4449600273088024, 0.44136687758188886, 1.4298077996830325, 0.220732689939652], "[280]": [0.2857142857142857, 191.64396258645002, 0.040053310257489726, 115.69089298373765, 120.2063531328638, 0.003371364376352784, 0.016243655021658632, 0.00020704649399335296, 0.0014799361661477844]}