{"[20]": [16.001342573247236, 12.488791426177567, 2.5748378851629554, 5.545505629068583, 7.911445152806108, 2.6260887529349235, 3.033006510197686, 6.987275171428734, 14.882735258077938], "[40]": [196.42189082510941, 91.68208029078305, 8.793843713442746, 29.706716230407043, 2.7286917448055052, 26.44389929338815, 218.3449580772574, 18.996978952015272, 2817.3443690075887], "[60]": [2114.9267926578837, 692.8604685195126, 54536.01364650503, 363.55643609201985, 254.0811907092166, 1615.5484012938923, 1196.9571082087596, 556.0573143319828, 1025.9292124270285], "[80]": [14896.273998835031, 1221.7420343602485, 39843.02729664701, 2921.199025889956, 2781.3642185482954, 7588.672437300343, 5446.65515064065, 1537.8372550208044, 3731.1386990263936], "[100]": [8866.669661473437, 6070.3277679531275, 17255972.119689755, 4012.4691411473495, 1807.0582487089132, 1731.9956121987213, 2711.8361631665653, 1712.3705402316953, 4542.999304376587], "[120]": [17583.78819785078, 606.2111486708193, 5721962.871377826, 41055.75363090474, 17333.50925565057, 6722.032309520259, 3429.385271194359, 5740.275983220926, 2481.884528123892], "[140]": [6773.437310611104, 531.836424069689, 212519.61005866737, 3261.0300898640953, 2388.0804662358355, 2195.6690593034473, 288.58803340858566, 1813.171608913752, 197.33216874152004], "[160]": [1653.307659523101, 235.6882195847312, 14077.72879211296, 623.0526253641485, 671.0445433606594, 400.10633640904035, 153.28886981824354, 323.06796691578495, 165.64058879552135], "[180]": [457.5444659065833, 269.78183625250796, 22451.931055298384, 593.1867784248627, 591.3939143206142, 113.79929309104102, 50.00216151447979, 99.60847895133182, 50.97307572158366], "[200]": [114.10352992091454, 149.8765322358851, 17020.672390531738, 226.62842991262835, 259.496844584272, 5.9309775203082635, 49.472921135926796, 3.405910358323197, 48.523414493423886], "[220]": [32.97920576664707, 140.44146622078014, 6.4520537999561585, 284.86268641444263, 284.40856128717155, 2.377745292559691, 20.76762090807937, 2.765330030394054, 20.21408924638025], "[240]": [17.236266502240866, 122.23990684262597, 3.5743365276269303, 185.59516036397045, 187.52899609069138, 0.47978818131274237, 8.271707785383096, 0.4046682116475745, 7.915111836071547], "[260]": [3.9946604150347924, 111.49432700517278, 0.46237439770833655, 130.54200491383742, 135.3043554632351, 4.0723860329172705, 8.642476529453518, 4.084449428991204, 8.427349197956412], "[280]": [4.981336849152739, 103.53968487255452, 0.7549441137446758, 132.13995101518753, 136.43431423877138, 1.1676228645402553, 0.6615562409150821, 1.1654881760855704, 0.5786750605567001]}