{"[20]": [2.0, 2.0, 2.000000000150173, 1.999999999987051, 2.00000192967922], "[40]": [2.4493395504985616, 7.807467446837931, 6.000000000207681, 0.6056906099852526, 2.460240673864188], "[60]": [11.351620220213078, 13.485030286974421, 40.00000000007433, 22.07557604733103, 46.2185765477898], "[80]": [78.96468251319737, 92.79815900847984, 277.00000000002495, 152.70420318058586, 132.50778223209966], "[100]": [99.54208809159672, 863.961098693545, 1707.0000000000082, 196.2253162019024, 1499.3094090468246], "[120]": [18.834650426484586, 1621.041476193217, 3866.0000000000027, 392.9743623210061, 1668.6699970915852], "[140]": [1059.1482861878321, 6209.4241042663725, 596.9999999999982, 26.466796847036676, 1144.9768116256082], "[160]": [963.2819039670521, 1707.7182271678357, 3587.999999999999, 489.5223601882817, 252.81707219005557], "[180]": [319.8148556348433, 578.6324407338141, 1484.0, 96.41774232524676, 206.12040150980897], "[200]": [16.487171417621738, 101.90316068668221, 355.0, 2114.5781402131133, 39.95504060412753], "[220]": [44.50668340509549, 41.34249903595446, 89.00000000000003, 1041.9480187102386, 19.40166886047092], "[240]": [59.279730291136495, 2.713103490617204, 24.00000000000005, 570.4347174494164, 8.99681097481984], "[260]": [62.00515825994933, 2.318880890401669, 5.000000000000012, 296.83587724462996, 1.7828476722098205], "[280]": [55.71525344767434, 2.933381372639944, 1.0000000000000115, 197.82365970752585, 0.3109209955516512]}