{"[20]": [9.0, 9.842410256128472, 4.892313268909942, 9.0, 9.017717223146533, 7.44561225079202, 7.641654982304965, 7.45933720698914, 7.645399175537077], "[40]": [67.85714285714286, 36.119779220745585, 35.23359409450658, 869.4701810117771, 19.299468002811125, 21.753676854846773, 72.21871716739348, 21.791932454732134, 75.87155674713178], "[60]": [837.2857142857142, 285.4085255200705, 53.08267679021765, 81.08496830753711, 67.92700899631473, 563.5506724814655, 645.2443259574336, 163.7441709118557, 272.3203689302725], "[80]": [6134.714285714286, 27.305793198949686, 2720.22681187719, 1878.2824348510658, 1864.7011184712865, 2029.294176507443, 1899.7671158445846, 502.20849045312025, 91.59111874969676], "[100]": [1934.7142857142862, 723.8946166223541, 8174.20498265103, 9166.964809683228, 9732.964530818215, 1743.551473632635, 1251.823346352232, 1560.4987883469294, 487.2639627938006], "[120]": [3926.4285714285716, 1089.6648633053173, 847.019188372914, 7908.868394179955, 6139.869459369998, 1375.2004885321858, 450.13768362490737, 1169.8312673410874, 254.87909269755392], "[140]": [963.0, 136.46437801854745, 20.794036587756864, 404.27824437225627, 510.8033705438702, 272.84758383491067, 13.991760134726746, 220.11179612641763, 49.7353829517391], "[160]": [175.42857142857144, 136.32145849592735, 50.44113974724951, 200.9515849084056, 207.89951154171968, 5.67820364487153, 88.7870595315741, 5.223097465735464, 86.40898964311086], "[180]": [51.28571428571428, 87.50070558505695, 8.54829331046355, 166.7514058245697, 159.75725655717588, 13.750578046269212, 70.2417752371752, 15.828779031008935, 58.17577907173305], "[200]": [23.14285714285714, 80.3205480563779, 8.025901002494308, 126.70760569735265, 127.65059620894283, 6.978783393645003, 35.96633583603902, 7.356214828007737, 27.977409986435084], "[220]": [2.0, 53.16175017455862, 15.074576550316873, 43.101374503508765, 48.70018826821713, 18.98455228784047, 33.82098112842925, 19.051297253597692, 19.90582948911768], "[240]": [3.2857142857142847, 45.018577870140234, 3.1783467653257276, 54.957815375961914, 62.893393291947476, 9.310981245251433, 27.50112730393957, 9.322614458884388, 20.351184713737894], "[260]": [9.142857142857146, 46.46379219186156, 11.280342299631116, 39.54663392331197, 39.2153009119165, 21.336695179853002, 36.85376317489126, 21.338703855705617, 0.2985960238626788], "[280]": [3.0, 73.47090515150694, 7.813446959336034, 60.18336380603766, 59.711005579695936, 17.85817724196189, 42.31014962898632, 17.85852212460933, 0.7669060235589455]}