{"[20]": [4.0, 4.0, 4.000000000150173, 3.9999999999999947, 4.000002946704665], "[40]": [174.4705672059331, 1406.4119602019073, 160.00000000020768, 124.91417524255566, 275.92586736944355], "[60]": [351.8782856480807, 4387.833456782979, 3943.0000000000746, 2364.30124403697, 3962.5047307791765], "[80]": [8573.68171783735, 32826.820979442244, 9383.000000000025, 34605.47096319837, 1908.8019533173683], "[100]": [4780.815519965921, 11392.572428571428, 9817.99999999999, 83018.314603476, 25.90921478898599], "[120]": [1146.347129470605, 2417.3982533215117, 2435.9999999999973, 25620.87932335507, 65.90218943194895], "[140]": [231.58445882176864, 513.2157715719882, 530.9999999999991, 5262.84743503723, 248.69598510320338], "[160]": [52.78145893828969, 189.15499883553667, 156.99999999999972, 1223.6491035600852, 122.80182808562387], "[180]": [114.53139533909234, 16.526006367146408, 61.99999999999983, 272.28933773690414, 59.521498845126686], "[200]": [125.13285070407524, 31.871634552662847, 26.999999999999993, 15.071892427362968, 26.69459706257001], "[220]": [126.4305531140206, 10.033107052100352, 1.999999999999977, 84.40479349472935, 2.0341674578038518], "[240]": [123.79958786653873, 1.1716594961093705, 6.0000000000000515, 63.51345681127901, 5.9963086387364815], "[260]": [141.25826714921052, 102.43767435119652, 0.9999999999999878, 50.32869407881233, 1.0003741846784497], "[280]": [172.54552381945655, 18010.85948157868, 0.9999999999999887, 36.91446148405143, 1.000033308400544]}