{"[20]": [1.7464770297283991, 3386.2321242164617, 2.9895752265540336, 32988609.72635386, 7.9410057617833445], "[40]": [0.2506007223162214, 13.81929931899168, 6.996110055171656, 13419.767327445186, 1.2396263438936774], "[60]": [7.739508744531857, 1273.7714796794708, 90.99816612318011, 12671.686526393927, 81.18165352837684], "[80]": [53.39180100640967, 5550.099667193454, 638.9987962312931, 52402.82398982734, 485.97621772210937], "[100]": [187.93104502960392, 402.5777173679342, 1373.9991981773182, 699.5762423069133, 1035.2595672547254], "[120]": [173.34348401651644, 1927.660527818998, 1077.9990159126944, 2447.2306649924362, 138.07925311971343], "[140]": [14.285669456411403, 131.01523129969155, 788.9986539482675, 73742.61255498219, 116.1835462745956], "[160]": [15.732454431898594, 70.00832022900259, 220.99850287802997, 12791.43794240663, 83.82234301764582], "[180]": [18.534205786014727, 13.062460223572327, 34.98670448250063, 25062.98636900653, 12.409992642142594], "[200]": [11.842614873373153, 14005.743307193445, 1.9998061203171107, 10967.146704719516, 1.5279757807213028], "[220]": [16.27699972639148, 1.636745888656229, 6.998932758731106, 3315.165717755965, 6.4373211395148635], "[240]": [11.642339699421097, 1.9010338947611312, 2.996162303219031, 8.346275441005861, 3.0873246348621315], "[260]": [12.307404552518236, 4.238711432984166, 3.999954289248892, 9.250350458382439, 3.9861058237620806], "[280]": [11.476171756837408, 0.00525284012150163, 1.7146156461251617e-05, 0.005177582474419773, 0.0021580443154774523]}