{"[20]": [2.4595027566199605, 7.0288908383077375, 2.9584760572814686, 124.64498176015948, 14.368224331164646], "[40]": [12.621284807239743, 31.88170395125289, 16.994021631194833, 4.78487354853349, 5.127531357937844], "[60]": [9.576230530022709, 1687.538419541813, 332.9950583720189, 190.29404205262796, 306.282082612921], "[80]": [288.0501984422893, 8853.98307166778, 3980.994324254806, 560.2423496473721, 884.7834679731478], "[100]": [1439.235384493261, 29028.74552632842, 722.984560216365, 16450.3779831729, 1089.0931946480237], "[120]": [159.75753604367358, 5989.220650247626, 3125.98482320496, 10664.43803483445, 383.6737399454378], "[140]": [46.08792299531473, 50035.34398721862, 612.9882754232787, 6985.829055406025, 90.18667900456006], "[160]": [61.16593658502853, 1697.9777677162558, 77.9913187122426, 1550.5192490437978, 1.1358088127885504], "[180]": [51.28883646112681, 56.06235717539844, 7.871711422259355, 1040.4393105759475, 0.43281113999312654], "[200]": [44.03500796124281, 0.8913563405250164, 1.9972444457578624, 1232.2954381624822, 1.2962786738568735], "[220]": [39.70190305364701, 0.9130421562144921, 0.9817728736197866, 888.7250474399472, 1.1215443786268804], "[240]": [38.537907960172845, 0.4131506267485481, 0.9327321325610157, 55.81638035059972, 0.9859289380905881], "[260]": [39.829753528447775, 0.0, 0.00020128532312834648, 572.1781532498466, 0.0007192443232620572], "[280]": [43.204951552433236, 300.7793435201326, 0.00019442070209048948, 85.62884902563307, 9.480148973074302e-05]}