{"[20]": [3.0, 3.0, 3.00000000007138, 2.9999999999870344, 3.000001266604183], "[40]": [16.014400074831393, 7.340606471470412, 5.000000000111909, 0.4051229029971921, 0.8011562833406884], "[60]": [35.414189770196145, 29.403743597380725, 49.00000000004075, 23.865306964988918, 27.4227108611272], "[80]": [73.62348801943165, 74.60544405041298, 422.00000000001376, 3.663490417447747, 305.56969308267776], "[100]": [58.43408864693538, 3550.0044708261294, 1443.0000000000045, 200.92116202239458, 1048.4064106218143], "[120]": [50.46735769970746, 2595.4417527189607, 492.9999999999982, 34.22602195487798, 5065.6021557823115], "[140]": [151.2883683513203, 368.0936030348116, 1066.9999999999995, 2433.4458219472235, 184.32963095731475], "[160]": [55.26084528322616, 295.11157974817354, 310.9999999999999, 981.5999257779349, 90.71022983284769], "[180]": [2.235368881007645, 11.929568280627464, 60.999999999999915, 408.05646638167445, 21.427339190818472], "[200]": [10.599656586398453, 2.7021502470976593, 14.999999999999993, 186.42736902108004, 8.32937569392881], "[220]": [9.869295658793519, 0.039474635147652926, 6.000000000000011, 96.61557023350133, 4.888201921779489], "[240]": [13.273041719245995, 0.09223754519603444, 2.353672812205332e-14, 50.161791061288795, 0.18494478011796822], "[260]": [12.102390224245262, 0.7150857459566888, 5.995204332975845e-15, 31.6242547753983, 0.030755418596952855], "[280]": [10.797437949185314, 0.0004117046003130372, 5.626124148056407e-15, 23.088807654968605, 0.005114128724271024]}