{"[20]": [4.428571428571429, 4.666820741650795, 18.060715240188998, 4.428571428571429, 3.9957194788178505, 3.227113025365764, 2.7173184383827245, 3.2586995493857938, 2.901608700684813], "[40]": [106.14285714285714, 90.37280939660977, 4.370655895245761, 45.5663647253549, 33.93788719120681, 24.32239225192275, 114.72591334190808, 24.432131055684422, 120.78978870622348], "[60]": [1307.857142857143, 484.8006927237891, 412.0329571150005, 1621.029902071778, 428.62559441994654, 806.2832740635195, 912.9212431442814, 361.3610467252988, 348.94023185146943], "[80]": [11347.714285714286, 2390.400384609282, 1755.3766394547238, 274.05013952220907, 508.8719668989215, 5509.827119733483, 5194.990609645245, 1926.1050475316642, 2447.470196228467], "[100]": [21856.857142857145, 2128.03400057042, 24487.720147115848, 13417.832436306206, 13941.067181329629, 3938.6883244819837, 1872.9238822868283, 1056.2033856657363, 390.2096873452683], "[120]": [18115.857142857145, 855.7229189404607, 17757.601617344706, 19654.17575710082, 12925.411740407326, 6879.268014446257, 3019.4731643489504, 6523.933748393356, 2289.763596498815], "[140]": [11846.428571428572, 595.4267536313346, 1237.1133222280896, 8293.549354037019, 9831.107415115392, 3117.515036042394, 787.2395333382156, 2817.5289853706, 298.4800653911425], "[160]": [3221.7142857142853, 42.94794040389388, 68.27928957397489, 183.7236736588584, 128.79340038078453, 543.7665831254444, 317.0451723967485, 456.4022530627399, 394.29006674436596], "[180]": [919.4285714285716, 193.80869306573913, 74.08435492599983, 392.55624517800516, 465.16678821555456, 89.77153595900086, 212.33777523635376, 69.59986471421348, 226.34752743034255], "[200]": [291.71428571428567, 191.38121984135978, 25.30049679044771, 388.94946116159963, 358.8618720789426, 18.513812437285196, 87.17904891631514, 14.334119750090963, 91.93838105104157], "[220]": [99.71428571428572, 127.51010817668066, 0.3466716428752932, 232.99069820091665, 231.22695178520723, 2.135528846978957, 42.269267673871994, 2.9555533957403384, 44.338624469699596], "[240]": [33.14285714285714, 176.13893884297613, 3.966068173991559, 247.565100754684, 254.41474914039952, 9.837730486377694, 28.775034370640583, 9.99286978834786, 106.55939722039719], "[260]": [17.714285714285715, 89.06174420894786, 2.0119500871800753, 164.83568858086613, 172.43066564862198, 0.7039976591367889, 10.01741921499572, 0.7327558376661827, 77.64634675195502], "[280]": [10.285714285714285, 71.07110143576028, 4.9364839484711815, 117.11747846556608, 121.46194479597659, 1.9308212952917003, 6.950900330049647, 1.936062044066876, 7.228092258645351]}