{"[20]": [9.950190442302233, 10.293944624224268, 1499791.272293891, 11.931677018633541, 8.079577245085096, 25.63514592176918, 16.259709144426655, 42.20153947251602, 104.364654630284], "[40]": [93.74114959019599, 88.28325218037385, 55.49546925499746, 76.56521556311732, 41.35638431793648, 31.863249056079493, 101.87235427378474, 28.43182312013482, 105.99308426999097], "[60]": [926.5275785629484, 580.0029752413446, 75.11484005298753, 28.854778934150445, 59.648315086937274, 893.4890132189704, 987.6233021000281, 380.4344867733105, 3554.8054803945524], "[80]": [6606.506871028781, 3681.4351417756807, 1036.923740696751, 10001.195280246982, 335.30589425785774, 5362.383511446511, 5385.777507069795, 2286.1755916329216, 7723.8611790004325], "[100]": [16962.378231243743, 500.05285070630225, 596850.3428705868, 8584.190408353643, 2313.520832434542, 3481.8526332401734, 1826.564713184919, 3117.857899411887, 4652.150151244184], "[120]": [8789.466666104183, 1625.5298297368647, 2174189.3288383945, 131699.86305019885, 145337.61348417425, 6101.769941371708, 1384.0324054936955, 5586.219655736862, 417.23140895807336], "[140]": [10759.86042959892, 2348.8161422762846, 738676.3451304842, 42912.66833745641, 25836.05744516771, 3709.731686443242, 499.07329364287597, 3003.6238819187874, 435.02214621869564], "[160]": [2933.446126359556, 1466.2437024749702, 17894.24835876773, 6687.096427763521, 6848.814857755603, 741.8247438974925, 245.85511861723305, 532.914200698674, 216.81637622594454], "[180]": [790.5875630064031, 398.9856410693608, 5.680629741449941, 1538.2382433930302, 1342.608859394717, 152.23737686880258, 168.51331902216214, 102.77330382318424, 151.29719896428315], "[200]": [234.46793708674866, 241.52500491569432, 10.936918956001428, 480.7578222068831, 559.1523159193878, 40.94621748878991, 62.82981327758966, 29.72720713371036, 58.73751297349349], "[220]": [40.95976962505124, 270.21274302858194, 21.225002539878115, 690.5254244295668, 707.4204747467312, 12.980705822184785, 43.571564951168455, 15.053488568666127, 43.12863988981878], "[240]": [23.832327590586694, 223.61317017142056, 1.7779609293297245, 583.9554019178028, 582.451381577933, 0.44166343622987286, 15.95545169456356, 0.9179205235156797, 16.956400658328068], "[260]": [7.240481061954001, 227.05946323201718, 4456.498302579475, 454.6258922828551, 453.32384899121826, 2.1215926019852005, 8.800101793932456, 2.2263104813693047, 9.453671823934078], "[280]": [4.139312370697877, 193.23908374251346, 7486.569433721272, 342.4208640503434, 338.18106619980364, 0.5440887244012159, 2.4139455878879357, 0.566630155010839, 2.6092272016219753]}