{"[20]": [17.857142857142858, 17.29321466567739, 43.26159075209182, 5.698297615169505, 4.596538601488259, 49.91024446718295, 47.93659414875508, 49.93056776972337, 54.56142682742487], "[40]": [184.57142857142856, 134.49352526308354, 50.63482146605992, 177.55635197751064, 2.294113566535998, 0.27629674848077457, 204.08855741583068, 0.18371496459644732, 205.63707133679813], "[60]": [1830.5714285714284, 1224.464010618825, 117.18425806287814, 470757.8560890898, 159.71035141887182, 1699.1659160368354, 1886.1066469864036, 980.9835704653888, 518.1913441482507], "[80]": [12137.0, 5503.475834691226, 3347.330607402968, 4811.936345910417, 4224.219366156507, 9343.724246328853, 7745.824334140653, 3725.755482899938, 3116.8689089119653], "[100]": [12900.285714285714, 8057.039666648736, 38997.09703735859, 37539.30111383238, 41547.036336396675, 2833.786906550933, 1454.5574870430428, 2328.1823951585684, 2414.0850662886005], "[120]": [15328.571428571428, 916.3919189602148, 15926.707364233785, 18088.79238940427, 59302.04766648619, 5705.271728534939, 3160.3567613323503, 5048.716205213699, 963.3260243535478], "[140]": [8769.42857142857, 200.167629328369, 1110.3081539465966, 8164.084276363676, 5258.80053544162, 2341.498313184108, 427.75128501530435, 1994.4437551497022, 122.83868520906981], "[160]": [2017.7142857142858, 174.15400118665457, 99.60025153764275, 624.0339333092202, 544.1071873631975, 350.60611643362427, 167.74987023949598, 255.25281829189953, 245.92789059428537], "[180]": [586.0, 515.185378096794, 45.39611121341028, 1027.443508378622, 1088.6302497629706, 115.7758870478857, 56.48642466779876, 93.26465296040499, 70.03532408577402], "[200]": [115.0, 464.39501458074847, 33.302556915503494, 1119.9292316526353, 1091.0116035256274, 1.3822111443236338, 43.91957982256969, 3.5079242544356646, 46.24989011300078], "[220]": [33.57142857142857, 375.91236968538306, 7.824435746275128, 767.6230394353445, 761.8588428861387, 9.07073766621184, 26.805018751601672, 10.082713874773638, 26.354436486704856], "[240]": [16.285714285714285, 339.6317188210978, 0.6952359187219059, 665.8055991127103, 661.6826455459903, 1.6750996753533798, 10.92444630680243, 1.8787428367409724, 10.195027666371548], "[260]": [6.142857142857142, 226.96412206065634, 4.445643887773699, 430.19246808320827, 435.84254964878016, 2.6982300700776545, 8.244991821705472, 2.738409760706336, 7.676885366681515], "[280]": [3.571428571428571, 209.9810859675572, 1.0126443202634094, 379.9013773265623, 383.1751867509763, 1.563086771429599, 3.2010503473619405, 1.570935144633237, 3.0238254737602883]}