{"[20]": [4.428571428571429, 5.0, 828.7790286069925, 4.428571428571429, 4.08605785778226, 70.32040339953994, 72.86058754594856, 70.87917442654799, 69.30616450976974], "[40]": [17.285714285714285, 7.448971974172359, 26.86345833961284, 58.90465106375946, 20.28807051040316, 22.775372280485243, 22.314198889677506, 22.72206010865844, 24.48301861820157], "[60]": [34.57142857142857, 29.460942786633325, 14.77220182913242, 212.62261262239633, 1.9617154080504235, 41.56108900312114, 55.424111049747054, 38.18127343437591, 58.65161082220538], "[80]": [126.14285714285714, 118.03135152917702, 51.64716646974935, 64.10759003356947, 55.77511134941881, 145.57376054908752, 170.95238219835355, 124.07819418939722, 110.8770623347778], "[100]": [392.2857142857143, 152.8025630157979, 39.954394033477115, 48.67280521745886, 32.418705127880685, 393.8314794691469, 461.2123611473729, 204.9264795838875, 89.97706716289122], "[120]": [1184.2857142857142, 261.4810376509638, 526.5682310573497, 276.9419841829995, 264.0321617518016, 904.9994025573687, 927.6434908994286, 395.13457036919, 337.7270035951242], "[140]": [1914.2857142857142, 190.55910994400347, 790.5314731258923, 1900.564649534448, 1729.6283916973716, 1416.1351564784927, 957.6519236110312, 350.9133824499063, 702.3076225552281], "[160]": [593.1428571428569, 41.32961135038295, 1599.4618859439097, 3415.7419872704663, 3125.46349862597, 871.6466546493125, 141.74148329051695, 110.12338647942397, 139.04158838640615], "[180]": [463.57142857142844, 77.17673173950152, 514.1237210278496, 430.6316404103527, 555.8829473025198, 954.8547964794602, 562.133439704061, 474.8616678144481, 214.2261460102145], "[200]": [818.4285714285716, 226.01764734071912, 389.2948290596146, 520.2276479230331, 536.2681995509311, 900.9695786136035, 254.04867150154587, 251.47013746248422, 115.13351960672162], "[220]": [1161.2857142857142, 28.55803263727421, 277.76318807684083, 281.61803059430395, 290.1160648022005, 368.4979100501646, 504.5270971403593, 559.8793178262022, 448.8752755885721], "[240]": [805.0, 183.9553335410385, 75.8223840768353, 239.691140084788, 199.799731121842, 187.52946572624114, 273.21186925613483, 369.44545639675675, 223.05032665726003], "[260]": [540.1428571428571, 1276.0586321153805, 62.43488396416228, 166.1313872000053, 147.24458408189344, 4.068434975718731, 231.4165868023665, 312.46075579646777, 194.47559524936673], "[280]": [214.0, 106.39380908661178, 13.209695036389462, 83.95700643715122, 92.94863276711072, 23.785327711497388, 65.02198152300332, 140.75245338283037, 46.61776411354941]}