{"[20]": [103.32779700797484, 98.26112003388609, 334.20853853101556, 5492.864183466307, 169.5540098480793, 144.82573544838263, 80.68267659560956, 299.06476902186466, 885.3699984808413], "[40]": [2310.3726849977056, 1657.1056895046584, 355707.5087992721, 1265664852931.8591, 85.21124940671595, 2234.94548105017, 2298.7469878966226, 1719.467335093029, 1113.776188481749], "[60]": [39831.2708131666, 24443.645681097292, 15255.391337845755, 14674.111673034758, 10703.872159363787, 32691.200788166752, 20634.619848320937, 20764.458385451067, 46030.92953755026], "[80]": [12351.80760029437, 50142.71328369758, 262391.95385149785, 111171.37327719071, 16320.939354956488, 23623.193440813127, 22068.78602069698, 25669.88518280546, 13112.307485991143], "[100]": [43812.5548946709, 1689.084139984516, 10416225.857813906, 1201064.1339489578, 31357.676074357267, 16830.778974043886, 5252.345506198755, 14031.25812723228, 1665.382371652696], "[120]": [9360.087228944969, 4204.771568077934, 296.21016704801104, 37255.25851563919, 8645.35867150032, 2488.123587388916, 331.501557753832, 1979.2608874468076, 732.1302907262018], "[140]": [2027.6843414544644, 1626.7948465032912, 33.22877911928532, 4269.140243150282, 4147.0916421070115, 413.7605645392147, 277.407539546073, 343.3720100922861, 423.263001603255], "[160]": [502.689394887987, 966.2777537670906, 5263.141765930374, 5173.373250391092, 5339.126565845448, 95.92984110077641, 73.23881371818408, 86.5524543319872, 135.98482100192723], "[180]": [116.03054623872121, 822.6323019968756, 13770.697118180926, 3250.2931411893496, 3484.737754084154, 15.999534622467095, 26.040617373395374, 14.787983800769823, 47.61525360721218], "[200]": [30.67461448584104, 936.533726954225, 1.2607242769837885, 3318.599680265952, 3433.0454013546755, 7.13175066903921, 2.446537677038522, 6.978211106610496, 8.156725969616822], "[220]": [2.237016564929895, 816.4431865348774, 2.4404327139674824, 2510.1434418676004, 2618.5377384207536, 2.1229534091522444, 4.702394597492517, 2.1422062703115197, 6.4397918769121825], "[240]": [2.8748411265085205, 768.3915636828025, 1.644216811643588, 2160.6830332750546, 2225.470614663587, 0.054823412813449844, 1.083290777857965, 0.05723648009716579, 1.8412152622483178], "[260]": [2.0, 721.5710534039571, 1784.3838343288405, 1836.9006257444003, 1876.8093540413602, 0.971641793858682, 0.45812635362229154, 0.9713475241737762, 0.06545395040505897], "[280]": [0.0, 691.2989707017175, 0.22809482637191095, 1627.7821080249696, 1658.2474926443213, 3.654996846784269e-05, 5.040746292742714e-06, 2.8916364361149136e-07, 0.000869380504174401]}