{"[20]": [3.960893227658123, 7.9941836147130445, 11.148609690068339, 642.4560231993582, 10.657307254375405], "[40]": [5.346455818215269, 38.52731749836488, 31.988086637282173, 26518.490541528172, 2.2937402127580873], "[60]": [11.08431646205026, 2461.302351819008, 281.9935218921236, 878.2138830883072, 300.50898240524936], "[80]": [117.92751544595397, 112049996.2870654, 1790.9963379937471, 756.7401190782637, 1455.1082981053025], "[100]": [186.2712605005488, 5025.265428952615, 2051.9939658186886, 634.5134934018017, 2086.0684896299367], "[120]": [237.34053378980732, 3299.2839484594965, 2480.9908102265263, 255.8762438259756, 99.65189045211909], "[140]": [19.637414194854138, 172.8372285514937, 1210.988064969927, 101656.61274792947, 261.1535770498331], "[160]": [49.729768894416736, 31.911111486248473, 278.986804201894, 9707.903217908239, 110.28328927882963], "[180]": [24.44070863940921, 9915.094063178149, 33.8828527282114, 20543.87360078792, 8.091791722516804], "[200]": [26.52652628819952, 2.1217612573746925, 16.998290753748623, 19682.140779032583, 13.117469818315987], "[220]": [22.654290550247968, 1.9214307903019467, 2.9905977763873115, 15419.577371900583, 2.4204426155322833], "[240]": [21.58686367660041, 9.530081363009675, 2.9661879308574366, 1437.1779340474036, 2.913536010167378], "[260]": [19.801376184526646, 7.274697228693413, 0.00011468455555404289, 13126.471848994861, 0.012723782718395058], "[280]": [19.007875256523217, 2.7026156140675072e-09, 0.00015105631861914758, 14976.914619528838, 0.0018991024053426387]}