{"[20]": [5.660560908427583, 3.4593778977342793, 4.287250519007855, 0.06421462586385933, 0.12362737274477567, 5.565135142098056, 4.688759169209466, 7.150226539276235, 10.20880144075016], "[40]": [52.700501566497, 18.14508047574964, 55135.4043596724, 36.0171182359051, 5.078885960701006, 1.050145153285049, 50.09334662591882, 2.1784495051835244, 37.2662961874254], "[60]": [245.55768963282216, 11.427093205848147, 334.23575153416897, 45905.371220758265, 249.3645058273884, 131.89911316952842, 121.95881389174986, 40.59349978155765, 7711.319526242176], "[80]": [45.90072930948978, 39.936283079344165, 18673.529021537033, 1631.9863390545156, 426.9512805377943, 157.13770933399732, 4.977979428512831, 22.977723102161285, 3.678756175022416], "[100]": [37.645037678717, 12.792031127829175, 23010.571076092157, 81.94169672457777, 118.59706967840309, 253.5353094443457, 21.27465216123418, 11.798509544234452, 6.999501212033606], "[120]": [73.83233137986373, 9.910215672477781, 16.145737166655522, 84.94348277186397, 49.61946748401331, 332.2381803245982, 51.98165995520076, 67.29407496334633, 40.747486130422324], "[140]": [3528.8974777212575, 1527.7934789109754, 2072.729158428848, 462.09365624840024, 382.23965325431976, 3810.557104728129, 3163.375660443048, 3521.9716108459234, 1649.9271733375506], "[160]": [12099.977365069231, 792.1224684761502, 3129463.4481029124, 607.0666829702284, 566.9979493217003, 3748.3179567312095, 2325.0271815533297, 3011.401453478514, 83905.50297551005], "[180]": [9130.25277813613, 133.79814861779315, 12131.139472992185, 2628.8359084475546, 2643.6453379079157, 9990.284300459169, 11959.67884340747, 7629.469455452342, 11820.55977992099], "[200]": [5241.284142967291, 543.6617504165001, 485.0308415112247, 2330.4036264114397, 2187.29781657492, 1401.9992056493463, 3016.2041618683693, 2280.7146103110663, 10939.974445016403], "[220]": [1025.1315149952893, 341.18335592742625, 21.825438014583817, 110.80740696842066, 15.708813139976378, 288.5043327133805, 862.5574148359094, 496.4279944711397, 2140.159640203529], "[240]": [205.69586379495206, 760.3899182642803, 13.03219643899814, 107.87398262125468, 121.19691180298801, 54.00655244965017, 293.2844347168828, 123.50890746243627, 6985.47309269909], "[260]": [30.92675193639083, 356.5928844167167, 2.1770566619489147, 102.46289830109573, 103.69313211911856, 12.228190032504328, 105.51815567536578, 54.17755563104723, 2999.69167441634], "[280]": [2.045889350961778, 222.70328833359426, 0.433840660886624, 98.53316215358745, 102.02170849176849, 0.8661252716437922, 30.23647739828866, 14.339040503152823, 853.1318595716156]}