{"[20]": [8.95958913002575, 14.57242857142857, 14.00000000041028, 14.70659761537017, 136.6216405460401], "[40]": [132.9239134718472, 240.39974033368333, 142.00000000020768, 236.21761008528432, 234.98195057842895], "[60]": [65.73909103134565, 625.7339527244562, 1691.0000000000744, 73.22695712811856, 1797.793564710022], "[80]": [2271.783307471642, 11557.346289076962, 7641.0000000000255, 982.039435052664, 7531.862993871903], "[100]": [7553.301166238025, 11404.624770689199, 3384.999999999991, 106.01546713587777, 1953.2587889840033], "[120]": [1128.1464822102596, 1024.5237820083626, 4730.999999999997, 48.71826254728603, 365.0148940687068], "[140]": [876.0263963909692, 722.145365417957, 1073.999999999999, 54.98510915169072, 202.46418451224895], "[160]": [746.4860523676699, 3.824142200986074, 268.9999999999997, 2663.6699405352165, 142.27637233440936], "[180]": [521.0730098379267, 26.950901554504, 88.9999999999998, 1103.898222499232, 71.60209768853076], "[200]": [379.747215118027, 184.7821523655657, 13.999999999999993, 573.0367787310302, 11.633154912316328], "[220]": [299.5454674415047, 12.910819940961844, 6.000000000000021, 295.34037562582785, 5.67844800841786], "[240]": [262.80380788653895, 2.7522227711929332, 7.000000000000053, 211.81893241990906, 6.956323353633575], "[260]": [253.22219580789698, 1.904668655086537, 2.0000000000000124, 126.5105217356795, 1.9940675811744732], "[280]": [223.61271185725607, 7.1857279230717275, 1.9999999999999876, 2.2702008232518462, 2.000805775924329]}