{"[20]": [7.578939501314741, 8.607727462157237, 15328091.44150516, 8.968944099378882, 2.4043213737958373, 16.902154093328555, 117.65750223173954, 114.55018103203233, 95168.65791425167], "[40]": [79.77516297441922, 69.52823097437356, 2.8028664651733264, 19.169023143854282, 13.163709476030876, 9.72282303216399, 89.78378625947768, 8.183647673384117, 54.278531480926056], "[60]": [873.0116203011347, 329.67295234835825, 130.36530640298992, 33.27736774272016, 99.12734621338001, 733.4072171381206, 586.852914517575, 372.56979771100833, 422.60439663961273], "[80]": [6749.357789558222, 1815.6012243384112, 39664.45814142708, 2788.110054787383, 2306.699642442543, 3372.765820803244, 2636.2270951151127, 1078.9183277332218, 7384.175159061233], "[100]": [3061.1423421995855, 1562.2163906422907, 767078.8490203343, 3992.9312497110986, 3621.0239678789303, 224.24105595076668, 1668.9833364549224, 1545.950440923369, 2349.0442631111705], "[120]": [7625.2138316641995, 462.4757021322496, 4795606.150596918, 3338.71070499761, 2016.003603156086, 3222.8839357987404, 1030.9699235155656, 2503.655036931072, 543.2458882315633], "[140]": [2445.4608603078977, 106.28292101114245, 18330.7212982434, 600.5405662540492, 479.80497075857375, 895.1017238340182, 95.70285398351236, 683.3912928039498, 6.488408286442918], "[160]": [606.9614278493887, 101.07799524191282, 7.912650370608203, 589.2102435110534, 443.77689394584337, 163.209624962778, 78.21600434261208, 120.7093157664413, 92.58824206703234], "[180]": [134.57094680734136, 83.58698151164182, 28030.61735996583, 19.099492523437426, 44.76386678121839, 6.918196104815652, 91.17511990118126, 0.29762654429519125, 84.01453935314646], "[200]": [44.7575936662688, 87.94513257818306, 8189.009030838645, 192.10412675316297, 209.73991828017034, 1.8846152179339237, 48.20057623834052, 3.2283482845643947, 40.77092516892537], "[220]": [24.739819631847567, 57.54870920482444, 7777.3075083547865, 41.43786124805637, 53.550913551796434, 5.631032474703955, 33.9456370987337, 5.8940956348904505, 28.09303093934062], "[240]": [7.233229438364124, 55.809123211090125, 3.706228795449274, 94.16053140362985, 96.94108785224276, 6.133350329194718, 20.223667312357772, 6.182993731342331, 17.119246760731237], "[260]": [2.4307052199626686, 50.86104695421484, 8.659686628360161, 75.95041167022222, 77.69657487485688, 14.793337370178723, 22.711938589822307, 14.802493382184002, 20.921448691103652], "[280]": [3.918678015402353, 54.53567828358404, 6.375359717637635, 81.7659587010437, 86.04267318518885, 12.935362693785136, 22.19816807502225, 12.937033549356185, 20.0815019432422]}