{"[20]": [45.030868291473276, 41.870542888888295, 23.774967323074357, 14.38466702971749, 24.84573839973484, 2.910077516881837, 6.569351702071856, 180.88840539953716, 573.9814899389244], "[40]": [643.685396329536, 476.77095259114174, 28.86957387047729, 3.9843409734970847, 27.07437044159115, 56.55468555390962, 700.5452183057453, 51.12652426714163, 10109.612979040636], "[60]": [1492.9595668319248, 90.373795179144, 372153.8578068274, 148659.8488581546, 1446.4029192153596, 1177.3282724898606, 341.8684858682681, 743.9083477510187, 1082.0375177131396], "[80]": [578.0057615318459, 69.17570421057762, 138651.73777567464, 6591.773552598965, 8975.605850232536, 1543.418526388718, 242.46457042603902, 88.75810652344082, 182.28387367536533], "[100]": [573.6203546982567, 59.14852352848318, 41.47620621467264, 3380.3400631728164, 2644.9507960827846, 2193.3485102929726, 429.63572708997464, 439.2452529069327, 205.09718001329395], "[120]": [1958.174740492514, 1656.3519856832906, 1375.054769451645, 1284.6915319638292, 1242.1973679282744, 4042.3941328755272, 1879.5783911892527, 2078.118339051919, 1604.5956991044563], "[140]": [31812.782768177785, 14436.928990416469, 9097426.68667405, 8580.350186293677, 7772.953436178497, 35343.2334233704, 30198.21425842102, 33283.96890915321, 30601.537599903506], "[160]": [6888.771861417545, 24928.047239555744, 99833.0871126436, 38308.17973708323, 37199.59989666428, 4947.056827073073, 17401.525016302898, 22181.821655181084, 190453.8687175027], "[180]": [31560.792634181027, 31560.793634181027, 17015.493900562764, 44915.66851894778, 40725.982984720686, 14161.799100976095, 27392.07039738534, 15895.5672291681, 20379.477523946265], "[200]": [9847.072302555567, 1008.0001850859591, 78999.12669070193, 5973.653492258972, 6729.849132280667, 5662.931897728543, 4937.543264644983, 3586.3305998556966, 4218.70515368982], "[220]": [2131.3351296794317, 686.5385737391204, 11876.465800918153, 1463.2433999618477, 1723.7925682970367, 1319.0287393594817, 1165.4518423334953, 820.5920459075104, 1442.1462669859911], "[240]": [501.26234581638954, 361.7628575223142, 43.36027133826967, 695.6352479677141, 733.8470393648397, 387.77343343202, 378.51055818785204, 246.46297445755593, 518.1855585003647], "[260]": [68.34246237152135, 363.32821443911536, 1.753633526283322, 962.2933272911501, 1029.5817188428327, 87.04325220647614, 89.59753482967025, 54.247114467939404, 178.51517692543766], "[280]": [9.573862995588506, 379.0722815179139, 5076.895117945515, 914.8435501354891, 927.335525888942, 20.22385741641979, 18.982059989512464, 12.235054839871667, 56.57479283719277]}