{"[20]": [6.857142857142858, 4.82971566987144, 8.006099099368235, 0.06039711833001249, 0.22184392181340407, 8.339948071494856, 8.17749527777525, 8.34225148977115, 8.777128235632755], "[40]": [60.57142857142857, 23.5828576154331, 19.175061013662003, 40.862063143520736, 8.010088294673807, 1.4929623049732186, 65.7092160455954, 1.4395482618291169, 56.8394514185955], "[60]": [314.7142857142857, 24.61186646538397, 350.69673616587727, 25237.956693427936, 243.32306935394706, 165.71566461265616, 256.76370178878176, 109.23085236171801, 153.87974071929466], "[80]": [49.571428571428555, 2.753832029196701, 141.16712326855873, 3151.2151174775554, 470.4259367579209, 156.19149719865686, 7.22309476639748, 22.901725426020448, 19.635517220201564], "[100]": [133.8571428571429, 30.10800872595496, 20.724671521290702, 55.76360129140858, 70.19684168224603, 323.3862342828779, 79.58832024521212, 88.87676732775367, 72.1024671450665], "[120]": [6.428571428571331, 52.26915757600318, 97.1345029362501, 32.726335475314045, 34.06641597574708, 290.14263391877785, 3.894767620617131, 19.071094148346674, 28.66440948923264], "[140]": [3834.5714285714284, 1473.7826831562688, 2294.635304807253, 640.3624378519771, 667.5585506206571, 3855.3889716497674, 3202.7333540560294, 3572.602966406229, 3120.55027245263], "[160]": [14402.285714285714, 867.2809954096701, 13101.087735567955, 263.2025453997776, 466.55802684371156, 7057.331043621074, 4312.940125242818, 2905.1082205384228, 1362.4824707395965], "[180]": [10129.714285714283, 430.1054707197509, 13389.227209801305, 10550.803083155828, 9330.236511896568, 12320.278627959087, 13803.115771315104, 14671.919575889588, 14302.631823818097], "[200]": [6952.142857142857, 897.6577538104248, 1017.3498901813127, 2550.062336559792, 2664.061140692178, 1465.5816148526783, 4547.8346980752885, 4304.547528398081, 7324.764096700495], "[220]": [1391.5714285714284, 5.914419446794454, 27.201173078936108, 274.96484298861697, 264.45857275836875, 266.0079031406385, 1369.150590928451, 907.2882194869812, 2770.419713934215], "[240]": [318.7142857142857, 161.9129635762547, 46.463861694909355, 125.96153757633488, 143.14923574736827, 84.51821504964283, 463.1393315291217, 266.13823838605674, 424.7691204651335], "[260]": [37.0, 61.21402281569317, 1.6857931461096722, 146.72732458913222, 135.54946893309028, 8.495939891184047, 144.41309670313538, 83.11701604624517, 232.19984894755464], "[280]": [1.1428571428571432, 62.66643179467792, 2.017100918337329, 71.07532178847917, 78.5308791633671, 1.7008120326798153, 41.00210302031797, 22.1499498925784, 128.52490156791924]}