{"[20]": [4.717283085879728, 7.0, 6.000000000410281, 6.858142857142857, 2.7048093772135164], "[40]": [47.291033626218535, 1453.8224779339207, 94.00000000020768, 44.85179733269274, 45.61668307850522], "[60]": [305.5021158793269, 720.678683067784, 230.00000000007432, 455.8938927030515, 323.6154780014657], "[80]": [88.30041610487922, 77.7570561231355, 213.000000000025, 185.1420958003655, 479.72824561884386], "[100]": [21.47496575080197, 219.72536618369895, 131.00000000000819, 113.27051062564169, 158.9572033047475], "[120]": [259.263856595119, 816.5218273194146, 449.00000000000273, 306.416777970285, 525.3201211092617], "[140]": [2566.8646877231295, 7379.142858784267, 6993.000000000001, 3205.2157669661738, 3100.315504050697], "[160]": [3380.3258894744813, 15151.192962698613, 1211.0, 25786.11678347092, 7773.780023963431], "[180]": [559.3049233563611, 8873.865948644103, 5608.0, 20044.351514924478, 376.5790554609839], "[200]": [524.5069995041301, 1555.1851408602956, 1345.0, 8721.135497934474, 153.74042016767226], "[220]": [580.8140303924979, 67.63229077727263, 283.00000000000006, 3234.511202432149, 0.9163328551997267], "[240]": [164.09508777642753, 403.5349542277192, 69.00000000000004, 1549.860860794368, 22.697091461330928], "[260]": [166.6988715651286, 11.736952097007752, 13.000000000000014, 787.6776796267804, 6.671279449419531], "[280]": [405.38385433604833, 0.07348424001316145, 1.000000000000011, 445.720086166531, 0.16920541359686414]}