{"[20]": [5.0, 5.000000825687563, 5.0, 5.0, 5.0, 4.999997366546131, 4.999940091083803, 4.999999701974067, 4.9999996900056525], "[40]": [67.78560994344662, 25.851081654432807, 15.052766242907548, 92.15527950310559, 39.86065373426921, 8.716546524893014, 70.57772490784082, 9.3630156880151, 3352.7474453694126], "[60]": [1891.402664924843, 600.7548748152692, 146.43040482027592, 75.2083650902569, 481.56201984520175, 307.1780873369607, 257.55650098721685, 503.0618657035268, 3660.5454677440816], "[80]": [7026.391015930319, 2108.1532810151884, 12716.027881914762, 1868.8766131950742, 1068.7592379333444, 602.0536372347466, 1030.869205220226, 238.1592358485951, 628.5143555452316], "[100]": [6102.503421103138, 262.7619676652131, 4564.491715686845, 175854.66614987815, 46412.58256748691, 3340.9940190139664, 759.9627287384981, 2347.7994112632646, 1326.448763679629], "[120]": [1576.4387556873132, 208.85445425581716, 87063.91417331532, 1290.0392761264598, 1354.6613512274282, 626.188732528407, 22.647761323520854, 432.641098684221, 90.12491239470262], "[140]": [272.2097543834518, 157.3036635406216, 45.76758894828501, 367.50983069213214, 388.3211403943161, 69.21343195946916, 162.22586950825627, 39.71352305068979, 132.1801334637081], "[160]": [76.19517686580183, 102.95320754198166, 3.1298356613603393, 168.70699671706615, 195.6508088173978, 16.674497133510197, 69.16637620998722, 12.05694947866085, 69.99424613115008], "[180]": [23.006029923071186, 75.57769031602032, 1.426072185538544, 209.96166869855503, 213.84852383666802, 3.009847266028624, 25.549460696903587, 2.2802600968936964, 28.21801672150242], "[200]": [3.345190204421546, 72.87043393372511, 3.272384660297177, 200.37368712704935, 200.349286938116, 1.7007631459167984, 11.607437684257777, 1.8128053508835094, 12.565088583861586], "[220]": [4.052699461995192, 63.077516227632515, 1604.5843944843411, 148.8928442692616, 150.79881314654108, 2.1672628138086325, 0.4033478240021001, 2.149757574282976, 171.79246859870509], "[240]": [1.0, 58.487088545909096, 1.001, 113.30129199543076, 116.9260082528592, 0.9972220210176989, 0.9894358052456836, 0.9999588686081118, 25.343792133879056], "[260]": [1.0, 55.88956886767523, 5096.586172551791, 109.5408969053283, 111.38210115899822, 0.716947448073059, 0.11108740026177802, 0.7165324564204159, 0.025213806061953222], "[280]": [0.0, 52.480710260505454, 0.0, 88.75208729636836, 90.17793321117405, 6.38640893605256e-05, 0.00021024807552513783, 1.1023061892593782e-07, 0.0003263923425393778]}