{"[20]": [49.142857142857146, 39.257449631823775, 59.94592890330337, 20964.499999999418, 51.85449849280201, 55.027555244371, 50.1777309772295, 55.04310708712802, 46.89588315283733], "[40]": [63.14285714285714, 31.089092208239407, 223.50204395539288, 106.49555252412318, 143.63870711678817, 203.66650672965034, 115.9162594559785, 203.26628043611635, 6.944471269607305], "[60]": [45.14285714285714, 70.2941825753331, 26.019198206558144, 1913.633378325561, 59.7867078233659, 102.65707633170076, 39.148266685021696, 101.1916607907529, 24.144621333337682], "[80]": [196.14285714285714, 158.29470967331048, 23.704859741345558, 104.10605702935567, 86.65275485314964, 287.73109969094554, 177.49690487976483, 275.8670655256348, 148.3359913092613], "[100]": [545.2857142857142, 506.8779278742369, 145.093234459957, 394.3502379599506, 358.0154925936207, 675.6754167452377, 488.5915876336176, 261.07987743357467, 509.6524622656063], "[120]": [960.2857142857142, 166.28971886789736, 787.0614732548497, 424.16994131411684, 430.5658296976012, 1033.5401494668627, 660.4802495786348, 0.7202627143515201, 67.24920128551321], "[140]": [1547.4285714285716, 413.96097623527885, 460.6146872836425, 287.4513859699582, 344.95795785764767, 1818.479820702741, 1075.191129211741, 1215.0584922269481, 734.4845803358744], "[160]": [1853.8571428571431, 29.868877486551355, 339.9552595942632, 208.285694713255, 162.91999298661813, 2497.010139951572, 1209.604158977022, 1489.8908476277638, 490.71218197638336], "[180]": [4928.857142857143, 2401.2530559079005, 1919.0277186373933, 1859.7903339944296, 1839.215033393928, 6237.201764667639, 4165.6663097173905, 4724.204212397352, 3571.8064990112143], "[200]": [8879.0, 650.2957862849144, 2889.920618375654, 108.93390828938573, 176.16330145571192, 8947.545394042285, 6353.873289782428, 8218.265996191325, 5297.14376661905], "[220]": [3396.4285714285725, 3547.8712344982196, 8738.175090896402, 4763.175590498493, 4720.099261401479, 14664.012044561145, 1721.0852573413576, 363.51202543385443, 3066.128295819726], "[240]": [7148.285714285714, 137.91381180744793, 6509.3223145176125, 86.23304905244731, 84.60175953846192, 6602.9241850423, 5960.5053360543025, 6191.410084395069, 7854.213648590783], "[260]": [9093.142857142859, 1149.1067548748906, 2655.4180758003786, 868.0479474501226, 761.1595330756354, 489.9876276187724, 3884.7629410428617, 3988.0726300152546, 3715.607447426335], "[280]": [4076.5714285714284, 339.2043734629224, 159.84226741283192, 1647.4350223986585, 1748.3435993429184, 122.38215774978426, 1772.7664211094707, 1733.2538090169382, 2020.974389912536]}