{"[20]": [9.0, 9.0, 9.00000000007138, 9.000000000000032, 9.000001933329763], "[40]": [18.24837145166424, 3.2804064270363256, 151.00000000011192, 69.27145197325711, 18.32806959516941], "[60]": [19.469624438149367, 5998.4020032174685, 4033.000000000041, 936.9087089073446, 3240.9771305763575], "[80]": [863.1311467978085, 10866.549781705682, 9189.000000000011, 35476.69635466339, 7002.553291322674], "[100]": [2532.5796676878635, 6713.862587330161, 9958.999999999996, 48271.20750346967, 1046.447310111187], "[120]": [1323.372382952468, 2216.885197090177, 2211.999999999998, 15688.261068275711, 376.1866469224674], "[140]": [259.778852076695, 1545.5453226505292, 420.9999999999993, 3416.7838750151495, 217.69135964779696], "[160]": [117.69555939788361, 350.61828838439067, 125.99999999999983, 874.0053638924701, 102.6406491058562], "[180]": [168.8019697026316, 56.28571428571428, 37.99999999999993, 216.43334407179782, 35.70540272284018], "[200]": [152.67411962229875, 6.9987793221419174, 15.999999999999993, 34.58925722823528, 15.728378864129382], "[220]": [137.57910413631402, 15.350243275618517, 6.000000000000011, 6.515398726971284, 5.999702547937101], "[240]": [138.55385626174288, 4.320503595614159, 2.345251993664329e-14, 37.9956987292054, 0.0015134329891518562], "[260]": [156.90628179430638, 0.0, 6.090456127421861e-15, 24.659824660892582, 0.0003017534925601825], "[280]": [188.85566496380892, 0.0, 5.626124413078368e-15, 25.39382602571672, 2.254329545960819e-05]}