{"[20]": [8.773477304553703, 12.444675672407808, 10.31036785079837, 68795260.89945887, 8.433426348352082], "[40]": [0.5887513787007862, 30.298768889847132, 12.707531767693556, 11.731001933949194, 25.905391704169027], "[60]": [22.513125643779595, 37.715758917892046, 5.7774533197306575, 23.292765220481552, 26.086683171568474], "[80]": [2.9912427880814714, 5.03572591211858, 28.973224474817204, 12.701505304793681, 49.31120067462166], "[100]": [20.94714989694246, 35.157932147557766, 71.99538330186387, 23.56180512478126, 104.58525302935983], "[120]": [3.3084841741547923, 34.40374453121369, 197.95582106515027, 29.871122306469452, 223.49519735619887], "[140]": [48.63118401937697, 893.3895095368534, 249.9616295105842, 64.02394386733876, 265.0871860820817], "[160]": [131.0730693085505, 44.579726136702845, 161.91108732905212, 303.49005742283214, 348.7447694318139], "[180]": [241.7261301212961, 582.7881497194498, 934.9744729326351, 91.70164172971036, 1059.6805900208062], "[200]": [91.98684105450481, 4569.348714691607, 3313.9529708265245, 642.7671476149417, 701.1510356697115], "[220]": [789.4274545114357, 4799.9121231672525, 6969.3703762402865, 1520.6228386516582, 1708.2419943536395], "[240]": [1839.5123420722948, 689.1616957558176, 4962.506533811074, 5607.596570461174, 391.27162163410986], "[260]": [3421.0507509727063, 5086.938918075793, 6134.475194005405, 14340.525789077848, 1923.5186858148018], "[280]": [485.8301096990567, 1392.720294642373, 6654.187561711009, 45616.937037362026, 813.3154330355502]}