{"[20]": [2.0, 2.0, 2.00000000007138, 1.9999999999870344, 2.000001266604183], "[40]": [0.7666681205030326, 0.007926895429744896, 1.0000000001119083, 0.028220091796690383, 0.49737379985376995], "[60]": [4.162532207317086, 5.5677721240625475, 6.000000000040755, 5.100584400634679, 7.083108434253444], "[80]": [1.5273395449053098, 18.585897491023587, 9.000000000013735, 3.38191732907568, 12.699144138091029], "[100]": [4.598639897975744, 40.5115198001703, 31.000000000004547, 2.0165290328089753, 33.34761476209087], "[120]": [5.158088924582671, 95.97045905351536, 115.0000000000015, 26.764978910778552, 113.84072597572194], "[140]": [4.793596899319368, 708.1510509915493, 297.00000000000045, 7.757902197141902, 202.23530772136178], "[160]": [46.06084173893896, 659.8754686775371, 459.0000000000002, 153.91942517591838, 391.0549326565381], "[180]": [26.2974261365066, 220.69786288002206, 20.0, 8.188593928540286, 190.97199300109287], "[200]": [52.30521267893073, 633.3093082454288, 380.0, 812.1266296977547, 19.90551660072174], "[220]": [72.64421833801839, 237.1702644995653, 277.0, 571.5698294511294, 44.2682882684893], "[240]": [12.257841571929703, 48.97861971286801, 124.00000000000006, 331.9905682189851, 38.57817401644411], "[260]": [5.811667900851916, 29.508645861966016, 46.0, 180.61091301473584, 19.814571293428372], "[280]": [11.631031078360486, 36.979622846845686, 27.000000000000014, 95.00661193901328, 19.38156833534616]}