{"[20]": [43.285714285714285, 43.14701779745448, 36810.15250392613, 43.285714285714285, 23215.58914027451, 11.271136728726177, 36.43918094191191, 11.699925015652376, 28.90472766780485], "[40]": [688.5714285714286, 539.9029799930038, 556.2163391661536, 1166.4661323723851, 654.5636379929808, 285.10473663339417, 721.5421642295469, 267.0539366792525, 702.4594209147718], "[60]": [12427.142857142857, 11150.873160800267, 1760.9903743598898, 2256.770630468429, 7.8129655842494685, 10477.802245709521, 10970.961933678314, 4616.365738970027, 4927.562658302082], "[80]": [14040.857142857141, 11837.934014662824, 96406.20022469049, 129787.5940770054, 7059.931342349661, 5630.328985833199, 2040.102389501175, 8411.369934999595, 5775.921981298881], "[100]": [20631.285714285714, 657.3647756673599, 14327.994665333055, 233383.65176318318, 44054.98616772793, 8580.140524415121, 1015.4202121400667, 7432.653734190566, 1241.1135990181065], "[120]": [5545.714285714285, 551.6389518209908, 257.3441277007405, 4840.856240870826, 8553.455242339493, 1677.204237597416, 44.85834957254474, 1361.1964426948343, 104.33912232154898], "[140]": [840.2857142857142, 565.4702933925273, 39.036976499398094, 1320.3769952466225, 1318.2131384732938, 227.21584010713684, 62.837599200484874, 171.8449748376152, 45.52370693399931], "[160]": [134.57142857142858, 858.1710538814259, 10.366711912022552, 2656.137104120323, 2676.0816973301503, 24.31640526295145, 25.244264755708524, 15.325581627353188, 21.44878820440663], "[180]": [34.142857142857146, 579.3363059384646, 7.681323453699619, 1437.648479388242, 1506.621017947579, 9.013449340318182, 4.9900237549652156, 7.611793373264188, 4.628953848923395], "[200]": [5.285714285714286, 564.7861906327826, 0.17825356712364404, 1366.2462842920597, 1398.9270833136898, 2.134479209882403, 0.41778533456409195, 1.9221625699176417, 0.3738712071762591], "[220]": [0.5714285714285714, 457.4138288172917, 0.7802834476283365, 1055.71128891011, 1066.5517914659238, 0.0037372145704386295, 0.8720107960476513, 0.02798786641483586, 0.8903169929765122], "[240]": [1.0, 430.6083949205404, 1.0, 912.034157469737, 919.2896261972618, 1.5095679974314011, 1.9511471141261367, 1.514273955301793, 1.970251173660602], "[260]": [1.0, 381.5806715532508, 0.49377486464991405, 755.8717423276593, 764.7152664664928, 0.0006995067851825657, 0.0006514334685990848, 4.397491228453422e-06, 0.0012957069372565278], "[280]": [0.0, 351.03696843211856, 0.0, 678.152525041765, 684.2482239455123, 0.00010279358188657143, 8.258033990540909e-05, 3.656466636160922e-07, 0.00017761846161161186]}