{"[20]": [0.5685289997348626, 1089.2443125577756, 7.000000000195013, 9.575202660640977, 15.385584241249457], "[40]": [28.02624698905649, 162.75917554910802, 128.00000000011192, 27.346022224241665, 6.190419780228922], "[60]": [140.64513318584204, 2234.816633012257, 1809.000000000041, 590.9247237977102, 1775.1298971660044], "[80]": [100.30734113533254, 3245.152083624711, 9599.000000000015, 1770.4185226093978, 6039.372289524777], "[100]": [2356.578307259344, 11874.502684920139, 5995.999999999996, 1325.7319895270848, 972.1778772351099], "[120]": [1158.9392542892037, 382.8558037136754, 4209.999999999998, 152.75989349664997, 495.6837017242633], "[140]": [1139.5009181484947, 664.1334283900937, 955.9999999999995, 269.6166121563424, 340.4259071508293], "[160]": [471.8442332104868, 79.74262942064115, 220.9999999999999, 1935.795111791038, 139.3884414876286], "[180]": [193.62141492801072, 35.329288358079566, 84.99999999999989, 840.4733589413536, 74.58748279576054], "[200]": [33.03993674166421, 35.368846183181546, 36.0, 490.43145196757087, 34.679409531398534], "[220]": [45.518094246411124, 7.975687536689293, 14.000000000000014, 270.26945149418725, 13.832659606551275], "[240]": [29.09715591328755, 9.160500656129841, 1.9999999999999858, 170.86504829344562, 2.0212021792566333], "[260]": [27.750888762038656, 7.49543742667646, 10.999999999999986, 105.48122486796728, 11.002686312686691], "[280]": [10.319759582549835, 16.098383605197924, 15.999999999999986, 64.164237854352, 16.000340350432225]}