{"[20]": [1.0, 1.0, 1.0, 1.0, 1.0, 0.9999975270400308, 0.999972467511985, 1.0000000000000002, 0.9999999940231835], "[40]": [0.1428571428571428, 1.1227756105765136, 20.862563708287478, 0.1428571428571428, 5.809944996899003, 14.386010368883785, 14.998775741619273, 14.287638689513741, 14.805949764363621], "[60]": [2.4285714285714284, 2.466921455018133, 0.6809978489975759, 2.0497372162103726, 0.9121383432192367, 0.8116665484324912, 4.611889365552886, 0.8179478434906073, 4.823005686238762], "[80]": [3.0, 1.4674803808381185, 7.156459677286961, 2.002256097353847, 2.021874946073498, 0.26269029302522684, 1.080208471162063, 0.5063681912634959, 1.3925124702491254], "[100]": [2.0, 1.8428599478637058, 2.1854030683999315, 3.815996616302554, 3.0014057400875283, 1.0088540585966568, 0.17984975584346297, 1.0010982648562, 0.07095366979545342], "[120]": [0.0, 0.5052345037306959, 0.0, 1.100085096914623, 1.1524986719466583, 0.003850460662214814, 0.02588980301898923, 0.0011603603035445654, 0.003594450939307427], "[140]": [0.0, 0.40498565761474703, 0.0, 1.1763142239748436, 1.279229110463965, 0.00044952604496447963, 0.0037770708421639002, 0.00017996416742767132, 0.0002457466575040839], "[160]": [0.0, 0.3399178588485452, 0.0, 0.7472277726842925, 0.8149882467233931, 5.3411529650707056e-05, 0.0005561619396285621, 1.1278949684957505e-05, 1.4241492994974394e-05], "[180]": [0.0, 0.2931279436242028, 0.0, 0.5465520208516295, 0.5933320366851565, 6.359839500244882e-06, 7.982214140058664e-05, 1.498411740166634e-07, 2.4268894186145323e-05], "[200]": [0.0, 0.2582160451437545, 0.0, 0.43065513749716855, 0.4647471462048317, 7.574735976884573e-07, 1.1540378997087211e-05, 2.7819109115130797e-08, 5.971371845301124e-08], "[220]": [0.0, 0.23096760464347138, 0.0, 0.35525397963125005, 0.38117607597898356, 9.02195621406228e-08, 1.665898946107418e-06, 6.411007147777875e-09, 3.988589285912345e-07], "[240]": [0.0, 0.2096027000713846, 0.0, 0.302300069816412, 0.32266790600506623, 1.0746067341132983e-08, 2.2869697348653849e-07, 7.765388866339639e-11, 5.188954883883764e-07], "[260]": [0.0, 0.1906540607166855, 0.0, 0.2630749659130279, 0.27949869109196257, 1.2799073982189337e-09, 3.446965680702955e-08, 1.1045480259918905e-11, 1.065530895150537e-09], "[280]": [0.0, 0.17587350844816435, 0.0, 0.23285512094471653, 0.24637827642057705, 1.5236233433696517e-10, 5.479184963147499e-09, 2.3927507367528955e-12, 3.232333314705197e-12]}