{"[20]": [3.0983038768596667, 3.6393313544345323, 166611.51351492974, 3.9751552795031055, 2.1850318635115533, 2.2584343223850327, 2.6368153525726807, 10.825847318039735, 54.31815185411674], "[40]": [24.35116094377141, 17.29897714967527, 37.51762400752441, 46.16266574863986, 4.244815805878079, 20.17505428771734, 26.656932650445857, 14.25008085475535, 742.4967500379632], "[60]": [40.50047998198908, 7.2311645026396745, 31031.81080185331, 468.15681597019915, 7.882895125550618, 50.74923413916369, 89.18805883534095, 38.89236185959532, 17.935634641854367], "[80]": [121.88776357117408, 30.90824945535244, 44.23268560958737, 18.968953913646654, 46.48173793742101, 145.97304401317933, 91.20589155190746, 114.22666610379287, 75.5766386185876], "[100]": [463.8395800469847, 129.66040115395361, 101939.4907548029, 36.996025062910114, 38.77372556180307, 439.0911062298175, 294.9164396307683, 133.48898013292887, 1212.903066671361], "[120]": [1609.9518142798624, 327.5567690296113, 308.0512249381171, 184.11012095344782, 217.84951084854802, 970.9188090936874, 590.3360997609706, 203.40251345367435, 2309.9978788693766], "[140]": [2114.700432332443, 152.66375247027713, 1219.9718684599204, 841.160770153766, 741.8548190274232, 1039.4318470168625, 398.8716436560889, 478.38945055076374, 1073.8900160110854], "[160]": [51.58577160702483, 93.51317363921245, 1530.5237783748235, 223.56635022651304, 338.9652286356195, 435.82284129475863, 691.8504080643094, 644.6824120668683, 71.87270770749079], "[180]": [1053.826510521499, 356.2669532485542, 252.357771731141, 1256.2170675482362, 979.4448965545942, 642.6763805927665, 34.99707571556456, 69.86809848945744, 215.13662354853818], "[200]": [902.9403440494242, 78.14454206292935, 20.864276969292348, 97.28801327890652, 105.2967337116414, 703.2566570904147, 9.097741972690375, 37.40238064584157, 64.25290688369397], "[220]": [852.1042309568039, 31.779922459633173, 142.21890388071847, 43.679267723466126, 46.75469684254138, 388.5202918917096, 178.2034102306535, 126.91379597058071, 170.793787274314], "[240]": [612.9351408387323, 38.89653101523601, 34.625545702678494, 14.07696370836998, 36.67229936059591, 190.0357865645363, 167.7772445297485, 154.20538291069147, 73.11226170380777], "[260]": [414.6579976580795, 44.98394162079803, 68.06454476561827, 34.604431238659124, 47.65791549631573, 56.474125123204075, 142.96523619726509, 150.37305041477055, 142.299588785822], "[280]": [234.1538284480668, 33.289887538718695, 40.73024905296955, 4.377985503855695, 1.0905493539456652, 8.83513424140246, 86.37836950307765, 108.76880824343537, 74.11009473655098]}