{"[20]": [3.8893883153281967, 4.0489761444210455, 207857.96761478056, 5.93167701863354, 2.3597016270923934, 1.7061843937589538, 3.2670907884223874, 1.97406191133143, 13.711551645864873], "[40]": [32.79473622423186, 26.537311823998085, 19.329017117936925, 15.042060434357312, 12.378927306838255, 10.308949882049285, 33.004469715782626, 8.140297119573393, 36.36565224379319], "[60]": [279.54281451104333, 83.69733610098297, 2.3136389987169244, 11.277552253906897, 4.878540551384311, 225.34057902528326, 265.99738673003515, 84.38651233365857, 1750.5521019712276], "[80]": [79.48435730486948, 99.34815549140195, 213.28488283556948, 1214.4759081003776, 1007.4992076719573, 133.69760924095587, 6.353483390558256, 102.43121941209846, 32.712010591798425], "[100]": [55.082073320153285, 66.4898787378179, 33.8790201794705, 67.6528858420786, 139.07806915958685, 253.63721125886818, 47.194458976000135, 33.194411356953964, 24.587395479687594], "[120]": [75.75375480622917, 74.55335735295058, 10091.62611671993, 102.60910314384843, 85.92154758239734, 335.7963751660629, 78.98376091448837, 80.7072597557632, 65.57399317036536], "[140]": [1555.66760749595, 740.0654202631798, 1307.2041787086052, 530.5360634170171, 578.9866481902594, 1838.3581931108115, 1426.3528251994699, 1555.5467571263719, 1372.4158261954829], "[160]": [11767.983556659461, 437.80699283389947, 459693.4181642777, 735.1877662146394, 717.6717152596605, 4510.857593693389, 3816.7682405634764, 3311.6655164638573, 11617.225423304913], "[180]": [2535.7847513077686, 1366.196898778012, 2510503.4653928787, 1316.0829132637962, 1598.769795132218, 3925.0070484792054, 9780.897911262826, 7589.757627954248, 8071.70183247363], "[200]": [7667.87677777356, 1719.8141027452084, 1465.0483457999444, 4503.287507031253, 2774.470824855086, 1776.615255444552, 4698.898731241704, 3447.665920653514, 41620.51372526554], "[220]": [1774.9024960344539, 161.62922807995955, 22.055313048318325, 803.7562652182961, 783.0148065163937, 394.78966126671685, 1170.4104279917133, 755.8683887067697, 12034.675541977023], "[240]": [467.4242325984305, 220.0057533636243, 40.857684009038074, 201.23638935031246, 212.27128884331677, 161.76867554669766, 468.0321607336799, 337.45172939141264, 1363.296181753198], "[260]": [60.122272723673056, 177.166731626449, 2.3319450431154305, 72.64045601962859, 77.78309524012342, 21.18863088196331, 148.26744589407875, 84.75523291645932, 622.8056214099421], "[280]": [4.083983607029259, 175.3571720014801, 0.38204379597289634, 71.27496885479793, 73.51333386433812, 0.5826566035656492, 51.69685309814134, 28.385324229151077, 130.41778699476873]}