{"[20]": [1.0, 1.0, 1.0, 1.0, 1.0, 0.9999975270400308, 0.999972467511985, 1.0000000000000002, 0.9999999940231835], "[40]": [0.0, 0.7394221597353305, 4.223100595526445, 0.0, 0.0002292085768840213, 4.363230306949049, 4.940792021129045, 4.590311209299421, 4.9439309790707275], "[60]": [0.0, 0.19528089348594713, 0.0, 0.0, 0.0, 0.7619100457764905, 0.8842178743217595, 0.755243519273358, 1.2350069632533511], "[80]": [1.0, 0.8033375012608746, 2.2903148057776446, 0.9064418925042497, 0.9518208860963385, 0.4899902457166652, 0.044413036130054546, 1.253892650119706, 0.010376880308578243], "[100]": [0.0, 0.26313146904567153, 0.0, 0.269418573945463, 0.5159175971542933, 0.0003850674063929224, 0.0061415059529667144, 0.2121139733647766, 0.0003780357463268538], "[120]": [0.0, 0.3372915027518726, 0.0, 0.3449800819366784, 0.44357557403563774, 3.4589801394950445e-05, 0.0005508366729825091, 1.242211065119484e-06, 0.00030458980601193533], "[140]": [0.0, 0.18114408705701177, 0.0, 0.17557969400782425, 0.2230331719625575, 3.148985142334252e-06, 8.289113428724955e-05, 4.457367696819068e-08, 1.1553355386613832e-06], "[160]": [0.0, 0.12318144451496449, 0.0, 0.11766459402034302, 0.14548807517353912, 2.87105454783759e-07, 6.766772349822163e-06, 2.454189161533452e-09, 0.15637411143651697], "[180]": [0.0, 0.10257565971053674, 0.0, 0.08846761234854711, 0.1067681064962068, 2.6180975299034738e-08, 7.900528820865251e-07, 4.4872775121404434e-11, 3.002435552287653e-10], "[200]": [0.0, 0.08867218864097998, 0.0, 0.07087674095102929, 0.08382852384304605, 2.3875511271362118e-09, 1.0025544396682011e-07, 5.325113646401095e-12, 0.00044376822617959354], "[220]": [0.0, 0.0784431378830769, 0.0, 0.0591201027801194, 0.06876648482618579, 2.177205301319578e-10, 1.3283690897274282e-08, 2.9454161070577558e-12, 0.018633459194642474], "[240]": [0.0, 0.0704348599313615, 0.0, 0.050708386997644024, 0.05816913141133517, 1.9842868663375607e-11, 1.2153755345507649e-09, 1.3008376556928894e-15, 5.3433651587596726e-14], "[260]": [0.0, 0.06412989452257957, 0.0, 0.04439198562619492, 0.0503329684724911, 1.8067919464426778e-12, 8.464158327387331e-09, 9.925621331874197e-15, 4.6458679901068845e-06], "[280]": [0.0, 0.05879207639224256, 0.0, 0.039474762860841214, 0.04431641117672944, 1.6476704939386147e-13, 1.0999921642441888e-11, 8.23193278199376e-13, 1.7875892271051516e-05]}