{"[20]": [13.571428571428571, 14.189793524469792, 13.118393662637587, 0.38375888392325663, 0.5074731473393577, 0.5151440135110921, 1.7243177227833417, 0.5081325284797735, 3.0724445628770827], "[40]": [11.857142857142858, 15.148342206527387, 32.55089817983752, 1466.8819559117592, 4.979759840330942, 29.44804472597186, 25.36865128644121, 29.42912124467471, 12.954960243799757], "[60]": [1.571428571428573, 13.300357134066424, 4.33071555641871, 35.59802253762825, 24.684682751175032, 16.220116682019274, 25.94294957455904, 16.218119557600254, 28.40985495818038], "[80]": [13.285714285714285, 15.929835960180299, 5.37823228775035, 4.34238804355472, 10.156540925157323, 30.424720422119783, 42.91165541545608, 29.79650759230026, 15.15593881411976], "[100]": [38.714285714285715, 38.83052918068452, 18.90785601911456, 23.455266123217243, 18.470925769711002, 64.05800234755478, 80.70443872732, 50.058718454787034, 29.974972084207536], "[120]": [123.57142857142857, 109.1827901778993, 54.301260230493426, 3.5092050304439795, 2.5440774335473577, 149.06167644191964, 174.86278555659115, 124.31058621145505, 81.14446706762308], "[140]": [85.85714285714283, 58.84774964278455, 153.43381600180345, 61.90125562980529, 82.74515352737694, 96.35757489154776, 136.69661924543684, 64.55246379520298, 100.91327366754336], "[160]": [112.28571428571428, 81.03146396001318, 52.7688089087701, 94.01541006673199, 104.43452713512158, 193.93120350319106, 269.93043737024095, 101.84770818656096, 134.24149824454213], "[180]": [503.57142857142856, 411.27770922027014, 352.2321812281324, 229.56745320452342, 239.03171776606143, 653.1933364527845, 768.9177611087568, 545.1552890587109, 430.857588666179], "[200]": [1284.7142857142858, 269.30049228531425, 60.93131157072821, 126.59145797058318, 124.97747687602396, 1166.3586583445392, 982.510465995254, 1121.136221169894, 555.0930785752719], "[220]": [2418.285714285714, 3.5088344989508187, 459.6714709035905, 583.3618585716331, 591.5825463694673, 3681.052295272606, 5258.913034210789, 124.54818202092065, 1333.8638824496334], "[240]": [997.1428571428569, 1101.6781413308736, 2235.8922623495982, 121.47464062977815, 59.59017665815554, 3716.742874819358, 6639.192977975323, 3716.7428748347143, 537.9624664053817], "[260]": [2433.2857142857147, 281.4280330197471, 2022.2275196668452, 1133.7653527385937, 1124.6511867700929, 980.7171919085586, 2203.3310715892585, 980.7171919103439, 3052.692368134284], "[280]": [1982.8571428571427, 633.1337718513236, 312.1922938527175, 2284.0691454030484, 2184.801830159869, 30.070545371822845, 1339.0542186654102, 30.07054537196541, 1573.2861680709393]}