{"[20]": [2.0, 2.0, 2.000000000150173, 1.9999999999999962, 2.0000019296851117], "[40]": [3.4117798929127385, 24.393051781657284, 2.0768098352164088e-10, 21.23883558712133, 23.24544508071156], "[60]": [2.625372737289604, 3.328704299559048, 4.000000000074328, 3.8617301356319977, 6.797089363218419], "[80]": [6.29551603988452, 16.542755095597194, 9.000000000024958, 3.6255085139218224, 13.21495635929164], "[100]": [1.251592695290796, 14.495986732851977, 6.0000000000082565, 0.35727473340518756, 12.098149356751858], "[120]": [7.626320505293094, 5.749859798829071, 7.0000000000027285, 1.4646497321634655, 14.74607068180542], "[140]": [6.9822590388415975, 35.28213710772994, 21.000000000000902, 9.269018633403597, 33.83753705204204], "[160]": [14.43458283468324, 13.057866703807917, 9.99999999999973, 32.07193303220785, 10.857131699898268], "[180]": [7.697295172632408, 27.09159182364204, 10.000000000000178, 9.036099619680058, 24.57562542486329], "[200]": [8.968531182131613, 49.381319897260795, 69.00000000000001, 44.2294744250963, 76.43603958055449], "[220]": [24.110968030357128, 7397.701512097065, 224.99999999999997, 147.25908847202885, 225.65116674582507], "[240]": [65.99116522715826, 130.57432625866727, 413.0, 97.44839391926098, 69.93145576552911], "[260]": [245.81540045801376, 571.5243244136655, 496.0, 256.7310463473036, 71.00967639878854], "[280]": [337.1613062155095, 823.47237468916, 305.0, 1447.5538116590856, 349.3925260023648]}