{"[20]": [3.8623557483832167, 4.0489761444210455, 207857.96761478056, 5.93167701863354, 2.3597016270923934, 1.7061843937589538, 3.2670907884223874, 1.97406191133143, 13.711551645864873], "[40]": [32.85318961030755, 26.537311823998085, 19.329017117936925, 15.042060434357312, 12.378927306838255, 10.308949882049285, 33.004469715782626, 8.140297119573393, 36.36565224379319], "[60]": [284.606247675976, 109.49305035458472, 78042.16191405313, 7.724845424588841, 2.321154979047594, 231.3185584010762, 285.100972935717, 108.83807523213666, 3262.7866376293046], "[80]": [129.88343473571987, 16.84321008661565, 128.0189428039468, 2118.3384892903305, 1366.6168165123888, 169.87240650863887, 27.940918142062657, 142.03821369876843, 62.13783085204861], "[100]": [79.12619420116846, 16.92243184359479, 9266.52815868038, 193.27820173959827, 132.18910273373103, 265.3063716887797, 40.278192674729574, 31.504674792829178, 16.38866190846293], "[120]": [74.16427473410651, 26.677975322859997, 3.396335500423473, 55.405554713569046, 22.904406644212184, 348.9486195862274, 63.35076456967896, 76.11167545079292, 37.025896176803364], "[140]": [1591.7730155078407, 1384.7482564836657, 39590.631469130145, 937.4762873311313, 914.6313019989927, 1910.2456797694651, 1485.6954169999728, 1608.2517960055454, 1422.8267033372629], "[160]": [11626.792536065104, 1474.6630304755622, 5322.848222207516, 494.1715931451816, 491.65479800722926, 4502.654081778712, 3498.5384531235386, 3214.0226622712244, 68824.61422198833], "[180]": [2440.5824732422166, 2480.157188424541, 15726.011446248598, 4604.620778503644, 4464.455243570946, 3912.645255819472, 9934.060513127119, 7619.289491635108, 8229.819896417988], "[200]": [7897.454685736232, 106.71812233671183, 1469.2591556256812, 1760.0658444281594, 1203.0973875591596, 1771.5356114986998, 4870.697973865415, 3453.7288852145575, 12745.76051109339], "[220]": [1772.5554683040668, 268.35251708920134, 25.41540415421121, 420.8599486732899, 509.7848276435642, 383.6785810717389, 1174.9389179286472, 754.3640175782101, 2435.8803782920513], "[240]": [440.79541779809915, 99.74427944036687, 10.034022114646971, 208.84970212470571, 222.76597471707262, 120.83915094581184, 425.8573804684355, 223.32306449295348, 1342.89720892936], "[260]": [86.07570973949764, 85.2584055434585, 4.496464156489777, 174.020447937097, 159.21941799673195, 27.881322215986128, 150.23439075770895, 61.49054605255128, 950.9747401215399], "[280]": [8.979552918850793, 57.50167724755284, 1531.5329993747962, 79.20824313819011, 83.81276214185156, 1.5983758504393142, 51.03148778144462, 15.63264584906432, 120.97656449917496]}