{"[20]": [8.0, 8.0, 8.0, 8.0, 8.0, 7.999997527040031, 7.999972467511985, 8.0, 7.999999994023184], "[40]": [58.0, 34.342898993908605, 90.80634503121601, 9.976623535155355, 23.857710996250987, 64.09806292255405, 64.37710988468804, 62.670124156463686, 66.40208015234056], "[60]": [565.5714285714286, 406.44214008625096, 149.30947085674097, 9004.16809037472, 227.12162231880848, 535.5948968909527, 593.7942311395358, 391.9113349097652, 272.08087979961863], "[80]": [3577.4285714285716, 1797.5214534625138, 287.22879114926855, 1290.4810956478977, 1327.218908511044, 2985.686496464228, 3074.647119374841, 1545.9407076560374, 1778.3776758438662], "[100]": [5860.142857142857, 2878.9817740743, 11967.324480008534, 3977.4608097423516, 4916.072059642807, 1731.5037071423758, 364.07001185258923, 990.7705024399438, 2812.2198109986057], "[120]": [4977.428571428571, 102.1942756712142, 7479.622679576871, 21900.864478760894, 13093.012115664536, 2211.6367359803753, 1491.0107814797739, 1964.3963135862687, 208.63966731208347], "[140]": [3804.7142857142853, 974.1040506374884, 649.5009580444207, 3331.172378960498, 3592.594680476329, 1114.3257160874273, 300.4471809660024, 938.324353216402, 89.2300861363774], "[160]": [1035.142857142857, 342.8584742472999, 64.4557740113957, 18.986774395945474, 66.24398939026162, 302.1663472399405, 85.57385613841569, 248.95069175066465, 14.718943193160158], "[180]": [203.85714285714283, 434.2824940274231, 4.307321065086086, 179.11675496712476, 188.69973977775885, 54.1798725665154, 17.910804745907726, 40.82760267471137, 6.073197091735707], "[200]": [44.28571428571429, 567.6930358137968, 3.9261549900490564, 420.15655996737723, 424.07991675315, 10.46533769645244, 1.370529480865514, 7.351697411387711, 167.5370088368957], "[220]": [8.428571428571427, 522.6807262042232, 4.776881239089675, 398.2245763062099, 414.2957408489933, 0.42420418176984853, 6.194608104785443, 1.1174165358696673, 6.9731703144249435], "[240]": [6.0, 453.86541639199436, 1.5508854811769255, 336.68468705667544, 344.20827044547025, 1.6027611053126414, 0.0761082837948428, 1.4534310223926354, 70.62754307578024], "[260]": [0.7142857142857143, 412.8880723795837, 0.962312422247832, 304.2218517599652, 309.2261253059667, 0.47905406544435725, 0.7779513303545074, 0.5106641333527151, 32.361679605095325], "[280]": [0.4285714285714286, 360.86977907579876, 15.187357199243706, 212.30665497065706, 219.46107789881458, 1.0215218799373424, 1.8053794743495029, 1.028119911023787, 22.73341890857263]}