{"[20]": [1.0, 1.0, 1.0, 1.0, 1.0, 0.9999975270400308, 0.999972467511985, 1.0000000000000002, 0.9999999940231835], "[40]": [6.0, 6.73942215973533, 1.7768994044735553, 6.0, 6.000229208576884, 1.636769693050951, 1.0592079788709547, 1.4096887907005788, 1.0560690209292725], "[60]": [36.85714285714286, 34.76372219909072, 62.841532014695545, 5.000000000000135, 9.805999560711626, 30.48910096663596, 36.98935392904051, 20.276645368131213, 33.35224861025483], "[80]": [481.57142857142856, 383.7429306563171, 6.0201632609991975, 125.1575484871504, 122.09540088970277, 141.93560903515828, 315.79695708328063, 297.0863972903926, 270.1810625712875], "[100]": [3845.714285714286, 1575.4502347607245, 1276.6393595323643, 999.1093944440063, 1599.385913279335, 1896.0585411875572, 2186.4527516404096, 2557.6653441276876, 2261.420424871968], "[120]": [5916.285714285715, 1278.7541185782375, 14092.12661141482, 5997.233487870941, 13929.547183228515, 2729.789502535723, 3804.6118402726224, 2765.3376105994157, 1173.3532472703373], "[140]": [5608.857142857143, 226.98291417997643, 8161.780832345445, 73996.10294335215, 60224.31402700675, 4126.639585714049, 2979.707648891719, 4542.605349411542, 3564.2568639775927], "[160]": [3845.7142857142853, 257.2382667762622, 746.5036070214808, 11185.70782534898, 11433.999626201785, 1585.95809386276, 1096.8208185844983, 1483.2334527528537, 1184.3218748457975], "[180]": [744.4285714285714, 569.4824228826383, 7.601602560432809, 363.0649820232958, 360.3407875953517, 318.3545130991625, 353.0895871112742, 267.91818837240925, 364.3647226536382], "[200]": [122.14285714285714, 174.7745691169216, 10.005522559307831, 272.1950142147778, 257.8838943944882, 67.43117019866074, 108.94673827362843, 51.50651169535334, 316.27236888121786], "[220]": [14.428571428571429, 228.31021934002365, 0.7435820082698006, 296.17530100973204, 309.30004977778947, 15.11782528087502, 28.851771749310966, 10.43221444040037, 157.42908362405598], "[240]": [1.0, 172.65211609473045, 0.043871304403153566, 262.00468808091273, 267.95923097606016, 2.718201088501397, 7.039634516321492, 1.3973034494330432, 128.05249347657548], "[260]": [0.0, 152.18204747592836, 4.191699298681387e-09, 208.71778828431022, 213.27599928572482, 0.5359261601471892, 1.6523439128720205, 0.18277582579205948, 72.47303671594076], "[280]": [0.0, 136.0510814584734, 0.0, 180.24953492085797, 182.4210237765395, 0.1286923130971774, 0.3878211313762705, 0.036511202540942006, 35.86249401604691]}