{"[20]": [0.5793186976268296, 10.45948642664689, 5.937802944833351, 70258.01019341985, 2.7913804366691486], "[40]": [9.358158720836885, 14.08955661164968, 10.37412875849574, 9.665902436764593, 7.563990423495037], "[60]": [19.683317250779936, 10.38586939108616, 1.9478374916628036, 4.500887003180061, 14.261053970030037], "[80]": [1.2479225664623173, 13.343369805468, 27.3534848967206, 13.642941515496702, 45.19004045843031], "[100]": [4.043652159460442, 107.55404973932106, 62.46726165641558, 13.224712873793056, 80.79132944900778], "[120]": [5.288215099005737, 299.06997434464836, 171.01845334819498, 15.516113350076882, 110.19857611325995], "[140]": [19.870040907654403, 312.0701340564534, 236.802682863953, 109.47801639897105, 293.05971058027956], "[160]": [19.001224191823372, 334.67157065268117, 217.43293583156375, 388.4311203713074, 303.6979176789154], "[180]": [40.97373432840573, 917.568679346327, 338.3491204516666, 460.9653418021159, 643.6223592162298], "[200]": [63.73589017184678, 275.0244605184487, 1510.6518463879934, 445.9107999519846, 907.6045878250117], "[220]": [68.60625446883631, 1414.1750641893505, 1614.3539378940063, 894.8500611712661, 324.4685214385332], "[240]": [69.30480312115334, 1464.0058681960115, 153.21190772757197, 3489.521024178187, 122.10234971600858], "[260]": [40.10258298071313, 620.1138946587033, 1972.4872129881624, 4108.777950149155, 405.34900677315954], "[280]": [10.398403036474697, 177.88463691895478, 1265.4659626364012, 7039.65646256077, 136.9389783913058]}