{"[20]": [4.0, 4.0, 4.000000000061917, 3.9999999999040328, 4.000001049028629], "[40]": [4.342569610771074, 52.700507324522206, 5.774489900518777, 1381.326189611099, 5.93336156468672], "[60]": [23.071462725861515, 507.1352478376421, 113.7618564440083, 2565.2926606058304, 439.94449674957696], "[80]": [187.1118859927963, 1421.5932058164954, 5314.988812148853, 612425.3204670735, 745.7400195812721], "[100]": [4276.345660461617, 26833.37523220554, 15494.95960662305, 2087.349563644096, 3567.430200205923], "[120]": [8241.993195166631, 14316.942980309614, 11825.92216790588, 3184.4850583684747, 481.3473315078001], "[140]": [2543.0411952440804, 1307.4978385683908, 7027.908135431776, 309.13360562569824, 486.57472886442605], "[160]": [221.8534627815141, 173.09477554311542, 1706.999991513299, 52.54475588091449, 370.5305712962134], "[180]": [373.52183895594095, 138.38675561724997, 471.9999924081048, 80.1594461480823, 250.61096450339764], "[200]": [460.2538705239227, 16.608418547693358, 141.99999792231264, 62.121813534993855, 106.79261482600553], "[220]": [439.07551678198905, 18.209601992101753, 68.99999988582267, 43748.56988322924, 63.44011935430158], "[240]": [422.510661484018, 18.527358719933524, 7.999995259789408, 52149.23590525718, 7.122977844584646], "[260]": [376.6079253544114, 4.034576199821904, 9.999990670993627, 185788.76162647796, 9.861680428267055], "[280]": [337.8555704348085, 1.1694755689513563, 4.999994927125683, 195482.22040965856, 4.978185269922374]}