{"[20]": [0.22464109188557546, 3.88767790279384, 3.9800539745799974, 431.74293306591744, 2.076484879058746], "[40]": [15.194659016396852, 97.57745319691497, 94.98082432226192, 53.85842992112926, 13.52630873863893], "[60]": [37.2972073921311, 436.45342930410635, 1059.9799180658442, 264.5517779334485, 953.1833153899825], "[80]": [15.125558067037604, 2721.187728756384, 9075.984976186774, 5739.458883310303, 6194.71068921083], "[100]": [4443.973871473606, 17728.030942567442, 14171.972567932433, 885.8524538832089, 9572.467770393496], "[120]": [7632.466378443358, 1933.8769110915089, 13785.956448293931, 1657.6518787681248, 997.8714296727529], "[140]": [2038.4831851899678, 481.1017971154993, 7438.942425024738, 400.1091661881514, 1179.442916469853], "[160]": [246.02438355769965, 143.2409387298652, 1988.9361076851849, 130.45230455191103, 807.7320644894584], "[180]": [504.50911709071914, 81.05004221108047, 573.4324133137012, 172.72475922971472, 386.97512150168404], "[200]": [523.3855359908116, 113.59208463856416, 184.9917197464558, 100350.8556290293, 156.31638208173553], "[220]": [485.06423906297766, 33.797013094319475, 60.954439187901116, 29351.84134207345, 56.62254493626594], "[240]": [440.91874099901105, 5.445822369925023, 19.83615970909623, 110672.85634666983, 19.33248421100279], "[260]": [391.4264589697448, 139.77123522134184, 13.99804862612491, 56911.36377142066, 13.898219805765606], "[280]": [356.7184799452702, 3.3488639763604895, 5.997429790562569, 24355.411858064934, 5.98448068285021]}