{"[20]": [0.3973946282151793, 4.925921853738585, 4.989442274169564, 422.5447411215353, 19.554665525248172], "[40]": [9.279919187553647, 18.134028107172714, 14.990207036711062, 7.001448195655534, 2.112134160553672], "[60]": [0.5898603474763904, 285.8658666334829, 5.997348370836521, 21.32133681840538, 20.724634856458582], "[80]": [2.181972870271528, 289.7444341311055, 9.999662326579791, 8.059292538621616, 25.148508487281664], "[100]": [16.167589867315872, 4.723439602995777, 53.99994724152502, 19.524441646659497, 72.56936878006692], "[120]": [34.045453230876696, 161.56273875650643, 76.99945236770259, 11.578485240602282, 101.15482160299361], "[140]": [1.517734498195339, 23.946751555323317, 122.99995188434347, 14.353227467705722, 193.56046287312623], "[160]": [28.88852177008157, 56.45803944103434, 150.99990204622299, 43.51193711068134, 239.6883137553143], "[180]": [12.477679209092958, 41.44070774634621, 219.99683659262755, 139.2341108384335, 233.34232577502752], "[200]": [58.60730925062409, 334.8068530441795, 1009.9999277696083, 206.22827350934986, 609.7305683040084], "[220]": [106.26745479139683, 1827.376875914896, 1735.9991775108315, 182.49941218247025, 128.50540972519386], "[240]": [212.60498255705443, 426.1261643495164, 1210.9936134485654, 2061.0010891115176, 57.25426135851396], "[260]": [247.8328068806936, 3396.7457522789396, 1693.999530404174, 3927.3657996177776, 576.3626961487105], "[280]": [145.3127852612316, 2532.106160680715, 1856.9993892214995, 4068.990991525879, 151.99685721584413]}