{"[20]": [0.0, 0.0, 7.137977434632553e-11, 1.1079522434651887e-14, 1.266604183032739e-06], "[40]": [99.50961907461506, 86.09723743780896, 5.508766634327646, 4.54037763672984, 3.6576603422023837], "[60]": [4.581434923952841, 11.725151551293607, 11.00809935850527, 10.640392877559265, 20.929878431176896], "[80]": [11.134084463267186, 0.7497079185531703, 19.196241881003118, 13.438543769629788, 15.88281433501534], "[100]": [6.347755136237467, 25.985272389019116, 27.000803781395007, 13.08645176961656, 42.42506577402703], "[120]": [4.484677203172851, 2.4348489710249055, 11.168970591979871, 31.04823728040668, 79.69205210385974], "[140]": [73.05652683642359, 82.27863879230154, 86.00022764826969, 59.10071365120882, 39.54111977127536], "[160]": [11.191170382115047, 79.19794499528405, 105.0000000084342, 136.3622523918351, 154.86975891413135], "[180]": [86.2546556805462, 36.90377222748657, 107.0000000027917, 323.94553612353207, 203.81986541016943], "[200]": [81.42349257981778, 604.026968228128, 639.0000000008129, 6.860002075869033, 610.6596634650289], "[220]": [139.1396097148363, 236.5492018876148, 1316.000000000391, 36.63635395200163, 663.3694909494079], "[240]": [104.23319894651286, 8.280481339688777, 1212.0000000003174, 1336.9686162838498, 298.4606984336606], "[260]": [352.0193359034947, 1055.5968957709101, 861.0000000003183, 4505.534621729952, 257.57388752685074], "[280]": [409.4879192772578, 3436.7137696592354, 1477.0000000003183, 4773.157826815932, 264.8009951837821]}