{"[20]": [0.05364819439829989, 2.085443203578419, 1.878544382622984, 64319.799255866164, 2.902949886688776], "[40]": [3.546598821097601, 192.04366653307645, 9.743180824044172, 5.833701408835524, 1.6837628429397118], "[60]": [1.1723896735520465, 1.5328062477687878, 9.92928311738562, 4.23618834373674, 17.30891991429264], "[80]": [1.6550829882256737, 20.14687419630859, 48.98694643862458, 31.489142191780335, 59.474470560165805], "[100]": [22.704918962851366, 90.91064071757991, 119.98203942688758, 9.05486846637283, 125.11312526347092], "[120]": [17.997749859502328, 967.4074772058732, 447.8972182929646, 44.80238739917844, 93.49572820034135], "[140]": [88.54044077457247, 148.80394194708623, 831.7810750810567, 145.29479868471995, 602.5371541997298], "[160]": [29.964253531436018, 56.44556145268861, 345.45798621902657, 829.4625846622042, 257.22002570489354], "[180]": [195.75312188007783, 163.64155426911557, 261.5948551888449, 1797.5600513652373, 19.50465934331809], "[200]": [284.51230847645775, 106.14520295162575, 336.9158291728027, 2123.9758189017816, 191.85765669072262], "[220]": [221.44689689862793, 50.795332142238976, 513.519257300097, 1970.5866219186846, 26.036114823885693], "[240]": [93.59076327626593, 363.78012638609243, 286.26330928050913, 4413.1991573759, 53.79466716757865], "[260]": [77.26568399958215, 463.5667113202885, 255.97490431565885, 1755.5605750879984, 182.83489402581816], "[280]": [25.905456437554953, 114.82917959516988, 129.96071516954652, 1058.8828505630518, 68.23759663089923]}