{"[20]": [1.0, 1.0, 1.0000000001501732, 0.9999999999999948, 1.0000029467046647], "[40]": [5.257868677660318, 5.292804098868896, 6.000000000207681, 3.290812516014299, 1.3431212350731165], "[60]": [25.17337802753586, 4.312571497023299, 34.00000000007433, 6.97475751106748, 38.27830158874355], "[80]": [20.879240633792506, 4207662.003386941, 446.00000000002495, 349.33461994497287, 361.0325136263326], "[100]": [1412.4001509368354, 2159.0302813943117, 3518.000000000008, 1870.1339768406847, 1613.938492504571], "[120]": [1377.9083334160641, 4557.436433711697, 4570.000000000003, 6249.902339991066, 362.95317493037874], "[140]": [2788.4374568371604, 303530.52355950617, 5251.999999999998, 21514.898313887097, 412.8456949485735], "[160]": [820.7246710700902, 34862.23414756817, 2783.0, 13668.258375108107, 135.78872541905685], "[180]": [102.5260740223502, 1522.2451708180097, 499.9999999999999, 3852.2734848650925, 108.35628002015613], "[200]": [11.405248444507926, 7268.0908097644615, 77.99999999999999, 833.2705092540414, 37.47191921169554], "[220]": [26.149488922464872, 1.9101398270385275, 13.000000000000023, 455.16096107386284, 1.4012954471149968], "[240]": [29.731744197970535, 0.1785885240592459, 1.0000000000000508, 149.04685779771899, 2.994125791873995], "[260]": [34.39592817286038, 0.001, 1.216073317155514e-14, 61.73389805985835, 0.46025378682791485], "[280]": [41.91125933475482, 0.0, 1.1374917389937072e-14, 44.834444646087945, 0.09997220959859207]}