{"[20]": [3.8372948219212804, 4.0489761444210455, 207857.96761478056, 5.93167701863354, 2.3597016270923934, 1.7061843937589538, 3.2670907884223874, 1.97406191133143, 13.711551645864873], "[40]": [13.021429584552134, 18.25289662951018, 1.7400296944028906, 219.83166751350737, 52.12510401166717, 1.1047093238652541, 19.107707362053194, 1.32870922700669, 47.956734507186134], "[60]": [2.1425816402650475, 7.64743349448555, 76005.13783881364, 200.22897184632623, 20.526005113665427, 5.721852317040929, 15.612838546277695, 2.4753200716765793, 1055.1078835973476], "[80]": [7.281813199410235, 4.697429710396429, 0.7968221738174016, 34.52253760353126, 2.362059266989037, 23.636760792431367, 35.81938187226167, 22.169354916098715, 5.908257827874388], "[100]": [35.12385120738459, 27.119320188167748, 1.6161552869980051, 21.73239833324045, 23.169029211624657, 60.47285857850872, 95.98148980374172, 52.627763200438224, 32.09675347481949], "[120]": [102.15709707526821, 30.73619436136874, 14570.174099752847, 21.6789212233008, 22.662153004806896, 126.43326807142633, 132.44304849696414, 52.22781858843719, 53.7313011644867], "[140]": [200.2242964328318, 27.127406504401698, 44.362817847535574, 10.807423654450155, 11.971259002015252, 170.61410818863158, 192.23093776838996, 96.59028250803503, 492.17844466656163], "[160]": [189.71253649136403, 30.18656099666089, 8.09458371774382, 96.39952014390909, 94.34240824446252, 213.03494421193886, 187.11287219597006, 35.548822182805694, 72.13552928008414], "[180]": [337.4763502037095, 17.078477522967386, 6.894573560362169, 100.10434156970065, 92.02939488986866, 444.87760216390654, 218.32599409891088, 231.7451451994449, 189.10268064307445], "[200]": [1265.1579853977296, 226.5314584100087, 81282.84864143444, 166.36727697546286, 146.80780849036572, 1278.4727477624544, 924.1200477632035, 750.9447295944458, 583.6614034661794], "[220]": [2690.846507793173, 23.878237386099965, 36560.95133509173, 437.19579018226307, 400.9042422186616, 4321.715372679082, 339.6483373911009, 383.62625159809517, 931.586839443538], "[240]": [1415.5418922784158, 422.154783961226, 1654.1998271663253, 435.80234568564754, 373.75562439108177, 4813.007150886726, 878.5181682251824, 4813.006937905998, 491.0969678534061], "[260]": [2175.2716646781623, 218.25714069327205, 1883.001262358365, 189.7299112987529, 227.9808361100113, 1863.9447963166724, 2406.80052503313, 1289.5908715102457, 2095.456362063023], "[280]": [2404.8235747136277, 153.2660430475742, 415.95607262031507, 1102.1742961033824, 1097.1744104383138, 49.95064698752023, 1502.4452773918704, 1093.7005600437562, 4747.65563123314]}