{"[20]": [0.297903433584213, 71.51406215889777, 3.600354005738258, 493.5896336939359, 2.076484879058746], "[40]": [5.187223144399695, 13.38074518624314, 13.091545200980086, 7.1667150934397315, 8.177992069149704], "[60]": [9.150348697386693, 26.634958054019595, 2.794446892928444, 5.061508718935129, 10.781819116716651], "[80]": [1.356355598264864, 215.0557990104622, 14.976252175397935, 8.83697233758707, 27.01252239621913], "[100]": [8.281799984244524, 2.0715661940715226, 17.981884356116733, 5.085439925548273, 37.674943980703446], "[120]": [42.69819415470462, 45.97258840639114, 135.94402638132522, 47.43797356160385, 138.18520403304828], "[140]": [15.790963351299252, 84.06148559278519, 166.90717276686647, 29.33027045509324, 125.38801525101705], "[160]": [52.558783763709705, 192.81979964763107, 139.78817180071405, 125.40345370633575, 163.4719048675896], "[180]": [126.5697485768289, 53.55180512874004, 263.66773185785325, 193.401616696459, 239.95135698544965], "[200]": [138.15634306156426, 1012.3825240602573, 1243.9507542298697, 529.3800479569335, 341.3068797545075], "[220]": [174.2400765946655, 33690.05545507108, 2179.4620187454643, 414.18484387395677, 568.5000933720644], "[240]": [278.36517422824994, 1433.030156113311, 739.2543828340483, 2470.6163913589307, 141.40497469863772], "[260]": [376.02258882817637, 2315.125492880229, 1830.9213136896515, 6832.54778906075, 380.2348289148328], "[280]": [431.7682497891181, 726.0968274709237, 1836.8613225324807, 6150.562395507695, 292.94100713980237]}