{"[20]": [21.464828574021002, 11.39895138227598, 34188.303997008305, 2.5372729973100916, 4.990949531437048, 0.6839259243014465, 2.6949810271782497, 7.678549048455138, 18.345220876405232], "[40]": [339.6272333719893, 171.01979046874732, 2.0720818650827497, 3071430.0119797126, 22.133835289686257, 299.6469307234552, 267.4948717313267, 155.06944253633972, 58.08834923244467], "[60]": [2838.5492385537973, 777.1933137813083, 311.47841881238554, 408.0789764368941, 436.2179905080664, 2352.3842032798634, 1824.5282476012903, 1131.8451126336, 810.2826029145116], "[80]": [17387.668265172113, 4219.271326319696, 35469.65002747164, 3609.9032353610446, 2571.251038845549, 9839.211428308427, 6740.267362461435, 5311.519290127464, 1086.805680967707], "[100]": [3820.8280513842956, 1940.013206184213, 29125.294615871753, 5559.109681974033, 8073.509435511968, 70.95370652200766, 6132.297558777888, 4354.849350286787, 6191.402298584586], "[120]": [17118.346578491564, 359.43436763856704, 6963.3064710418785, 7077.625818887626, 1345.8146437160683, 6265.117421830388, 2776.392412584085, 5255.834359591766, 1869.4104231302847], "[140]": [5380.5845584531735, 334.88989939383345, 68238.15045783384, 392.19890614082317, 983.9147172989782, 1643.3713897775858, 36.60770393879358, 1336.6830506758713, 21.665574137735465], "[160]": [1243.6396619503475, 222.99463192461837, 112.05683874960252, 567.2168604144939, 565.038148111594, 300.79986330752394, 128.45392828641224, 243.00201082055514, 156.9261208877985], "[180]": [326.2711273764749, 145.90088712889306, 35485.24990208904, 7.980765321899358, 2.2237514210872065, 39.844114170959095, 92.80454855282643, 29.64573715770151, 97.8389473946876], "[200]": [94.69513930579429, 137.9718454911326, 8.086099652450953, 432.52652574919784, 440.98310684229904, 6.1202917640745325, 39.81128650904531, 4.377837315589914, 3027.465960862421], "[220]": [22.40677568625793, 116.10854686470525, 4.312872141845674, 225.27062432646807, 224.3161294216855, 12.004979741774692, 30.500081009764887, 12.270176451685789, 30.27027549744426], "[240]": [19.89488742441234, 97.78951231378173, 2.5915991365343545, 199.98763285160635, 206.57780189679772, 5.431067326138396, 2.205017174001292, 5.383083170729532, 2.096679735875676], "[260]": [6.8480340625580105, 98.5159810800255, 10950.964258940996, 188.11472959514958, 189.0471736142586, 2.7721337464464626, 1.334680615898018, 2.764316853534251, 1.2444829201339638], "[280]": [0.2991935002964516, 87.71599494132961, 1.1634343034734311, 127.36061622292354, 131.44287720424498, 4.2506717869921005, 7.052028026445472, 4.251912341860079, 6.999933656558319]}