{"[20]": [16.711485363323533, 57.991544574377535, 13.934879813078965, 7501.918944687337, 43.542137985682906], "[40]": [100.14762110509346, 243342.0732737136, 232.98028152043986, 116608.82000029103, 82.66899859603298], "[60]": [49.47394579985105, 2352.5146323788517, 2332.9833368297855, 154839.93356071814, 2515.097852048941], "[80]": [2492.2645507869233, 878492844.5003501, 13553.988229990342, 696870.5347688628, 13289.038683389157], "[100]": [18403.119833958128, 44810.22989778661, 3824.9942798437714, 2304.0621672098628, 9171.771719638216], "[120]": [6182.2889179708445, 8242.582562633574, 13559.978443640743, 821.1658163231575, 53.42417544969543], "[140]": [211.8339544057734, 323.3779043357899, 4914.984535834983, 5.855996623791267, 951.0200886132945], "[160]": [635.6530786320963, 1399.2281392286802, 1119.9820504777858, 47.65476704005138, 452.8918183808518], "[180]": [710.2813589083219, 30.58741495585625, 265.6426621633418, 118298.38174719995, 165.60495765697692], "[200]": [625.0190861991413, 8.117078628213896, 58.994784049286565, 190758.08365351212, 44.170980653323966], "[220]": [530.8328911329066, 7.774302969284281, 23.971294085627882, 254471.41983221573, 21.816050998240044], "[240]": [473.7070626322303, 1.0956303998505508, 13.896722983628939, 14638.882988209036, 13.678498294513272], "[260]": [407.7083934013366, 12315.054021302205, 0.9954105691989067, 166577.63677632393, 1.0471489059630188], "[280]": [372.57082264177353, 5.91142473729509, 4.995086549280089, 69139.4587100934, 4.99303345257993]}