{"[20]": [3.5799050582756724, 3.787591475814659, 3.586116238399896, 3.9937888198757765, 3.705050376915912, 20.805431294899797, 9.12650644373578, 31.290238065137125, 126168.61808644653], "[40]": [47.659079997466755, 44.39152788984017, 70.68213870711176, 38.9999999999998, 39.75339229212156, 52.84751160020537, 36.188042879131665, 58.843398713756095, 1747.161542778829], "[60]": [405.45806459452325, 349.32856171642305, 100525.7564356759, 185.7940216557386, 269.0032031339777, 314.9281232034635, 344.2008433933117, 78.05314661889476, 2604.053294013709], "[80]": [378.47585010885894, 85.9129074799104, 449.6576477210721, 24117.980725196285, 557.9951008205421, 457.80842253270674, 176.48495555901286, 448.08917043175273, 168.3835040403556], "[100]": [600.6415038186974, 36.34823492394578, 29.43029473007389, 701.6370229866, 8.2202714142748, 995.4518721595567, 459.47115878330584, 500.357745561999, 383.0182032543351], "[120]": [731.5341860476041, 240.1151932787909, 52.132697379181636, 193.02628485177846, 177.11548711496525, 1424.3334247488674, 589.9015191226347, 717.3649434519792, 422.999770222441], "[140]": [6262.51140859123, 4227.386120949223, 218330.90432446563, 3059.5280833750903, 3040.9469513942663, 7339.1835106561975, 5911.613241238474, 6345.416244361049, 5720.435661015117], "[160]": [262.4458899682826, 3589.6766921123585, 16392.196132735276, 1869.8283381821475, 2211.058386669947, 7937.539089730628, 7078.66152355081, 4443.8127960896945, 15394.898551275382], "[180]": [5368.546868562167, 897.5994647787343, 1215079.5851320096, 7570.497837862615, 7087.787531847367, 3570.4482969133696, 2630.4753601149105, 2495.354848630552, 5003.205697547647], "[200]": [1433.9945198859166, 218.11467746168873, 16.09583527145665, 1163.7301193162423, 1298.2147062404422, 759.8145298019178, 753.097737618672, 454.18193328040843, 1675.290632745048], "[220]": [343.41851674993575, 219.93286606584684, 11.785032488117553, 497.7547807833212, 533.9179570778491, 169.10119021687476, 197.90599836501403, 84.80218871953744, 340.1728577744878], "[240]": [149.23540706145786, 297.9428980585098, 12365.027652606608, 228.6152266833905, 244.0689216937215, 81.69542010929933, 81.10227636145252, 53.97484598295382, 98.45984002544789], "[260]": [35.24668269299229, 279.33460674750864, 1.8825903914274718, 328.93321451617425, 329.0539978190135, 23.059027488054728, 29.720919742242135, 14.802259573705692, 368.1491385688685], "[280]": [4.281231880536845, 258.5403201110165, 1.14555063641395, 253.029213308652, 253.82095690038636, 4.279100747953563, 9.065706619771445, 1.790362286937394, 8.553398838362936]}