{"[20]": [1.0, 1.0, 1.0, 1.0, 1.0, 0.9999975270400308, 0.999972467511985, 1.0000000000000002, 0.9999999940231835], "[40]": [6.0, 6.73942215973533, 1.7768994044735553, 6.0, 6.000229208576884, 1.636769693050951, 1.0592079788709547, 1.4096887907005788, 1.0560690209292725], "[60]": [22.714285714285715, 20.626495686915298, 3.5106807353037546, 5.433593750000043, 5.595389347085245, 1.761427821852532, 26.637582969930406, 1.3417292664599856, 27.97042323086972], "[80]": [236.14285714285714, 228.78625103124327, 144.03003769618988, 134.5528892747949, 134.93548812494888, 231.29104682804368, 245.63075600773553, 205.5154996743917, 221.5520295549875], "[100]": [1870.2857142857142, 971.5505121267859, 1250.861234516331, 1754.8953566405535, 1653.648341201998, 891.9615655469522, 1113.6836563871111, 1260.6256395974333, 1156.4745704398283], "[120]": [2920.5714285714284, 666.9055480536817, 6308.203774548903, 4479.326047621826, 3158.541285798805, 1356.0010280203305, 1680.5186669098894, 686.2459201865368, 581.6908311718489], "[140]": [2786.2857142857147, 1144.750766389513, 3980.0924240212444, 25.29682431148194, 3573.992660383372, 2011.1089265884002, 1387.8146350942034, 2236.737301474308, 1684.7275299637631], "[160]": [1789.4285714285716, 1.532458869346101, 310.1150744645221, 5179.200705895315, 5061.58421437872, 728.4948178977918, 531.8413880529704, 673.0530071105773, 538.2808695864883], "[180]": [378.57142857142856, 227.1035771539116, 21.86657609121275, 238.80200661278354, 162.48100553114324, 165.49257003516888, 179.79216409220004, 139.11511539172707, 173.83547648565286], "[200]": [56.14285714285714, 103.14979426138598, 2.05251515975168, 120.64005821337983, 142.42032887798132, 31.951438405028362, 55.83386625738659, 23.546201694398462, 50.25042402240395], "[220]": [8.142857142857142, 80.51563187126658, 1.6305596413330243, 147.77973695644613, 159.2970007982894, 7.024259056603193, 16.475471557282624, 4.558626859522003, 14.289333006005913], "[240]": [0.0, 85.18235658351932, 5.3335282486917394e-06, 143.58659887915195, 148.54609412664283, 1.1111072270857258, 3.7431448300700647, 0.4257139198222333, 3.3761565652448966], "[260]": [0.0, 77.14197747857747, 0.0, 121.14336803600506, 124.69029737940475, 0.26892251333401757, 1.0866543574208085, 0.08392890567128845, 0.8275904300190581], "[280]": [0.0, 69.81912819866227, 0.0, 104.89364763644846, 107.73567376806841, 0.06509594894442643, 0.2241722878371678, 0.017275398648386998, 15.002422202563535]}