{"[20]": [5.0, 5.0, 4.99999999985216, 4.999999976813131, 4.999996755970019], "[40]": [21.808446616641103, 333.7611184074393, 88.99138240198391, 1729.7068328083494, 64.18719086683724], "[60]": [158.8360252361321, 2805.9927898758106, 2509.986182266521, 1505.1849570336992, 2445.489875592412], "[80]": [5681.1076545858305, 16181.580856410805, 11306.975620850366, 12514.218012144614, 5041.147336003022], "[100]": [6049.327790593613, 127133.1158463657, 9291.986108396903, 60851.7961434688, 261.53426120772133], "[120]": [914.0796453499999, 88443.33626052292, 3436.954990036377, 22042.376156901675, 299.8653934910775], "[140]": [147.46739682817687, 4467.590347742865, 625.9788578294352, 11025.1518024656, 87.98241028132388], "[160]": [128.26265072880798, 215.26739072964807, 161.98257129236524, 7672.865954723357, 123.3604334381154], "[180]": [127.46723079981008, 9182.763906477037, 49.534611490497866, 4130.085866717889, 45.18171773165664], "[200]": [120.84363939211349, 72.61689479215882, 9.990552607735683, 1953.1449993608899, 9.473143093709108], "[220]": [113.26327108687033, 1.122183273468163, 4.938217058180236, 996.2139221522564, 4.92127264846062], "[240]": [108.93722188089644, 12.425775439512268, 0.7721572702982533, 1177.0759882106386, 0.9843038991710076], "[260]": [108.68599242590311, 0.6652310949438587, 0.9910156730168561, 987.7419228490504, 1.0009885706203259], "[280]": [111.62004957830402, 22.252861914904006, 0.9927097537828162, 547.282334496821, 0.9999709394642855]}