{"[20]": [0.0, 0.0, 7.137977434246622e-11, 1.2965643611924093e-11, 1.266604183032739e-06], "[40]": [0.531186730676658, 0.7654451914538987, 1.1190826043616653e-10, 0.7426273846859803, 3.5848445397125985], "[60]": [0.10816862687124873, 0.8410836908362622, 1.0000000000407554, 0.41605099539537393, 1.6155786194579327], "[80]": [0.7640869756238602, 10.876716825690043, 1.9999999999862617, 2.3462032708855265, 0.8398440399365974], "[100]": [1.2663994850068019, 2.375893892290224, 1.9999999999954474, 1.7234367980066008, 1.775784118234489], "[120]": [0.0561654729870394, 0.0, 1.5053251843529611e-12, 0.15263326804771515, 0.02261775994685286], "[140]": [0.10124672581725325, 0.0, 5.041445694747832e-13, 0.21579311765669418, 0.0021067519960562765], "[160]": [0.07097404665524867, 0.0, 1.4779809337780139e-13, 0.35482158576483913, 0.0001932851446936702], "[180]": [0.04685659396516846, 0.0, 8.100109517106596e-14, 0.13405057487356742, 1.7679234052364947e-05], "[200]": [0.04023756778185092, 0.0, 3.144847698654042e-15, 0.029603326265773, 1.6164259863936013e-06], "[220]": [0.03525706153266034, 0.0, 1.0711786202187284e-14, 0.016692458367082996, 1.4775797679795796e-07], "[240]": [0.01367189626039073, 0.0, 2.3452522360310632e-14, 0.02823702214736684, 1.3508216183737878e-08], "[260]": [0.013414363134785067, 0.0, 6.090455945237663e-15, 0.0322687576022333, 1.2345723465485218e-09], "[280]": [0.03473145246493664, 0.0, 5.626124335450198e-15, 0.009524305374050857, 1.1290915429241906e-10]}