{"[20]": [24.68785313622496, 59.65662996713485, 29.41816786323021, 26.30128694727533, 36.163417765077554], "[40]": [93.39499768729763, 114.76699147933425, 317.6342168821982, 70.28078843260664, 28.46455808732071], "[60]": [962.5920736256448, 15860.014561668973, 11990.000002109307, 1161.2565082485053, 10067.674715730976], "[80]": [14584.911362963001, 28462.6600777876, 17146.000000711007, 80585.18473269691, 17165.07875717689], "[100]": [661.3944561671378, 21415.642049528826, 23084.999999764383, 91249.95556954588, 2451.9782398363386], "[120]": [2080.648472770301, 4901.3100675088735, 5071.999999922093, 25246.177255874194, 1886.3088511727947], "[140]": [1010.4512675648648, 1116.9687385936504, 1133.9999999739084, 8045.419446233282, 715.4410381443895], "[160]": [495.77464163312425, 1428.9819986392306, 243.9999999915657, 1893.1991484886767, 197.44474245310175], "[180]": [311.33369597576245, 8.822521636163202, 51.99999999720825, 534.8396683939745, 48.492734480568544], "[200]": [245.40587010524126, 5.983042755763162, 19.999999999187047, 113.4140262982005, 19.63493259520117], "[220]": [197.43715725496816, 56778.16810486706, 1.999999999609015, 9.274354297637501, 1.9468159541682422], "[240]": [196.45241577806914, 0.48647584614813555, 1.9999999996817923, 46.40735450433931, 1.9921439372688017], "[260]": [221.31038430782462, 0.7913203230344035, 1.0000000003175669, 57.58624904785006, 0.9995800793213268], "[280]": [264.7530399053909, 0.0, 3.1889975453493243e-10, 35.61408399266941, 2.1601853154178383e-05]}