{"[20]": [6.0, 6.0, 6.000000000150173, 5.9999999999999964, 6.000001929685111], "[40]": [20.4347198768603, 23.815718156794986, 37.00000000020768, 85.93644527731874, 47.879113141754914], "[60]": [8.290274519299146, 3.9909831690961965, 8.000000000074323, 9.820875957180924, 35.16422992393866], "[80]": [0.4279289497600871, 25.824331067707078, 18.000000000024954, 18.998052998752463, 38.954467555667556], "[100]": [5.900123030263174, 98.21503733652813, 45.00000000000826, 21.079707215620374, 70.96680154701266], "[120]": [21.84919312297714, 85.88909751337398, 55.00000000000273, 7.75371681214088, 101.0921871889357], "[140]": [18.022445447138182, 7.738960275132399, 117.00000000000091, 11.164927518930824, 191.58550281981803], "[160]": [21.632456862551123, 68.86127726182951, 55.000000000000284, 150.23258366182984, 175.74012837266685], "[180]": [32.31408706004447, 127.20733861068163, 181.00000000000017, 146.3783364047539, 288.65927044601113], "[200]": [4.4950605036360685, 175.54816465209296, 769.0, 132.68493754754718, 800.7849988039786], "[220]": [29.153827353962697, 149.63390854873342, 2042.0, 583.1022656258278, 561.836450064668], "[240]": [137.05185069133222, 2005.9435818754946, 2668.0, 1453.379566122554, 16.80715279053402], "[260]": [40.65477101591932, 3935.8728852331533, 122.0, 6968.996222664195, 1408.2149782706929], "[280]": [389.2209854728617, 1579.2940261860576, 2630.0, 10723.917182811289, 207.88917454780858]}