{"[20]": [0.3180589293747348, 15.999456073294944, 54.54759864001026, 27.674073040333646, 6.063474255425344], "[40]": [11.919862958616212, 5.895935216390319, 84.92073911963807, 4.865353197851392, 2.783221309868779], "[60]": [0.6462153005789351, 11.051655773460547, 13.236478420751624, 25.838231218207003, 11.942487296776298], "[80]": [6.122166647804733, 42.94720440069315, 16.061472966404033, 10.700893447303637, 35.107542240585104], "[100]": [27.21619455945789, 5.343172906849387, 63.99997521444937, 27.116295991932112, 88.91168309254104], "[120]": [65.2062031419688, 68.43460041864252, 93.99990801888812, 20.26726381642373, 80.12163099357323], "[140]": [63.580741297039644, 40.6150078517542, 80.99983794302184, 84.66981364672894, 180.58783642917035], "[160]": [60.4842674429409, 109.79605820543196, 129.99969251507062, 124.56299530304892, 254.97782448732568], "[180]": [154.49245509477774, 250.9817392382525, 454.98997501210937, 201.58830194605386, 554.0913226172796], "[200]": [137.15048891248975, 716.6745495687449, 1457.9997420568322, 259.11926039290023, 96.25262825498747], "[220]": [487.98591861359955, 4083.281019993294, 1837.996736009214, 621.8484869133201, 340.910892466869], "[240]": [568.5568122802422, 738.7106129894754, 206.97628707156179, 2918.3910599009205, 87.47420671305845], "[260]": [1341.505085904928, 301.43948076270595, 2284.9985197439546, 4605.388363114915, 576.2451496723113], "[280]": [325.6002502877027, 172.7060507111777, 1382.9983187779349, 3476.3967020503933, 21.624535534592784]}