{"[20]": [6.034143975004655, 7.299597757396526, 4467205.062887648, 7.950310559006211, 4.370063189707326, 4.575674716198861, 7.1197363090283, 21.52807643136475, 107.32315553841751], "[40]": [38.90909419461389, 36.483421106690514, 3.1293398615688535, 159.89581477407134, 111.03070774579862, 2.5050563680152074, 51.77578398763539, 3.7639578609027367, 35.49450536643337], "[60]": [399.8043809413996, 248.54744550643755, 159379.74639928745, 187.16657584574114, 74.16763895783556, 332.89679500666944, 372.9581197994887, 117.2972797805974, 106.97461440924488], "[80]": [3047.403412196791, 902.1300314709455, 717.09291635918, 516.2933776430813, 574.4966938472164, 1558.195212674082, 741.6856017840626, 251.66767863406585, 3688.5175141864747], "[100]": [7524.48334491129, 609.8261295640456, 6740.6604825526265, 3471.1375109801606, 235.04843423987847, 2255.3254176763535, 978.8728321379446, 225.40746964913188, 531.2317377352888], "[120]": [5713.4594838142675, 771.9344833273661, 2163897.106678546, 390.17100415806897, 98.94381206436644, 2955.138003396095, 419.569026491791, 2436.6868838472183, 340.9826824596605], "[140]": [4084.050193776079, 77.35198875366737, 522.0221367799281, 2296.593410860494, 885.8164641322951, 1626.1392492797283, 417.0395205729448, 1265.6995548712302, 233.51804411090626], "[160]": [911.0353171780545, 299.1183007341319, 24.427075636811175, 227.2743161053652, 338.31296138150935, 335.5379554161542, 14.340421747417015, 248.62185566188708, 30.86988738407799], "[180]": [200.1635356929439, 76.3563801618618, 11.286219900673506, 132.4353565403838, 139.1511059226907, 47.9743054982192, 46.13424119968276, 29.45717151758476, 56.832354725068676], "[200]": [52.96605780962172, 63.984704761150525, 10828.847257975105, 189.89968207204237, 198.18343743816592, 14.952701639714796, 10.28495801038203, 11.09023154220729, 12.401198337320832], "[220]": [9.783078752845785, 49.01373956122819, 0.8534954007835631, 95.21814568993452, 101.01511317657216, 2.8173033802894136, 1.755926466872513, 2.025269286673163, 2.447583110862013], "[240]": [0.48622520645950645, 49.81381649918102, 9320.696743598484, 106.70153633588694, 107.88388146139607, 0.6527396751865359, 4.2982582627144215, 0.7970647115887463, 3.959627670587474], "[260]": [1.8859259185987567, 38.82416956273095, 8300.139382285617, 55.82758550589867, 55.80246683568539, 1.0985198023519398, 2.6773100595445816, 1.1284781169268974, 2.454812837032786], "[280]": [0.4209524420253956, 46.20004471820839, 0.492533368673989, 86.28549475752075, 86.6961739888127, 1.4104731280712142, 3.493818632708301, 1.4165887548865868, 3.123374811243478]}