{"[20]": [27.142857142857142, 23.39798337285898, 129.28316092916003, 127.57577810381028, 110.95042694627796, 91.03808512388302, 89.36361290545642, 91.0636824125663, 89.22650695695332], "[40]": [11.57142857142857, 3.7057921978505775, 53.91151178071024, 11.169925903607428, 20.184057443014837, 55.74868309059734, 40.17294917866089, 55.74523432492046, 15.645208655946725], "[60]": [15.285714285714285, 18.31504826012909, 19.290033942701562, 38.814509921997825, 35.69931474013023, 37.77098471908715, 53.839214090857794, 38.39671540129814, 15.12343319276242], "[80]": [50.71428571428571, 34.401261047571126, 7.609763561739683, 9.545646008276435, 60.06993288102624, 81.28012186995784, 43.95166016802037, 77.20874314416535, 43.9999913553514], "[100]": [107.14285714285714, 44.72870259406511, 13.745238519117635, 3.5746946104366657, 4.490021964806289, 147.77995262801068, 189.91111624801832, 107.53591546616832, 87.11335185864075], "[120]": [279.42857142857144, 51.74900173608671, 31.0458811985593, 64.28347107489685, 67.89977470829444, 330.1439724427461, 402.69718598657994, 102.77401291130326, 123.21983657293913], "[140]": [387.0, 89.21706547189547, 148.71384285082513, 297.1351397611447, 290.05805399785845, 426.7477719157707, 543.9016373770048, 61.19707324947581, 208.0795598011839], "[160]": [370.7142857142858, 143.5264880423813, 58.577502875417395, 445.19919432982454, 438.87744693312425, 563.1595816528322, 703.2831615643754, 471.9637077420965, 238.9386911843335], "[180]": [1281.2857142857142, 1042.675838996523, 515.5616064920578, 109.52071812344866, 137.31498207021787, 1648.9206659559334, 1080.4496774373554, 1299.1719897144362, 950.0809858792393], "[200]": [3730.285714285714, 857.2850344150747, 354.4104461238903, 218.2031936250869, 206.8897852553564, 3584.301127607573, 2966.5142080808732, 2327.739738122241, 1991.2605536445171], "[220]": [4898.857142857143, 111.77639448341506, 2645.442964266962, 79.512398000963, 100.21201894937803, 8498.140942337192, 385.948855442859, 961.2366374099602, 2253.423847070835], "[240]": [280.57142857142935, 1001.5372730403433, 5720.590991864545, 2026.1559934200814, 2164.8235682845825, 6345.210262318079, 3988.506010203251, 3127.8204835049874, 3045.012065165789], "[260]": [5689.571428571429, 351.3734912501932, 3191.139034165426, 1892.8022250528302, 1750.9627063076023, 985.2479869678318, 3972.9915799916143, 3895.3842440299613, 3964.747542687932], "[280]": [3353.142857142857, 138.59665149844022, 386.52287202661273, 1898.4555218610712, 2019.9788564172286, 73.67872000454463, 2043.6255278889894, 1912.5386999402463, 2525.083303245481]}