{"[20]": [21.457906702231696, 70.25740280352976, 44.00000000041028, 41.4104195246087, 87.68163927457027], "[40]": [63.20174576895167, 212.82410465917786, 46.00000000020768, 31.564051135511875, 133.85933994876427], "[60]": [14.826843879480208, 24.590401639340826, 42.00000000007432, 23.205846002869777, 106.00399177979821], "[80]": [26.01453261427889, 130.8671768789843, 167.00000000002495, 107.67628394748488, 228.77153201665647], "[100]": [116.60296447291773, 241.51257834130456, 523.0000000000083, 175.58675067347679, 733.9379065431607], "[120]": [345.0416994518914, 348.5669518112604, 1005.0000000000027, 793.8019030753594, 996.9119435413447], "[140]": [36.57572559053733, 767.8203470510107, 1344.000000000001, 1769.3803494808626, 1805.5716743518997], "[160]": [409.21051050106144, 946.0299382200319, 1720.000000000001, 4104.350388051171, 2965.5622389675627], "[180]": [1211.9611292792451, 1625.594416243388, 4473.0, 5899.532169551752, 5616.887354511227], "[200]": [2157.650510268828, 3796.6912992020916, 7049.0, 10159.263428687053, 5749.303340440034], "[220]": [107.68520333285778, 1360.3145000996228, 1423.0, 24059.103113682293, 3521.407510159941], "[240]": [2693.0256710508165, 9237.499494513406, 6101.0, 2743.800641905982, 233.69897920878793], "[260]": [2612.1080585131067, 475.09915463466314, 6896.0, 28295.19173752948, 1006.8940895372089], "[280]": [692.1198112324041, 368.40762085175766, 2998.0, 17430.81051185537, 41.69808344199282]}