{"[20]": [0.5793186976268296, 10.45948642664689, 5.937802944833351, 70258.01019341985, 2.7913804366691486], "[40]": [10.366361824526294, 15.183216165111277, 10.765433106321826, 10.231119828068941, 7.674741104189188], "[60]": [1.022678384031387, 11.540249540876818, 2.6492358447234063, 5.005675529160236, 20.090316212142543], "[80]": [5.467698322999064, 74.46128995113598, 10.43623605116426, 5.759025187790134, 27.71459415286899], "[100]": [22.89425843847152, 194.0104932425889, 59.563620398165156, 28.909681194326822, 77.26153668347393], "[120]": [11.236815799209978, 405.16619217951785, 108.48313882752402, 13.607852156511216, 136.49529807406236], "[140]": [40.37195128669541, 212.43945330015467, 200.81700648470755, 13.872892319238165, 237.25179732496417], "[160]": [45.81226871013556, 12.609278160650842, 105.46876722799536, 142.1930320303799, 172.93669826929874], "[180]": [4.1312319647041, 1569.634983414076, 352.5382637393522, 242.18583929678508, 578.0885965912903], "[200]": [37.1291984406223, 310.78857682588114, 1289.9878793638009, 544.7147932560358, 239.44301634343122], "[220]": [63.6135222071213, 199.63124810803112, 2037.9296099178973, 421.94248431814003, 531.0266731159552], "[240]": [64.5914765243189, 607.5416053330363, 395.75778448906794, 4775.4360742866875, 41.072892174105164], "[260]": [55.85496594456531, 1506.7129991333406, 2158.466363051154, 4675.082885843205, 797.4566927064307], "[280]": [109.52328269472632, 267.0283138109594, 1638.3541232118143, 3996.2116445922516, 261.72883602887634]}