{"[20]": [1.5970308005760843, 3.428571428571429, 3.0000000001950133, 3.75817043547781, 4.313243077690929], "[40]": [9.922990593756317, 32.34056931915743, 27.00000000011191, 12.913954043757457, 8.285665459023726], "[60]": [18.414966837744544, 172.79150765809914, 238.00000000004076, 89.8566321788698, 268.8390562395279], "[80]": [20.54091870554157, 652.9285078725202, 1647.0000000000139, 400.0285661730795, 1421.983674844039], "[100]": [179.47554450269126, 2515.817388853873, 2473.0000000000055, 253.49288016376522, 2010.9322885162837], "[120]": [294.039589929409, 2297.824489992874, 2754.999999999998, 638.1577890408644, 15.142354227819851], "[140]": [9.568896824278909, 158.43364451247953, 1421.9999999999995, 3775.2041153488935, 313.6308267669083], "[160]": [77.0049030260729, 92.77413635702703, 315.9999999999999, 1332.9847794484185, 111.84318854125308], "[180]": [67.25180301393405, 15.763941210304495, 69.99999999999991, 621.654206328335, 37.99871470684906], "[200]": [57.497130265032084, 8.366219336485546, 17.999999999999993, 317.03828782719484, 13.12287720911604], "[220]": [47.40616962147277, 3.220895874946814, 5.000000000000011, 168.08036365128396, 4.260130524250112], "[240]": [45.64492689991719, 0.11741403048273202, 1.0000000000000235, 103.71291392690159, 0.8878420400011864], "[260]": [37.987440957161034, 0.0, 5.995204332975845e-15, 63.04857160546362, 0.017000309767046917], "[280]": [33.95076834266047, 0.20012358676960273, 5.551115123125783e-15, 42.95869330791936, 0.0025767875751065983]}