{"[20]": [24.428571428571427, 24.98296372306209, 147.6099079558444, 24.428571428571427, 23.994368924728594, 18.805127363860507, 14.879506894785287, 19.09431215915702, 16.419706991814095], "[40]": [351.14285714285717, 348.6746387651527, 6.721081782305134, 189.45337728069273, 14.314449799244358, 67.5078643239886, 374.7652723093125, 68.93583441806629, 384.0426595529832], "[60]": [1960.4285714285716, 114.05241164335985, 3103.390551501904, 142405.28931267487, 3687.956578155272, 1481.8282140029557, 1769.4670674635, 317.6754513540195, 455.7236450209898], "[80]": [965.0, 192.82254178408402, 2749.725901869876, 27778.162503603115, 19955.460868551243, 1391.663797462019, 180.8716545879006, 2.031089581908418, 205.53842469384335], "[100]": [905.1428571428573, 299.4044999268608, 31.687711921402297, 1137.7807260861591, 459.83759323054164, 2461.5086760447075, 650.9365286392922, 566.5184081157704, 500.0438899041901], "[120]": [938.5714285714284, 675.1463333934398, 126.39920719692691, 834.543562406915, 796.9935880138446, 3176.141851528983, 782.9739968420618, 992.9620844681749, 508.3283978110585], "[140]": [21314.142857142855, 13664.216854917526, 19137.73695490197, 26490.9284677681, 22711.360053952412, 23829.63988862369, 20286.033432442233, 21436.841648075362, 19794.118857521556], "[160]": [28307.142857142855, 15946.23537647986, 90612.45596452025, 19188.929687399374, 18368.565776372663, 13718.74094781086, 8839.63133601514, 16480.84330057229, 26267.885270803046], "[180]": [32246.857142857145, 7384.324925754088, 34453.4418096331, 32264.329547844318, 34062.627638053586, 17351.70943820305, 38245.3313791838, 36179.72727268825, 35386.135853600186], "[200]": [16810.14285714286, 5501.429513667081, 1472.0799832965931, 18559.16280658501, 17090.796290454327, 8496.983566423589, 8474.811521347572, 9016.161052426982, 10655.439806763723], "[220]": [4053.4285714285716, 2594.2450013904327, 213.09353949906813, 2712.11375003825, 1872.5227496516954, 1797.0128278852371, 1759.0581588592672, 1879.5669996276847, 3169.570660290816], "[240]": [1323.857142857143, 1234.6360970215137, 128.58203544144908, 1828.380211764595, 1816.1068989167734, 647.2292731266889, 641.6609739374594, 666.4553971655102, 1231.2157869065313], "[260]": [292.42857142857144, 796.9928621466661, 21.033694927373674, 1847.2411751333373, 1821.7840687416626, 184.9587457727093, 189.95097466533082, 192.29977260444818, 469.1296817612655], "[280]": [23.714285714285715, 531.0560412217692, 12.218189440143473, 844.1498923670927, 869.4143674758405, 31.812014501721663, 35.060530350382855, 34.65390461831406, 144.82540866541746]}