{"[20]": [8.181976324534604, 4.999999999902516, 4.000000000410281, 0.6077333341138722, 5.355543214414988], "[40]": [121.42735573363032, 66.66458219610396, 77.00000000020768, 164.6922131774818, 157.23499715051983], "[60]": [253.38910629560655, 4962750950.618007, 1077.0000000000744, 53.27915048341788, 1101.7040956993806], "[80]": [1774.1316474231044, 3423.7893264812546, 4372.0000000000255, 769.4372318213009, 3916.8863546441203], "[100]": [4725.621743663162, 6994.426852922663, 2901.999999999992, 81.39727083077742, 530.7484152999805], "[120]": [171.57355871708148, 936.8739497479833, 2098.9999999999973, 7359.823245364756, 171.0114744412881], "[140]": [736.8317428575778, 180.143072523574, 438.9999999999991, 2870.8606360913845, 102.41592697144193], "[160]": [494.4412811294528, 145830.82240611908, 103.99999999999974, 993.6867937423249, 57.665404550840805], "[180]": [335.8658656435605, 96.11903458215596, 34.99999999999983, 480.5665321324034, 28.884452610231733], "[200]": [229.94332778963803, 5.0, 6.999999999999993, 261.89010133220313, 6.198180431196434], "[220]": [177.76931183316307, 8.45500264714051, 10.000000000000021, 160.49817136012348, 9.894974875559441], "[240]": [165.52256959423895, 4.695843248006238, 5.000000000000053, 4.9772576968163165, 4.986245308449707], "[260]": [147.00245394490778, 0.17819677826472002, 4.999999999999986, 54.05056142314481, 5.001801357269791], "[280]": [137.38390354066647, 6.298421000122126, 11.99999999999999, 12.00035232891251, 12.000235910521905]}