{"[20]": [70.45820606906526, 60.1185618552154, 113524.2024229438, 15.405779974176472, 26.848220062629647, 6.469837684825598, 6.979349928406867, 195.7204130284787, 670.7116908260225], "[40]": [883.4025764765122, 609.9402869237553, 245.65437364763974, 366940225026.7037, 158.56732642842425, 869.5358007731871, 898.1050071687418, 668.6337173581181, 121.00540572330823], "[60]": [7933.018704091686, 4229.628619036195, 633.2222092725619, 15520.449014446382, 3078.9092418358005, 7677.991040780294, 6180.989980044564, 4757.739740985848, 2748.5494081328115], "[80]": [36128.729528544805, 11900.335299359842, 75343.41504618438, 25301.885141787796, 20805.366644166857, 26521.805171243264, 14122.979977176377, 15627.348842601854, 2153.3417616961365], "[100]": [2231.380062060541, 8625.161720830982, 78709.47967471526, 122515.40897688051, 150219.0313456078, 3788.7698316701217, 20977.39980531387, 19610.422591663006, 19220.933052852164], "[120]": [26704.623299882383, 2545.976387005335, 10215.427430544334, 59886.58265202135, 7345.2552138715555, 8258.371373591994, 2452.4188739387373, 6962.491527286277, 1006.3511151054854], "[140]": [8240.952258197707, 1920.0291690918984, 42473.46822056713, 5274.944573658021, 7517.030193942835, 2052.024198678891, 164.00620991986312, 1690.1659689765481, 252.93852156891037], "[160]": [1865.5432711259311, 917.8227876557887, 125.08231414123819, 2676.3514627266622, 2618.9282842731195, 331.1973313742357, 238.12501121805445, 260.53648458945884, 271.4018967383777], "[180]": [500.4890931256319, 381.46021536826885, 22824.509336567786, 746.9270486964238, 776.000016845547, 45.91113347007681, 124.76815035066754, 33.16613578389894, 130.7035000243605], "[200]": [135.97788611466314, 509.7080927202336, 20.607949722088446, 2112.5441906296955, 2144.0885287137726, 8.83112058102924, 66.98022738042188, 10.899579305803464, 5732.8916729139455], "[220]": [50.28773386452003, 474.2544394727146, 2.007071340955562, 1377.8692518272273, 1374.582470758599, 6.988119693654693, 30.192807192971344, 7.34634867740593, 29.971823148545315], "[240]": [23.87233593362194, 411.36463757835963, 1.2981757932196691, 1106.9352057497233, 1133.238695402816, 0.0170237889657561, 9.569324626417771, 0.07751932760757384, 9.459698082899383], "[260]": [3.887991093508259, 406.6648687997482, 9747.917804320177, 994.4265455214309, 998.9454431148118, 5.30406433754532, 10.434768177961724, 5.314059799788554, 10.341571117996665], "[280]": [7.831344528047784, 375.5850303804269, 9.439878301037117, 774.6401800651272, 790.2621155395924, 0.28682056651849025, 3.2115981715251367, 0.2851811135696347, 3.1576576825425517]}