{"[20]": [3.015698194735682, 17.157099296044827, 4.965116894069159, 1671489.2718795603, 51.54791052806556], "[40]": [11.321649873298735, 7365.1538821402155, 56.8758849588727, 25.739314191271454, 11.280112257499097], "[60]": [38.09109106780432, 10986.348678654242, 1363.792194939429, 266.1718494023042, 1153.159162475341], "[80]": [2285.0897851622362, 1663.9016381268068, 5714.762277734677, 9142.870088314634, 2414.0921483175484], "[100]": [316.9749417447766, 5789.071986251851, 5073.618935660515, 18859.341315252463, 252.72755346073555], "[120]": [93.14251604975395, 18147.0489845116, 1346.7222353784812, 6161.089360536132, 139.83745454810045], "[140]": [82.47663962059242, 15104.303134015, 200.81906512984935, 5109.4373655128475, 57.825378893765674], "[160]": [69.05114813575867, 704.967217303558, 36.96316354685978, 2575.8969261431926, 25.04313662741193], "[180]": [59.2979953679714, 472.9275539255458, 6.042319614291788, 1087.3397463517874, 6.862905921749688], "[200]": [52.087062793166645, 7.163844856674039, 0.9518484416026515, 1434.9468468198143, 0.8865029967048291], "[220]": [48.09400957125566, 0.12369615291391944, 0.09354604492593908, 1100.8604910703207, 0.015685075794358707], "[240]": [46.25914211765902, 0.0, 0.34497393722101477, 378.9787780097009, 0.0010488048348371063], "[260]": [46.56595390068706, 0.0, 0.003552419882482565, 414.56366915394653, 8.289932692990374e-05], "[280]": [49.468377744394054, 0.0, 0.0031710550534759254, 192.92178307816638, 1.507749041035498e-05]}