{"[20]": [18.96911901546071, 62.37189639336846, 43.90881405200312, 62.896778055071444, 79.59564707426601], "[40]": [57.70865099127638, 182.441404898686, 45.95459530850103, 19.799498996689646, 158.01584933898053], "[60]": [8.259159898151026, 13.98091862192621, 41.99229598005977, 20.19250330584187, 104.9188872725587], "[80]": [17.22495214167889, 279.24775156064663, 166.99910782286156, 69.2157229612429, 227.48063899327815], "[100]": [103.79030827797797, 206.55786281830723, 522.9998679667077, 147.69247426477597, 720.1621937510164], "[120]": [323.1304007710175, 205.11069092692284, 1004.9996672865287, 498.569787341763, 887.8222811091342], "[140]": [19.731918079321268, 716.1869684820324, 1343.9993282996254, 1375.427213210037, 1672.2442055742843], "[160]": [370.1888110811645, 533.5256061280811, 1719.998476253028, 2353.9662329074536, 2887.0585709430857], "[180]": [1166.8051929262747, 1517.5096026331717, 4472.944952477354, 4324.095622143009, 5487.85634579404], "[200]": [2074.1346111376683, 3689.6531025258214, 7048.998566127341, 9350.494968184066, 5207.704575593377], "[220]": [75.40490067614961, 828.2275343724848, 1422.9855437226581, 37197.60610989481, 2455.6952188740215], "[240]": [2484.384905704198, 6953.551554253382, 6100.924527703021, 6440.125010156008, 176.53410662879267], "[260]": [2394.126584503146, 385.7320769529314, 6895.996280438988, 119676.10339230299, 957.001741412232], "[280]": [460.0546024359356, 205.1054770317285, 2997.9968504264757, 14642.95135001225, 33.97671866875179]}