{"[20]": [0.0, 0.0, 6.191585306815473e-11, 2.4202085563178404e-11, 1.0490286287641973e-06], "[40]": [1.0622749238148748, 15.644457857832284, 5.99734818037158, 651.5279229422127, 2.669642666584196], "[60]": [7.459074362226068, 500.27993296482475, 54.998368144533, 6920.212193928721, 46.94664184224162], "[80]": [9.466320874989256, 4211.451322545238, 9.999470700581005, 7465.447677424505, 56.288480627561334], "[100]": [2.9639019622418554, 8.785688505425354, 6.999890182899797, 107.4340216914852, 24.040380186685248], "[120]": [2.6883431242165123, 819.5398775009563, 4.999932259047541, 18.31352837306978, 12.859120097594982], "[140]": [15.733730576308584, 24662.26115668037, 96.99986773019027, 14.252037954797595, 93.13287813586714], "[160]": [32.80615642932328, 6444.255222409368, 1225.9997062443158, 155.41819506131262, 941.5201046219514], "[180]": [161.84375729430866, 529.8654241353662, 6041.982351666022, 3100.8450547908446, 309.5457984819768], "[200]": [3146.177502493099, 9070.16590171413, 1601.998993891017, 8001.006191648579, 182.2498443663823], "[220]": [1571.476881633143, 994.823984628745, 3945.998381285648, 1128.270107181788, 437.74812132587124], "[240]": [280.1840064055359, 2408.727180439783, 1437.9957574402417, 21849.71098751179, 134.1078423080519], "[260]": [64.79319771866487, 23.638069949698973, 264.99994937398384, 1431.527216660414, 4.52382370835155], "[280]": [112.58033738812325, 1.403046607347946, 27.999895111999194, 8.218439744711196, 13.069444765857938]}