{"[20]": [2.0, 2.0, 1.9999999998521598, 1.9999999768131311, 1.9999967559700196], "[40]": [30.013251839109326, 25.99732159966125, 19.997390408514573, 5.296660210953902, 45.843854802985405], "[60]": [17.506430044165423, 700.4411736218913, 359.9982269029313, 230.07518958635967, 380.59905542126796], "[80]": [825.0907489195403, 2788.363716758324, 4625.997828984568, 1170.416526432164, 2930.614592109411], "[100]": [6732.670570543885, 29817.40704549063, 5472.997641280212, 18818.863471666646, 787.1412508699153], "[120]": [3479.305067369755, 95529.56031226974, 7578.986278565963, 30661.644888580737, 291.8916382690994], "[140]": [465.9384437194295, 6277.2867167606655, 2507.99366906742, 18465.416515998382, 196.1227839654442], "[160]": [87.77837046502717, 9339.011458697567, 358.9963450035054, 2815.8658447232297, 11.936703155600743], "[180]": [89.27610239256909, 4.457455867996069, 49.85202379415849, 2993.367254299076, 0.04493067588852022], "[200]": [84.54159443538079, 0.0842682410495846, 0.9965848087077217, 1163.5705622337048, 5.919475497171002], "[220]": [79.35839622521954, 38612984754033.17, 0.9769418167198417, 2770.8220159488146, 0.18518778165557304], "[240]": [76.1572729838711, 7.874539869902149e-08, 0.02430325787182032, 1832.9149913219637, 0.18993637176202247], "[260]": [74.60619654380848, 0.0, 0.0009399333206892935, 1205.9507145215443, 0.022577522608513263], "[280]": [75.19992491033828, 0.0, 0.0007053982241081753, 1850.448265403617, 0.0013247650788393334]}