{"[20]": [16.42306219409639, 30.77803128975449, 29.977950030378334, 87610113.55957879, 216.27794424229], "[40]": [6.159255957397928, 316.35919234833443, 286.96935042737397, 229.30723746866298, 46.98761581596522], "[60]": [322.4444180161539, 3902.4784674808216, 3495.9782708831613, 5508.201748714442, 3681.9665911078623], "[80]": [1384.363031889119, 2189913443.772883, 24664.98219678889, 752672.1780408057, 21158.74616044712], "[100]": [18968.55030186119, 107737.96983028474, 5291.988422237557, 6808.552640770143, 10909.99464721289], "[120]": [1528.4694266852064, 14566.125141959435, 24261.930077984995, 1495.2987820823066, 575.5395220706916], "[140]": [1786.8703267693072, 2682.610680970581, 7376.950658077273, 36.39945446307215, 958.693915494089], "[160]": [1382.375657806292, 858.6225817019568, 1621.9428175734445, 67.28442278520788, 564.0460793084023], "[180]": [693.4915400140582, 199.652048148087, 452.86171494511416, 142.50125442846434, 296.3383925567469], "[200]": [443.60487846260605, 66.7920004056354, 131.98338664946678, 70.5837852196757, 108.90674098216762], "[220]": [375.8960779046449, 23.68737828367196, 79.90855537774652, 169940.68620460344, 76.62662326291561], "[240]": [335.52427362170096, 46.24387664983785, 6.671008744556282, 795822.5571427802, 6.5074277296944425], "[260]": [301.8986066832214, 3.696292114139374, 0.004163619478068099, 107413.14212929789, 0.07173837884517267], "[280]": [280.80481704739094, 6.29936940017524, 0.984348054628393, 149309.1160719752, 0.9894990207814295]}