{"[20]": [1.941236025475352, 8.651494455625354, 3.8728497994790727, 93719690.72854115, 2.9297420844639612], "[40]": [3.874336862755164, 6.6360000922588425, 1.70348300338681, 4.645932112447913, 5.131499866426092], "[60]": [4.81400485764928, 9.025687610411262, 6.97024714594762, 4.429072283462628, 5.645472285332603], "[80]": [0.9442976704373554, 256.3527136512431, 1.9973463593186118, 1.1460875487039184, 1.7949447436709092], "[100]": [0.3717205017815656, 9.622446308872327, 2.998471704581769, 1.7624938940457533, 3.016239127972066], "[120]": [10.11045260659781, 9.140601575311916, 4.996350290983521, 4.269708489368898, 4.993722139677535], "[140]": [14.016734729364778, 6.830599777219125, 22.99999246339321, 17.662257719400937, 23.0001651972942], "[160]": [14.800115752764366, 23.397023387464642, 22.99998561238706, 7.972103379677264, 25.467774865680628], "[180]": [2.2804968096604297, 903.8512895734765, 19.999789105095758, 8.342431675565907, 6.666195397918904], "[200]": [7.438150364872217, 1660.2414240343192, 88.99999487059262, 38.84257765383607, 89.00000002067709], "[220]": [67.06959746934962, 190.48440931962844, 293.9999372516627, 85.74382071334841, 293.99999999592177], "[240]": [104.59308905613085, 171.28629841827436, 513.9993725897997, 115.73175254086942, 43.80732175119616], "[260]": [61.273271914346324, 112.51359897772589, 399.9999818988506, 268.53483343984215, 399.9999999994802], "[280]": [31.16422319386226, 288.2448282761823, 303.99996031333666, 828.7477366648263, 303.99999999992866]}