{"[20]": [2.9897258411441343, 16.876129469357405, 3.9724874633862783, 1522613.0320470491, 1.5585325296877175], "[40]": [55.628264296153176, 161589.7369809861, 161.9626625465832, 14.542747376957085, 49.776400217588446], "[60]": [4.736783380185431, 9943.61450162788, 4089.9520656168374, 320.3077490729027, 3779.1445463302807], "[80]": [671.7758556250747, 7264.567902719946, 13409.945238077076, 24994.273942746826, 15472.849841346077], "[100]": [2124.749403557439, 10917.6347491745, 12154.940601029972, 37363.90439333278, 197.3264108935017], "[120]": [401.074643538054, 89633.84701211005, 3553.9568449633825, 51656.3931191971, 893.0129535438938], "[140]": [116.95786250912053, 1756.4784652933436, 647.9595721745198, 15985.309461936178, 361.4832074747036], "[160]": [114.99972781069559, 2975.2996490445976, 130.96312663794907, 14598.448908019252, 95.77039567822283], "[180]": [110.19990099671813, 1431.4235645569124, 23.638165510281077, 5240.873160346136, 20.7200106122191], "[200]": [102.74139751771179, 52.30487101626835, 3.99361662827335, 6039.241801487812, 3.6524639414234774], "[220]": [97.08967241218447, 2.001, 0.9602980618995298, 2612.122525221266, 0.9729509380303952], "[240]": [93.10522124110906, 0.0, 0.041429516565907876, 2835.8869992471364, 0.0024862599432065226], "[260]": [90.87375364994558, 0.0, 0.00045217969923255736, 554.4132306221591, 0.00029809245779904647], "[280]": [89.92833218066154, 0.0, 0.0004992272555054167, 476.14054827316454, 0.00011549721178935104]}