{"[20]": [3.9403060052220273, 4.59670594127625, 3.993969999518396, 6.591494761152028, 10.211679347728813], "[40]": [4.709632011059414, 214.74462102479131, 34.99263947577209, 807.3632981410861, 2.6967018947100563], "[60]": [53.947494980639064, 7958.119779322099, 311.99387559428766, 37550.97881722994, 306.82073390568894], "[80]": [31.24475312309302, 442.906971917977, 2747.9954620418102, 13436.251676264432, 1699.001418629863], "[100]": [34.106181860133304, 27960.579339035183, 1467.9950058531974, 522.0624405210078, 1712.366038027989], "[120]": [462.0602965681901, 248.64441993519247, 3141.9941490838423, 308.6433602593891, 152.7789548264803], "[140]": [181.96259804774, 706.2595318525076, 996.9928271175932, 4867.915796805735, 181.91884660421994], "[160]": [40.68809276546644, 170.26093651621974, 210.9921010498564, 25214.259088156676, 79.15676628755907], "[180]": [26.769353786644366, 25.347234459007012, 64.92988399872179, 35211.21426519827, 45.756072123872244], "[200]": [28.834286491991396, 120.66461748315184, 23.998977275622288, 61125.62665008395, 21.2388587257536], "[220]": [34.653737035808966, 10.03520599111044, 6.994372081734266, 10244.411151309321, 6.604874687586801], "[240]": [32.81833015264487, 7.744061609400136, 5.979761785385013, 9825.350053792272, 5.943477522937201], "[260]": [32.8351577230103, 0.5979760828873139, 6.864819075700145e-05, 51780.605432142875, 0.008004037543049675], "[280]": [28.174730275672484, 184.03723390255348, 0.999682513844267, 3.115620991539814, 0.9988434216030165]}