{"[20]": [1.0, 1.000000825687562, 1.0, 1.0, 1.0, 0.9999973665461301, 0.9999400910838029, 0.9999997019740671, 0.9999996900056528], "[40]": [13.733268681629038, 10.764016125431523, 3.9850828348729688, 20.751552795031056, 1.2696035431212995, 2.2677935576275514, 2.633081399457042, 3.5607592691299774, 290.1694085225135], "[60]": [13.848525032986766, 11.12756287954811, 10.339084957312497, 867.4944368685801, 11.318840864886972, 18.45931539592794, 28.10474864778875, 19.22687263658094, 230.3597566855834], "[80]": [0.47344708586171047, 0.8352570440373386, 0.5232165438890467, 32.56409277250632, 14.824913841815908, 8.428781948306767, 22.664763124331326, 7.2689501805853345, 0.6212159730613344], "[100]": [1.0764843158406474, 1.0462394116005445, 232.16807524929393, 0.46084840253711884, 0.35285698325347165, 7.92567824021076, 23.13533218187186, 7.078972589527979, 1.7281450555310633], "[120]": [15.34736060625461, 14.172812209054403, 8.663112088059666, 17.207765178965715, 17.307925887712077, 28.273438445757925, 46.8395640216816, 27.93891258500129, 16.87686649391641], "[140]": [36.327103667168004, 6.170607299433732, 20707.472733721534, 11.976018342117838, 11.796134960673934, 45.08469432001432, 30.61780465496042, 14.40970458501434, 30.131699707189092], "[160]": [10.508658906396759, 2.2860825027754785, 20665.287354025026, 43.83614257073259, 43.374868320643984, 3.426146362053885, 14.625768697980774, 27.909594366790564, 721.8008204089722], "[180]": [69.46499612160959, 54.809300093033805, 64.29192435877182, 26.9412693391533, 29.100043053861704, 94.11419533880134, 131.8810319278082, 72.52388655535324, 49.75852787312175], "[200]": [164.7024422426367, 35.94605134699219, 55590.43562759699, 24.12498853463718, 26.037639270793992, 209.23875938227613, 298.63738594993777, 158.35059222454638, 126.63192290901306], "[220]": [543.4239953090979, 239.40194359757717, 36.82630875896949, 136.38494480623558, 134.74979495682592, 293.5426831575322, 1550.6105022372474, 514.9707480172892, 211.13686159575215], "[240]": [1280.6625392000183, 86.388599243361, 173.3028480704577, 250.92691017345754, 243.4801890645852, 1923.988692700173, 4060.9434441839035, 1923.9886924172183, 458.4807953613492], "[260]": [2088.2016833717003, 80.45329090514697, 726.358987992884, 807.7547904210562, 800.4977933055679, 3699.2178742101214, 8631.809603355283, 3699.2178742163815, 700.3829709142342], "[280]": [895.1371573488449, 426.41523766533925, 1134.3741703284663, 14.301888324588537, 5.941108392712287, 3857.101232128334, 10750.946864545844, 3857.1012321285284, 381.1012472264511]}