{"[20]": [0.0, 0.0, 7.137977433891978e-11, 3.2810088385806005e-14, 1.9333297632306143e-06], "[40]": [0.522644705043259, 3.906645554060933, 3.0000000001119083, 1.0757061379477753, 0.690606069536571], "[60]": [12.320588552612207, 31.485519523061345, 29.000000000040757, 14.250599291289404, 32.905996072070664], "[80]": [48.054404900105396, 153.09050414308263, 353.00000000001376, 178.63360274840613, 211.15324505722072], "[100]": [651.6202850373948, 580.3126337566327, 3294.0000000000045, 1390.7373801781532, 1492.050259045007], "[120]": [2383.536007208586, 14139.889570545327, 5476.0, 5987.882216257611, 399.05825308231215], "[140]": [3537.1160024259443, 12854.858142857142, 5552.0, 19780.367524141708, 552.921813899362], "[160]": [1222.0884860952383, 15833.757744037921, 2777.999999999999, 8736.451591973942, 466.5573692722446], "[180]": [80.52382198267242, 3928.4362539975236, 604.9999999999998, 2874.806470735228, 99.64542786090772], "[200]": [105.60003357505849, 31844.9607854021, 131.0, 1024.965784601949, 43.76888274661627], "[220]": [141.08915562149383, 34.19024621697449, 19.000000000000007, 400.2248530925831, 3.091807714248077], "[240]": [146.5338494947113, 0.6962920855937133, 1.0000000000000235, 150.5164744504077, 1.2351333450918127], "[260]": [165.41670111795162, 0.0, 6.090456127421861e-15, 93.37412971756203, 0.5155145519095421], "[280]": [199.07875917034022, 0.0, 5.626124413078368e-15, 67.23522318320965, 0.056611602184640855]}