{"[20]": [7.061187201495347, 2.6549268584412333, 4.000000000195014, 8.869852474364514, 10.275672548019447], "[40]": [3.8526527401971578, 12.917667443635139, 47.00000000011191, 1.9357021018517457, 2.8581515158809765], "[60]": [8.559955069628813, 191.81099341108222, 191.00000000004076, 153.44149074516082, 220.5622826507327], "[80]": [32.77317076382701, 34.00086727711721, 20.000000000013756, 149.87382415104514, 241.71681279058214], "[100]": [21.00870343051963, 18.84786895808736, 29.000000000004547, 11.673682102760495, 163.07554980596854], "[120]": [23.995218472548004, 10.775988142120923, 55.000000000001364, 46.132892492702695, 166.66091212741992], "[140]": [170.59677320692117, 3151.872956890407, 3172.0000000000005, 204.48456199803786, 2269.710411548699], "[160]": [639.440939965185, 7221.802325208424, 9945.0, 9862.50308545769, 3246.780148211081], "[180]": [760.5246641905251, 12545.809622124645, 8154.0, 5035.931927545291, 992.2478809210152], "[200]": [596.2448939397091, 593.4228255026601, 4161.0, 501.7803337993337, 304.84908149790226], "[220]": [122.24247620061624, 371.3101367669692, 803.0, 5709.696703060839, 54.06894426591316], "[240]": [21.608976576557552, 25.49391175009731, 145.00000000000006, 2248.899772988263, 26.324862688199346], "[260]": [11.64360077493238, 8.636028712790246, 23.0, 1093.5688908684697, 6.2753751532649105], "[280]": [42.81776984854669, 0.6274717532260123, 2.0000000000000053, 593.0367020361537, 0.03244047017056939]}