{"[20]": [44.285714285714285, 43.77521220250624, 169.64583267992563, 44.285714285714285, 4.525739231905916, 115.38015943910332, 112.76996500385195, 115.44139239694923, 110.06511026271053], "[40]": [447.42857142857144, 421.5133204272764, 42.71256300106336, 428.86101492890464, 131.42623230393872, 33.26267267376198, 491.1724792625375, 34.462013263333915, 402.43290120030497], "[60]": [858.0, 15.582630890238988, 2611.807030950299, 27624.17214352203, 3110.0740323458576, 739.2169129062526, 393.9781655908655, 213.95712203706148, 852.2360065350659], "[80]": [872.1428571428571, 605.8471905192646, 235.76528308213892, 31958.536134360504, 6407.419737164407, 1413.44362655534, 668.5396465551039, 599.7698481247694, 260.1938595982415], "[100]": [911.4285714285716, 107.91503272793489, 495.2050084991829, 301.62053048554117, 229.85475577660145, 1955.3083244749619, 712.9822370834809, 859.2291116002616, 117.91584827782754], "[120]": [4373.857142857143, 3305.863089585614, 2836.7144572015113, 2856.8230497436007, 2892.282161915744, 5890.44424446714, 4127.387826930164, 4509.254507124035, 3481.9592651780586], "[140]": [38544.42857142857, 10780.547499228247, 12633.513491603902, 3429.35044773564, 2551.9434859519824, 29502.63346913783, 26171.526002163915, 12700.559743994607, 22151.75626044332], "[160]": [16042.857142857145, 4852.150731392991, 85623.16057662506, 15409.264044188305, 3128.0011647858337, 19009.174413842324, 53019.40507124855, 57165.94304482665, 60692.07289149337], "[180]": [23556.0, 8876.0, 5762.811559151054, 60273.45396528048, 66012.56081273344, 13935.981652845847, 13568.214835171206, 14650.146647463618, 15782.408184237138], "[200]": [5065.714285714285, 2380.968970348371, 212.06994591202283, 5153.37575363081, 3238.422276998812, 2551.582260643854, 2557.2397880271174, 2595.399385113513, 4223.1040748993], "[220]": [1114.2857142857142, 796.6007583889768, 42.76050181837786, 1671.3527046563036, 1488.4400410060239, 596.8681563079911, 615.0963866892614, 560.9494572098067, 1260.7506914077496], "[240]": [367.42857142857144, 308.1520124154504, 59.41825014296941, 567.3033806881424, 667.61921003467, 210.75517885346414, 216.62406207795152, 199.3444651188857, 870.6265761627063], "[260]": [40.71428571428571, 710.5717301382538, 14.979988544516237, 1236.2281314450338, 1255.1453449339613, 34.07278368937206, 41.9997579385217, 29.998002242790037, 135.84353352468963], "[280]": [9.428571428571427, 565.2375429988624, 2.4447751189044986, 971.3834741106349, 994.1024422708501, 4.431436368983004, 4.0357842320212285, 3.183417626050691, 39.54695144596231]}