{"[20]": [0.0, 0.0, 6.191585306815473e-11, 2.4202085563178404e-11, 1.0490286287641973e-06], "[40]": [0.2932416702495209, 2.763393698900114, 1.9986492561472387, 60.732731846136026, 0.525272179238046], "[60]": [10.876712436347017, 3.4161094900854767, 11.999598424957759, 35.33592980352419, 14.911494219124398], "[80]": [1.1802890398614225, 1552.083889246142, 4.9998894399444875, 58.29303120778971, 14.087103494372604], "[100]": [7.608876061292712, 3.7082467760151308, 10.999975497982861, 93.80125699392222, 2.365007864711444], "[120]": [1.6829084538996089, 5.244608812240669, 3.999986611990593, 3.4900550519355544, 0.141072689858913], "[140]": [4.960467804184122, 580.6314701122941, 16.999975833378528, 6.576376288708156, 17.631216426726674], "[160]": [37.47584566152244, 681.8787558401556, 93.99996606217897, 13.960249784689905, 90.79416633851109], "[180]": [205.74393661648864, 244.92737146666929, 962.9984709652907, 649.7801711206503, 221.45486943142302], "[200]": [31.48424523623909, 13116.98975575387, 2413.9998365879846, 6840.636205841439, 157.61044293149826], "[220]": [1004.1666264459726, 995.7325882212216, 881.9973853969034, 8185.325743041867, 510.8493324905396], "[240]": [765.8259300611672, 1613.4818335440539, 2147.991040238559, 7582.8548538924215, 418.0011357007723], "[260]": [131.90195356377154, 41.92309296030996, 480.99989018537565, 293.5431921612842, 22.37973225989305], "[280]": [33.03449738763988, 1.296326929435795, 46.99977237156519, 69.07800846825569, 26.64805072368152]}