{"[20]": [0.0, 0.0, 5.884938835912455e-11, 1.5825502936262887e-07, 1.0490286287641973e-06], "[40]": [1.9097971274348442, 4.188660781345087, 3.9810058127144115, 28.24081274315809, 2.8493109518421504], "[60]": [1.388529118857513, 10.255383030589215, 2.993192681848004, 3.336742574127008, 4.781576037529668], "[80]": [7.842906024999643, 17.91297693388457, 9.998660893415698, 6.311004413657485, 1.7427994772610618], "[100]": [2.6703289352524284, 16.16772772599033, 43.998445186178614, 5.91906610746985, 49.591283996316434], "[120]": [13.868745201757765, 28.66251951047286, 166.99167507659658, 35.519218380727345, 32.69577002669979], "[140]": [109.05498616796422, 51.41369225820444, 447.981712866019, 34.52128245803275, 288.5741941908763], "[160]": [137.85841200402695, 1510.413999984379, 191.94740750594207, 424.19942521729985, 14.572740788795732], "[180]": [86.29438591817627, 32.29033348212801, 89.43539081111379, 749.0657864172625, 135.98646740073892], "[200]": [98.33186479377697, 919.8904591057086, 181.99104739889856, 951.5973656734471, 121.86516685931353], "[220]": [111.99129927289844, 245.0326729820875, 242.94849727791532, 733.4060322614463, 13.0295762150555], "[240]": [54.38041169883382, 95.33828086319915, 189.81323109637233, 1174.4924044304532, 69.48227107161452], "[260]": [13.421129105491774, 5541.564058609007, 117.99729176146008, 1113.4960563869824, 68.82420666530952], "[280]": [10.526254583625114, 10.57958413260104, 77.99575368445596, 480.0049206416333, 40.52807175464861]}