{"[20]": [4.0, 4.0, 4.0, 4.0, 4.0, 3.9999975270400308, 3.9999724675119848, 4.0, 3.9999999940231836], "[40]": [5.571428571428571, 3.9511278251280126, 14.768455817584844, 25.17193603515608, 3.6550467741946644, 19.437579857556685, 20.83815339161655, 19.394532903785944, 21.049446186938184], "[60]": [0.14285714285714235, 0.6312726619834415, 0.8550008971888374, 30.340653066746803, 16.608074472287996, 16.696139597465883, 10.677218273297875, 16.69603242869821, 12.011874399177739], "[80]": [11.142857142857142, 14.639008955003487, 4.482805326824423, 13.637293449026068, 10.144212517418945, 18.869189314654648, 24.47215366800208, 18.658986488015515, 23.95099035197562], "[100]": [9.714285714285715, 6.575857474339472, 1.6483532377099834, 5.68689417235835, 3.7794000052811967, 19.28847180375427, 28.176585241634506, 11.71085170945127, 1.0506763759139233], "[120]": [5.857142857142854, 6.039939492563093, 1.4773978647912003, 7.052460853240191, 5.715851202057074, 21.420869021017815, 31.614628383123065, 18.903623837375175, 5.19573520555943], "[140]": [2.2857142857142847, 2.196751965604797, 40.11681218959619, 11.031875946560774, 10.543681354277538, 22.887064849786263, 39.14240799362889, 22.214829828599672, 0.8585117383972687], "[160]": [9.57142857142857, 8.775946279601165, 7.438998333321024, 3.285152664816053, 2.5766546297690383, 32.19042440442733, 46.38391909422602, 23.979741484264828, 7.960725578336806], "[180]": [29.42857142857143, 18.645685009426103, 6.194686450993018, 12.788463727190646, 12.991322306771792, 54.196508635535075, 79.37109511407749, 48.55707307813263, 17.95461605029739], "[200]": [103.42857142857143, 85.69474583948431, 2.915786161114511, 33.608642930930614, 33.498315867478254, 131.17964404728417, 155.60735816203436, 74.6243275930571, 84.47635868536207], "[220]": [251.28571428571428, 208.20251019912894, 139.07022414824144, 99.4189858990344, 100.84417509494858, 147.59968310943856, 298.1868768288533, 243.27012139826712, 163.00765696758305], "[240]": [721.4285714285714, 230.60433430533112, 109.58218789775924, 63.83444637589059, 63.24275076280264, 327.1929180642277, 746.553573805427, 790.5914313616929, 483.11630423469273], "[260]": [791.1428571428571, 19.076497654983996, 720.9466998230018, 719.9916822771766, 721.6484837300568, 1466.4394354882459, 2243.9999992107014, 1466.4394354076476, 346.0412876328264], "[280]": [511.14285714285734, 95.19633297468636, 404.86489812655145, 290.458956822421, 304.17541087608197, 1670.847649837927, 2868.999999399429, 1670.8476498380267, 42.94973280650447]}