{"[20]": [0.2817383119262621, 24.201217980114972, 0.6718852207205113, 21.457237388458378, 1.8099414351002685], "[40]": [73.22085276675264, 435.805288761797, 310.9386779047392, 2284.1780903049093, 32.99255802954968], "[60]": [77.33153396500951, 7516.774904909278, 2519.950394848702, 2634.068223811648, 2653.586012795079], "[80]": [20.25165043989429, 17258.446508649235, 15471.966822264309, 2028.4429713633226, 11749.402118494034], "[100]": [4204.813124987145, 2538.079700905264, 1013.9880543112406, 947.5969111463052, 8886.734144746079], "[120]": [181.87282660138456, 5237.333272954093, 13971.9976213312, 1419.1100577984537, 1199.2633956201437], "[140]": [513.6249579031385, 204.777933430928, 4178.997835832427, 94.50155591205278, 1211.3478685356836], "[160]": [312.3847559339065, 213.24608581913336, 1013.9976319879356, 122.55534326403152, 563.409803367561], "[180]": [187.8526914907221, 80.24454758802433, 297.97899225704396, 137.09448683361398, 234.8386372730369], "[200]": [146.92796236451375, 35.320088305565505, 80.99969421341365, 100006.31943095032, 72.25794788166567], "[220]": [135.0417656970228, 4.558535011086907, 21.99831297560866, 527955.815888228, 20.792279942152565], "[240]": [118.63163460663209, 7.189551783199174, 4.993935380404396, 512396.7920398839, 5.164396528670708], "[260]": [111.43699075279685, 11.468501546600143, 1.9999277359620344, 144184.54698858308, 2.0227193238303385], "[280]": [108.07097465588136, 2.913017672744843, 6.999904834669173, 6.987582603993822, 6.996817760417263]}