{"[20]": [1.0, 1.0, 1.0000000001501732, 0.9999999999999948, 1.0000029467046647], "[40]": [19.799179814490543, 773796537099.6119, 20.00000000020768, 12.881693647461953, 47.47451132071656], "[60]": [41.660205568619915, 69103.84449548954, 221.00000000007432, 120.10655308144163, 244.00010886571457], "[80]": [107.3187028319926, 387.1912670040847, 2580.000000000025, 1099.2779031959772, 2367.9449444265338], "[100]": [3717.9355440593736, 23914.68027726593, 12705.000000000007, 1704.624936623557, 14720.162666432832], "[120]": [4649.041179779979, 33636.49934619464, 2769.0, 48998.81616739006, 2364.238673922835], "[140]": [1105.95955013186, 12056.286714285714, 9566.999999999998, 42475.61960360573, 619.9561709671871], "[160]": [85.90919700876748, 20997.44054596374, 2556.0, 9853.787983251219, 235.43270416197493], "[180]": [265.25287810120363, 4534.38088703347, 459.9999999999999, 4021.7001292531895, 53.87664244792535], "[200]": [254.7053505355703, 3903.890561779676, 73.99999999999999, 1385.4613794710913, 8.405034009222884], "[220]": [216.312467929146, 2.9931122824949465, 7.000000000000023, 539.3676448655096, 1.087444001586718], "[240]": [212.8575270212922, 1.073761937729359, 2.000000000000051, 220.85139854992553, 0.3869678814965227], "[260]": [239.42261754748313, 1.3446199109871944e-40, 1.216073317155514e-14, 91.9080246093215, 0.21388084314183597], "[280]": [287.90466457682277, 0.0, 1.1374917389937072e-14, 65.76837798680424, 0.016121671385553166]}