{"[20]": [1.0, 1.0, 1.0000000001501732, 0.9999999999999962, 1.0000019296851117], "[40]": [1579.8011771299764, 1378.9018433507972, 27.5381487521463, 10.975815008500312, 5.024371289475553], "[60]": [10.97623463697608, 26.80914444956536, 23.014754011624746, 22.39820937025656, 41.558379620352184], "[80]": [14.539346511027759, 6.67734364044459, 41.103774551671435, 24.277411973421096, 38.670963477629115], "[100]": [8.295989925636718, 55.65745297375338, 57.001458421975684, 23.56233845684342, 84.59960298322177], "[120]": [50.76122012875436, 42.15250851844172, 9.37667003509091, 94.64439747941873, 232.26704671977706], "[140]": [182.63725628719692, 159.29841425133407, 163.00041307040686, 205.76555500714483, 105.17471962274965], "[160]": [28.729196718903722, 135.46082681159862, 199.00000001526632, 407.0301365741807, 347.35929555031396], "[180]": [56.84156249241573, 66.2120193291114, 363.00000000494765, 748.1481714633319, 594.175002206223], "[200]": [77.85999280628675, 1402.3414209689533, 1475.000000001689, 150.64417354271882, 1476.964326642916], "[220]": [73.97556034419085, 939.0693210586624, 2714.0000000008476, 547.671243655057, 1513.1374470084647], "[240]": [431.4889068130233, 893.0016473694086, 1756.0000000006921, 4667.023152062378, 205.30491202289159], "[260]": [300.08918517469556, 2703.266365914973, 2230.000000000691, 11046.24388026361, 246.03857197083198], "[280]": [333.7382944698138, 7143.600711625037, 2691.000000000693, 10749.881653852288, 221.7927244678781]}