{"[20]": [6.0, 6.000000825687563, 6.0, 6.0, 6.0, 5.999997066097867, 5.999967466648388, 5.999997916354599, 5.999320681345858], "[40]": [52.228486977842856, 46.34275266943519, 32.98284547344171, 2056.1150854085577, 29.877215975711593, 18.692009464040563, 15.513553620484673, 14.324130719494399, 77.02194274958181], "[60]": [75.3779295111716, 32.467910570483944, 395.9076799879023, 133.62748315067398, 344.051891254568, 53.58463356126456, 106.10065127246051, 69.60712720931924, 2859.2881487715895], "[80]": [39.9850161855622, 10.693283920672338, 67.59782136496982, 1406.749652461593, 8.981906776284248, 24.91112579992106, 25.876640169122616, 26.909985150421523, 7.511845720310873], "[100]": [25.130101781608122, 6.535805914347763, 1.987312781283262, 15.779270578015435, 11.778454437151886, 37.06540406888651, 6.759508750501314, 37.437478184717776, 6.326419352617807], "[120]": [1.3750365176971115, 14.810740880042758, 10340.956953166484, 41.30800141154947, 37.48359741823459, 46.35415567149554, 21.866816919741375, 28.30778142571467, 20.40633636954933], "[140]": [527.8326044347584, 379.2931033201241, 228266.44489485864, 395.04989072526075, 397.5270562191646, 589.8834658766424, 541.4766566647676, 570.5031512144751, 538.6334577881474], "[160]": [4900.269032692793, 2810.7575336422633, 725.532327156909, 578.3815859861679, 627.0782934333572, 5404.981846919317, 4713.040966762211, 5405.02115615735, 4713.502430458184], "[180]": [11391.95918970635, 809.682997039654, 22136.660582178403, 5028.156244475515, 2707.444727678474, 15520.500699581422, 2510.681696578079, 15520.499683254326, 10162.405467877874], "[200]": [6063.283811157492, 400.4958054615414, 16703.603200764584, 3483.551081968303, 8234.850573609843, 4489.119354821298, 14565.747595486811, 9895.096394466907, 10701.264721451309], "[220]": [7676.042225061451, 2988.247696759136, 2016.0035633909438, 23097.186609048218, 23573.034183498963, 890.4442237814812, 5657.790976058814, 3546.117091009036, 11975.977162000101], "[240]": [2492.9439353555504, 183.77709835463264, 367.7939329529266, 2795.776567686171, 2773.409739548285, 704.0574603925836, 2369.4354622928654, 1202.8064384863033, 7983.756591264862], "[260]": [319.7867218564472, 231.67384144829094, 1980.5269252301136, 282.4547029509399, 246.49494842841636, 93.98661950188803, 828.7067025252073, 283.25446607499134, 1625.6249676637576], "[280]": [20.124290769789702, 172.16077937804803, 3.6320342711795033, 432.3589203402704, 429.7615670181561, 1.6274670360731378, 282.63202455330264, 77.31441184268326, 462.69873701703625]}