{"[20]": [2.0, 2.0, 2.0, 2.0, 2.0, 1.9999979509750656, 1.999975983160714, 2.0000000000000004, 1.999999967278013], "[40]": [11.142857142857142, 8.446205568999332, 3.8454906301512466, 11.142857142857142, 5.994220537383214, 6.605043692437789, 14.957197978939316, 6.531650711782397, 7.306055907820735], "[60]": [92.57142857142857, 46.22489782983075, 13.361724306541674, 6.5603938010428635, 2.3735542349558045, 75.85302232563565, 98.9606931313274, 43.817000463565506, 50.203861290146335], "[80]": [881.8571428571429, 219.43216853471972, 199.4468297989606, 102.5018287251471, 91.18092137393887, 404.72933777222227, 246.00195030864506, 41.72322964399905, 116.09517437484078], "[100]": [3536.5714285714284, 364.42317086027106, 1501.0385251124953, 1170.5188096713173, 926.9771563030754, 1085.4876197770536, 974.962258299659, 465.47898366485606, 430.65802986042945], "[120]": [130.71428571428623, 651.2460475930257, 4344.890781805128, 1053.2583706714613, 286.85871035371383, 432.48683051212174, 1446.5443012965807, 1336.1569729481198, 1500.2834210687615], "[140]": [3344.857142857143, 494.7000921600302, 1294.7186828410158, 3059.4843066872727, 2133.84400640163, 1225.8805833129181, 642.6750613352033, 1111.4513390457996, 422.28551848125335], "[160]": [1135.7142857142858, 223.41013768754374, 19.682590770435127, 19.29235754569595, 58.08384583241116, 356.5092690823931, 138.60862684962126, 303.9649512855717, 40.878360976733575], "[180]": [289.57142857142856, 17.955422363967955, 20.341813611525197, 6.205536326496485, 1.9637037179384436, 82.87311038158379, 27.477313463423798, 67.35427218029554, 7.968329729194863], "[200]": [60.57142857142857, 47.98109436079994, 3.9619578220794267, 95.54167544223631, 99.0638201050233, 18.182204951945124, 0.4471102953565236, 14.080191409523252, 9.23974786862317], "[220]": [17.0, 36.73721034139999, 0.5724395774672537, 77.86341520557758, 81.77504102992462, 6.192774792530624, 2.836707041892703, 5.1818520324320225, 38.35342085795129], "[240]": [2.2857142857142856, 24.037321293500554, 0.22809081976841283, 57.711038562318684, 58.78170434325102, 0.4565601030792541, 0.6573802020566761, 0.21834913189154648, 31.819680777701386], "[260]": [2.571428571428571, 23.93234183987329, 7.341320371567859, 47.49918934859861, 47.895781276388725, 1.3651369451476594, 1.2643672595941158, 1.3105295482424886, 28.821841083837775], "[280]": [1.1428571428571428, 15.218290200673891, 0.5622580683758666, 34.64656280714905, 35.69197633948047, 0.014168845507259638, 0.09807225681983842, 0.0018350595758848324, 20.711187320206665]}