{"[20]": [9.231341716661392, 0.8837878131760124, 0.9886106173461954, 1158.7674469190258, 14.01824128063219], "[40]": [4.90155124448156, 3013.0606676296097, 54.997209224285115, 317437.7666003694, 12.331493231228428], "[60]": [22.96215423889866, 21522.667806021724, 781.9962766324379, 161.6827663027547, 819.9389527589383], "[80]": [1122.7476521572385, 88918.94478643172, 4165.996381851218, 592503.1608827669, 3610.5866104060747], "[100]": [2703.7085198585896, 10048.260792017085, 1687.9982585100809, 87.4203538120726, 862.5681190987503], "[120]": [128.45783130011213, 2750.834546799615, 2510.990404426896, 85100.37201927374, 134.0993190397328], "[140]": [242.66552296127583, 82.65907320984289, 562.9935720209569, 22638.49183150669, 83.73077362083878], "[160]": [178.37784724557395, 31.39880942114967, 134.99257560403856, 113654.48564373331, 64.85120309350134], "[180]": [109.47332487024114, 58.560691529370004, 30.85224723755754, 432082.0404240096, 21.31596656710285], "[200]": [80.04229383268664, 243.13388883054995, 30.99784420254412, 53943.46411575211, 29.675811972699307], "[220]": [74.36736123938697, 3.6546833622552204, 4.988129421110919, 49874.72898878885, 4.819190078066005], "[240]": [65.76507384693441, 369.7382101224717, 0.9572946951324635, 7524.8972017889055, 0.9753163793211371], "[260]": [60.96931564838862, 13.544892268228155, 8.998102237299697, 12074.432117340135, 8.996630393596618], "[280]": [59.60750219719102, 10.40675206381935, 11.997968255527804, 10737.948395637402, 12.000458824402953]}