{"[20]": [9.51975744513169, 6.999999999875207, 6.9394834271667145, 77384.83362510856, 5.118433830836923], "[40]": [4.566408250315198, 77742.09140718944, 86.83946622952804, 51.471643563612886, 18.225722824884443], "[60]": [30.755255693140054, 1088.7448689181479, 1888.7396231334797, 587.0410789314673, 1478.9962802527612], "[80]": [3070.9100251038276, 2248.8183896523756, 7204.665184098746, 12180.814431780742, 2070.0483977106805], "[100]": [554.4561789706801, 8514.068003036571, 6467.501436112646, 24616.73655020762, 278.60735745237093], "[120]": [96.42480525490534, 41809.33025666961, 1725.6377310922771, 21787.34333095491, 336.09604155564466], "[140]": [133.22681014194222, 680.8533099049246, 259.7633856894845, 9795.836352878163, 120.86617556374185], "[160]": [107.5946212636288, 1116.2883947222467, 43.953359161018334, 3867.953779515927, 19.23573753665777], "[180]": [89.00453939330748, 135.41120929545247, 4.540079524706618, 4320.061206033394, 5.204217302421964], "[200]": [76.02446213909646, 1.8230358968097875, 0.9374791607544171, 1518.8262520212995, 1.1846829455234904], "[220]": [68.89025609971682, 58195764.58475463, 0.1216732369454937, 1615.7149725279, 0.025661499780433736], "[240]": [66.49071952781783, 0.001, 0.44955825684421347, 364.7903362069042, 0.00221287943040854], "[260]": [68.2752803669799, 0.0, 0.004627887207761089, 139.66037590358113, 0.00016516429137032113], "[280]": [73.843164224589, 0.0, 0.004126329040922417, 202.5906086056171, 1.62906157521007e-05]}