{"[20]": [12.3047518340871, 13.625225395479388, 3023512.3578909216, 14.925465838509316, 2.5034742596920125, 4.599784877276971, 7.1387543336049495, 20.887151000840298, 106.94899276752021], "[40]": [108.1911663549441, 73.5510564634824, 58829.322620718616, 517.8598701955598, 45.548086806888016, 39.17613685836188, 120.03155520593543, 32.19335301374537, 173.1348869394129], "[60]": [2143.9839763797277, 726.1077231954255, 97934.19921942282, 446.84504666640396, 365.74233207000236, 1385.5341364592734, 1062.8786586326937, 341.25177948102845, 5303.506811441888], "[80]": [23066.564468075027, 3998.490568847897, 9600.079282394081, 2933.374223957716, 1126.4718753125103, 3831.0377730801715, 4214.889435240804, 1921.4837525045507, 18942.267284834004], "[100]": [6446.97376429224, 1112.8369792299175, 20072938.422628365, 35887.0804695201, 18152.62402893265, 11770.574478986007, 9410.42570361922, 8966.632469258786, 4683.4107236675845], "[120]": [14072.695777622703, 302.840497949758, 2563.3196194582542, 29649.05004614885, 22541.931253997038, 6327.625358977743, 2341.205705831645, 4758.979269601566, 1401.1173610151964], "[140]": [2512.6406831672493, 326.93139157796236, 14547.42991217549, 692.2808240625388, 652.0215613884982, 1045.2132690993126, 215.34521201424602, 791.9360206033052, 153.4153083673069], "[160]": [400.9216269634304, 235.83667325338484, 31.053133840627858, 357.84660697686917, 474.42755284895503, 150.77225539811315, 4.927636329622861, 111.19708651280652, 8.046731208137672], "[180]": [66.53712589946727, 202.03468451390071, 9.055534391556023, 328.55223958807, 335.0943274400497, 26.789710186650176, 3.3166753786269383, 20.52477978441768, 1165.6332021719575], "[200]": [16.11357633247002, 175.07930194680918, 0.9670419596531389, 365.2502812014373, 380.5606087665372, 6.708422744998627, 1.7992648653869563, 5.723234487875162, 603.8288031319684], "[220]": [2.4415310579156824, 152.12667577778961, 1.1792585886975069, 267.45598837634265, 287.55763355256096, 0.17899352052226672, 1.7007362552455334, 0.024455586946064187, 2.7894074745911297], "[240]": [1.1426587129553591, 139.13502796990838, 0.362192786444738, 216.48538774381447, 228.2210417634339, 0.7416125981208054, 0.4641093386560148, 0.7175145983598415, 0.29936896483547215], "[260]": [0.0, 129.8409449985947, 106.08306242437881, 182.1615935607549, 191.7297165106962, 0.2795122624815431, 0.554004003526453, 0.283132636225503, 0.8018447333752098], "[280]": [0.0, 124.14241729635403, 17.51327370510319, 158.72396324856626, 164.26853442903146, 0.0005917392233541923, 0.0003400068675997923, 1.4062649175813825e-05, 0.002677621401713885]}