{"[20]": [21.0, 21.0, 21.000000000150173, 20.999999999999996, 21.000001929685112], "[40]": [27.760534415176906, 220.97140000177518, 30.000000000207685, 27.788448618399457, 114.20765641436583], "[60]": [6.406294247086834, 25.783304710327542, 57.00000000007434, 52.64966946967154, 97.9099021656644], "[80]": [8.60803472524816, 214.70771562965365, 161.00000000002495, 139.9817019950267, 249.9452692631598], "[100]": [45.196705168613676, 86.50156975832783, 493.0000000000083, 47.10798160922877, 553.6871857080337], "[120]": [235.48129473517338, 655.5277633086366, 1137.0000000000027, 729.615057959405, 779.9521159242674], "[140]": [178.7772013201784, 1021.5336123291745, 1490.000000000001, 2314.7266062263798, 1931.0825342786934], "[160]": [264.84858716584404, 1736.896169284636, 889.0000000000009, 6181.711088419128, 2253.1880436951446], "[180]": [136.88600347102056, 658.264586235221, 1130.0, 8098.617160105678, 2627.8125485573973], "[200]": [1212.0537543467563, 1837.6101147384215, 596.0, 11497.721561908853, 2006.14198165358], "[220]": [516.4860419993038, 1145.5234637793, 1865.0, 14058.777466184387, 276.5418788735906], "[240]": [42.28726354784658, 1037.164093249491, 1954.0, 12126.44822417638, 41.543650097384216], "[260]": [165.63098841356214, 480.62812871985307, 1406.0, 7547.304384373108, 319.1365808592682], "[280]": [77.56522346256622, 3.8250583786322068, 615.0, 4016.3448011401742, 201.22797478753841]}