{"[20]": [13.579701347238261, 14.601028868333257, 13.995227327856202, 14.595817688209033, 10.496597638014821], "[40]": [74.0350142343542, 60.8888020250163, 55.9859973897563, 1792.3458185116135, 135.36892003181413], "[60]": [50.86734175223182, 441.6317412439983, 651.9945975422999, 11894.023665857128, 725.9772543970756], "[80]": [207.38275935118818, 4445.379903007818, 4934.996644778093, 10793.075305549582, 4844.1440022450615], "[100]": [2053.6847322195167, 13669.881091474634, 11305.99745996695, 9140.988159961276, 7768.308176784719], "[120]": [3831.6357432722843, 23433.188867487144, 7181.968671314721, 533.5860576373229, 1968.3622170342303], "[140]": [375.8694976353215, 207.20504633234333, 7316.9723052833215, 395.1112090824917, 670.5477762274433], "[160]": [203.34785922513683, 225.96486385073624, 1904.9671232815674, 61.45290382789822, 361.940208142076], "[180]": [288.54958595266436, 37.121981032304035, 427.3447671485893, 9331.079274142618, 154.63412933440583], "[200]": [240.85867617514307, 61.30377196125696, 105.99043729730064, 226449.583455663, 60.084163204382804], "[220]": [203.8159406773173, 42.03722155943931, 35.94735856130068, 125006.71908017053, 28.35983052287495], "[240]": [181.25672201968823, 271.50382555508565, 5.8106138212440275, 89229.48699630433, 4.730735366194529], "[260]": [157.44464318446026, 805.3332823615727, 0.9915840090669588, 101717.29571756162, 0.7891913037959862], "[280]": [144.18248416654112, 0.9510210915101409, 2.9909898429756097, 93990.98638321464, 2.9649886962507503]}