{"[20]": [3.0, 3.0, 3.0, 3.0, 3.0, 2.999997950975066, 2.999975983160714, 3.0000000000000004, 2.999999967278013], "[40]": [44.0, 23.514909654368623, 1.0067772662836703, 36.945312500000526, 19.670857906955497, 6.059346551530403, 45.43672142740607, 6.14286947635739, 48.199022963942895], "[60]": [515.5714285714286, 173.54397497149262, 245.7346816084863, 342.7104643385694, 195.5019717813841, 285.77723043878217, 339.766705779512, 93.29614529036098, 127.5902124385641], "[80]": [694.2857142857142, 43.035423676245045, 485.9969228952341, 1373.5057625906952, 360.27555356366315, 540.241473626699, 286.6590319426364, 406.4415158423037, 249.45195131050855], "[100]": [878.5714285714284, 238.16271586441644, 196.65688957144448, 441.78885345220897, 499.6868291856763, 1161.3571687764143, 565.2134009384613, 597.0992152729614, 600.0898214400036], "[120]": [873.7142857142853, 125.52491341132918, 401.6041693020634, 148.00441472524017, 143.24820774909404, 1501.1541542257146, 491.2428763019907, 678.3661401630661, 69.78658136587728], "[140]": [5810.571428571428, 2102.706828566321, 4550.958073890964, 410.18823871306813, 590.6936289878813, 6508.509514943978, 4894.265766294069, 5376.539693536545, 4418.04138264424], "[160]": [1837.7142857142862, 1462.5970639764346, 12034.15955694019, 4454.4723769814445, 4147.9656841484575, 3517.0571433147816, 4083.1084808002415, 2711.6787884664336, 3568.989291969592], "[180]": [7346.4285714285725, 1086.8735679732945, 2723.504473564808, 3939.6355699247833, 3592.485824200583, 4016.399788215962, 4238.685620075596, 4095.971088096394, 6526.699124310522], "[200]": [2435.0, 228.17837774457757, 75.86483447854152, 179.0977209306393, 211.01782275770438, 1079.1218188423181, 1393.2971111115262, 1012.8998649182299, 1802.8228903525378], "[220]": [514.1428571428571, 333.2200213930373, 88.90505693495709, 164.90067720651405, 156.48016482838523, 186.94197507412673, 303.5519908116105, 156.06486665596185, 503.82176384458035], "[240]": [210.0, 353.60134068256593, 16.47757468651085, 283.272372837667, 272.3182452050261, 91.9268592189033, 107.40170523068178, 79.46527279214445, 231.19065668917824], "[260]": [69.85714285714286, 275.2810275373413, 11.675684890781831, 37.982642489287585, 39.74791964151217, 34.691484760238694, 46.547274608606855, 30.14905662721739, 65.70970458582055], "[280]": [2.7142857142857153, 261.37161181645206, 7.578636586461434, 61.14674715186678, 64.44769205483934, 1.523578151346273, 5.808839886177179, 3.035333569621997, 14.42621021802152]}