{"[20]": [0.0, 0.0, 0.0, 0.0, 0.0, 2.04902493435812e-06, 2.4016839286035485e-05, 2.9658181560170987e-16, 3.2721986845422965e-08], "[40]": [24.714285714285715, 15.276816617702636, 45.28328238928782, 24.714285714285715, 35.405280916178995, 13.771647339305375, 19.357436000696666, 13.250738868914304, 24.118901824456906], "[60]": [737.0, 81.30859795150911, 5.969003031407851, 241378.2214572929, 17.11887590940819, 160.40357022772935, 201.41302984435833, 309.18945359671557, 279.0030192417008], "[80]": [8503.142857142857, 831.9003065235192, 6047.773070412033, 7382.472108367731, 4333.303217377186, 1290.8115709590857, 901.4133688315978, 395.74650789177576, 1773.7871358551092], "[100]": [4643.714285714286, 211.85752306888753, 10790.32223596311, 5677.794977760511, 15652.547619740977, 3886.1818258528547, 1930.346662336142, 3933.631790303909, 2492.8976956074603], "[120]": [3691.0, 754.4318170823881, 393.851980956033, 6400.653413108963, 5040.238516496996, 1336.1947536989292, 355.2092691395678, 1123.1665540031263, 414.7093285065016], "[140]": [674.0, 627.0, 40.96840880341858, 434.3327646183993, 380.2245754488981, 189.13272278806437, 116.64052318685333, 139.90248860794134, 109.86415261953573], "[160]": [149.85714285714283, 131.0923873619413, 7.928093404364972, 307.0560307906311, 330.2845798167583, 26.942458066651284, 106.9638675427329, 17.27966174104108, 106.88690785028105], "[180]": [49.28571428571429, 56.362994040070134, 0.15432824018358815, 194.5409023709759, 191.91260562742067, 8.677078660633875, 38.82227008301945, 6.892054181271185, 40.84904496281672], "[200]": [8.142857142857146, 296.0108096520298, 6.0701480538178, 63.46516671107736, 64.26236852243379, 4.595900186145322, 21.47396466086452, 4.909979608611806, 22.489047321366716], "[220]": [6.857142857142858, 225.7980613950608, 1.9039678493515808, 87.76396293388007, 94.81499236013873, 0.06147656659994549, 6.940328346480742, 0.11546877363301356, 7.285884851464051], "[240]": [2.0, 220.09765797578348, 0.39788622910078697, 76.930667019642, 78.81629176339001, 0.40792818112974194, 3.5812503865569716, 0.4170711580141062, 3.823692295383979], "[260]": [1.1428571428571428, 196.85798509688675, 0.5719911866593983, 55.62623576887865, 58.42374430172716, 1.2819046958593137, 1.918560145541807, 1.2834412500551586, 1.9435604177227894], "[280]": [0.0, 182.6333242774508, 0.35891318375419967, 59.76453902330082, 62.25786879264258, 0.5666775920663947, 1.845050822482712, 0.5669344444574982, 1.929082797949996]}