{"[20]": [44.0, 44.000000825687565, 44.0, 44.0, 44.0, 43.99999706609787, 43.9999674666484, 43.9999979163546, 43.99932068134586], "[40]": [994.4298868366322, 685.6096932213266, 420480.95476095914, 2158.3455275302185, 899.4322642067277, 238.1576642449619, 995.8200773481371, 362.68314294878985, 14575.838007663657], "[60]": [18474.560507894894, 11264.822427399946, 4206.165150396865, 2928.3101875990765, 5027.586409628438, 14712.74614516709, 11342.073039563134, 3154.088820156593, 27764.36021374871], "[80]": [1954.0841664629286, 24121.506509414437, 1762065.675674835, 182737.09091188232, 439827.5665533115, 12756.916279080338, 18620.471927045524, 12371.410137353309, 1822.7939223678547], "[100]": [16648.471179729007, 1880.3093510263018, 3172759.0439933585, 77430.85986798539, 175292.5577086729, 6789.507957776783, 117.59273088967862, 5237.307027975652, 784.0013743098202], "[120]": [3158.3600499321524, 2435.9698452365456, 214.6436397881792, 322.94259089151336, 901.5239144027244, 856.9161216097953, 506.4751682693727, 596.107986180902, 361.29258336625105], "[140]": [668.7903530056002, 932.151653338955, 11742.719542527766, 3149.574607867044, 2867.742869890075, 104.56648969291744, 258.96631343099216, 65.46143073038515, 217.6989741052321], "[160]": [196.2444834949649, 662.9688801951157, 7.407853851073848, 2535.286885701651, 2562.67347860604, 32.50051323585512, 86.29695792666566, 26.749274580828672, 84.3330678895738], "[180]": [59.07557194169678, 547.6565343625667, 2.1555087711999072, 2063.350132156385, 2072.1521194929205, 4.625447684458618, 31.807426306540716, 3.796122846865622, 33.73045835713085], "[200]": [14.482421033667174, 514.8921905015841, 3626.4519907887575, 1529.8712367057274, 1598.3952081199282, 0.2903482792088421, 9.549301105143467, 0.17252506505615925, 10.289990190038464], "[220]": [7.900823948883746, 499.2229251816544, 3632.9941636041863, 1402.894406738078, 1426.7106121552022, 2.87347926773036, 1.423036852229268, 2.856877071504081, 1.8965805284249067], "[240]": [0.47338483696982936, 470.6962403932679, 198.40872182774194, 1157.8409721931782, 1180.902511204428, 0.002343052086532644, 0.002480664852894825, 1.136003004109252e-05, 0.014124446161176852], "[260]": [1.0, 433.8957159523343, 1.0, 980.2539422102382, 996.8116141199172, 0.9996649594255042, 0.9996936479747561, 0.9999986989606309, 0.9976471123914601], "[280]": [1.0, 410.01834906319107, 1.0, 853.0672936002569, 867.9734156789597, 0.4857175801366061, 0.055651393057224934, 0.48567187002692214, 0.0007567103516020945]}