{"[20]": [19.39127386969108, 5820622.101309046, 20.887784348130122, 12.331556654915321, 203.2412243217028], "[40]": [18.546299598616187, 12919794.910471724, 164.58172612027974, 38.027142648825475, 42.50667722579433], "[60]": [162.27355268401843, 3144.8315360059396, 2698.6437150885035, 566.2974388906772, 2800.8435497773457], "[80]": [3498.7941569023337, 27082.10796191506, 19561.603638914265, 11878.808069986884, 13016.1520037245], "[100]": [27877.09327810775, 7119.834678604535, 10397.70035356582, 98763.60325189654, 2692.365265018708], "[120]": [2367.443693639628, 17404.473331727957, 9851.04929419816, 38174.7992515842, 853.7342485973808], "[140]": [492.1173794471948, 22684.180573181984, 1788.6458446230188, 15278.85956231835, 363.79874400162646], "[160]": [717.8537711168653, 1149.7792233665862, 256.9077488473296, 3316.948086130236, 78.9876282537971], "[180]": [563.9961169923312, 7.8873621008046655, 24.630634087572236, 5192.383629723426, 13.391422653074724], "[200]": [433.72366936347214, 4314.791538053886, 8.771625199461228, 1151.2779875448603, 6.86837952024772], "[220]": [371.42354743929275, 0.531457869365186, 1.7339025561411192, 2846.7734717774783, 2.69424181315728], "[240]": [360.1072960761936, 2.0, 1.815566705304219, 1412.92185629197, 2.02743095963471], "[260]": [398.6705729363297, 1.275945295277111, 0.06281480746079651, 453.5062454155717, 0.0035522020874338566], "[280]": [485.48525912867245, 0.0012620946683443352, 0.045853674864740145, 750.0742283744335, 0.00039896183891142365]}