{"[20]": [5.0, 5.0, 5.000000000071379, 5.000000000000033, 5.000001933329763], "[40]": [3.459042207973681, 140.55894880824974, 61.00000000011191, 13.25364952050603, 14.06818538353123], "[60]": [223.69529052628832, 190.20539708180422, 1716.0000000000407, 804.8269657726628, 1389.8009395584222], "[80]": [540.7326092284384, 6134.67406536208, 5369.000000000015, 13069.834393403791, 3095.744755170699], "[100]": [1144.2626888543018, 16039.172655320697, 5009.9999999999945, 29388.7837566207, 444.6530225326205], "[120]": [622.0575304860449, 1356.5762841842766, 1173.9999999999982, 7900.234862146102, 134.37778249895314], "[140]": [95.56082019636267, 189.07841635304578, 215.99999999999955, 1740.1816822153933, 98.03710046283959], "[160]": [39.1300112177818, 37.78418210092411, 61.99999999999986, 419.1428220095818, 50.459235528666596], "[180]": [72.5200380867113, 8.359506749037529, 16.999999999999915, 99.7602855042935, 15.134269545311291], "[200]": [76.21686376116818, 18.449808294353772, 2.9999999999999964, 12.542939327917338, 2.828036877771183], "[220]": [62.55464825169068, 1.5011310469469998, 3.0000000000000107, 38.407395864755244, 2.9785541922184655], "[240]": [64.68135513949866, 1.001, 0.9999999999999766, 20.73590897297936, 1.0016603398433463], "[260]": [71.6866872683213, 4.235703232066199, 1.000000000000006, 16.772919393751124, 0.999834311708888], "[280]": [86.83531707556715, 0.0, 5.626124413078368e-15, 13.444004335158354, 5.756037539548684e-06]}