{"[20]": [1.6872197183302688, 6.108161831404658, 16.000000000195012, 3.153506753786239, 9.296601342980068], "[40]": [14.474773715842304, 57.36080910964077, 34.00000000011191, 26.259432987290097, 44.09050724662893], "[60]": [1.4584391856489844, 4.184937642401167, 14.000000000040757, 4.873392171158571, 51.19460810090999], "[80]": [26.845806810866463, 63.13118668188392, 91.00000000001373, 65.81295769702945, 127.29530569155469], "[100]": [45.63210714933825, 89.34842611240072, 220.0000000000046, 87.18199454046453, 323.2586544504955], "[120]": [139.10435280705133, 162.24724597527756, 422.00000000000136, 138.17443701670481, 322.3187019794798], "[140]": [85.94766072107268, 124.93161015906617, 786.0000000000005, 409.798282114466, 894.0972205052794], "[160]": [132.94634861734085, 381.8794666073454, 808.0000000000009, 1426.1613874753011, 1274.4481609070244], "[180]": [177.22817775017575, 350.9475199005974, 1667.0, 2229.685655341129, 2080.9880625404276], "[200]": [427.92283343577947, 1101.573880340944, 3632.0, 2994.1644093276336, 2686.2028925775903], "[220]": [1.3980508564673073, 1691.8441739679874, 1674.0, 8815.873618399266, 1982.324477063412], "[240]": [509.29344634857625, 4171.687379329771, 2666.0, 1298.1552888667647, 6.924271851534286], "[260]": [625.3611269195771, 218.73076393634256, 3737.0, 13036.781234486094, 834.1812773864058], "[280]": [96.56519384640342, 258.40707272348754, 1778.0, 7741.327991278573, 183.58993201589146]}