{"[20]": [5.428571428571429, 6.0, 9.429571428571428, 5.428571428571429, 4.769512691899409, 3.1768272400190902, 0.8383888366086909, 3.4515527706933824, 0.23887667989870653], "[40]": [1.5714285714285712, 1.7646286275329555, 9.74545270874766, 4332.842959239633, 3.0415863872729574, 10.294409440122614, 4.625219009999508, 10.289400310616283, 0.0791539801636354], "[60]": [5.142857142857142, 7.843841585801346, 6.667296520056379, 59.987752045126754, 16.510566656563924, 8.652886922968989, 3.786296460012818, 8.657220239463603, 4.5876843891274035], "[80]": [0.14285714285714235, 0.0055672508043294044, 4.721247488036566, 1.3430248925214325, 2.168829958728203, 1.457285612701991, 9.385974141024645, 1.6444041494962836, 9.410650138535972], "[100]": [3.7142857142857135, 3.4125996861758647, 2.324081226720585, 5.0606848439866035, 5.020900142184248, 6.870427021883998, 13.414696830192456, 6.515187183244873, 7.616750482370717], "[120]": [4.285714285714285, 4.001242541149374, 11.921481573559475, 6.488879785113774, 7.039889323539086, 0.5470910615599003, 7.0061687724922415, 1.8498875867298636, 3.989029041406658], "[140]": [26.857142857142858, 23.811492694395845, 7.147457649461032, 21.592250676182545, 20.469319111839454, 30.982851234036204, 45.46957795757344, 29.20658836192518, 38.14633189005606], "[160]": [21.857142857142854, 25.813521457684004, 27.28784346301874, 10.717214118384803, 9.846846735533632, 26.904246557167596, 29.810350433675616, 12.97053936722984, 10.733081792739313], "[180]": [23.0, 19.509951211431087, 16.622359270914473, 9.335974851382176, 10.778091875463005, 29.806298851927707, 41.27283941611195, 0.22622276461910928, 2.610360716705486], "[200]": [109.42857142857142, 52.73867771899512, 41.02606717324099, 54.32960618703743, 54.08510329893042, 103.65581298248844, 47.219982173046674, 92.48343329137177, 65.666669397569], "[220]": [373.42857142857144, 122.42096262690029, 93.15934066727766, 63.34548834892121, 58.926804965838755, 448.49042984763787, 838.9984097833039, 351.57392028249876, 230.21433294576013], "[240]": [739.2857142857142, 47.17878933402062, 66.9581730422542, 170.55961793773167, 167.12427626632507, 961.8805124053167, 2093.998270898246, 961.8805123661416, 379.8139241719198], "[260]": [648.7142857142858, 162.1476042908498, 675.1551988538185, 0.498987535242577, 18.10337849259986, 1333.7458277801306, 3693.949378274976, 1333.745827780439, 178.92147009924565], "[280]": [375.0, 25.533631971237355, 384.1459782828374, 529.3243844010981, 476.3522954790069, 719.3219302641351, 3298.8457357162697, 719.321930264181, 523.3219554662664]}