{"[20]": [0.3202856009049856, 4.072774903715239, 0.9879822634983514, 4867359.963750139, 3.364836224855799], "[40]": [1.185607668215787, 6.5106994461853285, 3.996731709759721, 7.258374645590452, 0.6222935527534542], "[60]": [5.55933064699754, 46.64394463288383, 44.998719674993836, 5710.809729281787, 49.164975350549234], "[80]": [43.79439610660096, 278.5798248028769, 253.99940797663953, 488.51514578190194, 245.40663202869814], "[100]": [3.0260728724844865, 2466.8871860798113, 1499.9995981381328, 4169.2024378564765, 777.5837502844566], "[120]": [14.107023640350732, 1260.442914648882, 1608.9991476556645, 828.7790904235136, 1120.3766094483622], "[140]": [214.95478564356398, 2659.691954524701, 1798.9980313840827, 5777.890197340707, 41.07026998461651], "[160]": [38.903777961056115, 113.21966851239117, 1338.9974846769194, 220.36090160094815, 291.3442401366742], "[180]": [13.58185934035656, 55.125956951400205, 367.97735557914746, 35562.60387777729, 111.36129783576875], "[200]": [19.592031593759994, 20.08356220562016, 77.9996695711129, 26025.058658958103, 26.678993214869134], "[220]": [19.67916816689275, 6.976176173126641, 22.99818037670068, 33859.80670790021, 13.163361039029473], "[240]": [18.676669446093417, 5.68881654741362, 8.993457016392815, 21224.14636065986, 7.129836954418976], "[260]": [17.804544683835353, 2202.50089314501, 0.999922062701992, 1900.8397163545105, 0.6449800029521018], "[280]": [16.53316119630905, 117.24033304767252, 1.9998973507514028, 8175.311118793043, 1.93262316526674]}