{"[20]": [16.641855635355224, 15.7077906603749, 23.184131596453486, 5.159281936665717, 3.9520995261486545, 43.89418037412315, 26.135111995154542, 204.13578280036091, 323.61347963143874], "[40]": [177.96014862508227, 123.20268088662966, 130871.08660621212, 129.0697057306306, 1.7904447917760282, 2.194145523067172, 192.58326880797543, 6.484912851965751, 178.88465578975988], "[60]": [385.9519636434047, 18.278020681040356, 1378.541071803496, 2102645.8151389644, 1158.6324508003213, 320.4076914889782, 294.2911459534457, 196.1629259090387, 416.7640636060427], "[80]": [88.07897661769908, 30.126016758829348, 31376.549901046867, 24923.195346833767, 2968.260961481803, 365.5953105712139, 13.759239983895364, 3.717382529961014, 65.28088368336556], "[100]": [195.09677262718083, 24.0688851442574, 8633.641781837883, 107.13259596754641, 162.41670422336844, 621.6621160437916, 154.02223017077426, 172.71291580738986, 119.60467986334066], "[120]": [230.4487748405602, 300.88587932344603, 17756.52071062514, 296.19736900161655, 301.82602867517306, 784.4703906827382, 226.0811745725643, 266.72174621722553, 138.20965966028206], "[140]": [10259.420556758789, 6325.991667062488, 6487.67309322751, 4080.9661000905617, 4247.340200686588, 11139.303102886, 9909.723790619651, 10567.008968905744, 7136.487087982982], "[160]": [16832.575133319307, 6175.611321017556, 50257.23494127936, 5149.6662113809725, 6286.791499301293, 4715.805962827563, 3024.6764920077226, 6022.584429967295, 278399.66521827783], "[180]": [17682.893711309065, 400.77653636353114, 5193397.448569143, 75214.91377583102, 66381.97153993053, 19355.0854290666, 20799.39940229725, 15173.383523158858, 17875.714135495775], "[200]": [8057.81345884534, 2400.9035844055607, 593.6351946720987, 20040.074471031894, 19833.337217294622, 1636.1520447610042, 5196.040927989471, 3284.490860030731, 7414.114436052402], "[220]": [1546.7584262067562, 388.28261244651986, 2824.326622810487, 1603.6094940410223, 1477.6059221736025, 280.60447657506944, 1294.6844473098604, 669.5095374216047, 1410.058264972238], "[240]": [342.6920991027631, 407.07052077043835, 30.38485552562396, 838.5214252214918, 880.5255019810404, 102.87050505564777, 485.16422110233225, 207.45849226354198, 2759.1789334627674], "[260]": [31.465624283930705, 279.07131934650494, 0.9502414493951225, 700.0730417396356, 671.9290279650616, 6.570154027606755, 145.53943515548627, 76.59239752222479, 6370.732937482903], "[280]": [0.1570663868273831, 265.8084350697938, 2.465611627556909, 433.8404620392418, 460.09214080767646, 4.08596912677872, 39.54360065439486, 19.194214447819437, 3838.4026407697656]}