{"[20]": [2.0, 2.0, 2.0, 2.0, 2.0, 1.9999979509750656, 1.999975983160714, 2.0000000000000004, 1.999999967278013], "[40]": [2.7142857142857144, 3.5675630114083177, 3.615232596750383, 0.10156250000000888, 1.4333241525350102, 1.2355686421511098, 2.432800744128329, 1.2254506810968007, 2.5277741424471927], "[60]": [46.0, 36.786220806820694, 23.226103544404282, 861.2459945725288, 24.212451543401542, 5.405381973090577, 47.942620269036105, 27.104754691226645, 25.190452415159307], "[80]": [289.8571428571429, 129.92833294857581, 38.04928739550053, 219.86198931789733, 136.2128621060874, 197.87665303512057, 224.58939026672027, 139.8677030865993, 148.23165791568306], "[100]": [1280.7142857142858, 859.3684504262269, 179.18925910175813, 78.64371067395314, 61.5158020384024, 599.3895470933255, 544.5442590709581, 312.5152131352256, 294.5299794746343], "[120]": [3039.4285714285716, 26.765043364763187, 1811.6357301197277, 77.86853280800915, 52.036578989478585, 773.4743133136817, 593.5249440857406, 84.09694644905449, 56.622134893336806], "[140]": [1240.0, 57.75721780524873, 2698.0559394202937, 925.862812836247, 776.8757156311422, 741.5698079968097, 160.74467048659335, 745.5869992224907, 156.20606476372905], "[160]": [2342.0, 300.3984186611506, 650.5977565032799, 825.2003761111105, 528.6641867600224, 790.1877911472484, 254.2257393433738, 728.3110978237514, 228.63046668906418], "[180]": [821.8571428571429, 108.73647449618375, 26.38941289703098, 17.45690302177627, 9.498971680594877, 261.96204759197303, 94.97458712593436, 229.8916726862724, 88.59140661657989], "[200]": [196.28571428571428, 122.06111146881358, 9.801567128022725, 130.28011425681734, 133.24470288764803, 64.43266412304206, 13.943191246625645, 53.14730720511875, 10.507968043391543], "[220]": [43.85714285714286, 84.13525348809117, 9.40175441725421, 50.259010758061976, 52.24008134222635, 5.895225693778308, 2.528281768708645, 2.4268269293852214, 4.657877209282979], "[240]": [18.714285714285715, 82.7742026218632, 5.798861535046623, 21.26923882272007, 22.50897156466801, 3.9430003213756493, 1.7536250667477677, 2.952005852667593, 75.17889411207096], "[260]": [7.285714285714286, 96.63717600419932, 3.7306398801350005, 37.63409362824374, 37.47458256679547, 4.725840865407969, 3.6520214038468084, 4.453273756168665, 32.050755239538965], "[280]": [0.0, 81.97376407220099, 0.001, 25.134897244490418, 25.970166846972074, 0.1042549950039567, 0.6773730121183887, 0.03161832653728913, 22.34660420603966]}