{"[20]": [19.91990557000621, 4.1569948932910625, 63119.31817713393, 24.82781505738707, 8.016674313391661, 12.615390531954297, 7.82628403729369, 8.655514907870666, 14.141714477015997], "[40]": [373.9577669963604, 292.90265752464506, 45.23409209655407, 1618.1056299087513, 74.80701259027242, 336.71455900336326, 276.12742005486734, 157.25759835665866, 77.13228406499061], "[60]": [8065.091561114746, 3029.7274414243007, 69025.98429111508, 115.17494857083021, 367.71280807398375, 5234.643218354968, 3913.9362980825385, 1943.962074670811, 30489.288248662026], "[80]": [34632.61131937219, 5728.493546260087, 54549.55066011205, 2027.1255422652916, 13877.272062602324, 1059.5856605470885, 2790.7354030108436, 1628.1465466392067, 2474.171821133402], "[100]": [29004.807146571005, 1712.6070854745794, 26431.905535604135, 192152.15062933395, 148256.509348047, 14838.64658179447, 7443.208948599114, 11428.646801167775, 3388.2240697515726], "[120]": [9583.803752783404, 523.8787690910972, 326.6092262371777, 7955.434443991464, 6893.185522890494, 3468.193253083114, 665.8873924516585, 2721.2809641099534, 149.96729946506204], "[140]": [1884.2423961475126, 363.1472221278699, 3325.897194239005, 377.10664459444826, 204.53109809364628, 543.9056470770936, 71.51701506300711, 441.5809214852388, 281.5778522172783], "[160]": [454.3929103756703, 307.2034526903961, 11.087980454999508, 833.9598170814124, 813.0696049746747, 149.3630632398947, 3.5602345508444495, 135.48834837670745, 97.63751196838382], "[180]": [97.07772240232899, 230.13521936203125, 6.5531878589333505, 583.8647445626926, 648.7968766955239, 28.960279592792343, 2.299401428735073, 27.09539899508693, 26.35977534368447], "[200]": [13.361898411186155, 246.38216366990613, 1.4662012952390282, 524.1777228114605, 536.0087463307891, 1.0427409176614593, 4.722091760424416, 0.7945156176537435, 9.673773523032219], "[220]": [2.024328420051304, 205.0368863676365, 1206.541821435039, 396.9829523293796, 405.00567569581654, 0.467196468213126, 0.05756405726763645, 0.434429702255913, 0.037843231497256664], "[240]": [1.0, 187.28797494751504, Infinity, 311.20867186757897, 319.98400491890817, 0.7209555593203999, 0.5214964274453335, 0.7166540972755457, 0.3046299998473444], "[260]": [1.0, 175.4370689712367, 1.4456706545659563, 265.173760971583, 272.73267355251966, 0.7171046941639506, 0.5196690134235538, 0.7165420874706415, 0.22278233179484772], "[280]": [0.0, 167.45161567445365, 0.0, 226.96921995540598, 232.2525252374069, 7.430673975257173e-05, 1.9129728661316177e-05, 1.0132831656270182e-06, 0.0023707880807091507]}