{"[20]": [7.0, 7.000000825687562, 7.0, 7.0, 7.0, 6.999997066097867, 6.999967466648387, 6.999997916354599, 6.999320681345858], "[40]": [41.892981755176436, 38.865599192399586, 4.33328194693866, 51.61490683229813, 2.4647744851596007, 7.074869991114917, 48.24744887846199, 14.252711117928357, 199.5563198792526], "[60]": [279.8590378180576, 202.86092549877714, 13.183272079928289, 34.662369650277995, 41.222530061490794, 280.06330149994864, 303.76583750584126, 203.39387943745743, 199.71668201043528], "[80]": [2192.1260759419597, 1097.086814388212, 680.1370874580309, 750.2414354204298, 608.7964437872421, 1589.851486058137, 1048.6864347080627, 119.10983175473125, 4181.741236125162], "[100]": [5705.370131073947, 264.05493684480183, 5659.279132304343, 6314.849800440732, 3982.637813523915, 2641.713642068268, 1387.6877365265466, 741.6352596662466, 749.8766081537998], "[120]": [1419.0366807132973, 1477.8151316446772, 887182.3340140131, 14867.319647837663, 8369.423122138976, 1312.780673097515, 3753.9873924887474, 3308.490386843183, 3547.1036149738297], "[140]": [4503.471648479981, 1075.8592700381735, 412060.3002349008, 21077.398502281147, 15195.86996680359, 1688.4899782035159, 663.2832473018611, 1404.3403379051085, 327.65059157799004], "[160]": [1296.1139028692185, 343.5932049296029, 3575.632679127833, 284.5839936324346, 406.6607982823947, 432.26499962338795, 89.51934314024504, 328.9925601741532, 3.9314858506820847], "[180]": [327.0360261838605, 83.74778315084178, 7623.930799671403, 85.5197201057717, 84.42720900709512, 101.53663091825875, 18.808543833567963, 75.13729095492336, 13.177888328139066], "[200]": [76.78310949755932, 108.8582234403079, 2937.7806139393647, 372.4564615574637, 382.8851508920484, 23.540106358821987, 0.4885910999573313, 17.14349974703053, 9.024431430167203], "[220]": [18.457075756082318, 90.56112835541171, 1791.339698396205, 319.0551460221595, 328.5070269493041, 6.622046649880445, 2.032402108883739, 5.1211945246604, 159.33214502374577], "[240]": [0.3732836179993135, 77.18153926446352, 760.0826075989746, 250.4115087432213, 251.47899553226264, 3.120384422637064, 3.252180535549624, 3.435469244938384, 411.68368442568396], "[260]": [3.0512024677077503, 73.98013400521636, 8899.180457096865, 206.67525201351953, 206.3497643172447, 1.0034855563836842, 1.4226837894386, 0.9260963627755688, 1979.604209618717], "[280]": [0.6946737085110667, 65.78189765619102, 590.9687407565085, 166.28591798225617, 167.9115520716446, 0.019224087428179677, 0.0782058608798737, 0.001974643223787794, 199.5386526442635]}