{"[20]": [1.4285714285714286, 1.8962298070203119, 37.365083259011115, 1.4285714285714286, 1.064761986518855, 6.178341648841313, 6.441964424816707, 6.245053744509027, 6.103467868809014], "[40]": [3.8571428571428568, 3.1117739929989217, 1.8888914588402947, 1.7763568394002505e-15, 0.4914501868746335, 1.8308219217354669, 1.324059203031414, 1.818691814503369, 2.7552010815273835], "[60]": [1.0, 2.205473412998817, 0.901629352242904, 51.657059684747395, 18.458208993772672, 2.7060145533125066, 4.189112595714903, 2.7163056092866373, 5.236178380830896], "[80]": [3.142857142857143, 1.9828144195995008, 1.6473376778257585, 3.286767247283822, 3.105374733080837, 2.1815009122970457, 0.25972248729256836, 2.156940277763622, 0.0209342513496582], "[100]": [0.0, 1.0467435868957073, 0.0, 1.678880064545508, 1.6356385611770234, 0.002746501557957038, 0.028118196225506716, 0.00011499084878537595, 0.00046746520611658904], "[120]": [1.0, 0.4986029052894707, 1.0, 0.32515410176535653, 0.3545000526916018, 0.9997480330883596, 0.9968654659877082, 0.9999996469047974, 0.9994164538571293], "[140]": [0.0, 1.0991722675258826, 0.0, 0.6253323408374345, 0.6700215326884649, 0.28344518006389663, 0.9997042400214946, 0.2834686975685743, 0.09857707431686324], "[160]": [0.2857142857142858, 0.3511732588069716, 0.8999418324723347, 0.47395827095012666, 0.4975333878047272, 1.283466493935105, 1.999964593057525, 1.2834687204441626, 0.5704962667126465], "[180]": [1.1428571428571428, 1.5817659555525, 0.7251517781215806, 1.138848628596122, 1.1162354795246494, 0.7165314993087456, 3.827894102749789e-06, 0.7165312786726438, 1.0921626490569132], "[200]": [0.0, 0.47804211135886976, 0.0, 0.461529194952541, 0.45210828232343225, 1.8976798975797463e-08, 4.550007824489603e-07, 5.4062177606646505e-12, 0.29700613685466115], "[220]": [0.0, 0.5648407763740808, 0.0, 0.43920048621861757, 0.4538425901152665, 1.7635188754111023e-09, 4.633995053796497e-08, 4.3478724069959856e-14, 0.08783747676189382], "[240]": [0.0, 0.5143458248541448, 0.0, 0.3554237342947763, 0.36664512150640455, 1.6378135817048518e-10, 3.475397116421328e-09, 2.2368351285336476e-11, 0.026808790657280174], "[260]": [0.0, 0.44346803951140457, 0.0, 0.2984797777641579, 0.30736523417933614, 1.5172215797081963e-11, 2.5405315018514153e-09, 6.441225351515915e-13, 0.008175125542844556], "[280]": [0.0, 0.3841935919009588, 0.0, 0.25725924516341125, 0.2644774162168478, 1.4368775952750162e-12, 9.173059940736692e-11, 1.5685022729267882e-12, 0.002814230117855569]}