{"[20]": [18.794542508930718, 5803.245098444439, 22.829423835629058, 1808.243677799763, 31.158075621886823], "[40]": [2.0181557850917535, 200.91217412627998, 22.96463179649046, 14.878037825519137, 16.935318738047123], "[60]": [1.0738575481525647, 30.76008683174216, 30.993189430970293, 13.107834436264636, 63.41684907065474], "[80]": [19.704679922230458, 53.39934121261133, 124.99898512809882, 46.70210008050847, 142.96983490496297], "[100]": [7.542365832527272, 75.75422098778422, 409.99870805207667, 126.07723161711324, 341.887960281045], "[120]": [37.28900763449073, 910.5615447853917, 967.9951727882957, 70.5231313984179, 196.87340707250706], "[140]": [91.03943306250453, 381.5910260842296, 1640.9892403960723, 717.5858258465414, 1447.6997991479739], "[160]": [244.8641886060069, 1474.2235626344911, 1220.9753672747154, 3555.718198015621, 1409.144440224011], "[180]": [118.6766202141402, 56.82030481799392, 1629.6844844690509, 9781.768138105354, 2616.869606209287], "[200]": [1447.3361822424645, 1018.626261446361, 897.9935091169921, 14274.264494864527, 2471.4491118640017], "[220]": [616.108804944119, 2790.550820434404, 1929.9538623312014, 19401.335004339562, 275.50931992230227], "[240]": [536.3749485589457, 15.892219169455016, 2244.8156137865353, 6600.02134464268, 142.01085537048968], "[260]": [193.99213834418987, 1410.7437286872998, 1605.9976615021296, 16709.081939525156, 446.053658360169], "[280]": [62.41093562515979, 110.22586587581073, 637.9967513124773, 5021.620387222531, 235.36507708587598]}