{"[20]": [12.046084062317119, 24.428571428571427, 24.00000000041028, 4.158741929397156, 25.497377253563435], "[40]": [9.70413970740384, 367.72922768745434, 320.0000000002077, 306.6320284604943, 43.98917721676423], "[60]": [3690.117828858335, 1244.5293019011579, 1660.0000000000741, 1524.4475598604631, 1894.9259391819157], "[80]": [862.2076941075438, 3726.0943588125874, 689.000000000025, 2627.4272228713216, 2202.1336781584987], "[100]": [282.6941236630255, 555.9498794817819, 640.0000000000082, 503.70484581028904, 1302.8177569204213], "[120]": [67.66764494332438, 445.27895997650467, 769.0000000000027, 122.22333973524837, 1408.8321699512471], "[140]": [6722.9820137180795, 15874.900143499603, 19876.0, 15872.888020627652, 11254.825609478488], "[160]": [8798.550055880245, 61238.155420208146, 22252.0, 53537.87099305165, 5599.08502492516], "[180]": [12259.999395235893, 87280.81408733544, 29243.0, 14945.115394224034, 365.4250972893533], "[200]": [3314.661314609819, 3596.1734825455605, 12251.0, 348.70036349130896, 8.456614989304398], "[220]": [491.2619246493573, 1044.3311570216342, 2928.0, 569.6158378492078, 448.7751660955737], "[240]": [26.99029633057239, 147.1502275278243, 929.0, 12245.016677587104, 477.65969415329323], "[260]": [131.12887740248377, 93.3574039998818, 177.00000000000003, 5518.448914955121, 108.96988126942239], "[280]": [460.60299494991057, 2.6619317392089066, 22.000000000000007, 2895.4954269843583, 13.298566483978973]}