{"[20]": [0.4715733870108999, 1349.2650110969446, 2.975849967821251, 11965.018628475496, 3.1311397668615735], "[40]": [1.7475582540179517, 53.69962202075647, 20.99053902273844, 3438.689460625815, 1.9067746061857658], "[60]": [30.366724812819967, 193.48797582831708, 214.99469104405063, 760.7460694759293, 221.23019144879368], "[80]": [13.306504487956307, 6492.642080905336, 1668.9970059186016, 849.6074589004953, 1434.053765718311], "[100]": [326.11870889095934, 21702.063092860488, 3816.9951108019804, 19149.460701550976, 2062.1460954026943], "[120]": [49.249507423075656, 4473.38926649432, 2644.9913610060016, 197.8680468864356, 608.6632782208197], "[140]": [277.92267347581253, 141.60331096593964, 2259.987941184842, 268.1554728461613, 410.31036662668623], "[160]": [37.71504023772615, 85.92429060531921, 533.9865682148388, 305.7594867960502, 152.38633610277535], "[180]": [22.609406850188112, 41.74946041129625, 131.8807028948437, 19825.423141768173, 68.83582342511504], "[200]": [24.219087754147672, 29699.38559032185, 28.99825987070679, 95927.43957124325, 18.960575026848574], "[220]": [23.243138607806195, 41.68600054410054, 8.990424394011644, 24223.881035428258, 7.415020410317767], "[240]": [23.056158525520082, 7.782413971775996, 5.9655657506326705, 53791.106398981654, 5.750035532599354], "[260]": [21.88100032342167, 1.6247964429258905, 2.999589875062295, 26893.499254070222, 2.9605846843651342], "[280]": [21.258118123180594, 3.528281639219846, 1.9994598155442684, 39896.838768611284, 2.00614617588133]}