{"[20]": [1.0, 1.000000825687562, 1.0, 1.0, 1.0, 0.9999973665461301, 0.9999400910838029, 0.9999997019740671, 0.9999996900056528], "[40]": [1.7713449804949817, 2.237691169581075, 5.329225707211428, 1.767360133170939, 1.5448528270745348, 2.9719738108728033, 5.752315193637844, 2.279025021412558, 15.42515820218651], "[60]": [1.3354635140823654, 0.38744465393281063, 3.482630523136145, 3.0455617792585343, 3.9653412182829935, 1.06452558392361, 4.754143382010435, 1.0536591462874694, 6.402198237080104], "[80]": [1.0925672359793055, 0.33108191121472397, 1886.1752944303646, 0.8472289048704621, 1.4653818894479187, 0.5327307217808626, 1.5665808012398474, 0.5521407760516758, 1.666535801432338], "[100]": [4.378760441933026, 3.2328504673191594, 11.75766313957686, 2.1500745008268685, 2.2895280991879288, 2.737327517907977, 2.812854106987707, 2.7341442010379278, 190.80754831393935], "[120]": [0.3303575884808868, 0.5540315153592268, 3.2401816663769742, 0.9588118366004469, 1.2332353991549614, 1.9834829260775437, 6.978566116957693, 1.6282362167299256, 6.54008433719305], "[140]": [0.12160706298518545, 0.3893895801634653, 4573.307634473507, 0.1360046207871549, 0.1996714592893448, 1.7007141981964415, 5.995029615556459, 1.267073507253516, 2.588736555518503], "[160]": [0.550140292690953, 0.48333283502171204, 0.3288207122660718, 1.9655886243153613, 2.1259276932217794, 0.5669266345018926, 1.9989297062297018, 0.33876876838503794, 1.340750516414507], "[180]": [0.14869500927702087, 0.3213465116592037, 6125.035229087081, 0.2534822875107069, 0.5616912043014838, 0.9999988917364846, 0.9999273634916875, 0.9307068820996062, 0.9862071300999553], "[200]": [0.0, 0.40825664987000343, 269.36064593493546, 1.3333771377674133, 1.4133134279029065, 9.938228208540748e-08, 1.7900082543915792e-05, 0.013724903270237874, 0.23013276266268662], "[220]": [1.1565880711900962, 0.3741743970794928, 74297.46629344247, 0.5367184991730577, 0.4030126601429889, 1.417343372650707, 4.98532445892649, 1.4131577698883133, 3.441904140342018], "[240]": [0.4435089398794971, 0.4945457178933612, 1.205402290130445, 1.5518313995056154, 1.544719015553152, 0.7008120608175615, 4.999992066130223, 0.6991179195877474, 0.8149242100863785], "[260]": [13.528949915470086, 15.173478288242142, 17.756160678631705, 19.427239426759606, 18.986899932966598, 19.66937356514925, 33.99999830850888, 19.668745003166908, 33.97919059697236], "[280]": [10.75088547759105, 7.3508932503849636, 5405.636726410894, 4.481477350359035, 4.514383266199157, 22.756090534280325, 54.99999998746416, 22.756077816640996, 27.47862400745882]}