{"[20]": [0.6115923150782141, 9.701254852226686, 6.000000000195013, 1.2959989215564907, 0.9063979977855361], "[40]": [6.179068049806617, 47.88489122675246, 40.00000000011191, 16.428886501591514, 15.26677566404991], "[60]": [137.05358229060118, 100.8510590051531, 113.00000000004076, 76.14960084061721, 155.25185627071448], "[80]": [33.55200720899285, 75.85855146067968, 25.999999999986244, 114.8358910384294, 97.31993539778728], "[100]": [27.475849557445258, 18.597610367983634, 24.999999999995396, 20.440632194495493, 53.28039668213171], "[120]": [28.71903605507424, 19.069893349859115, 24.000000000001478, 38.71263688215487, 83.34375737927223], "[140]": [62.017608809800095, 1444.5213385124528, 1678.0000000000007, 38.25468909528263, 1326.9875544092579], "[160]": [518.4235714722308, 353.5865905655028, 4928.0, 5007.636048884946, 2327.002112663493], "[180]": [1314.371521987514, 6449.311265091335, 4478.0, 2102.73977453483, 859.7666124236475], "[200]": [114.76282028470041, 92.02539631250465, 1836.0, 7813.86063611638, 77.74838517784474], "[220]": [151.37531199113255, 66.04550081900896, 341.0, 2366.166323292011, 35.181075026780036], "[240]": [56.59167812516024, 13.464382834749486, 65.00000000000003, 1013.6799718218072, 16.963650046698334], "[260]": [80.72121763262953, 1.6379013399194209, 7.000000000000007, 492.40230837482204, 0.35028882631840386], "[280]": [206.14918849193225, 0.9999800761470706, 0.9999999999999943, 281.5639310748959, 1.799143196340958]}