{"[20]": [4.0969239631622605, 5.0, 4.000000000195013, 6.858142857142857, 0.25529970023372694], "[40]": [5.895282960410462, 147.4674058552078, 35.00000000011191, 2.0468220539905104, 1.8929527726127873], "[60]": [61.07017151269116, 190.88524961565827, 125.00000000004076, 88.82234994035917, 140.4820990721283], "[80]": [5.325500308627397, 15.411608811385122, 82.00000000001376, 77.74903456553204, 223.22472174156775], "[100]": [33.4765755148685, 97.10924421525567, 52.00000000000455, 55.90903194010548, 46.56684417863778], "[120]": [48.95643559391806, 244.65825266116428, 46.00000000000159, 20.787528640293885, 66.83418320566864], "[140]": [114.99721331883393, 2926.506203228431, 2784.0000000000005, 246.71069879732568, 1834.372789083367], "[160]": [258.05630159865177, 4920.606724533947, 860.0, 7648.512694643017, 3467.6473170813188], "[180]": [481.27569081119873, 4655.1540544957115, 3173.0, 8879.357690635206, 498.4825647819307], "[200]": [260.16250675373885, 960.0324471189333, 846.0, 3816.3729110032436, 42.57188936686066], "[220]": [111.93826032743459, 70.44613340567639, 195.00000000000006, 1422.447074216192, 24.037886145240464], "[240]": [7.934861015445264, 154.28539395886114, 40.000000000000014, 660.5722801693728, 12.105407475293774], "[260]": [9.18897799923226, 12.050427453305922, 11.000000000000007, 339.09725084564934, 7.049509076599504], "[280]": [33.28330707423459, 0.4249411016753526, 1.0000000000000053, 192.62577949158208, 0.4765772061643321]}