{"[20]": [2.0, 2.0, 2.0000000000619162, 1.9999999999040325, 2.000001049028629], "[40]": [0.474828357822097, 1.2542597831541291, 0.9980034678913564, 15.683678520651755, 1.4040229422184651], "[60]": [3.1720167931966814, 5.979949551867379, 1.9995008969506303, 9.28856350536601, 5.436193415287417], "[80]": [0.8823464396329647, 2.6484407075524503, 0.9999446194371945, 8.452742703758725, 2.9670248259330045], "[100]": [0.31582298728521613, 0.19159690856114106, 1.8949902194674515e-06, 0.4774726028295443, 0.25402810512882906], "[120]": [0.2834491094137281, 0.6003401826846825, 0.9145418478918982, 1.0976437815638738, 1.0232972856274143], "[140]": [0.59513673596957, 3.2905231485574338, 3.980011102129172, 0.3399975536917486, 4.002044298589115], "[160]": [13.817907970037924, 41572.889047215904, 23.968441160997955, 3.7266647769477967, 24.000169801597355], "[180]": [14.522918231657512, 301.7506107678789, 123.99965773467149, 1360.2963052109146, 124.0000087706906], "[200]": [6.327707614399378, 457.53288316607586, 415.99998019402375, 326.2509583026856, 415.9999990515313], "[220]": [129.65182558654024, 5736.235488339183, 769.9996414997189, 694.1302980900699, 769.9999994184193], "[240]": [22.172441983655364, 1680.287997915869, 798.4346428101118, 648.0860102022397, 833.9999998239546], "[260]": [16.352146184345067, 40.887608690656755, 320.52756862504896, 34.05543070026494, 320.99999998189753], "[280]": [10.588282868441576, 77.69245776570264, 118.7907439145933, 981.4048208589841, 118.99999999903436]}