{"[20]": [5.285714285714286, 6.0, 147.21712365830194, 5.285714285714286, 5.04794384384307, 25.13818288958036, 23.847019983315864, 25.63287264803629, 24.25914490640788], "[40]": [35.285714285714285, 18.887771280145124, 36.75193683348297, 27.374810019563768, 34.54608448922386, 39.9391432544129, 40.03702731130519, 39.53619170818247, 59.412678468430784], "[60]": [356.0, 328.62712195045935, 86.18153549697706, 9548.177055884084, 123.67242143790054, 346.2853277707477, 381.50551398492127, 270.5658511127226, 168.54433342935346], "[80]": [3022.5714285714284, 1851.5672473142974, 137.1338344604569, 514.5229330878324, 357.5625567062634, 2471.119214741917, 2527.780385201917, 1022.8760474137844, 1714.5198195579937], "[100]": [8992.714285714286, 976.0999373093982, 10676.998861226053, 65986.38884251224, 21876.534080757476, 1969.9360604423673, 1642.1712181923958, 1146.0511538284663, 1001.6288791820843], "[120]": [3220.142857142857, 1636.1167342754525, 15425.350429866809, 36620.894440142874, 23372.809561544025, 2951.117450035743, 6464.514432851749, 2890.5688935117087, 1474.5989316662253], "[140]": [6595.857142857143, 1814.6497815391845, 2011.2103168442973, 3168.635352213746, 11051.155478292047, 2233.277318979919, 389.0037002281506, 2001.2783785408183, 380.2258862563076], "[160]": [1962.8571428571427, 215.7504629074847, 28.947284238230168, 1731.831644009107, 1826.3169810087015, 497.21039657964457, 1.161470768146728, 400.8730822494374, 3.767333560180191], "[180]": [450.1428571428571, 644.9237409443563, 31.732148141482924, 455.6395452348355, 491.97204447650984, 88.66802120641859, 68.48497839332128, 60.73052467618675, 68.62366795442128], "[200]": [122.57142857142858, 326.8641326037, 4.128459098982717, 696.8884861791923, 677.4556436634389, 12.49967903519493, 43.70993733747778, 5.349219387619783, 43.62579109843323], "[220]": [54.28571428571429, 131.8098390558048, 18.962787162384927, 322.37224375966036, 331.34982591016524, 11.454401602232714, 15.535493820334478, 9.731909832474543, 15.5577183416645], "[240]": [6.428571428571427, 269.03897538485126, 7.145678598476812, 383.7024055707554, 388.7566544057802, 3.2563940866441623, 11.16478754361699, 3.6548851220926544, 11.176377728559713], "[260]": [8.571428571428571, 203.74614376109184, 3.566033660218622, 345.42573334704105, 344.3369489158645, 1.9089821595465652, 4.447041327163534, 1.8182888961938923, 4.493034808471176], "[280]": [8.142857142857142, 132.15579273212552, 12.153011421669925, 224.55958408982463, 227.42900890561515, 11.091348515326985, 14.797988772800291, 11.111472099366893, 14.826306303589888]}