{"[20]": [4.0, 4.0, 4.000000000142683, 3.9999999999805023, 4.000001655803103], "[40]": [2.1097618512167298, 4.890132696675351, 8.997186744536137, 51.91932373974421, 4.490102407043364], "[60]": [8.133539465037806, 2656.902964259875, 5.999052393637646, 81.26162806447104, 7.532402584370007], "[80]": [0.69476965295385, 0.891239430327686, 5.999885155806933, 3.727093221107613, 1.1181624447359317], "[100]": [0.6633543192177832, 0.22931194178971057, 2.9999912424861965, 0.5814916337331021, 2.0173462957279695], "[120]": [0.6714494895348447, 3.6662586576049376, 0.9999941898394965, 0.12003725313001853, 0.9092759432385672], "[140]": [0.5791043033267549, 1.0, 0.9918677562130054, 2.4465248045367005, 1.0077978140210166], "[160]": [1.9152723693131997, 3.970747866629987, 2.9907849061968506, 4.482277386294037, 3.00068248924232], "[180]": [14.12001695540782, 10.591777423063151, 17.999878257741475, 4.895170832923151, 18.000059629717118], "[200]": [12.168449659932866, 42.59863281815102, 30.999997736716455, 1.2718754193803286, 31.000005193177163], "[220]": [43.73863738375726, 242.6595191422975, 103.9999761267396, 29.22974255881314, 104.00000044424141], "[240]": [5.7924871226379455, 11708.251875596678, 67.00207766137041, 80.3434475243728, 67.99999994878725], "[260]": [30.86741325079764, 10.549587884741944, 1.9453780120975914, 15.863287679050385, 1.9999999952826129], "[280]": [77.31399982729026, 444.6617729471913, 246.97862979209629, 109.28324402302738, 247.00000000024144]}