{"[20]": [3.2857142857142856, 4.0, 149.21712365830194, 3.2857142857142856, 3.0479438438430706, 27.13818288958036, 25.847019983315864, 27.63287264803629, 26.25914490640788], "[40]": [97.42857142857143, 95.25164634660696, 112.26897620705878, 34.51060485637038, 45.78111251695995, 3.8412787025968385, 87.4635672005785, 5.518589851726574, 5.8007099250589675], "[60]": [2168.5714285714284, 1738.5170346601765, 215.38543311321337, 1776.4888519085962, 90.05382457384349, 1888.6230714784674, 2005.8291740778636, 1485.9358058099274, 1466.9297236518191], "[80]": [15675.0, 4199.477313574185, 24645.656979100633, 639843.0708584869, 374917.95642514847, 3379.471863292247, 1989.0510852949228, 2462.2926411724147, 4803.231062775361], "[100]": [7785.857142857141, 2771.777016584305, 35511.37059539388, 82173.29868220774, 114045.57632161115, 8474.980613864482, 5217.887388973293, 9710.398292381105, 6491.756664872031], "[120]": [8345.42857142857, 1205.8701138032511, 1679.2653847452439, 42328.66183995308, 33144.885175112744, 3002.991685787205, 636.8836815618438, 2568.8340633274574, 765.3547869432477], "[140]": [1544.7142857142858, 612.5787753235345, 23.66645330115631, 3317.0128868933343, 2654.9724566923314, 462.4751129354098, 1.7405054212928803, 353.49056603277984, 23.60041353055152], "[160]": [282.14285714285717, 253.19446539201272, 6.644380581398124, 529.6232207188343, 592.4731551192169, 71.00727580938624, 31.82265464489376, 48.71085012372885, 26.120911556686053], "[180]": [63.28571428571429, 498.62187781132525, 7.509299073793645, 1020.7380796730649, 1016.1472304200806, 16.788499489199786, 6.113314759405348, 12.52705509439895, 5.076809036642652], "[200]": [13.428571428571429, 263.1797940062934, 1.507369944931685, 823.212268686051, 835.9526225199323, 4.219288558507354, 0.3737607536437919, 3.436194233292862, 0.12467454935759847], "[220]": [1.0, 334.84021327988194, 0.6871355667762873, 735.8833872035653, 736.7735168244294, 0.12127510186678903, 0.7540516540427705, 0.018140837572545365, 0.7211929577984808], "[240]": [1.0, 289.080471758743, 0.12405012390866751, 609.0564794769672, 608.1127426293594, 0.5113102507160281, 0.043023672385634676, 0.4867960873237795, 0.044489646290260615], "[260]": [0.0, 263.47280081614053, 0.0, 506.430204697293, 505.6638029822569, 0.0043842654269420625, 0.005038897927809764, 0.00012142358900485287, 0.006609882374799782], "[280]": [0.0, 237.34200107573497, 0.0, 451.31520758577796, 449.95312529421903, 0.0007497243252829648, 0.0007573446277542295, 1.3110822569298657e-05, 0.0010155879987257172]}