{"[20]": [23.88767790279384, 24.29394462422427, 1499790.6635982387, 25.93167701863354, 22.079577245085094, 11.938601211122887, 12.077593211228258, 40.76301032245109, 103.75595897811009], "[40]": [337.59327034982823, 330.5837006264336, 26.756339910957294, 148.61287491774368, 12.614325741023139, 36.148673975713265, 366.12714509152363, 54.163146066803264, 375.44003870624715], "[60]": [3612.1767528798023, 2300.1458685273797, 146049.75160405616, 16663.35525600892, 1715.4620357995525, 3196.451443602806, 2799.152822221149, 1992.33063692655, 3181.706039223584], "[80]": [25023.770600920954, 9844.876640146955, 10750.041439701856, 2992.305934765853, 4283.905958044119, 17805.73678154966, 10865.097021243631, 3494.781000508351, 28283.695088432858], "[100]": [20751.451754230737, 13098.981324872759, 79521.91499562752, 122955.3485534641, 123761.93091840575, 3042.0103355388437, 406.58605318776665, 2710.3223460588006, 7556.486722861969], "[120]": [29774.264971429973, 3157.6626438252274, 28225.43049303045, 180599.05412829397, 118296.09339798438, 10787.088896270148, 3248.5266590876204, 9608.944250563361, 1905.481764153375], "[140]": [13823.95542626634, 1667.4047272253213, 261350.97655626066, 57881.8276769382, 65385.210650777204, 3386.7769739020528, 52.93844705247897, 2722.864822142717, 678.7714072948299], "[160]": [3916.8815449467966, 765.7171684875716, 23661.248220517213, 1848.9661918975405, 1606.66192999314, 608.2410100098577, 555.9875579563302, 453.74865320163025, 634.0179562000125], "[180]": [1192.1651030097569, 699.3288012715437, 20.86099786640938, 2069.367766428517, 2291.4586862202555, 119.97545564064654, 273.4017399142969, 88.32891426397296, 284.91591115720865], "[200]": [350.98744360922154, 592.088158548753, 25.513783435858713, 1856.7851726007536, 1764.7202978782054, 2.460690022950573, 137.61527158142954, 7.571723634914795, 141.97019684888727], "[220]": [110.12491120770473, 503.21036358304286, 9.475357174647256, 1271.2340765168751, 1262.846949133813, 24.140882081864582, 74.96844839762802, 25.17240221522545, 77.0221931529286], "[240]": [52.73137295448323, 523.7126412402157, 25006.012161562954, 1292.3146964633765, 1310.7227455820305, 4.239673101379392, 28.109138284876497, 4.438052802996299, 570.8104979377939], "[260]": [18.28281981965257, 404.721626923729, 11463.740117357765, 846.6618216345454, 869.7840322616029, 10.696723530336332, 22.417077902573034, 10.733910120447451, 554.513064510682], "[280]": [10.761920837760744, 379.98779750762213, 3680.8329562084955, 670.3087506679093, 683.4032105810894, 6.392816014077743, 12.706374734282022, 6.399642446449864, 12.99376162645913]}