{"[20]": [49.142857142857146, 39.257449631823775, 59.94592890330337, 20964.499999999418, 51.85449849280201, 55.027555244371, 50.1777309772295, 55.04310708712802, 46.89588315283733], "[40]": [63.14285714285714, 31.089092208239407, 223.50204395539288, 106.49555252412318, 143.63870711678817, 203.66650672965034, 115.9162594559785, 203.26628043611635, 6.944471269607305], "[60]": [45.14285714285714, 70.2941825753331, 26.019198206558144, 1913.633378325561, 59.7867078233659, 102.65707633170076, 39.148266685021696, 101.1916607907529, 24.144621333337682], "[80]": [185.14285714285714, 147.29470967331048, 12.704859741345558, 93.10605702935567, 75.65275485314964, 276.73109969094554, 166.49690487976483, 264.8670655256348, 137.3359913092613], "[100]": [572.2857142857142, 352.14974463021395, 210.60286540351638, 418.34921146807187, 382.46679434671864, 699.1041064433914, 511.01921430441047, 621.4205651583734, 494.33558496012495], "[120]": [1173.7142857142858, 337.85390901105893, 553.1579927496191, 236.7819488747091, 267.6322568508831, 1206.8122137300961, 832.3443459423333, 81.09583396304788, 77.80198130919416], "[140]": [1678.0, 196.80055571490084, 712.2121639134393, 1231.7948639538872, 1222.993793786526, 1795.8733865665986, 987.8111147729865, 1176.7418889152323, 416.1227985410842], "[160]": [1994.8571428571431, 607.6982394328752, 36.151561605545794, 1287.8295847500367, 1170.2280052434608, 2707.32713320366, 1345.3282250737548, 1547.2889136718704, 890.3617331222422], "[180]": [4969.285714285715, 2222.4676513822305, 1998.0349260936036, 1156.5524047622475, 1264.3096202216875, 6508.687593855137, 4233.349868143439, 4771.489350300542, 3600.6292021775025], "[200]": [8616.285714285714, 52.34474392017728, 3597.0191319578335, 1978.2639359606837, 2172.6304088665565, 9257.823417573547, 6159.762055991076, 8274.102331234273, 6175.140259472017], "[220]": [2459.1428571428587, 2203.135896356889, 7777.157121306409, 703.6224062151559, 1108.0560166992327, 13909.859841361442, 1699.575486801241, 23.964926682238, 3282.631380376213], "[240]": [6851.5714285714275, 347.24936159507706, 5487.923656925708, 430.72000895936435, 260.44452282219936, 6437.806994698607, 7011.0317205339015, 7388.156828444262, 9774.097838374957], "[260]": [8734.428571428572, 1943.2925701622753, 2628.592316868311, 3681.531861184579, 3716.555114405944, 645.5942805020459, 3475.7149370015886, 3663.310717528506, 3367.79894192923], "[280]": [3992.7142857142853, 851.7284631016018, 185.87878460644242, 303.71737097926416, 433.37359439143984, 78.67318176054187, 1610.6464456399426, 1582.5928796159906, 1909.745445328259]}