{"[20]": [2.0, 2.0, 2.0, 2.0, 2.0, 1.9999979509750656, 1.999975983160714, 2.0000000000000004, 1.999999967278013], "[40]": [16.0, 16.947169903390964, 1.3431927753346535, 10.0156249999999, 20.575631038117706, 3.993302844481523, 19.365026379514195, 4.009178961948482, 2.3695470135871375], "[60]": [277.7142857142857, 66.19717563837582, 195.29814694861454, 21.34485469888557, 119.92136264815827, 1.328435820263337, 47.18723990641297, 4.546331129657403, 17.815585953197115], "[80]": [3483.714285714286, 933.8227358618333, 244.66750411747216, 972.835978302146, 994.2394124377206, 683.5379409959314, 695.7608851711948, 1016.3479633298266, 1215.1020870855896], "[100]": [3500.142857142857, 1457.5043534140386, 11153.350111155178, 7449.218738472433, 6917.486506230103, 1992.1688350795448, 2711.2414952869985, 1920.153579643964, 1197.0031328780133], "[120]": [5709.857142857143, 771.0285576622209, 2867.679359703947, 5088.407472861854, 2230.357005458204, 2618.4103651859696, 1298.4885922958438, 2414.76993267511, 1471.1666315782213], "[140]": [1530.4285714285716, 238.9757258595614, 128.64918481703978, 814.9826495480813, 490.6716482989277, 602.1388928185609, 424.2194803529924, 512.4051171364983, 439.99661770411467], "[160]": [216.14285714285717, 225.5197566520692, 15.738487553492305, 90.55548063954998, 155.99154672291988, 99.38337347083464, 122.39825240568209, 78.03049844929879, 126.61825294895166], "[180]": [24.0, 72.12707108040195, 3.734260088667096, 194.54883626654333, 195.71380610963206, 14.682881090863507, 25.021946382637736, 10.014231164419087, 25.844434220773174], "[200]": [3.142857142857143, 54.179662255140556, 1.3625285149191553, 115.36125019317376, 117.61622987603756, 2.5719991317404807, 5.4461774539545305, 1.6266988544096488, 39.267243953751176], "[220]": [0.0, 46.668211073197654, 0.0, 94.83691443607516, 94.67753759884091, 0.20956567466326312, 0.8765253541518725, 0.02406302234271625, 0.8486884601602444], "[240]": [0.0, 40.62015839296055, 0.0, 77.00950913865718, 77.10959548742413, 0.03857030636141296, 0.1356605972851999, 0.0029416221668126428, 22.4995111542456], "[260]": [0.0, 36.384808358341616, 0.0, 65.65888560255782, 65.73520299014943, 0.007099020687932894, 0.022266220174947005, 0.00036414725330887116, 16.650897618860927], "[280]": [0.0, 32.971279104312316, 0.0, 57.224320293759945, 57.28361446015548, 0.0013066075333851984, 0.0035475041885362447, 4.4758748498633815e-05, 9.092002543943074]}