{"[20]": [1.0, 1.0, 1.0000000000713798, 1.000000000000011, 1.000001266604183], "[40]": [1.3476949938920768, 9.73294454818599, 12.00000000011191, 16.4741807321668, 27.90253742117485], "[60]": [0.3180389316892942, 11.135301020379373, 1.0000000000407567, 0.9176534006897548, 9.424267052357536], "[80]": [8.760105272845827, 12.59441729226392, 15.000000000013735, 15.003449427578033, 18.24417723211632], "[100]": [12.814174228262218, 13.530051515573362, 23.000000000004547, 11.275287971765522, 35.99304877942786], "[120]": [22.11675855945873, 173.28289664939837, 67.0000000000015, 39.670319708758, 81.65792632197213], "[140]": [6.368960459406821, 87.14179343849435, 56.00000000000051, 10.206702181985293, 85.608766747029], "[160]": [30.764088777723202, 8.330729873563314, 76.00000000000017, 22.068293463487294, 124.44213897150553], "[180]": [0.13097921932444478, 11.704298136248326, 133.0, 59.54876501724891, 177.10636670888812], "[200]": [40.32758772285456, 104.73995223092152, 504.0, 159.77438952369312, 270.2679592479258], "[220]": [28.897250180158153, 101.12942907707293, 1261.0, 341.6922994272736, 181.3685711852795], "[240]": [132.0098885387706, 1462.0604934962812, 1458.0, 981.2172722747182, 1458.0000000146956], "[260]": [116.75120952492944, 2000.3055690513975, 900.0, 4672.629284101877, 955.6547041903523], "[280]": [55.05718253755367, 564.7476285957227, 1545.0, 5073.23132683501, 208.99868064809652]}