{"[20]": [5.0, 5.0, 5.000000000071379, 5.000000000000033, 5.000001933329763], "[40]": [37.068578102486754, 11.808427480361075, 16.621041405427036, 39.83108464410694, 37.11111015299184], "[60]": [119.19411876442791, 2598.6083588275783, 94.6348278766045, 414.532796783973, 2281.2857834263477], "[80]": [881.2265128929503, 10318.494475590873, 10861.000000710996, 19252.510551296502, 5785.291143304341], "[100]": [2080.081578094527, 7250.828939980485, 9403.999999764386, 53516.2185135255, 189.04535326480982], "[120]": [612.1040276643062, 3995.105273025538, 3010.9999999220936, 18417.025650031435, 710.9159181398118], "[140]": [4.988165586845412, 538.2990329663667, 519.9999999739084, 3966.0549076416173, 280.9726919105856], "[160]": [93.40065018320155, 215.69934636804624, 87.9999999915658, 840.0918992927127, 44.83356986189665], "[180]": [85.46662006172554, 2.1018120970325924, 10.99999999720826, 187.20435064114736, 8.202859628540807], "[200]": [66.81534147172823, 34.97197046502453, 2.999999999187045, 28.32281056177817, 2.666606968948696], "[220]": [55.955169945989184, 5.964363009523176e-06, 3.9098448484754074e-10, 13.727095698436415, 0.03245707596786956], "[240]": [54.346018898519404, 0.0, 3.182077642378959e-10, 34.96107052984598, 0.002678081887767627], "[260]": [61.18992858991627, 0.0, 3.1756688942022375e-10, 24.99034837443827, 0.00045344444491185774], "[280]": [73.83160883247797, 0.0, 3.1889975453493243e-10, 13.78167993333679, 2.501113638202554e-05]}