{"[20]": [1.0, 1.0, 0.9999999998521598, 0.9999999768131308, 0.9999967559700195], "[40]": [9.302725514473428, 12.58438493066811, 11.998500907090364, 28.386134130886642, 5.0624810630207175], "[60]": [2.3557135583738398, 12.876467770727377, 93.99855696625836, 45.111402503540646, 104.97995617083483], "[80]": [7.454899629811008, 343375.4872557898, 975.9990586350682, 552.2281608295538, 905.9228105575679], "[100]": [1290.8104516888661, 10649.83027316273, 5465.998854806982, 1032.4548442801397, 4765.1226441406025], "[120]": [2369.800880546493, 6819.2233940922815, 443.97868693244726, 15373.969746718883, 1157.7494262787661], "[140]": [405.7866589656294, 474041.5887055966, 5055.97870600672, 16398.755077676182, 267.5609218021029], "[160]": [56.846982680664716, 43196.19360340666, 1595.9784993942496, 2722.641628771749, 253.17700285091018], "[180]": [72.75074168313179, 40912762.55136945, 268.5442525808362, 2063.8415852766566, 2.4119490529074583], "[200]": [69.56348181140011, 40.021466195895925, 20.992100363683907, 6603.054369015706, 24.18749536859043], "[220]": [62.28258429341852, 1393424.6695329207, 0.9510335474385415, 1187.4660073344057, 4.994940826341765], "[240]": [60.08502766591915, 0.0, 0.05110083950619172, 571.2603243418334, 1.2110676160709246], "[260]": [62.875712773024546, 0.0, 0.0020841704464423737, 415.0881139080328, 0.2132180505831203], "[280]": [70.82337723362843, 0.0, 0.0018921363595179271, 974.0468235843971, 0.024789372335263217]}