{"[20]": [2.0, 2.0, 2.0, 2.0, 2.0, 1.9999979509750656, 1.999975983160714, 2.0000000000000004, 1.999999967278013], "[40]": [2.7142857142857144, 3.5675630114083177, 3.615232596750383, 0.10156250000000888, 1.4333241525350102, 1.2355686421511098, 2.432800744128329, 1.2254506810968007, 2.5277741424471927], "[60]": [29.142857142857142, 18.07844987822958, 0.14457894313142816, 222.88213570583451, 0.41103874653150996, 14.283494895208165, 28.25783159463953, 7.083165242051535, 1.73631739176912], "[80]": [7.428571428571431, 11.679232688877534, 6.511499212340333, 100.02617879922173, 98.00683782215336, 2.9095442248365373, 13.480849393238632, 4.469481237823075, 15.04951532380176], "[100]": [3.5714285714285694, 3.984067774550091, 0.12664461133435978, 3.8646088844797504, 9.924788504165264, 3.9866046631403194, 0.8221833444158975, 4.350405940493225, 0.19051730495830554], "[120]": [11.142857142857146, 11.667981664555796, 12.21723303489933, 14.693601566577954, 12.994888642549384, 1.3994337912082457, 19.369867890188875, 1.3936622443126403, 7.675360872145951], "[140]": [47.285714285714285, 35.43786649359124, 16.14218799882373, 34.523116552610055, 34.304618789965176, 52.15649323356429, 82.71524588096145, 52.156562903732706, 42.46388146878813], "[160]": [582.7142857142858, 418.523481691856, 61.871247254494506, 237.2067257648721, 233.05500939012381, 566.8110768528817, 851.6956936767289, 566.8202455660986, 401.17455855084717], "[180]": [3026.4285714285716, 636.7053486168506, 1323.475945403271, 624.6238658303218, 558.6625205064274, 3195.878419009884, 5457.429609309828, 3195.8791512823927, 1886.7053189891967], "[200]": [1071.2857142857138, 407.1741589120593, 4156.582748092653, 3508.137839935068, 2641.5006401918326, 3051.4413072363795, 2071.0604758547815, 3051.4413097298384, 594.1759308092915], "[220]": [2878.0, 360.5479057673274, 1289.5817862132426, 207.0759680923602, 880.0879715852752, 79.17510724383646, 2527.1435172710844, 79.17510731479888, 3548.334883331636], "[240]": [1590.8571428571427, 345.578819511383, 350.220868860348, 656.1626416603212, 579.8523350414899, 399.73201611730747, 1561.527231102385, 399.7320175083987, 2171.936828569304], "[260]": [246.14285714285717, 13.947512895743557, 22.059638458289655, 32.43210756692102, 36.201244868887855, 67.63689068761698, 719.6770145341659, 267.5854436748407, 1019.8818261804697], "[280]": [22.857142857142854, 86.37119210500919, 0.9149406545251644, 50.84209744350059, 48.13769910302905, 7.495939647293948, 278.56559727246315, 77.20232983074412, 406.3630692451953]}