{"[20]": [54.562203264131654, 13.429571428571428, 1.878255459459286, 8.285329155149313, 8.22967721423299], "[40]": [6.582615734871894, 120313.13913108293, 28.529742025624216, 31.399822361962748, 23.716886566944424], "[60]": [34.93589901541873, 612.3332522421792, 132.61623242888163, 588.4986296530797, 1614.820976744043], "[80]": [740.1243936564551, 5840.304156300481, 11189.000001291623, 2749.5503640971456, 11047.610054079838], "[100]": [5754.67182329049, 31593.58184993328, 22994.00000042728, 2023.4299971456785, 15666.620700741234], "[120]": [6844.921352708028, 48455.0264802891, 17581.999999858737, 2110.856665659863, 2872.1166045662867], "[140]": [513.8320257100213, 185.3965955292333, 13497.99999995318, 456.4310986135333, 1056.0822941069855], "[160]": [924.4170140763545, 1995.5776703512652, 3483.999999984734, 72.30694628374386, 758.018090429192], "[180]": [1024.3064069894222, 164.79680311284437, 835.9999999950523, 117.87818676338816, 365.12621938581344], "[200]": [882.1675713411723, 33.754326576298354, 201.99999999831095, 3638.9196743405937, 124.36336850264388], "[220]": [755.4799771261668, 30.97260030905953, 83.99999999915244, 2089.140480828286, 71.30254556140025], "[240]": [648.9634507303327, 0.6856448639326977, 17.999999999307832, 1206.1215781712326, 15.926121973686499], "[260]": [575.9568987598052, 4.776091485213375, 4.000000000690836, 760.781431934834, 3.6613473672955497], "[280]": [517.5184821076825, 0.7280497464050342, 2.0000000006935554, 502.77619138161754, 1.94470181120478]}