{"[20]": [7.857142857142858, 8.798149266591308, 2932.4103579855246, 7.857142857142858, 7.5020107363714565, 49.23222705934868, 45.36204078756411, 47.83452983990985, 48.69924515434246], "[40]": [91.57142857142857, 40.81348879870026, 44.70643378978565, 55.526139876683686, 3.2046171445221887, 19.07242165776009, 101.94596720885485, 18.945685792977486, 101.56560419275104], "[60]": [1208.2857142857142, 229.88845905124572, 141.94829764127735, 275.0222241310769, 95.10157636319764, 789.1401415701796, 917.484523385356, 409.085584999066, 339.22335463282593], "[80]": [11817.285714285714, 2960.3923357743242, 2186.375342021631, 2828.1158759020836, 2702.162283243386, 5089.745135451254, 4955.167804129225, 2399.2395993117098, 2210.610838405695], "[100]": [15688.571428571428, 1750.3451657062615, 28722.732583196674, 3541.8808285722625, 8314.451775271984, 222.63222519511328, 1859.2279015528184, 1288.803012828721, 2194.3265068237597], "[120]": [19049.571428571428, 2708.5535810335095, 12385.04029962312, 3391.1188335967818, 4221.5509990360915, 7790.11093170166, 3630.0730233671748, 7380.549923293671, 2370.970535441131], "[140]": [7541.285714285714, 885.0553156605529, 374.70098756893276, 1591.8996244450063, 1266.0370460097847, 2175.2532046924134, 365.781246624274, 1913.356341050463, 11.087434220258729], "[160]": [1735.2857142857142, 595.7462137695584, 71.24905401258115, 901.7395130994901, 781.3200883181589, 367.39374070273516, 194.07816143131822, 301.76932047601804, 272.99090322606], "[180]": [421.8571428571429, 872.0999629174567, 33.03642371010278, 178.29928255351535, 221.66138452115683, 24.888443464191596, 182.94065894712747, 10.799359832231175, 257.3943774384004], "[200]": [130.28571428571428, 692.5805028625055, 21.824597065340555, 307.4268509263072, 312.83736100829447, 14.52848168801259, 102.47387362256805, 17.327589724124834, 158.47293074234344], "[220]": [56.14285714285714, 714.7280330119756, 0.3925929385993072, 365.5085620216475, 346.04865540977823, 9.492646751889467, 55.12661602187542, 10.021912345099835, 92.82407220714754], "[240]": [12.142857142857139, 591.6349334108854, 19.02498746743705, 166.037827971345, 162.90396384199818, 20.560524358590726, 41.32880245307964, 20.657570531201316, 59.44975410763587], "[260]": [0.2857142857142918, 585.8961565732716, 10.306292191901605, 175.20465635876565, 168.7077996800183, 21.405381948159693, 38.31485775535258, 21.422840649334397, 54.02243287423035], "[280]": [2.285714285714292, 475.008658505727, 4.706480845053392, 111.74314144213855, 110.98343775173475, 21.122828355968743, 39.5985907534034, 21.12594688377014, 57.10997820572007]}