{"[20]": [6.695689190525626, 13.715285714285713, 13.00000000041028, 2.2530001046322354, 11.626628965499934], "[40]": [11.654205224363714, 18.862686956146778, 13.000000000207681, 12.39163131437488, 4.917496021708828], "[60]": [2.3599972068653017, 7.105542100811675, 9.00000000007433, 10.685538934236327, 25.527666378491023], "[80]": [19.43898591722467, 82.10692489755729, 55.000000000024954, 52.99215085954715, 72.70131733124369], "[100]": [18.4221093932357, 8.172524654040274, 147.00000000000824, 64.23512344821245, 185.5310694068853], "[120]": [86.43752910994829, 198.4806462776312, 375.00000000000273, 25.41651035675443, 425.5198531092509], "[140]": [178.73636571461066, 73.79142856039675, 520.0000000000009, 393.84266555782415, 601.0357670476051], "[160]": [94.54588101874651, 253.90011536237034, 458.00000000000045, 1074.1889681518842, 770.4299771761102], "[180]": [273.5954352547883, 1382.4784909611303, 1122.0, 1683.4915728421456, 1670.838192270498], "[200]": [828.9778886459344, 274.73456341513975, 958.0, 3643.9420780728797, 1058.3343688986079], "[220]": [6.90381136747601, 1310.4227160214914, 1038.0, 7594.111270967733, 65.69744074098162], "[240]": [71.5082868683935, 1900.9946647617253, 1393.0, 7086.4572351228235, 70.8331709951749], "[260]": [23.193252520557508, 32.53716842910069, 832.0, 4389.079787117548, 129.0839781601278], "[280]": [167.5915786998939, 561.6780143904055, 367.0, 2284.4815032633937, 1.5414662868053028]}