{"[20]": [6.0, 6.0, 6.0, 6.0, 6.0, 5.999997527040031, 5.999972467511985, 6.0, 5.999999994023184], "[40]": [236.0, 227.58400491648547, 587.3225080244397, 236.0, 221.49538282577703, 54.57883889337438, 67.32324593146612, 80.69915891119359, 99.2166455863987], "[60]": [4112.714285714285, 3018.229954361397, 196.809342329866, 466.0087666504178, 213.06907166302153, 3566.3337244638496, 3801.258215506201, 2725.179157814614, 3008.730229564919], "[80]": [24317.428571428572, 3135.472089095332, 38765.297610851674, 9291.350756029427, 3811.6521321309338, 1956.0718505860314, 1375.7359839851197, 4674.917160942234, 3079.4436840506605], "[100]": [13800.857142857145, 334.39536879629304, 48528.05289422134, 308622.33310922957, 181599.7265277992, 11899.241693261523, 6004.690466200329, 12694.915992400012, 6221.701773068846], "[120]": [11967.857142857143, 1099.841617911432, 1988.054622871302, 4117.388565749015, 19263.753155766848, 4070.7844568215796, 641.4138727706049, 3466.071613567512, 796.0552677226397], "[140]": [2209.285714285714, 1030.21349078206, 54.45833140243326, 2995.702379868724, 1032.4847571058667, 618.3219766549064, 77.35202237863052, 477.68894420088714, 31.841325578019223], "[160]": [408.28571428571433, 979.2810314746685, 9.919811922835578, 1373.062292017872, 1781.35445645766, 102.41099433353085, 52.35654754570348, 74.27340699020363, 42.22994430437252], "[180]": [102.71428571428571, 379.71142955963114, 12.810362301544934, 1521.0319875893829, 1420.70316681748, 32.83955401824726, 4.620451194944653, 27.714892258833977, 3.030499733378644], "[200]": [11.142857142857142, 342.9777253063776, 1.3910175595494119, 866.9987270218544, 896.9518833782238, 2.3858387031992585, 1.163930146701444, 1.4819712626782149, 0.58522695056236], "[220]": [0.2857142857142856, 406.1120984670206, 1.5566466566148547, 968.416401740101, 956.4012856273894, 0.8617285657817033, 1.7137554553673011, 1.0170178883279342, 1.6299168442761474], "[240]": [1.0, 345.1444613130652, 2.1106826639457568, 783.8960731467855, 768.1081033701059, 0.001189444802298878, 0.8916201273627029, 0.027401143477008616, 0.9420732361746798], "[260]": [0.5714285714285714, 324.0128535683498, 0.14836225428535965, 673.7467597972252, 664.6752194941474, 0.004519695610248517, 0.004008069091086502, 0.0001336384805855306, 0.00846999164140894], "[280]": [0.0, 292.9844593682228, 0.0, 579.629615098125, 573.6455456022495, 0.0007437147775258867, 0.0005562146710069721, 1.419450960878e-05, 0.001288960354707165]}