{"[20]": [0.7619637105124606, 5.286714285714286, 1.0000000001950133, 3.3284324082665204, 3.6357458270494876], "[40]": [5.386721069003318, 2.4105820224531147, 6.000000000111907, 4.899282556420918, 0.010240584828373755], "[60]": [2.9110908069154675, 0.13019483720567848, 10.000000000040757, 0.23344222570878514, 15.764239839855449], "[80]": [8.529879898811814, 1.856889940484134, 2.999999999986265, 11.137781880534149, 6.414419281868831], "[100]": [9.101004183918235, 20.70734511112373, 2.0000000000045475, 2.5740087608356603, 8.619364910690813], "[120]": [12.478109033620683, 77.56856877451992, 42.000000000001506, 32.41811950306109, 51.832055150094504], "[140]": [21.741574886336423, 39.958017894082616, 42.00000000000048, 14.056973790208986, 38.557804125110636], "[160]": [9.01330754341069, 2.414580658110083, 68.00000000000017, 26.913302243587623, 104.28371258890411], "[180]": [5.075217958261533, 123.89974598949584, 112.0, 41.97630682527938, 148.03967372807773], "[200]": [63.44391025480377, 284.9127246165883, 395.0, 114.37767191877401, 252.71601268563018], "[220]": [94.44479305003006, 268.839269382368, 892.0, 258.1950376926002, 307.7013727579051], "[240]": [194.85186156997952, 163.64569599532024, 819.0, 776.8069285957117, 58.55649568055287], "[260]": [170.1770756718861, 1446.3316572440272, 480.0, 2918.5660221601247, 197.8681038324139], "[280]": [274.20850852421154, 2620.6125499158197, 1040.0, 3274.660963581404, 163.11408314041682]}