{"[20]": [4.6388754910408725, 7.9985510726021145, 17.559671052246806, 6.55526156538756, 18.117031179424988], "[40]": [6.527657972747349, 49.73673558006002, 32.00000000011191, 6.977490698338798, 4.240331789568742], "[60]": [13.487514861143495, 30.674649550561526, 282.00000000004076, 910.001, 307.94936476399016], "[80]": [126.54424260498536, 275.12817698136496, 1791.0000000000139, 37.69705360233638, 1531.5017716046286], "[100]": [208.71408048085505, 1512.6610005271323, 2052.0000000000055, 120.62282307430723, 2196.7106031101284], "[120]": [291.3825556596339, 3479.549541626491, 2480.999999999998, 315.4773381238965, 135.11365630980254], "[140]": [15.365059679798833, 298.1710110475419, 1210.9999999999995, 3399.838819876046, 270.40583392930967], "[160]": [91.70568546649872, 35.53726833457057, 278.9999999999999, 1330.1383039398188, 111.76479867901008], "[180]": [41.77213264212037, 6.691475498261994, 33.999999999999915, 552.8278187603537, 8.303611311643522], "[200]": [47.98651957652817, 2.5994398837955224, 16.999999999999993, 297.53815336864864, 13.147509801451434], "[220]": [38.84485650414865, 3.5138461281006457, 3.0000000000000107, 152.54071030078057, 2.424715104172156], "[240]": [36.663630901568744, 1.4012074871571678, 3.000000000000023, 93.6152068836277, 2.914146079414962], "[260]": [31.96790567166648, 0.5038324920510782, 5.995204332975845e-15, 58.72347641246597, 0.012811203718892106], "[280]": [30.428504881924308, 1.8308660586657791e-09, 5.626124148056407e-15, 30.804011640595945, 0.0019116675587419842]}