{"[20]": [41.857142857142854, 41.79155430520163, 31.576783773692767, 38.000000000000014, 41.29626005747658, 35.67059495684556, 36.624065127653225, 35.673457117125416, 36.576718543311884], "[40]": [745.2857142857143, 591.9614880203254, 554.0888237989125, 373.30966798288864, 606.9546676057139, 297.24343682394465, 771.322108027811, 274.87617319081414, 786.964789187125], "[60]": [14925.0, 11041.520771670595, 3950.7808623284873, 2805.529133462649, 1064.3568134962952, 12366.033795202587, 12396.656589596478, 5757.208034741971, 5879.415953240392], "[80]": [20626.0, 18544.68180375955, 125560.60165293605, 106434.23690518379, 104083.63984106714, 8553.060801258172, 13250.206914058297, 8917.723871762013, 16651.608193251523], "[100]": [26806.428571428572, 2657.839837511856, 21697.452838959514, 737871.3162796807, 521598.3410691492, 11234.01350026843, 1941.7190430277878, 9929.873076368007, 2811.525247600195], "[120]": [7919.428571428571, 1919.6597712869534, 264.14260515829847, 6909.522503241482, 1127.3372388548032, 2197.0996601955967, 170.07158021986606, 1779.5338461748843, 24.045896268628894], "[140]": [1411.4285714285713, 1681.2460588555496, 36.590660191341556, 2010.5435787519732, 1901.5241139901336, 341.0359056664141, 144.8267967311366, 267.0805831455033, 99.83737823465685], "[160]": [250.14285714285717, 1038.4999089074227, 17.142115359598733, 2980.3968012571963, 3004.504185688666, 40.484352878048526, 51.40793602449251, 28.413651415410754, 41.43678228061388], "[180]": [62.42857142857143, 572.1001846335803, 10.770311295114045, 1852.4567920899153, 1863.2858975756903, 14.624571232695843, 9.573955559781396, 12.773374036607759, 8.925634895608209], "[200]": [11.285714285714286, 463.47140953753296, 0.39910605285181333, 1366.1687951866593, 1360.516678382486, 1.6358904893450834, 2.6855225269104244, 1.35675078644607, 2.6128283436721746], "[220]": [2.142857142857143, 518.7792499849256, 0.5057218744473653, 1135.4179953157163, 1143.2622065057808, 0.4995197154370341, 0.6985868180370408, 0.45823338479058506, 0.7570383775553435], "[240]": [1.0, 445.45873984963146, 1.0, 939.0027083915581, 941.5849357456066, 0.49182741954895814, 0.09049381114904669, 0.485775237012587, 0.05130606069278315], "[260]": [0.0, 395.08251166091577, 0.00015707723342482113, 798.9455357589395, 798.350220207554, 0.0008914779888790779, 0.0007305349834728903, 8.450367350481747e-06, 0.0034938241668419534], "[280]": [0.0, 372.22865596799056, 0.0, 700.2970424118766, 701.4232508908133, 0.00012910918799107534, 9.056857697600978e-05, 7.555140138145129e-07, 0.0004597533052722497]}