{"[20]": [0.7623102429734345, 7.981719376386938, 5.000000000195013, 2.0626354434407297, 0.28473587091784225], "[40]": [3.7131357230759257, 7.0779943333380295, 4.0000000001119105, 4.570605252003851, 5.808881894757917], "[60]": [0.16006107227259747, 12.171384788270487, 4.0756731323199347e-11, 3.855414443944536, 5.865128852359852], "[80]": [2.956298941088704, 27.785837982940947, 8.000000000013735, 7.045831733180002, 18.364194297745087], "[100]": [5.347567849946358, 20.877488651041773, 13.000000000004547, 4.216383312857602, 24.578606121494133], "[120]": [9.17816605971052, 372.667686951261, 47.000000000001506, 3.05657641205093, 31.97139819137692], "[140]": [2.865244852898627, 8.096505592014296, 53.00000000000051, 40.81346809519715, 88.03478511577055], "[160]": [16.76330049660237, 5.16701313749661, 29.000000000000114, 107.44659032024128, 82.72685285349456], "[180]": [9.190362091953375, 70.99663503937143, 154.0, 90.4683043568034, 219.619427973936], "[200]": [28.12336319874521, 43.21225074643644, 631.0, 187.32449606323325, 460.213846118432], "[220]": [57.69137318593312, 8311.540058122795, 915.0, 223.72733517537654, 96.41350871948453], "[240]": [99.38279718661943, 374.3342155948603, 263.0, 1921.936844502423, 122.42096556136221], "[260]": [296.86566016170855, 400.66609057108917, 1062.0, 3581.8325898683015, 381.46286372686427], "[280]": [133.54762765992155, 1061.4611007028043, 767.0, 2558.610733083752, 151.8742137965196]}