{"[20]": [10.255917765434273, 3.77779684562949, 15.785312859633294, 21.65581973427637, 17.187607033944445, 11.578080673900267, 7.57069969802657, 8.37606617380277, 9.672338037843272], "[40]": [8.332415860764266, 0.9369505576266034, 16479.51991282094, 3.812391671443752, 11.158464300772277, 14.459986634408374, 28.847003362062864, 14.340471725816386, 10.571922797004099], "[60]": [2.626748410629151, 1.592951386266172, 3.691707369814093, 15.4876257450645, 1.2428481210729805, 15.426868933516417, 1.0394634781442824, 15.104588795228448, 91.44952635843156], "[80]": [25.032653924145556, 20.036636745250377, 845.35701882468, 22.10521250341652, 18.696878367576456, 42.49588070629036, 58.50453082445424, 40.98160283045088, 17.051837884529565], "[100]": [53.813550328991795, 43.949196399161465, 4221.728387935475, 26.378921062543228, 25.213381255766286, 78.26332255082212, 85.99898333091191, 55.28012609917599, 48.21325322043221], "[120]": [185.08875532534404, 60.41330910455995, 76738.06940744628, 27.220418245081333, 27.434450985299947, 206.15787281606592, 262.38328693761184, 49.07154466238163, 81.63708917286156], "[140]": [198.2968207355647, 64.40199189512053, 8.722491889602788, 23.926778088328753, 2.5600383313212416, 199.2290835432356, 244.35471417434545, 21.086986734732733, 63.79174041124579], "[160]": [211.61011637008306, 17.809929112493297, 21.234893703058543, 178.5828721840202, 169.493568492485, 289.69061533150705, 105.6584466911895, 103.4413811394247, 57.66094705280665], "[180]": [561.4648162888653, 222.37277761888416, 1681.8116716377433, 269.7036046195424, 264.5227007939933, 716.9971083668314, 439.4564898004893, 508.04465834869154, 325.68348607682765], "[200]": [1632.9720892600492, 370.37549709480015, 25830.455153171115, 452.05395964417585, 435.9817017951524, 1414.6001430436831, 1075.4434925047549, 720.7952573431832, 630.0996199702528], "[220]": [2541.624000656975, 50.958061165404395, 629.9660400537589, 596.8091338576687, 520.6794129726298, 4673.068513151754, 151.73578925403922, 182.66782704216035, 688.3304195066254], "[240]": [150.5951885569645, 38.579887728278955, 1899.535188341264, 715.013175298236, 747.0084251692954, 3817.645608133514, 1095.2110389176817, 646.7980719203209, 776.2868367116316], "[260]": [2888.740566024596, 38.445244948461635, 990347.1935209706, 218.2785262709086, 254.40767889356337, 569.4769274853815, 1885.2329408131254, 1593.9186796213737, 32796.139528879256], "[280]": [1683.667030239566, 302.29400369909234, 114.4511441136472, 299.3073161893866, 285.53961592744395, 53.92644451080002, 1069.1229786516803, 736.1103600558724, 2248.297764910446]}