{"[20]": [14.848010355401835, 12.865306219119473, 47847.064800779284, 29.037681180183, 15.612471731039617, 24.026287022090237, 11.503979699346884, 233.42602514816653, 807.7238346552233], "[40]": [245.94384517946543, 179.9609431281334, 182.12119659180473, 238925.20997767686, 181.5627992422157, 166.475428986097, 272.629033162608, 139.41505093526857, 146.72889118516628], "[60]": [297.07840288369005, 16.75333821576776, 549681.5457810158, 986.3435872504099, 562.8173877274778, 226.822533726125, 45.91011324838657, 43.3310413874533, 854.214540698152], "[80]": [66.23831650154195, 103.30431194925757, 130.7202561161657, 10855.209491281668, 2176.329974736477, 367.26341112901116, 16.77731007073901, 40.161130378281015, 34.61824162945275], "[100]": [1.3303238009720006, 86.42640211128234, 56.03804969500784, 391.0851444492665, 281.367381709994, 402.45912665182294, 1.8903836173705741, 35.49173735886145, 2.3405494169777366], "[120]": [637.2844602257367, 478.7709109915576, 13286.973182672558, 514.2585520847662, 520.1712686935388, 1076.2848150205054, 617.6450803701731, 690.7808318778242, 614.9844383717153], "[140]": [12305.414487362006, 7670.413039639255, 2430.682268509714, 7946.875335592254, 7366.672035417708, 12531.963956556992, 11844.470817945974, 12785.523193150928, 11834.743466863782], "[160]": [13892.789768532532, 10867.278095085923, 57512.66590586825, 15820.249900316147, 14457.343535175047, 4480.695960858814, 3715.2893183848823, 7087.384328684381, 201533.20559490286], "[180]": [19075.84575834007, 578.8850742514313, 442523.7438921664, 9880.35823567324, 12429.451676440893, 2031.2249352279975, 17613.19628257255, 13238.257897061809, 17384.790604163754], "[200]": [6553.2806093153395, 2660.18772437686, 461.26897902059596, 25112.70171606736, 23708.560894440274, 1499.5263553237723, 4535.597041134027, 2741.979501375507, 6994.130293782332], "[220]": [1121.668585269032, 677.5615555371252, 9.443228073003693, 1205.7470958703777, 1028.9553976030613, 258.39901290681877, 1152.3753934419212, 571.8176421120571, 1253.2299249029977], "[240]": [210.50564619006903, 357.51704290788985, 5915.674922564262, 1211.9206833248438, 1142.8397893390993, 49.5325753218842, 375.3142064295317, 144.32688168074716, 414.0556190978496], "[260]": [29.005952281339795, 346.6672339452858, 1771.0146151665645, 600.1283392280603, 611.1903383720935, 5.969856682355278, 118.25640884419956, 65.72922043005924, 8879.740715863538], "[280]": [1.555655740075295, 285.69187595772644, 2.1974047491981916, 682.0029733057141, 664.0499613070061, 3.1146255339210884, 31.434935405988778, 15.350363469585577, 2521.4369105977603]}