{"[20]": [3.1200844568738835, 11.429571428571428, 5.000000000195013, 4.549953990845303, 0.4231442774209686], "[40]": [2.7446954912933847, 2.0952314411874795, 21.00000000011191, 5.687001123346441, 2.908676320646123], "[60]": [86.0665768178278, 29.354252931692542, 61.00000000004076, 25.919132068272717, 90.54409569062], "[80]": [4.241873920393203, 24.457408350058728, 1.3727685654885136e-11, 52.548990828904834, 70.24022514682991], "[100]": [13.914054819678341, 5.0361482611253905, 18.999999999995453, 16.87456514917332, 25.231691901934852], "[120]": [0.2655769481284267, 27.32431181417337, 4.000000000001506, 15.415181718669913, 32.801977164997425], "[140]": [17.320793881207692, 433.3111412748035, 435.0000000000005, 136.5890975094719, 435.38609499670906], "[160]": [94.89023507190723, 2848.4813250861553, 3240.0, 8141.001, 143.09195688513864], "[180]": [223.0520929691029, 6946.402531101638, 396.0, 3322.415734874763, 707.2089575510581], "[200]": [449.3757031966197, 417.41104215899577, 2749.0, 6896.290626547132, 356.1053244118257], "[220]": [101.25669957839989, 277.81055244033814, 639.0, 2630.5421777866923, 55.728290321171244], "[240]": [5.902336635739189, 45.83426352567059, 132.00000000000003, 1139.912908045293, 23.835080676930517], "[260]": [8.129677662817649, 0.37397289988573057, 9.000000000000007, 503.3776846873634, 6.6707861358102924], "[280]": [26.408842351571618, 0.2260396738919277, 5.551115123125783e-15, 283.57672309923714, 1.8590986144587558]}