{"[20]": [1.0, 1.0, 1.0, 1.0, 1.0, 0.9999979509750656, 0.999975983160714, 1.0000000000000002, 0.9999999672780131], "[40]": [2.428571428571429, 3.1747921849521186, 6.91275673425954, 3.000000000000023, 2.1156237522048276, 3.9866320123850176, 10.041000081094989, 3.9889746558714503, 5.105672009897196], "[60]": [2.0, 0.4743731002103404, 3.818385904115445, 3.1400539904922304, 5.287313965551178, 1.4688414911887175, 5.6826050594982105, 1.4677926007559208, 6.433328447097088], "[80]": [1.5714285714285716, 0.3815281527068799, 0.5179106150967079, 1.4547893887651284, 1.8725237873287681, 0.5335332319782446, 1.5878459483765668, 0.5525232114965426, 1.738243540894805], "[100]": [4.857142857142857, 4.396574092290878, 13.945371687993308, 2.7282673013708054, 2.809057548531518, 2.737572208932529, 2.8296219488919343, 2.7344890940306392, 2.834303847691233], "[120]": [0.5714285714285712, 0.9494353533379902, 4.741784908162783, 1.421356796086359, 1.7039015377475852, 1.9835257495991119, 6.9803198388370165, 1.6693246807163753, 4.830628616880619], "[140]": [0.0, 0.45335783590144363, 0.7411756346495499, 0.24965531356635662, 0.37692719636723027, 1.7007205022087657, 5.995501935984813, 1.4569637529327615, 2.653613798358914], "[160]": [1.0, 0.7323609708448151, 0.18619863418476434, 2.236842062151257, 2.408595527748261, 0.5669273792427327, 1.9990986116636325, 0.3617344917153422, 1.7470057571213031], "[180]": [0.1428571428571428, 0.2415268825084147, 0.06074107411179597, 0.4016386044537965, 0.7033380324991712, 0.9999989652675906, 0.9999342879135972, 0.9534789650309508, 1.0000000000000036], "[200]": [0.0, 0.738372717777044, 0.006309256046643093, 1.4495750957745523, 1.51612387485785, 1.0657446015888856e-07, 1.1711725476024771e-05, 0.01491877445087038, 0.25262739510857457], "[220]": [2.0, 0.1042990651911655, 32.900012174790746, 0.6644442569018167, 0.5253262720706129, 1.4173433733658083, 4.999998470450467, 1.4135407635459392, 4.488694045810204], "[240]": [0.8571428571428568, 0.7751918870867964, 1.810636239943654, 1.6933024892153021, 1.6956111600035886, 0.7008120608932753, 4.999999862255908, 0.699199951305828, 0.8216574901988274], "[260]": [14.428571428571427, 17.07022357355857, 20.685051358977802, 19.784229644072152, 19.381884271421395, 19.669373565226152, 33.9999998882443, 19.669005275964714, 33.99070623391657], "[280]": [11.857142857142854, 9.371988363621469, 0.5812797134593524, 5.00798605270046, 5.1000044704003145, 22.756090534282777, 54.99999998984922, 22.75608703601246, 27.479342033703837]}