{"[20]": [11.428571428571429, 12.0, 821.7790286069925, 11.428571428571429, 11.08605785778226, 63.32040339953994, 65.86058754594856, 63.87917442654799, 62.306164509769744], "[40]": [92.57142857142857, 46.15255853762858, 34.49601498848497, 2705.655701250965, 37.176724420423625, 50.69204485693223, 103.36841363961129, 49.892969188258405, 107.86280262403179], "[60]": [800.7142857142858, 510.5980628121945, 169.49170839515136, 126.75751666930546, 190.92865670116566, 776.7913358132097, 861.1531675717184, 597.2069155494393, 471.5507832662067], "[80]": [4887.0, 1906.3253432126457, 1193.2438398299082, 1429.4660741311736, 1571.5875433901938, 3893.472259335604, 4267.498052555977, 1935.4614468579766, 2228.4270868662734], "[100]": [4340.428571428572, 2855.4926761730676, 15139.71619711828, 2522.1297095456666, 14609.771247809636, 1167.8465557500385, 899.5157222518246, 641.2182617852704, 70.37366284228301], "[120]": [6126.857142857143, 752.1810844047759, 5848.699105355347, 15097.64710497771, 11441.419295749103, 2343.4999957190785, 1867.215232700646, 2021.50088915807, 695.7781121424377], "[140]": [3128.0, 713.0175575132898, 392.78696866289283, 6276.362466126757, 5371.648710073196, 915.2114891756987, 286.35014317953414, 762.5003786567261, 63.29572399073868], "[160]": [706.2857142857143, 422.32987792956374, 4.705752274909969, 440.04345006047015, 576.0237671847456, 185.71851766962885, 49.64025099590742, 145.04974861881425, 18.564800034390345], "[180]": [148.85714285714286, 736.2171797771289, 1.6434645825739196, 554.0149813728848, 544.455264609149, 37.70720901120862, 3.667725255118654, 28.19408150092147, 14.369168137028517], "[200]": [33.142857142857146, 570.4550941511952, 2.683946195438761, 252.0009619953961, 283.8093812862798, 5.073776438825121, 3.713519720858482, 2.987960939449877, 7.939828531111269], "[220]": [11.428571428571429, 571.0508080080349, 4.124859815051574, 206.7205300075309, 210.5513830868415, 3.314296143570836, 0.6839906719040876, 2.875625041416609, 101.42813900270205], "[240]": [2.142857142857143, 501.24267033398473, 0.550221350432739, 211.9960359574905, 210.45155399079425, 0.07155668643372204, 0.41635240210707836, 0.018059953144841545, 53.79290046456529], "[260]": [1.0, 444.5536944411383, 0.7194331379011025, 162.50809866076648, 163.07969936131934, 1.4948225271828586, 1.8186953697214798, 1.5129112812092345, 36.86378095004871], "[280]": [1.5714285714285714, 420.42999230197347, 2.8737651930824284, 135.3549774310364, 135.6138135234252, 0.48946845567743225, 0.12123071088659564, 0.48586388552979043, 18.584129012982846]}