{"[20]": [5.528257427557987, 13.715285714285713, 6.000000000195013, 32.34040939750703, 2.049741639341419], "[40]": [1.5894978175191774, 17.815321879362173, 8.00000000011191, 8.499741606987275, 7.397700788026015], "[60]": [15.111826630338669, 1.6574236281431922, 4.0749625895841746e-11, 13.71362697289846, 11.496774241547143], "[80]": [8.560853472798115, 7.474812832451107, 20.000000000013735, 17.526258033907965, 32.190883706029254], "[100]": [4.177585860873322, 4.890685228660416, 17.000000000004547, 2.8583997292103334, 32.99119105662858], "[120]": [8.965896669952485, 34.12574805253678, 88.0000000000015, 40.69616069047373, 95.9225342031979], "[140]": [21.292731775758057, 6.615028604902818, 122.00000000000045, 25.046571427105164, 118.14105247208204], "[160]": [94.21074901268366, 58.150591962200224, 50.000000000000114, 240.8046600127293, 119.26837111015197], "[180]": [95.5416314149445, 391.3680957266372, 385.0000000000002, 14.610092840344805, 449.5917585358768], "[200]": [15.833431781759828, 615.2657951671245, 1327.0, 507.86886445959135, 528.0491284783961], "[220]": [179.98835675487862, 2176.481605673811, 3151.0, 389.6652529413768, 1232.582344704675], "[240]": [175.1307521176641, 992.0289384182834, 3100.0, 3173.1001079519483, 790.777154757212], "[260]": [446.80640164440047, 2001.4280182328002, 2433.0, 10986.052297097012, 1541.4798392839875], "[280]": [404.08923341191075, 1399.989842118046, 3747.0, 11406.2277145298, 944.1147519038586]}