{"[20]": [2.888837684406142, 9.429571428571428, 8.00000000041028, 1.5358600077566607, 5.2529341393798346], "[40]": [7.946409915182038, 14.945461397478908, 1.999999999792319, 15.675626408882486, 11.472891095797582], "[60]": [0.7550797276606893, 8.691110616649798, 1.999999999925672, 3.6330584888718516, 0.018506042069551754], "[80]": [0.27867648006691326, 4.550701811768548, 2.495781359357352e-11, 0.010737126813742393, 0.29370128868872847], "[100]": [2.3161288405203457, 16.3590028329925, 7.0000000000082565, 7.031304017870012, 7.027347528979094], "[120]": [8.787508340204283, 21.468373998953858, 4.0000000000027285, 0.5423264037974072, 4.0083264746635905], "[140]": [7.239177282044139, 3.5413227044045, 23.000000000000902, 18.35180251608984, 23.000310787257156], "[160]": [34.22172004691872, 52.72136001856918, 46.00000000000027, 27.589720899921275, 60.23208165196868], "[180]": [16.358221717264456, 41.505400330009635, 50.00000000000017, 5.453241643023063, 9.734792743211074], "[200]": [9.99382239551369, 35.77314223182685, 210.0, 122.79101322557551, 210.00000010703022], "[220]": [81.5207187315275, 881.9782256454384, 617.0, 278.12588011352886, 617.0000000116358], "[240]": [292.0131107496054, 122.42025765649896, 1202.0, 246.69412189802006, 184.67355075369778], "[260]": [639.761904926725, 949.8023089958297, 445.0, 1723.3655303836968, 445.0000000000932], "[280]": [285.81585142822996, 894.0215387953813, 772.0, 3704.291830867809, 771.9999999999941]}