{"[20]": [4.565108125951603, 15.429571428571428, 14.00000000041028, 8.131104980032411, 11.252933669374151], "[40]": [12.41830247111389, 559.0273340349445, 146.00000000020768, 28.570054338774696, 17.62502569534874], "[60]": [223.48640715323563, 111476.32518956525, 1161.0000000000744, 230.3858489423253, 1284.510706014042], "[80]": [246.07817088743104, 103.00050667315554, 7335.0000000000255, 310.2284917612069, 7604.074315442885], "[100]": [4208.481428084793, 1602.6687530442978, 7641.000000000009, 680.7204366032456, 9044.032305655923], "[120]": [2378.3694981980007, 13931.792615332353, 9353.0, 631.1066441940329, 1254.9350822976303], "[140]": [163.76520917564358, 690.8603604743366, 5219.999999999998, 88.0187954543976, 768.2625885360635], "[160]": [479.5993917524984, 629.2223253839682, 1379.0, 98.6668776400478, 515.0306615908662], "[180]": [479.7682282330528, 50.880729003431554, 237.99999999999983, 706.8194569429954, 97.86826263595839], "[200]": [416.8654577786157, 64.48301403120556, 87.0, 1571.5087480874909, 64.98161216802357], "[220]": [355.94039510265543, 10.561743186730457, 14.000000000000025, 825.618230766257, 10.558223712622116], "[240]": [313.625565781227, 2.325997349893294, 10.000000000000052, 516.6194799383466, 9.462450234427877], "[260]": [276.8333452696651, 5.719321985550578, 2.9999999999999876, 314.9484973496503, 3.0839456472045037], "[280]": [250.32029390834225, 3.7763807039095076, 4.0000000000000115, 226.64268317091273, 3.986891032072056]}