{"[20]": [3.0, 3.0, 3.000000000142683, 2.9999999999805023, 3.000001655803102], "[40]": [16.27141716660458, 5.118818504920993, 3.997618578254779, 866.7018430202952, 30.603422853717756], "[60]": [16.10098539989725, 62.041628597611286, 40.99928074001058, 22191.968944475153, 42.84430481619617], "[80]": [13.95188294545955, 48.01753080614503, 3.9997397435872615, 7835.548205408471, 37.210746569451274], "[100]": [11.510840673242502, 38.3796680326695, 21.999970043178163, 265.310258018799, 2.871415357316675], "[120]": [1.8010983418907858, 1532.83270195598, 8.999965164366314, 4.672174884177958, 6.629332096488843], "[140]": [54.85200016040956, 4565.842534095524, 179.9999627028806, 101.76842080471444, 179.14902280541736], "[160]": [88.6062578917265, 816.4466610230762, 1963.999902442961, 539.9277894507139, 156.911492511982], "[180]": [1016.7000115291177, 7732.312129857184, 2454.9855825027767, 5326.92216519985, 253.35658626314753], "[200]": [1548.9380511304657, 3352.5430204241825, 3121.999408925843, 8712.983648012389, 277.49343145836394], "[220]": [266.16575389274374, 210.0958002286907, 1196.9962289145537, 8010.150577632599, 53.445221289083136], "[240]": [34.269939535284344, 2306.6026770246726, 223.99044086082753, 8263.786372561663, 25.699387229423866], "[260]": [29.16198759376349, 10.475442819709155, 29.999575188956374, 2922.7294421477704, 8.214311086448454], "[280]": [33.92266009729392, 1.304105511015854, 1.9992849179999883, 1886.227301919752, 3.217082821479009]}