{"[20]": [0.0, 0.0, 0.0, 0.0, 0.0, 2.04902493435812e-06, 2.4016839286035485e-05, 2.9658181560170987e-16, 3.2721986845422965e-08], "[40]": [60.14285714285714, 50.855914564953075, 33.657011972097095, 60.14285714285714, 0.05529472446679051, 13.447772052212713, 54.38770651416186, 12.668046782449295, 56.79383511936659], "[60]": [1351.7142857142858, 584.1784905215463, 196.52311298553104, 898.5607806676071, 103.47079668250717, 737.0597165549854, 520.0993044183685, 330.07338739775787, 297.67676466125613], "[80]": [21856.857142857145, 5832.877866955947, 6191.534585352798, 6577.788938209858, 4672.985684937172, 8386.978143211025, 7080.587195010157, 4392.790218847724, 8424.541187337316], "[100]": [2666.7142857142826, 3204.765798822962, 52726.67699662638, 50977.449199531824, 58763.64803801381, 12958.659581203465, 15852.340048867365, 15185.455332188023, 11305.898343934066], "[120]": [21789.571428571428, 774.6765893481279, 6971.98309641517, 42482.69233521463, 26854.580922780988, 8824.064629932334, 5389.067000943567, 8279.999898473558, 4798.991016110831], "[140]": [4314.857142857143, 224.1061884829578, 204.0186856758205, 572.3946896048005, 654.9358854258817, 1311.0393098428758, 374.2593523289529, 1115.306914699917, 335.2811593904712], "[160]": [893.7142857142858, 262.0286405925999, 20.25802088830892, 474.0703999893217, 473.5856456533402, 228.5906865946231, 37.59280543575039, 188.11050783203427, 125.42522864243324], "[180]": [217.14285714285717, 308.02153669379186, 7.050643512119819, 466.80826059334527, 490.0056956432811, 65.79230635005368, 4.498661445019508, 58.11280820515634, 527.7727388958716], "[200]": [36.14285714285714, 151.78261378469324, 7.640141211531493, 384.00064486276017, 384.3102798073414, 3.3280945982287236, 10.051819967042277, 1.988088060719626, 197.17984574900345], "[220]": [10.285714285714286, 139.89702818364822, 0.566117149357602, 303.36280555989504, 308.02574016931186, 3.1611542680612477, 0.5428701768579467, 2.928864907427209, 127.95426208009607], "[240]": [3.0, 122.88308822177896, 1.3456452057925, 262.79872161544415, 264.2683177617883, 2.193693159867629, 1.4664109131090548, 2.155037534430994, 76.78304955651672], "[260]": [0.0, 106.98983629491704, 0.001, 219.07484103650663, 222.48163750017721, 0.0069627774495771635, 0.005694066181190813, 0.0006358157787667128, 0.03294990909270313], "[280]": [0.0, 96.80440780075514, 0.0, 189.9805713242263, 193.19398412180425, 0.001099343245110935, 0.000760142745851805, 7.252629293975565e-05, 18.45884486231771]}