{"[20]": [0.5793186976268296, 10.45948642664689, 5.937802944833351, 70258.01019341985, 2.7913804366691486], "[40]": [8.366361824526294, 13.183216165111277, 10.008236515755721, 9.100685045460246, 7.520512162625471], "[60]": [1.231244935813489, 1.8540149185644352, 3.1952254729184095, 11.363683499833119, 22.641801706608966], "[80]": [1.2763756812082319, 23.726260424021092, 19.39740789007582, 9.858933070879317, 38.264913300010065], "[100]": [5.744060129667914, 10.166681421666613, 52.53447355824352, 18.022314228310226, 83.77110815758353], "[120]": [28.99686611096322, 19.407435593313156, 147.2619670295656, 15.710248867241054, 50.93840401870393], "[140]": [57.73751199412967, 176.19910080326076, 271.1841000676006, 16.9135484307936, 258.71774128725167], "[160]": [4.680163649594163, 363.7204780525444, 212.8834611782899, 199.13334557986985, 277.15258276625065], "[180]": [4.897514020811297, 57.490480662544336, 440.56800796628215, 451.8990334289194, 491.43929906152414], "[200]": [27.287171913062956, 114.30462117821303, 1622.6166582368728, 638.4958408655558, 1369.9195431960145], "[220]": [187.67110409841172, 9791.412792733196, 1616.6499904472803, 770.3075297125583, 126.17013272815028], "[240]": [157.70432100948258, 1538.1884283896768, 495.7084140855455, 4475.424448062064, 69.16673721826785], "[260]": [132.04526634005688, 1034.8276917032522, 1996.4434166228843, 15476.145992308291, 396.6840747348846], "[280]": [41.04783327113409, 221.9927611609783, 1376.4053942774676, 4059.8240506380216, 241.69818235785584]}