{"[20]": [22.0, 5.486610746880984, 32.649365846781585, 26.152497750203068, 9.800924266633146, 16.217482642444352, 14.728628911243185, 16.239092360880264, 15.339981614755445], "[40]": [399.8571428571429, 310.27657130632537, 73.94518282809003, 1623.3826555167534, 83.9970438016341, 176.96135193344912, 403.74480764537714, 221.57949244221845, 120.11365117333537], "[60]": [8854.571428571428, 2831.471940368814, 412.295582659146, 515.0328946977952, 159.60027715520846, 5602.715799798373, 5345.796479540993, 3190.789455088696, 3877.1763655354944], "[80]": [42023.28571428572, 79496.59580038513, 61328.53377382539, 8577.457955547463, 12507.014071576254, 2283.3380591803434, 5129.004868294258, 352.52264244334947, 633.2801269552438], "[100]": [33600.0, 3176.344823724954, 29115.44737478382, 152453.29000855237, 66823.1014461885, 15211.588239402729, 8868.744813301404, 14531.52210863281, 5424.809194771908], "[120]": [12082.0, 838.8259488996227, 352.5398485168025, 2096.5946450782176, 1222.509881220727, 3406.112755963828, 822.5141967703803, 2986.7385747732333, 101.86082511345376], "[140]": [2565.7142857142853, 1279.4978855689296, 23.278861860838788, 954.4583507713819, 1121.0663670298195, 581.5246085642702, 115.16261327943312, 505.51407384425147, 448.20677310596056], "[160]": [591.8571428571429, 455.1522931500949, 3.7524697732623054, 852.1842728943043, 741.8312507389858, 114.35930083256483, 70.06686282688304, 102.60165940988213, 217.12752009649637], "[180]": [140.57142857142856, 365.71569600707517, 6.96566961921161, 821.0317585811459, 819.4141894477261, 21.252387149146784, 22.717727564970474, 19.55879699288451, 329.53998678900575], "[200]": [37.0, 210.3143694800092, 2.357855407549888, 485.5917226514503, 514.054570391276, 6.5063634063024125, 2.3278793250637797, 6.27295426037179, 12.322323249474188], "[220]": [5.2857142857142865, 203.11748190494654, 0.025393625353435922, 481.559214662015, 481.8944609492307, 1.3330799522518957, 0.1493523742865852, 1.3018350140346637, 1.0732857221893486], "[240]": [0.7142857142857143, 181.1667601938534, 0.19945506526661827, 359.72755374401356, 363.6584413310943, 0.004376769867723952, 0.0019944935471210433, 0.0002201540001313453, 0.10671909060716023], "[260]": [0.0, 163.07541266430417, 0.0, 301.4333315280894, 304.25466905226955, 0.000565210461177061, 0.00020115553425437588, 1.869437892596183e-05, 0.01680789520955828], "[280]": [0.0, 151.53251572858062, 0.0, 259.5570510706099, 262.0092481145317, 7.298380405063063e-05, 2.0301418905990477e-05, 1.6066492197397362e-06, 0.0036036162072010914]}