{"[20]": [6.0, 6.0, 5.999999999940151, 5.9999986236636165, 5.999998574761777], "[40]": [10.000533989660298, 60.10649188347529, 67.98772747934399, 24.198029967758597, 17.568489830469936], "[60]": [25.20421931828638, 2697.9999883074, 1832.9777304560207, 716.4153459517489, 1551.6955151926188], "[80]": [4628.4180878581865, 12039.23231665975, 14011.96184173372, 11020.982898471793, 6912.413094023382], "[100]": [7585.4753269924495, 21443.498581193555, 10842.93438696961, 31513.506700948852, 582.6733668670043], "[120]": [1145.8087266702018, 11554.009551060186, 3407.9517894848173, 38892.053832024976, 414.62130243116394], "[140]": [218.16020427975397, 1455.1696698920198, 614.9656748562879, 16196.260026703989, 252.05677227989034], "[160]": [279.8576372005272, 406.9536344643626, 210.9799037704692, 6358.418013599734, 165.9348321433011], "[180]": [277.8792058223091, 17.39803236734033, 73.6296254013459, 4709.7082587003, 67.12924456103185], "[200]": [244.22506670598895, 507.88339531862505, 44.99156442048939, 6633.482085799977, 44.54996932547354], "[220]": [226.97419182980994, 7.2516816840785365, 1.943339022923997, 2246.636023583947, 1.943772613861303], "[240]": [219.2584683652469, 8.407243455497454, 6.790526007617106, 2005.0198114125906, 6.995104425523443], "[260]": [234.86299706021498, 0.14651418852147594, 1.9978194426236882, 604.0316648884309, 1.9984328519306096], "[280]": [271.080157645482, 111.38355194544232, 0.0005786153884797149, 264.3624358398571, 9.110447032659122e-05]}