{"[20]": [0.0, 1.2751498798472096e-06, 0.0, 0.0, 0.0, 1.464595998864091e-06, 1.4342759040512516e-05, 8.487589428871241e-08, 8.03881034579922e-08], "[40]": [0.30644081855239397, 0.22837441871823766, 17027.93781480527, 2.8944099378881987, 1.0590945554361206, 4.248984887378737, 3.940456169426622, 3.36275006724808, 153.87707822747524], "[60]": [2.6394938909408414, 1.6321095352508566, 0.683395916890887, 0.6784641678177896, 3.1966903640732, 0.43509705823181116, 4.65553062572478, 0.49603874594225755, 34.320830207709264], "[80]": [3.3994640237917366, 3.1583245657292456, 4.268568248617089, 4.281806221966454, 3.340958708779676, 5.794742634666902, 8.939777692594664, 5.738440187152545, 8.958998675718288], "[100]": [0.5537766623340049, 3.7583117513822137, 2214.5676480133675, 11.59237210193976, 6.777401932254489, 6.089557465020704, 11.161614725365924, 4.031397671138752, 447.715558446714], "[120]": [3.049735118971633, 0.8702855599153617, 11181.5371041524, 5.973260992022761, 6.40379656276913, 7.344286456430517, 14.527932832917617, 3.9398259617935008, 60.01720834291331], "[140]": [13.341620876062999, 9.864417864996943, 8635.499071569022, 7.180370369969581, 7.24287819080615, 18.705752235540018, 27.50088272877671, 4.527268708881054, 8.085840772783776], "[160]": [1.156966049409701, 2.275404500243583, 7.235794056509219, 16.589062361373646, 17.54997633820125, 2.362776752124157, 11.886300037305983, 9.056222742008822, 8.971138916154171], "[180]": [7.020631339173952, 2.354088035369877, 7.431051302854717, 5.341100533623394, 5.391951302281082, 16.232115847272954, 23.600589669629752, 10.576733051541293, 5.538162806741701], "[200]": [38.05594227338763, 33.1308336929279, 16.656757603290348, 30.84592758399294, 31.01838745185863, 55.849758435006734, 88.47408896243779, 50.08350929154144, 35.438767592597536], "[220]": [118.8281752289377, 3.496051973969683, 33.768834071323916, 46.89833736964721, 43.24952940196986, 93.51486924726008, 60.933202897986426, 85.39705583339818, 39.90150597087566], "[240]": [208.09571433875124, 226.51864112513823, 51167.26639277632, 42.90382104314138, 41.16221250985823, 41.987395603756624, 744.9926297291332, 179.0087679229261, 101.87301556641701], "[260]": [422.2763070946167, 9.930137585772545, 17456.025420812915, 102.19763887165593, 100.79432301443346, 697.1705352050113, 1599.9461411815032, 697.170534793656, 156.18951479878834], "[280]": [22.288526207906774, 109.33427335766635, 3049.305447065064, 117.94994022923572, 121.68534982800857, 446.5352111370646, 1779.9810870354663, 446.5352110630493, 141.3950730613946]}