{"[20]": [0.09537627637538948, 0.5930940045112, 4.76454568277157, 0.9627329192546583, 0.1555936841063015, 1.8449774564794819, 1.883157992814164, 2.1035352692236855, 3.932060843706057], "[40]": [17.01596902089198, 13.793248028670513, 136046.33043164902, 42.971842767771555, 24.79104527999513, 1.7073049293160276, 4.229507272977545, 6.012748102787174, 661.4024392087628], "[60]": [256.3825606890876, 166.657952585042, 41073.00410407122, 55.31797264851195, 20.92183724007046, 201.44015846768937, 221.50671293313533, 101.78824082337663, 5129.298359893894], "[80]": [2177.624821261858, 461.27949259770037, 330.98860788006556, 1255.6493278287974, 1350.8983085224222, 1021.4507978116396, 1012.5488790993384, 708.5754214061445, 586.1214430900876], "[100]": [188.6288241930353, 610.9645069710111, 4122.433653666144, 8303.397192658429, 6096.430450364168, 609.7634102872371, 1147.3794993683962, 559.5290012043425, 361.4733258958434], "[120]": [1904.8064899190456, 277.84404871132335, 686.7627603641151, 4037.92079497369, 2802.8775290627377, 832.4029781478154, 268.2602775251609, 621.7475530979857, 165.32044616704516], "[140]": [521.4598795932112, 58.37431607907947, 11587.251517653924, 210.29689388886226, 184.6362136474844, 183.96063050370617, 43.233689694617404, 132.95142982921294, 2.384428746303628], "[160]": [98.90925172396005, 69.33850756816022, 5.712381778836718, 153.76102952150225, 141.22896698268087, 21.927395695358225, 40.74266901135297, 11.899165977996143, 43.42039645360801], "[180]": [28.238288854028234, 30.469518314811115, 53752.50143504886, 20.286741205695073, 20.55938432961105, 4.287242250625187, 39.3816648342623, 5.905858476408898, 35.246491348315715], "[200]": [21.94940153115509, 46.80381764017001, 12.830790674948213, 80.25937034605566, 81.47740693956698, 4.398951589681183, 26.049495852925624, 4.036528193650888, 530.7350797189036], "[220]": [3.259722652114628, 30.29291520195673, 1.7515986352887494, 51.48872718461709, 51.45662967662853, 7.148456056199939, 20.902749074772583, 7.212847736952487, 83.2003976967521], "[240]": [1.3813163912976854, 28.920593853135664, 1.2432696191093349, 30.34397718145283, 30.823489589198424, 5.089394712102533, 13.823596852920911, 5.101564104062889, 30.06511480880197], "[260]": [2.4036167798274897, 26.69874953307829, 31182.055775082143, 24.60462531456766, 27.330297602349773, 0.5174216989477662, 11.786971891040457, 0.519679383093251, 32.61264129795519], "[280]": [8.462808389156361, 27.500268363366065, 9.571087041687445, 37.49510952266727, 40.04069466512329, 12.684666490722389, 19.047847867990683, 12.685081512586919, 17.838777952558992]}