{"[20]": [2.2136763347022885, 58.84344199241066, 8.000000000195014, 1.3762131257379622, 5.575202246623011], "[40]": [36.212563398700595, 3404.117156604402, 78.00000000011191, 56.7777469501213, 39.37689490853833], "[60]": [6.678906643397113, 214.79984773257388, 823.0000000000407, 310.7647639678378, 822.8463807454026], "[80]": [418.3492364285976, 2394.119755337726, 5632.000000000014, 1346.5653190199537, 4686.683663590406], "[100]": [1816.4486253429968, 3097.136720865885, 4725.000000000004, 1252.4469429065612, 5165.109458469418], "[120]": [873.0950864572769, 6032.847878079647, 7342.0, 1230.177013278113, 134.85222196138784], "[140]": [74.58936687220921, 1684.666952789773, 3006.999999999999, 252.22342582427154, 720.0289824543161], "[160]": [265.86925454158995, 94.87728537012458, 708.9999999999998, 100.16325610507238, 319.509270503778], "[180]": [223.3602000154023, 7.213040156907994, 160.9999999999999, 1541.538496731384, 102.48388066599318], "[200]": [192.08984839393685, 14.59678024171815, 36.0, 691.000253043253, 27.392298393184888], "[220]": [168.7657846739294, 17.508379271626325, 17.000000000000007, 412.69156180449954, 15.738011711378668], "[240]": [145.7897152595298, 3.726450763669101, 1.0000000000000249, 263.8568356138885, 0.8150807086839791], "[260]": [131.85552568041103, 0.576097925706252, 3.000000000000007, 168.6366471409333, 2.9729044915351768], "[280]": [120.08516700232656, 0.09705743643046016, 2.0000000000000053, 110.3657536404528, 1.9960300240543623]}