{"[20]": [0.09915517058145884, 1.0, 1.9501322778836538e-10, 0.8581428571428572, 3.744700299766273], "[40]": [8.689842432556597, 9.0, 9.000000000111909, 8.73502659768455, 8.422923122232994], "[60]": [6.8657449089865, 52.80421356868382, 83.00000000004076, 15.0968838802346, 62.73375623248313], "[80]": [10.147745021572689, 28.209768975924987, 110.00000000001376, 33.62081467407893, 171.26452858722325], "[100]": [28.901106848395557, 930.5710290998868, 95.00000000000455, 62.372399947319536, 2.4069774617148596], "[120]": [17.458858899669053, 163.2291384575799, 112.00000000000159, 20.282553691604107, 21.02271450812441], "[140]": [455.4610610894997, 811.4359884499477, 1267.0000000000007, 93.36982794251344, 372.24126158207855], "[160]": [676.3762531327384, 3146.845695133785, 430.0000000000009, 3146.4506820866845, 332.10632811787036], "[180]": [667.7157286645238, 418.20898545361524, 1436.0, 4122.787743680205, 143.3482378688318], "[200]": [173.45773037221818, 62.83065226760698, 454.0, 1976.9997832348809, 56.86342253770249], "[220]": [17.74330393196044, 47.44981915925737, 103.0, 733.2127538748455, 32.53881584560213], "[240]": [32.36650706096427, 31.35028051050506, 25.000000000000014, 313.73003520197744, 13.025527455778743], "[260]": [35.02744113987214, 0.12285454324661949, 11.000000000000007, 172.61493189830958, 9.198061932939265], "[280]": [99.7455149164092, 5.283893113295736, 1.0000000000000053, 99.68796285543613, 0.7986957910198234]}