{"[20]": [3.0, 3.0, 2.999999999761008, 2.9999999969925177, 3.00000165711409], "[40]": [1.9333691457137068, 17.590003050003876, 12.995136622852907, 63.6509696384257, 23.67866362196058], "[60]": [18.877304830352376, 23.291264473483935, 2.9977911522630323, 31.606272081477226, 9.361246714103064], "[80]": [9.86308328536193, 8.120223875440825, 2.999734891653813, 8.108500923890752, 7.039165088653095], "[100]": [1.2133345018541393, 20.01965539520621, 12.999965367469182, 9.583121977809345, 20.345283447491425], "[120]": [13.656039667468388, 47.597486488616916, 49.99975170041376, 23.375590199458063, 60.76532662749274], "[140]": [4.430272861241897, 41.195090552202025, 69.99981580932068, 32.70376356910194, 75.94556243328726], "[160]": [27.653155663613116, 90.94707661515507, 30.999573696310925, 58.96589315477428, 52.20824935531723], "[180]": [8.245220782330723, 72.74277187282708, 113.99001406465304, 52.10585361945454, 136.98744229202646], "[200]": [60.843741883314884, 181.15883887207056, 413.99996580951785, 73.6406337558, 462.28229484441164], "[220]": [8.903295265881646, 403.05110239965944, 1035.9996451684483, 204.41758633909973, 581.4208849504531], "[240]": [204.47005887299568, 2590.1526152751094, 1536.9970277840966, 302.3363068867553, 317.7069965479201], "[260]": [290.1954812020112, 1748.7932000685257, 302.9997286348812, 2081.8643840905274, 155.5612613650788], "[280]": [270.6399242769488, 791.4243820209158, 1521.9995873710243, 2948.0326569668173, 399.3903357082739]}