{"[20]": [0.13817989772307884, 2.637531963750991, 1.9865739963414515, 1610.2911445172983, 1.4742702062473223], "[40]": [8.197366175685335, 75.88503278431067, 7.994745263337105, 2338.8616158678733, 7.231441218174864], "[60]": [7.290111204206071, 11812598.525321512, 87.99772642171916, 5697.802918660432, 99.63378700440312], "[80]": [8.326238715371398, 238.37767648975284, 900.9985237527476, 45981.85825407415, 583.2943902374511], "[100]": [146.78283985892946, 13756.98998785326, 3928.9979371132604, 412.9702594263723, 1767.2884308305388], "[120]": [1865.5201115229572, 5208.890625072366, 876.9951934119226, 9809.133324432813, 674.6020496452886], "[140]": [1213.4606278505548, 164.3327602382001, 3044.992086377794, 458.3779172287147, 391.44726854903786], "[160]": [84.00971809686072, 644.4592929378382, 849.9909886710116, 499341.8850940634, 136.4910344699198], "[180]": [100.14042310177516, 13.63223605739429, 188.91986941055512, 60799.066280117564, 56.418081497812835], "[200]": [129.3662658229695, 12.195722860707042, 40.99883125020764, 47808.277183749844, 18.139468310002016], "[220]": [120.20721840225372, 23.548713940568287, 7.993567421330818, 147926.55690280095, 4.112292116862909], "[240]": [104.23536129425672, 2.2517016819098803, 5.976868634874264, 21998.706143043994, 5.340428731329385], "[260]": [94.70467612045549, 0.19009234244321582, 7.846361670109794e-05, 52753.79054754799, 0.111002479931205], "[280]": [84.41976561365436, 517.3711950538516, 1.9996371225839102, 9944.569665191755, 1.981031334782208]}