{"[20]": [2.0, 2.0000008256875623, 2.0, 2.0, 2.0, 1.9999973665461301, 1.999940091083803, 1.9999997019740667, 1.999999690005653], "[40]": [84.23919827155095, 44.64781170495026, 201643.61541885734, 124.55900621118012, 26.35692148115977, 16.593607867117534, 83.22462140002735, 20.263719929579487, 109.12018761577792], "[60]": [2177.108567975481, 746.2185738404557, 394.58400628477784, 265.53720147890044, 407.9155509066624, 1565.6463764311263, 1396.3131827627014, 757.0566736437194, 8073.512141813853], "[80]": [30122.64242475625, 3448.5442134586237, 19119.081137586414, 11073.61663370091, 6006.131028104415, 5652.6812301512855, 5535.160749471026, 2228.466214711753, 37376.91653776437], "[100]": [15633.564795628101, 577.0359677919245, 25759395.04060456, 471973.2618706172, 4982.7191713770435, 15957.440626570151, 13292.223019562844, 10860.386129964381, 9899.77495184892], "[120]": [12439.455895362504, 396.5193768082921, 964313.8953367699, 11622.726514773258, 5445.490729528281, 5545.113788908237, 1854.8187256813335, 3945.0116168368195, 1313.1909273501774], "[140]": [2172.5045882549307, 440.60192708901906, 280.6852392654332, 1344.1329060578441, 917.1180923745839, 570.4903975397381, 252.3070143538966, 337.60104158103445, 369.4640568912368], "[160]": [637.9245573853548, 259.04408321182467, 8.52465898459807, 181.75911064060116, 281.3464126706364, 128.1257158762915, 195.50922052613197, 93.35231405030109, 375.7620136594815], "[180]": [220.27491048569797, 197.77998563641864, 19321.4151257406, 351.9071815849129, 359.2977108935739, 39.017274932683975, 81.38136512375128, 33.744486620286175, 1791.6449595814702], "[200]": [70.28233569409589, 146.48379424975906, 14954.939413668504, 450.0378517457381, 448.9847986826491, 12.050334609673877, 25.067987416663954, 11.250398608457354, 2582.420634850564], "[220]": [17.191825306188182, 166.75676540689838, 1.3430916365934618, 383.587742091722, 396.3067590793693, 4.205462403291234, 4.449770671654925, 4.084572820550986, 1076.6459495734964], "[240]": [1.048916464605546, 143.70455821278668, 2.2932941392757575, 271.25824299501147, 283.38245238101035, 2.2483449789442487, 4.231810795129605, 2.2652845738915413, 6.348309018822886], "[260]": [1.653749982566102, 134.5678511891677, 3.158030490593161, 249.42246719929275, 256.6054646448918, 2.4144648139524634, 3.65305668916203, 2.417099770097988, 4.978877464701977], "[280]": [0.9266660841630765, 125.80437299762717, 2991.7653671614466, 199.1272766942864, 204.57741209020736, 0.5665103501182523, 1.0615393966152247, 0.5669119635024295, 1.6204185797167798]}