{"[20]": [0.6115923150782141, 9.701254852226686, 6.000000000195013, 1.2959989215564907, 0.9063979977855361], "[40]": [5.179068049806617, 48.88489122675246, 39.00000000011191, 15.428886501591514, 14.26677566404991], "[60]": [162.92930830389403, 28.400626466813037, 100.00000000004076, 95.1641644269518, 145.06894229814026], "[80]": [43.030261982778256, 90.36106985212496, 31.999999999986244, 115.08298243116622, 93.90084520978701], "[100]": [42.73437848779781, 38.99220791776065, 31.999999999995396, 34.70858460523101, 50.41182081494895], "[120]": [10.082070977325657, 14.41644898392667, 7.000000000001478, 26.518203246763733, 69.31022066279922], "[140]": [55.839936409546226, 1510.0933006906992, 1712.0000000000007, 378.37995327208046, 1373.3753347542222], "[160]": [532.602762355742, 1033.686401209041, 4970.0, 5068.076602724417, 2462.8498631233524], "[180]": [1166.1689452783485, 5543.047893225288, 4436.0, 10066.286714285714, 772.0230854021102], "[200]": [129.54303709740543, 34.579817022987754, 2016.0, 6270.46198869052, 210.1081336232628], "[220]": [102.912084121926, 333.2832054337532, 300.0, 2609.1493530253647, 10.104226719183941], "[240]": [57.010906190337096, 10.652792746409986, 63.000000000000014, 1048.4350659079555, 14.393695335125003], "[260]": [65.1517859066604, 0.19071910035645168, 6.000000000000007, 506.17074175622474, 0.8992320878895148], "[280]": [159.07477971849588, 2.14378262700963, 5.329070518200751e-15, 282.14604747315434, 0.7390827259371351]}