{"[20]": [10.0, 10.0, 10.0, 10.0, 10.0, 9.999997527040032, 9.999972467511984, 10.0, 9.999999994023183], "[40]": [128.14285714285714, 120.59404927759249, 183.10160535341765, 128.14285714285714, 1.8249933560922216, 104.92504388992421, 137.08483466493848, 101.68772993429866, 143.62443405120015], "[60]": [887.7142857142858, 218.19684329535949, 442.88466232423775, 1164058.150897862, 577.0171055731519, 772.6655376306836, 909.5171140820403, 319.78348548730503, 307.8032909721095], "[80]": [824.0, 211.15232478428288, 1382.146414866043, 10653.558633225357, 11382.768713377045, 911.545955938202, 390.8763731291135, 751.0886214291731, 378.01903740109674], "[100]": [1128.7142857142858, 940.892164810879, 390.9533343868957, 3660.0688370587523, 3059.2477781566863, 1838.1880722212536, 811.9964024410892, 887.9801081858709, 240.56721351315173], "[120]": [1800.8571428571427, 574.6603372773588, 233.7960242836516, 374.48556856613686, 354.6360906118007, 3065.381326754438, 1506.6941196958514, 1771.3895715129834, 811.4922794404192], "[140]": [23234.142857142855, 21475.63164727521, 18386.69112597222, 15605.904734213327, 14877.509688831153, 24807.648560190813, 21936.917849942416, 23179.96899905739, 21054.663211395236], "[160]": [16203.0, 22728.50568170313, 97923.21234242956, 8612.17056475018, 5994.256612075544, 2814.2531328181067, 19450.31134793596, 28076.411709134307, 30381.578973001742], "[180]": [30552.142857142855, 6149.105447217502, 20866.767697267154, 8069.984486635003, 7576.1147160486325, 22096.844747616262, 27622.165485558406, 28589.131770250882, 28130.086679234693], "[200]": [10342.857142857143, 3707.543908814214, 190.51892307691014, 3043.556922316571, 7057.832272017573, 1425.8864224011822, 5311.979879062759, 5617.344524500066, 7690.810633288362], "[220]": [2229.8571428571427, 812.9867632193764, 147.9096648265372, 1407.0572929166633, 1260.5277263414682, 155.22643069465585, 1180.7818541462434, 1139.1610996409272, 2344.198432464207], "[240]": [743.0, 474.1511575594286, 110.15312340664178, 624.7626516896976, 608.7698827704999, 141.44999104954707, 421.6764741820738, 410.5145099851243, 813.9502511090634], "[260]": [158.14285714285714, 814.5609709382825, 4.889965800034695, 1313.2234467883843, 1293.3581283582967, 27.736145747325793, 119.05963016087378, 103.3186570155799, 297.137869571623], "[280]": [22.0, 429.5502674562831, 4.097993813945957, 812.306134580055, 770.9251952820266, 1.487158489985827, 26.378995617517084, 20.231228774097602, 88.15634681074036]}