{"[20]": [16.857142857142858, 16.970464951287653, 17.0, 16.857142857142858, 16.90909090909091, 7.0975489966313585, 14.483128036334596, 7.877205822607207, 8.947924562309641], "[40]": [457.14285714285717, 423.71339896745087, 134.02871670035427, 2730.0929807068123, 19.085287245250754, 15.752524461729536, 468.1206345524381, 23.18930694377991, 353.9027487938296], "[60]": [8654.0, 5052.934832151725, 3379.194259982274, 3940.635379485444, 4810.963662011227, 6463.161130283277, 2101.331609919921, 2291.702245909152, 2163.5968992627577], "[80]": [2936.142857142857, 12526.423821282446, 61183.32026010167, 69516.41219788359, 90101.04035686517, 6168.776716034914, 8973.28698183869, 6155.773080625153, 1385.7502268616117], "[100]": [9832.142857142857, 2904.82804637575, 4107.970953511794, 627384.2341619332, 182.68818612388623, 3740.703295808182, 281.95962630442546, 3060.6713508221383, 455.32386298756774], "[120]": [1995.5714285714284, 1076.3420168870962, 96.8989333269144, 400.98409412542935, 2236.9559555208525, 482.07953487808913, 174.14058368771202, 340.87932945607076, 145.60918402488562], "[140]": [377.28571428571433, 435.94444597635993, 35.15148517798613, 1140.523721405099, 1158.0940556433225, 45.172887140041524, 128.31108713047962, 21.647015379779617, 118.41035914284873], "[160]": [90.0, 641.0061263508364, 20.31072594772639, 1551.3891349192718, 1552.9211095013857, 6.909536491300358, 67.16063327712821, 10.690436307779322, 65.55288687134048], "[180]": [44.42857142857143, 301.4249355026359, 9.003580180410495, 755.9095033452596, 827.7692729366086, 3.7721736755634687, 22.965752871194923, 3.192284027438383, 23.023355494150714], "[200]": [14.857142857142858, 362.3497715963822, 3.943499663318912, 787.4736791544061, 833.2892167483675, 2.374065223756342, 4.6464029922598415, 2.286807267759328, 71.56663783076168], "[220]": [1.1428571428571432, 257.79051046865516, 2.425957468273477, 547.7564779296976, 571.2218639777296, 1.0441814506181326, 2.9309928129221348, 1.0571817130302152, 37.06205243059889], "[240]": [2.7142857142857144, 202.49412102821088, 1.0145196213950094, 450.66207965065615, 472.0589978355008, 0.973281371713106, 0.02477588432594178, 0.9713532896350103, 0.007834479261002992], "[260]": [1.0, 188.97900493504403, 0.9989247881941661, 412.27324902173746, 430.20927814835375, 0.999714046341265, 0.9994949019220997, 0.9999992918615987, 12.296278861019715], "[280]": [0.8571428571428571, 161.8986688246223, 2.5248754346193185, 339.29305618040473, 355.3677329620751, 4.2198501345900624e-05, 6.930378587749108e-05, 5.3879318842259153e-08, 5.716632788098547]}