{"[20]": [2.102269294694308, 972.7499978516264, 13.00000000041028, 23.180811211164126, 36.48801027383664], "[40]": [16.523545054439154, 37.85790137813197, 34.00000000020768, 33.18816516516129, 14.644928592714834], "[60]": [19.358635475567, 79.05055849884053, 6.999999999925677, 17.177954893741656, 22.94286537759766], "[80]": [7.623805032164711, 56.38646170779093, 34.00000000002497, 31.983242344579978, 57.57369360810877], "[100]": [29.438514652495144, 56.54431563404006, 95.00000000000826, 41.48812720296644, 142.92246944971876], "[120]": [62.64618168994781, 129.92129588257268, 274.00000000000273, 101.27254473091699, 317.8254043161587], "[140]": [83.2454274346178, 491.950987845461, 336.0000000000009, 131.83634475157942, 403.7611310094243], "[160]": [58.854062532057924, 869.6362052677114, 343.00000000000045, 598.3775391597374, 543.9295325904034], "[180]": [162.78768263176562, 38.11550877075251, 735.0000000000002, 875.4504595256312, 850.1662765513552], "[200]": [275.4515266904091, 3910.5181993526467, 2920.0, 229.82024831308445, 1301.0225323605937], "[220]": [96.32086420519227, 4106.325701004799, 4100.0, 2342.3549844325826, 1648.9774774495945], "[240]": [413.992237122342, 4449.530282889729, 491.0, 11933.205424434193, 928.1041426546344], "[260]": [292.3446133650559, 5166.5435487640225, 4087.0, 17971.609254441206, 571.1946815013926], "[280]": [371.0742902275583, 2248.256281714176, 3232.0, 14047.857055573957, 219.4525643543957]}