{"[20]": [54.768645065911045, 75.0, 70.00000000041028, 36.91263379137472, 160.82773100526296], "[40]": [146.7400574204114, 124589.25332451683, 1333.0000000002076, 187.15054820152181, 259.82003854384106], "[60]": [4018.35717786687, 11259.985943413129, 26806.000000000073, 5411.339920155595, 27005.92499638232], "[80]": [85198.70425079833, 116048.86035678009, 30000.00000000003, 174752.8751018233, 29979.78803101481], "[100]": [5443.363839723414, 59765.66714975875, 43831.0, 187454.70520503435, 439.91034153594956], "[120]": [3348.709365349898, 11120.648831669907, 11397.0, 9634.37749683613, 2970.265942675698], "[140]": [3248.489412222585, 2655.768081135224, 2339.999999999999, 23809.331167814733, 1420.2710572085043], "[160]": [2308.2134256022855, 581.7826252600106, 479.9999999999998, 5156.89868951913, 327.316532861166], "[180]": [1727.7737586037802, 259.73967805767876, 139.9999999999998, 1042.6405765762956, 130.5644069969389], "[200]": [1316.4784513123698, 39.26258238250469, 20.999999999999993, 84.74456014354382, 20.084775348377995], "[220]": [1095.9075652954782, 1.5596085417179761, 3.000000000000023, 60.14205641233184, 2.8455412689386037], "[240]": [1066.3298172370078, 0.28913829175845385, 1.0000000000000508, 82.22130127454648, 0.9845945850803318], "[260]": [1196.7585723575205, 0.0, 1.216073317155514e-14, 115.6699133627651, 0.0012996903021630516], "[280]": [1435.5722798721276, 0.0, 1.1374917389937072e-14, 95.21520004573983, 7.077327259720815e-05]}