{"[20]": [2.857142857142857, 2.9942416113579187, 3.0, 2.857142857142857, 2.909090909090909, 3.2012474461084715, 1.019246309303817, 3.0823391205159023, 3.7106531281911073], "[40]": [9.571428571428571, 8.033226303936296, 0.6460807592159803, 14.575842153359428, 3.875406855011585, 0.599408968180299, 1.0967397126657286, 0.6070543390362388, 0.14356032887069858], "[60]": [13.428571428571427, 9.03394493698923, 13.398901210882073, 20.09542231082459, 8.78893945895559, 13.038005609299901, 24.509279178632504, 1.093317649841243, 26.097294217561], "[80]": [46.285714285714285, 10.942399705646352, 8.183323914614888, 29.767405515104855, 23.816854975444414, 41.36277121306291, 59.23534073972427, 12.599710717962665, 13.4989760571044], "[100]": [135.42857142857142, 49.19615256605266, 35.255171855842434, 11.592379927694537, 12.025748264688218, 122.57650495022102, 163.82620362950527, 44.89976843585475, 86.23553621714544], "[120]": [390.28571428571433, 33.0496931055643, 145.74922198808554, 7.835062573493815, 23.142237394215044, 200.06206361690136, 222.39636080661023, 2.286319420982636, 24.54951364454746], "[140]": [585.5714285714287, 134.69524116303091, 257.0023801874272, 581.5682011115719, 555.3155919270057, 324.2870595333027, 176.6574593373566, 17.45119829533496, 103.48529296690162], "[160]": [29.57142857142844, 37.91766945565769, 306.8233458561872, 462.8610373941542, 429.4030985610905, 186.86882035130793, 109.04011435592838, 31.745655623740276, 108.43359981396543], "[180]": [218.0, 22.563865538511436, 24.762336311545823, 121.95718941925679, 138.55804114831244, 206.2073989451967, 40.86682387670544, 55.953728864365985, 104.13339630292012], "[200]": [205.28571428571422, 0.9807484930386181, 31.378172874953634, 73.73268743365452, 46.39152503706532, 251.90153797947846, 3.512107333893482, 7.237898519988903, 18.903860453139487], "[220]": [267.1428571428571, 8.120439790889122, 1.3868674980340074, 0.8345770141761477, 0.16723283362966868, 116.84599506248662, 76.26429963032137, 82.15655336842315, 68.39690707973136], "[240]": [201.42857142857144, 23.78469485980588, 14.674704581031392, 8.866195599536695, 10.106798367494207, 56.85598292352995, 55.597286130342354, 72.4197512077069, 50.26288739558356], "[260]": [104.28571428571428, 24.862948743317475, 13.703787659718785, 33.544564760667754, 30.534282805647706, 41.6143455722227, 16.01907753719695, 34.575301509160454, 12.080866546709785], "[280]": [91.0, 35.000206896966915, 32.721931729617125, 45.45658707039868, 45.54324398365148, 12.587902331877814, 44.942888712771804, 57.20794305671683, 42.33706947348128]}