{"[20]": [6.454956312743534, 11.428571428571429, 11.00000000041028, 12.005306429705284, 66.71331769414857], "[40]": [39.620168941905945, 92.58851179009349, 84.00000000020768, 68.31457621567617, 53.78479276737664], "[60]": [418.38908002449216, 188.11724570918, 59.00000000007432, 226.0408464847667, 147.25440033963082], "[80]": [54.39259107547889, 4.411412652772782, 1.9999999999750457, 68.48733559729732, 106.67424803949575], "[100]": [15.597762686850928, 14.205483654599448, 31.999999999991758, 18.645506323240852, 51.04877873024316], "[120]": [102.57821805176735, 79.79191273412201, 81.00000000000273, 108.24878787698748, 140.8575712723091], "[140]": [37.18214529163515, 2291.287958900536, 2394.000000000001, 1218.0728469354508, 2265.6589949415397], "[160]": [3633.8894851287514, 15314.320385930714, 7933.000000000001, 9354.715285714286, 1796.233435105638], "[180]": [9479.982919650005, 17145.39804372541, 6292.0, 4609.940364530841, 1766.6704614802493], "[200]": [867.0946114105516, 223.1767521431948, 3359.0, 12801.038185033443, 89.34385102727038], "[220]": [496.01482598181326, 320.88817398460685, 620.0, 5380.227926817701, 33.68053192119726], "[240]": [194.81404349171714, 4.698657754801303, 87.00000000000006, 2192.347777147894, 4.851206023510841], "[260]": [271.24648884839814, 15.449641436854193, 20.000000000000014, 992.233789730069, 8.110089479691727], "[280]": [730.1627000837393, 0.21347897912654307, 1.0000000000000113, 579.8837363142306, 0.3034129604765496]}