{"[20]": [1.0, 1.0, 1.0000000000713798, 1.000000000000011, 1.000001266604183], "[40]": [31.473594863510705, 14.645498963737516, 15.00000000011191, 8.219306866818485, 28.936546581884897], "[60]": [2.6920352347578245, 9.523624789146737, 42.00000000004076, 18.189175826365044, 59.35991853493425], "[80]": [4.485411055183306, 32.11748473467051, 82.00000000001373, 56.638816189949324, 110.53739972729696], "[100]": [5.700014746918441, 78.34542608539039, 291.00000000000455, 66.75319529259718, 304.9440309028289], "[120]": [162.42015240148567, 12.889931413782506, 1230.0000000000014, 329.224161196978, 1085.2263601775958], "[140]": [131.34616697939782, 1873.6829370756604, 1848.000000000001, 1252.399212487926, 1310.3998763935824], "[160]": [399.4470422251561, 2127.063966038564, 300.0, 5774.317029276066, 718.1532784256342], "[180]": [568.982807197981, 1695.7925663217447, 1079.0, 8193.158799530891, 13.552120096926956], "[200]": [480.5655312640365, 27.510476379809916, 810.0, 6548.4308354298955, 347.3748458375867], "[220]": [412.22967199060076, 1769.7729650109877, 756.0, 4981.768662584222, 29.077074446357983], "[240]": [230.99441510706674, 370.72631810002804, 462.0, 2846.2099711665796, 210.22690706671528], "[260]": [88.77619743449964, 15.195104036547491, 292.0, 1792.643805918049, 36.349510627348536], "[280]": [27.458722583614758, 60.61493585193796, 246.0, 1122.2158996773223, 134.46867773938447]}