{"[20]": [1.0, 1.0, 1.0, 1.0, 1.0, 0.9999979509750656, 0.999975983160714, 1.0000000000000002, 0.9999999672780131], "[40]": [15.285714285714285, 12.122622377414316, 5.754527701440555, 15.285714285714285, 2.3914613641528852, 4.249454611261378, 4.432670661649659, 4.1532148497790295, 4.323842089337337], "[60]": [14.714285714285715, 13.45839273031742, 11.464297176367275, 878.7651373224511, 17.38219298337445, 18.481017821268612, 28.319303623954916, 19.38218753689042, 31.581268801128047], "[80]": [0.5714285714285694, 0.4333002341550696, 0.2967534823594633, 35.40713414158901, 16.64541209812191, 8.46996011496147, 24.1049790014236, 7.522599102154103, 1.0714129813282653], "[100]": [1.857142857142854, 1.1482483300255097, 1.6368238081049356, 0.48704844902800914, 0.5280586276696653, 7.948107702519817, 26.94020577766169, 7.14126614249955, 2.008856683272242], "[120]": [16.57142857142857, 17.48716156044074, 10.77946495323998, 18.235421622966555, 18.142285849469886, 28.284478822067683, 52.70369569145413, 28.139851720815724, 16.99982250881922], "[140]": [43.85714285714286, 10.668846575072394, 24.85786968768545, 13.204139033725596, 13.29380477482647, 46.14724011938138, 30.998675710545868, 11.614286528182134, 30.99795088350872], "[160]": [18.0, 1.9171404755694823, 55.09884432494414, 45.80339124192437, 45.01467326706046, 5.69065578355756, 26.506012979591645, 52.04336900838496, 41.260306563296666], "[180]": [76.14285714285714, 63.530794768847784, 70.1391234342841, 30.367726536611485, 32.03410363527155, 94.6947517033868, 136.78230944049233, 74.78430052584335, 59.51064264032567], "[200]": [196.85714285714283, 49.32712454616035, 42.87497737647459, 27.494168238907946, 29.23878995747316, 210.689201488357, 309.05738287372276, 171.74900355606496, 138.08656534646133], "[220]": [609.0, 258.8270293693231, 51.13979847283508, 139.94669048053743, 138.07970602539262, 332.7192321336097, 1550.6113884315992, 588.2424550327592, 395.3259096144627], "[240]": [1471.8571428571427, 131.17189901453366, 240.83334619185734, 259.28180499396876, 251.1915192117076, 1923.9886927828466, 4060.943476605135, 1923.9886928269248, 841.9805191206042], "[260]": [2460.5714285714284, 135.8680987456264, 809.1583914799976, 816.5350848896651, 809.796670220654, 3699.217874216274, 8631.80960701248, 3699.217874218578, 1310.027089386068], "[280]": [1160.7142857142862, 582.7347547921745, 1239.8115288048066, 26.63842213323551, 4.632767759652779, 3857.1012321288417, 10750.94686927497, 3857.101232128627, 23.309285738936524]}