{"[20]": [3.0, 3.0, 3.0, 3.0, 3.0, 2.999997950975066, 2.999975983160714, 3.0000000000000004, 2.999999967278013], "[40]": [23.0, 15.098868505618704, 8.380886514443755, 23.0, 29.518339081191044, 3.3952575560563183, 27.503120439916483, 3.359509856608163, 2.6886780361979064], "[60]": [282.7142857142857, 116.5419201425729, 69.22311427486147, 22.355131692237023, 34.384737468452386, 187.69867665143877, 224.1509306289087, 80.48256373374136, 100.23241851062278], "[80]": [2655.714285714286, 204.5052848188643, 62.89726888956238, 356.7609705097834, 70.33447900326018, 1481.7103717129867, 1070.3707591689313, 615.3141501708997, 850.8123438684579], "[100]": [14785.57142857143, 2351.774120464037, 3826.8102276836507, 1507.847829830691, 423.09234607705, 2382.1199426780913, 3045.0533042436327, 5175.200435069019, 2047.2594815836346], "[120]": [4915.285714285717, 2715.4910074265063, 22248.810861892824, 8227.365095541987, 8602.667302020694, 3482.6299810680357, 5634.381061321888, 3258.9557009506752, 8156.424465316479], "[140]": [15270.428571428572, 267.8580192618101, 6861.404992752676, 7798.77082782911, 3430.4139032012536, 5971.046676648719, 3663.0977098716976, 5835.775040536271, 2812.6154272364147], "[160]": [5488.714285714286, 1023.5302459918057, 17.689644746785234, 1320.47179625211, 1431.6584597932942, 1558.7487405604588, 542.4992883696677, 1405.0927763122027, 375.47639852274733], "[180]": [1454.2857142857142, 248.58210716995018, 37.27747335589652, 85.9707906409817, 68.62886635451628, 321.0373267518937, 49.74428345333331, 271.6289708453178, 157.59610056343195], "[200]": [415.8571428571429, 264.58677057965724, 0.2502073297150673, 450.61617938744985, 432.8881361560601, 86.50904835130689, 44.8413800266689, 73.19531092532964, 115.7406840577114], "[220]": [112.0, 283.0607096788008, 9.411566885074137, 296.20568831142384, 302.6306050785105, 17.86195768853611, 33.134833783692216, 14.627731530275724, 75.2826154158793], "[240]": [26.57142857142857, 130.1878611359025, 15.632692862215812, 227.54582479832192, 222.22423643190314, 4.508440239128888, 24.178824924936315, 5.264842516252088, 44.59976235156071], "[260]": [25.42857142857143, 75.8600453970048, 8.29515220516138, 132.66431720110583, 136.02923077803905, 7.625276355178805, 0.014181112003100793, 7.454369650964534, 8.87260201371586], "[280]": [4.285714285714285, 74.66056770171508, 2.0961291171170267, 99.07400839088456, 102.77834478402622, 1.1982075493233388, 4.6135414619689445, 1.2360083293339788, 8.950956633079908]}