{"[20]": [20.857142857142858, 22.0, 1646.1427819929788, 20.857142857142858, 20.172115222346367, 130.4533083546253, 126.24821744550155, 131.27769430122248, 126.54744732335189], "[40]": [117.0, 116.8625887859898, 3.2459702835993482, 1153.6166776955665, 693.170452730483, 1.5991600187856534, 136.80358011926145, 1.6606235233368807, 141.77961953453814], "[60]": [1191.857142857143, 1001.2284860496422, 49.67670585050314, 2303.245092295493, 250.58977771320906, 1124.4502628300675, 1246.1000497247264, 827.3200919597401, 352.56777157216834], "[80]": [8033.571428571428, 4223.166888820704, 3465.239196538294, 2756.6806171192566, 2926.6327217694306, 5795.971953111733, 5477.035016831299, 2115.398231780033, 3159.6934684904054], "[100]": [11450.57142857143, 5191.401334345806, 27191.22664940521, 11124.288793470332, 3412.439905037849, 3205.9328935722115, 160.71636781211419, 1893.865855780561, 2933.9329387241414], "[120]": [11628.142857142859, 3559.9757499651914, 14372.303828015378, 7755.966223832023, 3482.192116585824, 5070.31895473057, 199.64639386732597, 4581.528089033396, 349.62416519517683], "[140]": [7036.428571428571, 537.7278492281421, 1015.8589854514053, 14444.201270004178, 5777.3134293837975, 2085.8217949810787, 311.2827061868629, 1789.385561435227, 108.55831160794878], "[160]": [1592.1428571428573, 1731.700693604299, 66.64380045427151, 1066.2411681008286, 1487.9413617285345, 375.03266651984427, 58.405440278158835, 289.93921305121273, 115.91641785388208], "[180]": [378.71428571428567, 491.8432784469669, 1.3110115116108148, 824.6481059652576, 854.2920136945911, 78.61419944525602, 36.93196939791672, 57.91689175466402, 51.446309036775745], "[200]": [96.57142857142857, 375.0807009363798, 3.781862578605242, 914.6626721077525, 931.4670926858662, 23.01929979559874, 6.222442478327029, 18.369578003377725, 9.457039715308433], "[220]": [16.142857142857142, 283.0970694444304, 2.947486697881537, 546.0872919935707, 559.2008827298562, 1.9898414450592519, 3.353067593151538, 0.9954616593936461, 4.2142526170504775], "[240]": [1.1428571428571423, 278.66889694974816, 4.7854892482570595, 532.7033093101392, 531.2946995570277, 4.900763534987278, 8.64921758182981, 5.107218872503044, 8.539963695207948], "[260]": [2.428571428571429, 199.46057388101053, 1.4239544874072934, 369.64858207986674, 365.62994853341763, 3.010172147816987, 4.594712835550231, 3.052097721273247, 4.480216655558208], "[280]": [4.285714285714286, 261.5620804115524, 3.8295172394263233, 437.33217448402513, 434.8012307415457, 2.4375222308967808, 0.3801334016978422, 2.4290962323846355, 0.6000397925929677]}