{"[20]": [5.991868706064398, 789.5699883800605, 12.367019888994218, 722527.506399424, 4.8199864030126855], "[40]": [71.66138609483322, 3182.2611869940984, 215.9808676579536, 1910.1746652170366, 124.1245807393747], "[60]": [92.00277765356856, 22133.121831262448, 4492.975939447572, 1283.1262483972416, 4633.056476570094], "[80]": [19713.8148886967, 25312.8360657132, 11544.967525122926, 38471.324084817454, 6633.817714640962], "[100]": [2072.3970469333613, 24067.055989633354, 11312.986246385664, 80006.25048541713, 270.49385437243893], "[120]": [308.4707110633336, 65922.6352469503, 3942.950131160606, 22035.404600733014, 858.3902368317175], "[140]": [420.01251609431387, 762.555124704507, 619.9704773825832, 8243.795291053419, 210.41730521251813], "[160]": [319.8765645063371, 4.998403536456107, 123.96482723082843, 6767.2015059795785, 79.32686393071472], "[180]": [239.1170076001268, 290.04419867121777, 17.180630557084672, 3121.382658646961, 13.334441223061003], "[200]": [196.14364711330433, 1.0152852919232402, 3.9859953737997587, 5085.424036671743, 3.163548045536839], "[220]": [175.46166934895172, 0.037627260381434706, 1.9152911392261398, 839.493232495823, 1.9470475720866642], "[240]": [169.22745418699034, 2.9002942306907107e-112, 0.0880419638534253, 919.2828759854244, 0.004757957232857343], "[260]": [176.06587714905427, 0.0, 0.003657840006299956, 11.803956417598318, 0.00025014330880078673], "[280]": [197.74460806450074, 0.0, 0.0034053486348866206, 7.557579558823174, 2.832464659458266e-05]}