{"[20]": [9.51975744513169, 6.999999999875207, 6.9394834271667145, 77384.83362510856, 5.118433830836923], "[40]": [0.6298684350221891, 23.53550154416481, 79.84192842376993, 42.538192014621686, 14.49639495227829], "[60]": [16.10907638875706, 8572.49599260998, 1903.730659819678, 503.25031246900426, 1557.9720502026319], "[80]": [2762.2508922723755, 2707.6567298620985, 7372.660521324795, 12566.369577399037, 3084.0770786417693], "[100]": [501.629473168927, 11883.429034364703, 6350.4989311652025, 17389.801868218925, 554.4502832453167], "[120]": [185.68390832578024, 42620.86294104671, 1701.636030684964, 22057.70554593436, 339.09183994877], "[140]": [131.6580084604728, 1756.5993439931449, 330.7622281798556, 7763.878973415127, 169.12459130985164], "[160]": [101.34405033278408, 3.7128460024064918, 58.95312889081909, 2635.945708978032, 42.4787532309689], "[180]": [76.5076180599639, 30.309018057592983, 5.450192274739854, 447.71234420542476, 6.231275112860493], "[200]": [70.1911421056328, 54.8694937985342, 3.9371703814741985, 767.9925601632524, 3.852994283194052], "[220]": [64.64979836923737, 0.3308849753951323, 0.12227422112581011, 1074.9114093534959, 0.023724425735806316], "[240]": [62.31729237799705, 0.08777633370668585, 0.4527065485862243, 458.5511816011108, 0.002376064043870657], "[260]": [62.52802383188619, 0.3954077944251612, 0.9836360466789241, 628.6689441051482, 0.9998223166165454], "[280]": [65.22762944483931, 0.0, 0.004155300203977766, 837.6432221511252, 1.4535939039041999e-05]}