{"[20]": [0.7639322957956594, 3.7216592215623243, 2.97568506057005, 25332.193688498082, 3.1311397668615735], "[40]": [3.311306291449079, 23.31978223219928, 8.989612996633399, 5.848010952964599, 2.9313078160689026], "[60]": [0.5375053346783808, 745.1568294960405, 2.997887550002283, 4.02932838867565, 12.579193810192578], "[80]": [0.5953964079657922, 14.264494902967822, 13.999757361375638, 8.357428799282168, 22.973357887796343], "[100]": [1.4788136055313128, 16.402745632698867, 21.999849780748065, 5.4808451809003484, 37.186585246931806], "[120]": [4.3558626432638325, 750.3703637645808, 71.99955230010757, 20.06512332823594, 96.92919418746851], "[140]": [7.389109915048947, 17.559381118982483, 85.99932091504604, 12.9421719231493, 86.74225171138843], "[160]": [15.590631288628275, 7.31634827938376, 67.9985829671041, 79.47325960558597, 90.00481395550649], "[180]": [52.30745678637872, 282.3902128791289, 210.98529057784495, 91.44865768380738, 271.7112623370596], "[200]": [5.3746886284314055, 25.68436195750831, 605.9996928260992, 93.43146507796322, 197.9450718797635], "[220]": [79.39649183811356, 516.9545455821918, 834.9968504165279, 202.73112530998938, 209.46702125128246], "[240]": [48.12053427479279, 479.1637406135337, 266.97980145638155, 1042.0699831912054, 241.6727470767326], "[260]": [14.360444030964345, 366.00570885208697, 940.9996019673207, 2661.5911634914614, 296.60854136848576], "[280]": [12.096189398787764, 102.8884927482041, 742.9993200341751, 4682.1735366633675, 114.50395711503532]}