{"[20]": [0.870602939175398, 76.60748472930665, 6.490995958452666, 8.697173741820047, 35.82253404490796], "[40]": [49.24910552063608, 4599.640900273336, 852.9276080790514, 15401.266500562651, 161.9489007730376], "[60]": [5002.787025778453, 2249.7225043364847, 813.9436705636318, 111371.76549773292, 1647.081071371111], "[80]": [153.0889811763538, 142.79359942375322, 286.9892991341152, 205.12007078479647, 1574.3002686763234], "[100]": [28.845191546574586, 201.59428847093423, 368.99881207900717, 180.31633831080376, 1166.8395829569652], "[120]": [2187.552900104996, 1315.4096102506421, 2621.9998050170307, 1303.94860784736, 3248.667117951819], "[140]": [12880.606743979419, 134768.25079937276, 33258.999768704074, 44467.33396948364, 10564.971860081994], "[160]": [35264.027978405415, 257551.58202159076, 1605.9987011425674, 173871.7217157259, 27189.511826137103], "[180]": [12075.053941175356, 21150.724016969874, 28945.956572812047, 3409.7681402203343, 1877.5340442770926], "[200]": [487.45449148410256, 2108.763082590249, 7086.999328606871, 368.31249594321076, 947.7002794219568], "[220]": [2124.876164083423, 557.4048386712774, 1535.9962847089803, 257547.93106428118, 153.2862409100392], "[240]": [700.7123841912812, 25.953705871464823, 279.99064715573337, 103263.56967334315, 53.27472886894156], "[260]": [777.6143631448314, 4.00327507243507, 30.999584397307796, 78697.89509044819, 1.5218922800942856], "[280]": [2426.1740981024427, 2.080424308724887, 8.999300486175857, 32120.966441981134, 4.673390009189203]}