{"[20]": [2.0, 2.0, 2.000000000142683, 1.9999999999805025, 2.000001655803103], "[40]": [2.0123224219606954, 7.328253452551379, 5.998675371021983, 165.76715499192116, 1.3463481871102736], "[60]": [17.353049962163347, 2.646813322274835, 20.999544341683823, 38.241712278613115, 27.107731227746523], "[80]": [4.0742611306230865, 1804.6966648025152, 6.999874508954204, 142.85799897935848, 27.03004380873974], "[100]": [10.921703604650883, 3.9646225726356112, 16.999984637764324, 190.6372025590216, 1.8424752147680215], "[120]": [2.2482636935833225, 7.14634390736359, 5.999978281982912, 6.189125305731563, 0.7682617674502604], "[140]": [7.0530939868273235, 382.7478389620527, 30.999977700587362, 5.548595204349629, 31.67170833942942], "[160]": [105.33606365236734, 12131.53372560384, 319.9999670621178, 12.590383420083167, 322.2022648131022], "[180]": [552.6683093104238, 1252.055711949352, 2545.9966738558805, 1593.8602162204818, 389.1923073710527], "[200]": [167.46208453843957, 17980.616323320122, 4101.999644368125, 16213.74732634901, 336.08711949856814], "[220]": [1405.896627312922, 2752.457367401156, 2516.9943073479667, 18375.277641073557, 739.6994328434938], "[240]": [631.4364346408645, 1127.4446684843854, 3693.980483662766, 14328.416859776265, 294.8662585007207], "[260]": [83.90625328251889, 33.84105456979326, 686.9991072923898, 335.7105645034501, 151.95798588258748], "[280]": [26.698792303545105, 4.944491998599131, 77.99849658898452, 70.10379679593632, 38.03682074105368]}