{"[20]": [54.768645065911045, 75.0, 70.00000000041028, 36.91263379137472, 160.82773100526296], "[40]": [123.7400574204114, 124612.25332451683, 1310.0000000002076, 210.15054820152181, 236.82003854384106], "[60]": [3908.4151016602773, 4779.202764020432, 26700.000000000073, 4560.0678078943165, 26673.616281364164], "[80]": [77223.2101684545, 121528.36391020153, 29478.00000000003, 178824.41741611838, 20594.483506937162], "[100]": [3317.2028423664233, 48250.2142054321, 43774.0, 166228.07281176417, 1018.0193974979084], "[120]": [4120.865691260813, 10970.290951365514, 11122.0, 58595.38501492636, 1850.295079884093], "[140]": [3174.7075776042293, 48448.81852248962, 2445.999999999999, 24520.88421562991, 1336.0556249197266], "[160]": [2156.1582373613805, 5456.251223641197, 607.9999999999998, 5304.982587415952, 475.7015759175738], "[180]": [1524.9967964534817, 1.6998812918005476e+16, 142.9999999999998, 1123.3088131287595, 128.33784529899427], "[200]": [1148.4756917696968, 68.69836853506644, 32.99999999999999, 155.47145623543247, 31.659158897991098], "[220]": [956.219293852026, 0.515026017498301, 5.000000000000023, 115.87189113071327, 4.866786141883381], "[240]": [926.7067748714178, 0.07173414431242219, 5.095495857944973e-14, 128.76124219099756, 0.010208040725383963], "[260]": [1039.1031496813137, 0.0, 1.216073317155514e-14, 124.89351358550368, 0.0012512385047234718], "[280]": [1245.0027129645746, 0.0, 1.1374917389937072e-14, 91.51564500978452, 0.0002855354253333839]}