{"[20]": [23.077338728745175, 3183.8563195007505, 70.01565358551004, 56.249729044769055, 66.45905657227458], "[40]": [37.477765722629044, 275.3944126728345, 303.00000000011187, 169.7665490744937, 94.78938262711745], "[60]": [1027.3476004561344, 3607.6388373348927, 7980.00000000004, 805.0331095799374, 6455.27447302627], "[80]": [7866.015339235411, 16078.918863322055, 572.9999999999854, 59643.873173280415, 4839.9380504451365], "[100]": [1567.800847695802, 34255.32128523201, 7564.999999999996, 45360.49404881319, 956.5076566088028], "[120]": [2726.7142771677873, 1232.6262913361866, 1299.9999999999982, 11030.171008747366, 428.20518128300273], "[140]": [1044.5837056800985, 744.8206714062637, 328.9999999999993, 2627.1301940385893, 253.22096857061342], "[160]": [329.8874209052992, 3.984121286057814, 144.99999999999983, 772.7927710490117, 135.65034567055153], "[180]": [26.513917092655447, 39.71684371948288, 43.999999999999915, 206.22586223345047, 43.13931000980199], "[200]": [87.89378763566756, 26807.759581034235, 14.999999999999993, 43.89849977153699, 14.930542026349777], "[220]": [103.93107495197768, 38.423065140547344, 11.00000000000001, 20.82438520407618, 10.992925329024633], "[240]": [114.00154432717525, 1.0876375545322743, 1.0000000000000235, 23.522896878079905, 0.9994742368417011], "[260]": [136.11138051173583, 2.987861992421603, 0.9999999999999938, 21.816841370200166, 1.0000623228101122], "[280]": [163.4698281797506, 1.9999497490737954, 1.9999999999999944, 23.477597875202434, 2.000005661267358]}