{"[20]": [0.0, 0.0, 7.137977434246622e-11, 1.2965643611924093e-11, 1.266604183032739e-06], "[40]": [7.557876133515151, 1.0, 0.9999999998880913, 3.0006980257874414, 10.867114286878575], "[60]": [1.758972456242482, 63.74424918496358, 28.000000000040757, 10.287298644583757, 24.411725366397413], "[80]": [1.9837414922980798, 19.96529034680276, 8.000000000013742, 5.179649257967071, 28.92919596458033], "[100]": [19.39570653720756, 42.01786362664946, 20.999999999995453, 24.577619206178298, 7.703295514149495], "[120]": [7.524966397185871, 14.281565556238064, 9.999999999998494, 3.951230838797464, 1.4735103332501396], "[140]": [24.566441797653596, 69.67448880671228, 52.000000000000504, 31.48354831303361, 53.55583992317489], "[160]": [70.02701224331577, 16.631711302480653, 675.0000000000001, 24.902083310855232, 181.93284148255543], "[180]": [348.2970813433667, 1714.5950430510056, 1858.0, 531.6832365354649, 315.44167943409593], "[200]": [1122.1897493163706, 3565.286714285715, 1541.0, 4393.168649937214, 201.02503338877068], "[220]": [343.05949291899447, 37.709931664978285, 769.0, 2158.291355888391, 112.18976864526326], "[240]": [42.61976032519664, 43.400461663369555, 158.00000000000006, 854.4685169932923, 10.877134981863918], "[260]": [27.86132082243182, 19.301214382436964, 23.0, 370.36751765435474, 0.8678945971998608], "[280]": [105.2684664725803, 0.20561714950384835, 2.0000000000000053, 188.5164347328855, 1.306282246168899]}