{"[20]": [10.428571428571429, 10.982963723062088, 161.6099079558444, 10.428571428571429, 9.994368924728594, 32.80512736386051, 28.879506894785287, 33.09431215915702, 30.419706991814095], "[40]": [96.28571428571429, 92.52258039761865, 63.76106381008471, 140.07106027843497, 44.381893625731394, 37.97556771395652, 106.07348853802957, 38.060643230880416, 108.2000704044622], "[60]": [956.0, 622.0448708969836, 98.8677263140545, 44.824608246211255, 65.83299595758103, 897.5918344341519, 992.0602822110086, 459.68877948499596, 679.0510256556806], "[80]": [6867.285714285714, 3877.0240937098833, 1137.715510718337, 11262.750040085873, 531.9928271442768, 5425.212035506633, 5527.792212623881, 2684.3758773104846, 2820.3811314730565], "[100]": [18475.0, 938.7637400057683, 24560.529887173536, 8723.006082268534, 2558.98469575735, 4021.8259416566434, 3068.1019533988365, 5869.431053223903, 3158.996731797335], "[120]": [9285.142857142859, 2717.9185006276166, 27945.322856485174, 132981.39605755697, 146515.69303677737, 6126.59137607173, 1436.5431714082297, 5966.417839016489, 787.1605809428438], "[140]": [12282.0, 3699.3455236518766, 3075.6310794428027, 43373.639956308354, 26223.90963616896, 3722.3078884810548, 502.27758395354886, 3330.466090998714, 483.2676257086996], "[160]": [3405.2857142857147, 2484.1762769341694, 140.843818045003, 6709.19407151089, 6871.687782350542, 745.3937697436013, 246.55756099516657, 595.8257475984492, 227.07315531594713], "[180]": [921.7142857142858, 652.2168606503892, 9.953333341038388, 1545.2750632639024, 1349.1406040779257, 152.97311955472105, 169.02955372854024, 112.45089459137068, 156.7457939211186], "[200]": [276.2857142857143, 238.76597560268056, 15.93235087803248, 483.42698287106214, 561.788681881467, 41.089077832083944, 62.96013653643752, 31.180705689568526, 60.27869044163066], "[220]": [52.28571428571429, 402.59248840831515, 27.838201125308444, 692.2593654143084, 709.1269835241565, 13.008284789633315, 43.59698365251139, 15.27792111252036, 43.45379391706611], "[240]": [28.857142857142854, 282.65146232841835, 2.955918809296996, 585.3733926545187, 583.8080106545946, 0.44700109179989056, 15.960177867319576, 0.9516690279709472, 17.02220155459159], "[260]": [8.571428571428573, 316.102267897787, 0.20931398052581862, 455.3613234890437, 454.08900914620557, 2.1226291144264433, 8.800980511447356, 2.2315299273959415, 9.466978423390504], "[280]": [5.7142857142857135, 221.54276644991114, 3.170846064842797, 343.01398841747573, 338.789523348936, 0.544290606400653, 2.414107293715629, 0.5674330248666792, 2.6119133830802985]}