{"[20]": [14.857142857142858, 15.291268593012662, 541.1410289660103, 14.857142857142858, 24.505119774235176, 190.0406305512151, 186.37795527557563, 189.3285100095687, 186.5914038689248], "[40]": [115.42857142857143, 96.68073323141466, 18.887307013610027, 332.79757959707104, 44.77684079167312, 20.578273050205496, 131.01428817929587, 20.7249064032557, 134.7735144674803], "[60]": [123.42857142857142, 28.10511879460273, 769.6431695286626, 2791517.1786190593, 720.1548142220313, 93.00976057096995, 196.7427053086268, 123.01079555157747, 135.28062021497362], "[80]": [27.714285714285722, 51.879835347710866, 92.41618729132773, 827.6537678554489, 181.64212345051575, 101.34149855774723, 37.72540320906381, 94.14594180896938, 17.348785652368406], "[100]": [80.57142857142856, 61.137165661415395, 27.027661972141914, 198.73887042613035, 131.85238025233252, 54.9875635329621, 57.5603167821688, 39.35425123401399, 53.23562458114071], "[120]": [69.71428571428572, 101.41967621599679, 99.4058419493162, 84.30399689059553, 77.1617038913995, 176.86597570536514, 103.22098861138755, 117.7483140258166, 107.105004888498], "[140]": [2277.8571428571427, 1563.8463365471403, 1359.2322924256357, 1025.9944210687866, 1004.8653713607898, 2412.0608978198693, 2163.345034121463, 2306.443778421431, 2156.930697423053], "[160]": [8598.142857142857, 1305.6294864627816, 11420.68539140464, 4942.127562538106, 5024.195236453626, 5154.549150013393, 3937.039549289777, 3100.4379662023603, 5953.101780588315], "[180]": [5048.428571428571, 447.9477855958321, 16107.875874073568, 10254.662919056962, 9209.505762089853, 11872.121391876859, 13785.366106201505, 13636.864134121362, 10123.119358654636], "[200]": [4865.428571428572, 1069.1004955868389, 977.8941531406795, 4344.127024133173, 5888.280564920135, 875.4360585084296, 3594.0091234292086, 4079.660146170306, 4360.359717823131], "[220]": [1015.8571428571429, 663.2799201673984, 20.857335055066756, 324.1672676982191, 68.9886782482238, 207.9855464646737, 1216.9457824567169, 875.8425766324742, 1416.9996876034372], "[240]": [176.0, 176.97214380796868, 1.839693910422774, 201.99993741762637, 242.3006385433585, 37.221818073431535, 443.5962575831972, 182.17094689408756, 506.92011955293185], "[260]": [24.857142857142858, 149.48413500365155, 0.9741511845919844, 172.86423886621566, 182.87527493661713, 3.7420926398782512, 153.2683480735479, 66.85760995551175, 179.85664275166067], "[280]": [5.285714285714286, 142.1283700301019, 1.3321616210490406, 227.99506578687408, 230.32158198319337, 2.4283589866204363, 52.35983051538217, 24.18254566258157, 64.37118119405416]}