{"[20]": [6.0, 6.000000825687563, 6.0, 6.0, 6.0, 5.999997066097867, 5.999967466648388, 5.999997916354599, 5.999320681345858], "[40]": [4.056036212319678, 9.088930077286467, 1881800.9725825922, 15.559006211180122, 61.16875341093806, 81.46837655694274, 10.48195134166677, 87.1457208986561, 15.205834456290077], "[60]": [6.542162004364137, 2.5906772936532856, 2.100281438421004, 202.30376322727764, 33.11903864318657, 15.947406860630533, 22.56281080198447, 21.70533599640696, 18.846304174330488], "[80]": [50.98312404561296, 42.39320098955254, 3.0032943813580903, 33.03629477757979, 34.119719554383735, 70.12018149698606, 78.67101516986054, 63.94560531767836, 41.80190525751365], "[100]": [107.06303872427824, 94.52683054862477, 35501.87608010748, 15.040812094596454, 17.145001334502023, 134.88671297593646, 129.20687412762547, 80.9561952246541, 18.504488119696997], "[120]": [370.8975392273306, 319.5203684129394, 15545.473644443515, 96.3046483917581, 103.66139544770023, 408.4876011234824, 448.33458373283617, 148.22680623055498, 543.1667376664639], "[140]": [650.9507714734, 79.08168042070928, 260.4977616102005, 341.52244374435855, 350.1805700764332, 503.00468010688024, 471.78365537852994, 53.198484202952734, 761.4362826185143], "[160]": [602.7218665609602, 27.86552461590126, 15233.486086972505, 1002.0748257427691, 915.563997773118, 624.8465295922707, 727.6401917328541, 90.25487374143172, 144.16913327768756], "[180]": [712.6334146808884, 179.40258580713794, 4707.857722613353, 79.50517191094855, 94.29192958621641, 1156.275571486449, 454.0082289920772, 697.0677127123423, 402.59012867655395], "[200]": [1219.9538864761132, 110.53635619390414, 13.743367756333743, 640.3328615611025, 647.5946680145158, 2107.8488513916295, 970.1867273795975, 1340.8414001202718, 745.7694170328832], "[220]": [241.23080487043626, 164.2463106915106, 142460.3955678571, 233.71671591549276, 186.83685443912785, 2128.488737135094, 362.6695173390312, 150.53416899714438, 594.5792551733866], "[240]": [1252.8847267909916, 38.71960193595551, 546.4427503565713, 69.79573471749734, 137.47652661194795, 906.1136601091647, 1165.0990300223416, 1322.3433369098136, 1142.5260275306623], "[260]": [1130.4997758989205, 38.89821756789803, 33249.523701584425, 23.103739163560665, 36.219765633413935, 204.87333275047834, 562.3750853140539, 861.79612054146, 1176.865189277648], "[280]": [600.6810680486784, 34.35557627015848, 27.301300449296797, 166.96820436035523, 160.9283619940052, 8.243709616191229, 183.23743052780193, 239.0628113928593, 514.4712929772711]}