{"[20]": [8.0, 8.0, 8.000000000150173, 7.999999999987051, 8.00000192967922], "[40]": [24.533944976410027, 68.60663747649004, 53.00000000020768, 41.24542382131823, 64.99459085642266], "[60]": [2150.7554700372043, 1509.83168527098, 99.00000000007432, 270.1895031143074, 158.43059547795883], "[80]": [0.5285581152803331, 66.39980587762096, 18.999999999975046, 180.38259537050703, 105.4124478773797], "[100]": [17.516646306830012, 56.78821820392818, 1.0000000000082423, 14.269251858219377, 79.77016209880946], "[120]": [89.01151518511571, 56.07854460558627, 47.00000000000273, 66.06197236966281, 110.52545166960428], "[140]": [80.60950682551766, 2054.282890160195, 1970.000000000001, 778.95918282804, 1848.4544117732712], "[160]": [1627.8155301916468, 6123.02335764317, 7790.000000000001, 11182.222185616964, 1507.7376401332767], "[180]": [4154.033761535767, 20834.868919583776, 5011.0, 4187.236079538767, 205.20575585031838], "[200]": [354.7505155076037, 195.6846028012642, 3972.0, 16995.2158943997, 178.43726674135792], "[220]": [359.80735218984023, 50.156270050407215, 742.0, 6345.813165557724, 8.06686846476373], "[240]": [144.91618773196262, 10.11219024784252, 119.00000000000006, 2421.8751828854583, 5.73937369401775], "[260]": [163.64519174436444, 0.46124741283998105, 12.000000000000014, 1136.3958955176986, 4.999028308277093], "[280]": [416.94773728450394, 0.04191852688558896, 1.1374917526277464e-14, 623.8133906282067, 1.9103874024745886]}