{"[20]": [19.285714285714285, 18.174374681442554, 10.62128764711418, 19.285714285714285, 5.6972359272259006, 2.8979799902886043, 2.724605766098211, 2.896767782956598, 2.5419061592642613], "[40]": [146.42857142857144, 117.97161435895049, 3.977822168068485, 84.0294671685285, 23.81178620547371, 13.613917817185552, 163.49335197168693, 13.712407025110451, 85.8031822520997], "[60]": [534.0, 52.93812378559937, 746.6905461317842, 1681.9768951830367, 796.1192130172633, 311.76213340237416, 183.5821300523396, 23.877796472160526, 261.0688709897379], "[80]": [389.1428571428571, 146.82451379671602, 197.1745946180372, 5298.230749534205, 1260.2989122604445, 581.4241803115508, 223.08425078763594, 192.0069253981053, 41.06253572148944], "[100]": [513.4285714285716, 6.249564778460808, 244.05209195589305, 54.37908453788987, 8.971513525706996, 962.6862046998731, 328.6883505817077, 411.30303801406353, 59.63791314588707], "[120]": [805.8571428571427, 131.03071082003862, 36.34384524648158, 59.37159622675972, 52.65589682535028, 1472.5421733775806, 567.3873351912171, 778.3489937737586, 272.5409393229156], "[140]": [20418.428571428572, 4177.2558652012885, 922.3139953147365, 706.6028212960118, 919.7116467690757, 14203.662437941872, 12791.913349593575, 8152.345669302642, 10886.061965352845], "[160]": [2562.857142857145, 2382.744923597711, 36907.91924692452, 5031.339508132965, 3290.9534139649622, 6847.333528615447, 21281.787035579444, 24199.662111574347, 24408.201823536394], "[180]": [16933.0, 3934.9980095042793, 4958.60049327436, 6583.059650034404, 7573.655558327333, 10086.746757351106, 9961.738661443262, 10453.590466240483, 14222.970952499065], "[200]": [3803.7142857142853, 457.2683160998404, 129.18948792312358, 1057.0045990960934, 656.1567191406857, 1986.53977264287, 2122.8871669295986, 2016.5182036410388, 4509.040181023347], "[220]": [777.2857142857142, 135.62107534543247, 64.1788246509401, 355.58234292929114, 312.2149811713052, 433.99969585718804, 488.00703247065394, 410.07710479411, 1360.7056350968833], "[240]": [278.42857142857144, 8.579193309500624, 58.808366898196226, 12.83028071271633, 18.828833951857177, 163.6133641138282, 179.19534775861587, 155.8601599950524, 475.02094733772446], "[260]": [33.71428571428571, 155.1562369146195, 9.722729130930588, 226.86224325313532, 231.20238133630028, 28.42075696616662, 37.43172206336689, 25.637011501037456, 155.2795227239348], "[280]": [5.428571428571427, 113.69812797941995, 0.8138269289917517, 177.31445475289573, 182.25591701995094, 3.9707438976239935, 4.516538737280754, 3.1137288486428254, 47.90985431570411]}