{"[20]": [1.0, 1.0, 1.0, 1.0, 1.0, 0.9999979509750656, 0.999975983160714, 1.0000000000000002, 0.9999999672780131], "[40]": [4.857142857142858, 4.748687826641204, 0.9176151960703924, 4.000000000000039, 3.9275553855591694, 1.279986205183973, 0.011971374961820658, 1.2827722020126267, 1.1346875429337269], "[60]": [19.57142857142857, 15.214206028539664, 8.494639797853889, 45.45979863910034, 2.9465611931169917, 7.108111008866334, 23.570631411280193, 7.13800543843703, 22.082827371486978], "[80]": [270.42857142857144, 215.37771662771317, 4.428224334851393, 130.215967375349, 110.34718617589948, 129.02949289817764, 113.41804076300059, 140.93420176891084, 130.01940523795724], "[100]": [1801.2857142857142, 753.8447940770238, 347.26007139741705, 92.11725898322538, 90.59562455563082, 462.4299047022423, 515.9384792166929, 717.0766838560266, 706.7061045473251], "[120]": [594.7142857142853, 1401.5612497237344, 3315.631102047768, 3663.2426779476073, 3156.9630956573956, 923.2942707094044, 1205.3478299314002, 980.1818148319662, 784.3315709939407], "[140]": [1987.4285714285716, 279.61393690615046, 833.3715615064543, 270.356697196044, 167.40104028194355, 915.6690152681649, 659.3668533029295, 871.5781051909889, 717.3004510455921], "[160]": [609.8571428571429, 194.95362024715837, 52.6835976198131, 219.30388927558135, 245.86779804007483, 243.9694823105301, 308.44539183357256, 213.51745622344163, 275.28395338323867], "[180]": [112.0, 12.371080935155533, 15.383850242146124, 45.60333828008629, 49.119777301962785, 56.26022821194704, 121.72383561785398, 46.769664114165295, 101.20562355753816], "[200]": [8.428571428571429, 38.98291176549469, 1.5693166557009928, 25.172806669147302, 28.7899851464322, 6.743009237846449, 32.55048922009299, 4.082632448316607, 25.201819741392406], "[220]": [1.5714285714285716, 29.279494476464833, 0.6306095694604859, 36.98258096152743, 38.4448733562009, 1.4455188848581098, 6.13549212466251, 0.7618477933430392, 5.200961140380084], "[240]": [0.0, 28.41951797915374, 0.006309501243470814, 33.3304138247824, 34.26247491452135, 0.22445501050525146, 1.630152211770036, 0.05659367430447631, 1.2896665947182049], "[260]": [0.0, 46.048842473718196, 0.0, 25.22790656999928, 26.253551375794782, 0.0497745190592441, 0.32902426762088, 0.009870998069004978, 0.26745114689055854], "[280]": [0.0, 25.44005635051053, 0.0, 21.83439141196953, 22.65490189544453, 0.011038157945721242, 0.06958075099378302, 0.001664999585962855, 0.05121240673668485]}