{"[20]": [13.330298575502653, 13.65541194344264, 13.331298575502652, 13.987577639751553, 12.383044827130187, 4.271758528937637, 11.041335906870126, 4.9544658616096315, 5271.180039574726], "[40]": [12.693463064365536, 14.460855735125447, 1.0238224824514124, 7709.938244693531, 10.8296843814861, 17.968690379053335, 26.144577159645614, 22.2080590877042, 138.22374050490242], "[60]": [7.723925422139783, 7.257895546160414, 4.331050430750268, 34.929322323128375, 1.520298854464238, 22.426049991311835, 33.23980619742939, 21.01622517001587, 5.772273632239792], "[80]": [57.46046829901514, 50.82335589750922, 2252.0178823887945, 44.91656225107736, 45.12044454295462, 76.83888364399056, 93.19100517398032, 74.43981303690931, 52.85838725384012], "[100]": [159.07067293415417, 78.85752364125996, 51376.04130052889, 5.960891868374725, 8.675859604633558, 181.51804058477794, 207.2725384884814, 47.41213219887325, 55.81079893104033], "[120]": [405.8200162868804, 71.48806416135116, 51803.75364407211, 129.51020679081756, 110.73920367957136, 404.61065688519494, 465.4594127381495, 72.68731019174929, 2851.6701179428023], "[140]": [564.8826510749398, 23.250743032884937, 541.4986889892846, 503.0898726169172, 502.50923317152456, 380.47426842990006, 555.120472497394, 97.73612606605326, 212.29490015958214], "[160]": [528.5379448491875, 375.45039267354576, 283.61884410426757, 143.36375220559157, 70.17700351146513, 714.6089422775584, 200.16017087284771, 273.71016388682585, 126.02553777183849], "[180]": [1216.2245451135725, 189.62263516254765, 23119.15915802481, 797.197730305604, 657.721541666075, 1794.481847315683, 957.4684321862526, 1338.0072500436866, 778.3883015843295], "[200]": [1099.0782624277533, 740.4344864889041, 539.0152232996953, 999.4426673406665, 948.2534666762231, 1943.3932391335036, 680.1506870259817, 386.82482006209403, 206.6580627369344], "[220]": [1054.5549280848088, 323.57462947716994, 1427.1082915521924, 1253.9603775122557, 1206.6832798010232, 1665.3089390315054, 1111.9347733438037, 829.275974299089, 1026.9439724827164], "[240]": [1553.4446258891912, 195.06336361812956, 495.7523835005743, 595.2697013615134, 478.8817338561927, 469.38238319619376, 848.994247047024, 1407.4452118067895, 526.3573258738011], "[260]": [942.8669480803939, 51.702288915841564, 98.51346526468272, 26.024670680554426, 20.602731058894708, 49.558521163197184, 359.723022011125, 337.4803987949021, 825.2759067031722], "[280]": [424.9568507395863, 56.9010185728409, 35.63676433236569, 39.85250277062179, 37.31880234738059, 23.943095914851916, 211.62744212052144, 153.877338108119, 160.7339179810048]}