{"[20]": [4.07618974257191, 4.710901498146574, 3528891.0964461965, 4.975155279503106, 3.251948609677655, 48.73548284971576, 39.74396791405981, 1172.5491184520738, 2276.76639750255], "[40]": [24.119623360759473, 21.996137630435648, 20789.372722562755, 9.281197910650814, 16.201357425912295, 8.82236202607665, 6.352589081804884, 6.648359864379889, 25.381369724787366], "[60]": [0.8997785621315909, 1.7393655906616434, 157.5957384657898, 187.1372135970796, 122.92171696879015, 3.377172540770534, 8.134432171254582, 31.398265278793236, 786.6642914558408], "[80]": [5.908932929514512, 8.104311820268109, 11571.223945435933, 458.99197448537006, 8.310270604238067, 7.8759063257407655, 23.305668567358566, 6.512285193449991, 11.440077676894944], "[100]": [2.829880636450716, 1.8816353842021265, 2.874469788497139, 12.190575899360018, 6.315158764727471, 14.180342678510657, 24.565755008369088, 13.767513659950907, 0.353448562735323], "[120]": [2.973777547988675, 4.999463138465476, 3831.496995860593, 0.17959141640877332, 0.46882096016145125, 12.204284992064522, 24.615478270860457, 12.215778926484528, 0.6888169076876659], "[140]": [176.24424526927191, 157.5788566865577, 69.21510092986267, 171.59262764180542, 172.71087773385733, 193.05202270341465, 212.6932481579031, 193.00689385210927, 176.6896267861191], "[160]": [1565.3690859184167, 796.9015478214271, 170.2831487655043, 146.72016944465585, 167.80698807216558, 1721.625781167631, 1928.6493572955346, 1414.1762077139922, 1400.3535488573573], "[180]": [4908.4901177193315, 155.03141161137083, 6087.351165383491, 3324.1982400037436, 3343.1828350984383, 6312.831789081357, 7984.770002138168, 6312.831414434251, 3666.6647503922995], "[200]": [116.97437343113806, 1563.4960414992083, 235776.98998501257, 7309.145210659095, 8027.23736349307, 4018.3667864957943, 4162.577970585792, 4018.3667390833243, 3663.1048597487434], "[220]": [4368.745087227391, 695.9723214897991, 2172.1718406807317, 5242.839886539199, 5325.228941412391, 420.1942733871003, 2942.8336737098666, 420.1942625261636, 41229.55975349571], "[240]": [1580.950513594931, 279.75415420474627, 172.68629142195113, 1125.8651253046994, 1516.4132385603575, 446.98595002042686, 1751.8856577187228, 446.98591744436186, 8261.461649112935], "[260]": [177.04557313892735, 136.90294294245203, 2.6491972046938472, 85.0612062961959, 76.53027329234558, 46.877940877269296, 691.7903875765941, 46.86957472533299, 2122.194784812214], "[280]": [17.61845392460909, 91.31838844410306, 2.486995812395908, 171.0774065306816, 173.58047088327186, 2.6847798054902143, 265.8706575929396, 82.22562064460443, 651.2292200057414]}