{"[20]": [1.0, 1.0, 1.0, 1.0, 1.0, 0.9999979509750656, 0.999975983160714, 1.0000000000000002, 0.9999999672780131], "[40]": [7.0, 6.232332767484663, 3.1452491621969445, 6.000000000000053, 5.818064782811094, 3.7510779977890927, 2.4638049550683485, 3.75316047089912, 3.745738180526735], "[60]": [39.42857142857143, 26.58096688813984, 2.4956026634208612, 37.54810191783987, 22.482361020994148, 29.918161822486105, 39.067179117372994, 1.8760911744839674, 22.44612337197507], "[80]": [491.1428571428571, 213.83867851885998, 36.36678003925704, 98.73596566977233, 72.02769572978366, 278.4193233789892, 209.88893843461102, 208.76788869812367, 193.63550754614465], "[100]": [3729.0, 666.1093211587777, 914.0454091274514, 118.65209130688709, 79.79710551429798, 1067.5709634199739, 952.1851061462858, 1364.6198325566247, 1410.947509715419], "[120]": [1001.7142857142862, 416.71751290904285, 6467.856974491777, 2842.6249937831453, 1831.4943584340563, 1777.6359338177463, 1853.1231790227357, 2364.4056482938595, 2259.823628925553], "[140]": [4006.857142857143, 435.81108786346795, 1808.963032525161, 3090.499451387631, 1220.079851180757, 1798.1147472917683, 1173.7187596018648, 1724.8739978911726, 1368.2869879538011], "[160]": [1226.142857142857, 33.590449107890436, 84.42275846334098, 103.67941868712342, 258.78627157190726, 501.7559110873365, 544.4068909962241, 443.27354302395565, 551.1337553543372], "[180]": [207.71428571428572, 22.27442924345587, 19.747893812672643, 167.48019158162276, 111.13678752938179, 94.37851555169573, 184.40871436976477, 76.12027137380616, 182.28596102497613], "[200]": [18.142857142857146, 43.107580111483, 4.636176143347756, 24.065397929628624, 38.37256438486706, 10.358271714054084, 40.213542079486416, 5.3591480305882016, 109.27509768887506], "[220]": [5.571428571428571, 51.62616567284567, 1.0600097192604037, 80.40766603169153, 82.6800464539158, 4.924991079213763, 10.093643884296963, 3.656814166845063, 63.08857779591008], "[240]": [1.0, 43.96216854864997, 0.9783537546492742, 62.39267639399779, 65.02833505572454, 0.5814619540903619, 1.4347056163268692, 0.8905726140079173, 32.4911041174833], "[260]": [0.0, 39.553238650677486, 0.0, 57.457870447608215, 58.06521884818271, 0.19169548164662298, 0.4145073674191805, 0.2646340548347419, 20.445721233433915], "[280]": [0.42857142857142855, 36.580389892618086, 0.16616565525997895, 53.51860897788711, 53.25634262847143, 0.02012371008458898, 0.10723636557732674, 0.0032993528765844007, 14.000391063123566]}