{"[20]": [6.0, 6.0, 6.000000000071379, 6.000000000000011, 6.000001266604183], "[40]": [9.358942572380919, 39.335492252181446, 0.9999999998880895, 14.960611856005755, 11.793461345945957], "[60]": [1.4489209741205684, 4.831706617072037, 11.00000000004075, 10.33047218466465, 18.943759209923243], "[80]": [5.3403027002984516, 33.86745307777596, 33.00000000001374, 33.23056074573327, 50.927991186617106], "[100]": [40.91514240160748, 62.73171823990921, 91.00000000000455, 43.90618206788102, 109.0838191245112], "[120]": [25.197971752391368, 121.66742953201765, 227.00000000000148, 83.87530811145848, 183.83953462664095], "[140]": [58.82968664862483, 995.3645850299972, 320.0000000000007, 119.74496204908019, 249.37952884119977], "[160]": [80.60311358582703, 185.6012517729264, 164.0, 801.8006796493983, 257.95408272324767], "[180]": [26.876566478376844, 15.61460052672328, 270.0, 1072.2987634178244, 451.37111390578684], "[200]": [238.64898081301544, 293.020285366209, 299.0, 1664.942077503989, 522.1757215721718], "[220]": [27.44040571713049, 169.870869946938, 185.0, 2544.023689058775, 227.83197403020313], "[240]": [138.12218765277385, 38.53419004346824, 559.0, 2556.309006787208, 11.507847744470382], "[260]": [10.856704606607536, 199.13328854465362, 379.0, 1612.2876338490405, 38.89831007475004], "[280]": [15.029561227945464, 11.737178031668407, 220.0, 974.7467529697979, 83.92175413213181]}