{"[20]": [0.297903433584213, 71.51406215889777, 3.600354005738258, 493.5896336939359, 2.076484879058746], "[40]": [5.187223144399695, 13.38074518624314, 13.091545200980086, 7.1667150934397315, 8.177992069149704], "[60]": [10.422405081416747, 26.4007463069815, 3.7944468929284434, 5.365856545022086, 9.781819116716651], "[80]": [1.9786604451758336, 264.46236495952127, 6.975785205336664, 2.7561515495742865, 18.305206888658464], "[100]": [0.992606483016003, 52.800658140371475, 32.98288575390973, 9.43551982171669, 48.93375432521637], "[120]": [7.58358748402342, 14.392680401494362, 87.94735509659453, 27.137984759137293, 108.99816616240226], "[140]": [7.580343528208276, 205.07607462389748, 167.91945215888006, 12.71532546290817, 145.23096738765184], "[160]": [2.6051544861999214, 510.08346079685464, 160.8198530774441, 83.48889400211529, 158.17219775183375], "[180]": [65.49490017416103, 28.057396455364454, 275.9982375049898, 126.63321916248444, 188.90216961062094], "[200]": [6.8871291016780045, 640.3006192246359, 1076.9560480259245, 155.6441752628658, 207.2404496146442], "[220]": [55.69009675035159, 391.1547596585813, 2229.5077632015423, 208.60465337793758, 200.36990357704562], "[240]": [296.3798847046187, 969.8564611840577, 1059.3770134404683, 2375.711689830067, 120.90187380399443], "[260]": [524.072232991812, 1719.358099630667, 1929.9211164587987, 6539.773048302717, 577.9182109612223], "[280]": [436.4188218487794, 1110.9761492656032, 1975.859157491817, 4758.104258540211, 373.88394870921553]}