{"[20]": [0.9809639249926425, 1.6064897193091436, 217450.05123019643, 1.968944099378882, 0.5647199372095971, 1.8532169626343158, 2.43142610997497, 2.351673866788145, 16.216940697538828], "[40]": [9.579428813031258, 5.129488552833716, 2.093129268695475, 2.6505314626869847, 2.634354129732747, 0.42577917368639756, 10.94374399993014, 0.821759700447207, 9.655086460393276], "[60]": [5.554639059151488, 3.8503389332550095, 9099.376685615518, 25.577553542975874, 3.8128657234349648, 10.03508208923978, 19.57671686676465, 4.925732867929233, 11.97872184440557], "[80]": [4.82089993899684, 1.5351317156804662, 5.0507534927767646, 14.956023058910361, 15.786151757566353, 12.354900768309333, 24.44306032421125, 11.086728610255717, 2.476233311798992], "[100]": [27.192077159586944, 22.165871584090425, 28983.732333733813, 27.652205930547098, 27.83234598704924, 41.17946663933109, 66.84235363964297, 39.507790644444825, 25.216256406442742], "[120]": [44.93408218779207, 29.465602730915702, 18271.08787762232, 1.950919743567487, 5.778693014495705, 49.70502279424504, 66.59080420426434, 9.97519791781159, 1777.6057123657658], "[140]": [66.86329415192448, 53.58707218777161, 13641.463680219253, 11.672169098991343, 10.0751169406572, 83.78765910149963, 112.27297538237393, 11.421828532641149, 13.33865750148877], "[160]": [106.85009378085341, 95.81432899288966, 12021.546904824909, 47.836417518744355, 42.96023469843454, 147.33072336059504, 169.3556718429763, 82.38628115340863, 55.32863551118518], "[180]": [124.23299093531418, 79.0182476397102, 67.60224108710477, 14.606739086292446, 8.688204374580845, 178.93216225591806, 280.3565461679271, 105.79464795203981, 51.28639261288592], "[200]": [450.17615106848643, 13.309658263255066, 36926.0995418714, 15.014282403083438, 8.154806042867763, 513.2395529896447, 473.63472718415915, 360.04298872667204, 269.1472237085445], "[220]": [1053.5316059376469, 70.27723762317787, 379.7422532106684, 19.649034001242313, 18.94919320547955, 1675.1139189020098, 3659.0206877535365, 216.81387545168369, 376.9678862467408], "[240]": [853.1617862288849, 55.04297921713572, 19359.916045305956, 42.4219298301473, 20.468538750278583, 2231.289681702641, 5740.025128237831, 1515.3011096947923, 302.2240146782583], "[260]": [674.9578985428678, 371.54065165510804, 1152.8783268846412, 71.93814711598404, 23.29621156255613, 1179.585971055355, 3570.720310726284, 1179.5859708673938, 800.9510579292173], "[280]": [1328.2600306692395, 35.21307843928942, 375.5472878837378, 594.0815694478263, 603.4420963672834, 44.85899572599437, 973.5188505305192, 44.85899568931212, 2382.152652036215]}