{"[20]": [18.314549600260676, 11.999858638406836, 96.7525911847691, 16429.003714474795, 167.25309901296185], "[40]": [0.39249927284615066, 122.58998749326642, 4.253056375385845, 2.895781626173406, 9.468453350407362], "[60]": [0.499589676289633, 71.22793114060721, 0.8034162963554183, 4.741260013383292, 6.684179579351084], "[80]": [0.5587043070817235, 55.79358060996292, 0.005079549011682706, 1.5477109940509821, 3.1001576668876947], "[100]": [10.869241566501394, 14.059039799602035, 15.997480465047293, 11.333002636048239, 22.977668770244303], "[120]": [9.921863699940172, 10.368895300143807, 19.97770959910227, 2.3655710885671146, 25.920323631837565], "[140]": [1.1250801151602214, 28.715074611998993, 35.9852069592115, 9.138188385068306, 61.98766987810781], "[160]": [16.405290576759352, 1524.6704139351098, 34.99996906255586, 8.132623374597788, 68.0349484484972], "[180]": [7.740587692722778, 18.481234608500394, 61.999128646846046, 15.094095064709972, 83.98574671649503], "[200]": [55.697315210605076, 293.60036100019397, 337.99998075355904, 182.0289249411621, 247.0989370149924], "[220]": [32.715966696464655, 178.77724151612546, 777.9997609889208, 244.53375471934393, 193.1475500733897], "[240]": [287.9488860001621, 731.2902151467428, 1303.997844573026, 699.0283144362455, 1303.9999999208524], "[260]": [549.1292227189501, 1415.8356081429552, 172.99978792026212, 1573.4720746901016, 172.9999999879484], "[280]": [324.2327585732123, 507.23786704110313, 996.9996690141103, 2260.6982407733794, 129.20015174128395]}