{"[20]": [30.606683413611584, 30.00316498062542, 1499790.3592504128, 32.92546583850932, 11.286205482381886, 47.86022059768045, 31.288627289992768, 318.0472250455338, 712.0425982007812], "[40]": [611.7245337673185, 561.2617592101006, 101.86400563527594, 170.4081337614447, 260.88254235746086, 182.97241835371653, 647.1447526504895, 112.24422185317411, 660.1756989970601], "[60]": [13937.732397251006, 9695.218585748493, 427.31711320963217, 2106.3834219551595, 346.90329874830496, 12136.19054301122, 11816.963260497245, 6295.954753773714, 12603.902536181862], "[80]": [59370.51883420043, 2572.399289119913, 163134.34527851938, 96213.99063477576, 191847.6136522916, 4493.0605086479345, 6088.083433814792, 9516.877931329609, 13566.411771527712], "[100]": [45857.046033213475, 6024.833815916804, 83264.17870627141, 1342480.5220956733, 60704.25297738045, 27721.94119864938, 20088.431487640235, 25832.366282123217, 9544.593593056594], "[120]": [20295.657266658956, 4606.595975199942, 882.2655168707963, 38026.889082286565, 64299.11150066997, 6249.656370154304, 1365.9324473631204, 4928.868239125777, 248.7281475383501], "[140]": [4416.368285981629, 1233.7159952337188, 64359.285789960435, 8314.11898438402, 8529.179449781224, 836.7617114607457, 447.39642885710543, 616.9912907846949, 944.9716248937351], "[160]": [1240.2071646056067, 1130.599735799417, 1.892837124284462, 3556.6052541596177, 3667.981136239178, 204.51464905251595, 179.08457970226632, 170.38607031880477, 10142.347700592365], "[180]": [342.1425711617172, 1096.362621961263, 6.05256545899806, 3857.0865762996527, 3847.934230541802, 63.626245214420166, 38.78531436019007, 58.48122753317598, 5865.919146666254], "[200]": [61.64107266199438, 943.5600575619084, 5.6586631116574795, 3385.084700167927, 3523.7544161574383, 4.5584402507613175, 15.771711580675603, 3.8011850707003307, 1493.0291973060732], "[220]": [21.857805311491333, 733.1062278023363, 4411.820195935349, 1986.0018797217886, 2064.823547688765, 4.2351173486212215, 1.7194974827711962, 4.1250746947060035, 6.780424602652767], "[240]": [3.4646092198308356, 702.2769585680479, 0.33850698617926744, 1990.7346353864323, 2038.2700470450195, 0.9596598758033877, 0.07358820686212063, 0.9439518870009352, 0.6626648149358987], "[260]": [0.10009794803253641, 661.950231440058, 1150.5966179772859, 1694.8060575504967, 1724.6522652794406, 0.002361520922724563, 0.000771026703287038, 0.00012645181145229753, 0.019551953555932085], "[280]": [0.0, 630.5435034205832, 0.0, 1463.5155118075952, 1488.1287288041026, 0.0003285625654423704, 8.580249086786882e-05, 1.291154675939016e-05, 0.004396244463854247]}