{"[20]": [8.064940435941645, 532.380139530202, 4.970257951465979, 6004.685895905821, 20.313060436219256], "[40]": [0.728994055538313, 41377185.25839634, 53.98058825866782, 14943.187637189967, 3.7618972578835472], "[60]": [30.69883008321479, 243.69877849422247, 692.9871345050809, 639.4016084785613, 682.3595285891323], "[80]": [132.75732020181817, 6997.291842494412, 5446.991322279827, 2342.484865627431, 4152.3055150762475], "[100]": [2815.434601421432, 9572.247626697485, 12896.969918895986, 1685.9493163304867, 7552.441251180512], "[120]": [1454.646144341697, 17297.269930742677, 9931.939468736005, 1004.8534597876303, 539.182168332867], "[140]": [106.0600643181654, 1904.2928537975968, 6519.916120169387, 479.4664212009326, 892.7605890349013], "[160]": [205.59152053213728, 310.5684393909464, 1552.9067929386035, 125.6056881002312, 424.8951510612413], "[180]": [160.1788219310651, 22.494093659069097, 355.1722385351688, 88.51845667714028, 171.25571176422815], "[200]": [115.63137062250199, 21.498309561340683, 96.98792199586661, 803101.3974993733, 67.86155531735622], "[220]": [106.54981513122195, 5.295078791632878, 36.93356255195631, 39152.872306443904, 32.433105405807204], "[240]": [94.7009103379328, 7.642899129443719, 0.06804332974404512, 242518.56127484757, 0.7086313296043819], "[260]": [85.34503917363995, 16116932.725545183, 2.9971545121291445, 25122.926573167966, 2.8880556146642724], "[280]": [82.72393180600838, 0.1356058155491813, 2.9962520722993813, 22678.18068822844, 2.982474898007444]}