{"[20]": [1.0224638245524489, 1.6393313544345318, 166611.60047145147, 1.9751552795031058, 0.5655683330388228, 3.302767744262181, 3.45214389698574, 10.912803839778865, 54.40510837585587], "[40]": [3.34917629071073, 2.3209088923381263, 1.0601054362275648, 2.8375369686767483e-15, 0.2613528648771701, 1.246731279834922, 0.8395384136299018, 1.1302900991035552, 3.124441948343212], "[60]": [0.608722636424907, 1.2953248997055924, 0.5198576501734083, 50.14732265297263, 16.3349413871957, 2.20768248277329, 3.6301061724760633, 2.206640145248954, 5.220356816545554], "[80]": [2.864808622076637, 1.155700612499264, 1669.0743123179477, 2.8665604768060025, 2.744951214787836, 2.1810011748044547, 0.1405549214582813, 2.1564311913866137, 0.02021717053955797], "[100]": [0.0, 0.5369561843911446, 0.0, 1.4888124635881446, 1.4512726656720054, 0.002699689160841368, 0.02718504955233664, 0.00010862277801995249, 0.003820450917066571], "[120]": [1.0, 0.3214979210727806, 1.0, 0.29168764089771193, 0.31709878402277064, 0.9997440196149622, 0.996766998590903, 0.999999618682592, 0.9975001134342996], "[140]": [0.0, 0.5862102453650259, Infinity, 0.5479155820406754, 0.6047813565047973, 0.2834448140688978, 0.999695687219851, 0.28346869399657093, 6511.202673300819], "[160]": [0.16332298835906064, 0.2883685579683406, 0.48792699070444395, 0.36831380811250986, 0.40990602933480735, 1.2834664572212875, 1.9999631614278792, 1.2834687203786503, 274.3938703616214], "[180]": [0.8356091271431118, 0.9175743462679101, 0.4327955564317731, 1.0277826107424646, 1.017018971352645, 0.7165314954718592, 0.000397459134375674, 0.7165312786726181, 59.80631619712727], "[200]": [0.0, 0.2634865424393699, 0.0, 0.4005726092375205, 0.3984245350602572, 1.8635463738164626e-08, 3.343834334981932e-07, 5.308529872480258e-12, 3.498214719299597], "[220]": [0.0, 0.2957120761796263, 0.0, 0.4314457283895682, 0.4456012396936481, 1.733342053978384e-09, 0.0011467750340052013, 3.3086370489667955e-14, 1.1652469367002178], "[240]": [0.0, 0.27326832915117283, 0.0, 0.3495072977350223, 0.3604077315488537, 1.5379024330447765e-10, 0.00019430238289245327, 2.0862740117641715e-11, 3.4208747695786457], "[260]": [0.0, 0.24293300909922916, 0.0, 0.29376628394217896, 0.3024251491886727, 1.46344406284669e-11, 3.851855456773579e-06, 5.147745835013647e-13, 1.0652505767453133], "[280]": [0.0, 0.21732779594710105, 0.0, 0.25338578336411205, 0.26043617486411713, 1.4153373734564028e-12, 4.520580533142554e-09, 1.5304674715663642e-12, 1.0606989413708003]}