{"[20]": [8.714285714285714, 8.992449466096195, 9.0, 8.714285714285714, 8.818181818181818, 2.9806761450110564, 1.5737059832472964, 3.052972749203443, 2.2823553338961613], "[40]": [95.28571428571428, 61.771536708571645, 21.499274951492794, 66.76086934905092, 45.737978764235805, 29.022692981227323, 105.20796943454161, 29.089225404813916, 108.07735993309386], "[60]": [1432.5714285714284, 662.5739046163478, 8.638999457076352, 207.33049460231086, 37.73866730223858, 976.5551643491536, 1075.8264736366402, 611.711915452812, 622.2522296739485], "[80]": [19582.428571428572, 5260.008135142933, 6140.27913621466, 12107.67741938559, 2930.7448074152417, 6178.314019347854, 4769.757744203198, 5354.568074207651, 6511.94964663429], "[100]": [4245.285714285717, 5638.451647945898, 46223.42835525992, 13468.654990182695, 16254.225102762459, 9659.254760940254, 12108.906241929682, 11026.650198556556, 7033.545580131249], "[120]": [20640.714285714283, 2207.556828670673, 7013.562397105099, 33418.93459071964, 5793.3459027177705, 8189.888518502863, 4537.495650102479, 7646.128717279604, 4287.640049992733], "[140]": [4723.571428571428, 1314.8589478186605, 133.3880037539775, 1856.869516681567, 1551.699014406372, 1560.7602577622956, 620.116354452944, 1361.9724176163463, 610.0489102553379], "[160]": [814.7142857142858, 217.20910417039886, 25.109071777774147, 85.42322123407052, 159.68242393467108, 275.2664913563867, 102.18008396027983, 233.2002259762686, 127.75292360582978], "[180]": [124.0, 163.44792334488375, 2.0067063014509188, 333.6769703712265, 356.09899200490446, 38.74239061905266, 10.11600072033606, 30.780235712522696, 19.89616382471688], "[200]": [17.714285714285715, 125.55379515393543, 0.4702726014588361, 360.8475827384396, 379.8928934202627, 5.48227525301437, 1.4343634052715277, 4.031680667053816, 175.92677292240666], "[220]": [1.4285714285714286, 137.25682532069186, 0.5388804469187511, 320.73024638784995, 330.8094751821525, 1.0156089556486465, 0.8264579580184765, 0.7646936531275788, 122.26033658182892], "[240]": [0.0, 119.0927892064301, 0.001, 256.20659935897737, 261.94868540919884, 0.047885998424089256, 0.05017117293843205, 0.005893094116216659, 106.63152337857595], "[260]": [0.0, 100.9615815221332, 0.0, 219.9814733238499, 224.4716031391949, 0.0076672651738956465, 0.006755769445408958, 0.0006496882229246298, 0.04245151916504079], "[280]": [0.0, 91.6341112522914, 0.0, 191.42781030793267, 195.062103544003, 0.0012276412693264336, 0.0009069574128428203, 7.382595448023123e-05, 0.006700191939313704]}