{"[20]": [11.0, 11.0, 10.99999999985216, 10.999999976813129, 10.999996755970018], "[40]": [43.34670059914124, 492.5706342863126, 198.81828098072384, 35.288297973531996, 221.71363034564547], "[60]": [287.5196724371548, 2316225.838619106, 5756.625482752779, 2624.8348948983926, 5311.021514746389], "[80]": [9353.2024277177, 46782.23144892572, 21804.350032919716, 44322.499292394474, 19269.46803584548], "[100]": [11984.118681554475, 19795.111718715132, 18957.67085486459, 80456.12804303791, 819.0816673335547], "[120]": [1889.1201193746806, 86034.33540354947, 6417.201065903749, 58413.021774816865, 382.952383566725], "[140]": [290.9443033056953, 47073.05423054183, 1182.7430610783592, 29281.349121382318, 503.07859354908356], "[160]": [263.8242041514431, 5673.457104893284, 340.8105173101265, 12459.50948627491, 243.095745227745], "[180]": [262.33103170532263, 3249.351134565242, 101.85457333766539, 3543.2372732198487, 106.42249635728969], "[200]": [248.7433207137196, 94369418.17327614, 22.748765724868246, 1658.814902669752, 21.410600410621196], "[220]": [234.02409825911423, 23.35668362872277, 5.327686469088166, 1597.1959941147556, 6.902376873179617], "[240]": [225.61351311758364, 4.057641446796772, 1.802566011835198, 5186.846766607124, 0.9910040965720744], "[260]": [226.03130314084672, Infinity, 0.06870328290240232, 1903.1894297827334, 0.0019465529048562074], "[280]": [234.2252499581431, 0.0, 0.05274998142844356, 151.12175909941334, 0.00013761757034224984]}