{"[20]": [31.0, 31.00000082568756, 31.0, 31.0, 31.0, 30.999997066097873, 30.99996746664839, 30.9999979163546, 30.999320681345857], "[40]": [642.3338336569349, 524.5002010603758, 16.92758868300461, 700.8757763975156, 12.681120884250278, 19.757119569869985, 673.3759575746639, 135.82947664034543, 427.29546500227053], "[60]": [13789.44948491103, 9235.29773063466, 1112366.3574182058, 4341.595584171605, 3931.3531458438715, 9111.50556518524, 1305.649903173266, 689.6700580782277, 17543.990884263272], "[80]": [9751.601322966348, 17782.323053247426, 3617841.775040474, 170713.8578515624, 223999.39036463478, 9542.786694411692, 13492.213049107986, 9082.131488332236, 2085.774269037528], "[100]": [19086.42327198933, 751.8381115142669, 11662.886865541053, 1427205.0393919675, 454959.07209632697, 8411.47626998706, 801.9773147186842, 6646.49821290425, 1505.9919179631072], "[120]": [4145.930235455593, 1195.4951755999386, 169.04251337512517, 30.147237607150654, 2554.515487703813, 1198.6264672913865, 472.6987459965605, 842.3586005960487, 286.83313926769864], "[140]": [780.1050892503929, 676.0402222606025, 95.38954801882507, 2229.8648556460184, 2142.9439169112507, 99.31762314105218, 324.4834701835334, 43.218574565204314, 275.87407566415686], "[160]": [267.6108786606838, 734.0577968246001, 32.49196163269238, 2364.6553756568524, 2436.394536324349, 48.28934966177172, 112.41752077643862, 39.621952943891664, 112.30660286295371], "[180]": [71.53844557975093, 548.9867698567655, 7.087979832233205, 1664.8353100339325, 1783.4172082040604, 5.740695265530662, 42.089163377960965, 4.4316931241113835, 44.3134884341415], "[200]": [25.504589804382526, 442.94079904111356, 6201.552567269468, 1308.3945495471505, 1349.7817360633098, 2.712347481825458, 11.755503031870955, 2.5182195178647135, 12.955562467157588], "[220]": [8.733483270307858, 417.80049106052763, 2.6435397433885335, 1244.8357293241374, 1263.4973568526711, 2.914343240206278, 0.5050876300844195, 2.8858027352101185, 0.8350617413812853], "[240]": [0.43462337252472805, 388.1741788805503, 565.3078375451414, 906.2191555987716, 937.9981576257343, 0.004206140011304787, 0.004886372710403818, 3.657633118258642e-05, 0.025231170343950293], "[260]": [0.0, 367.91298780815873, 0.0, 794.8634653833893, 817.7767016055545, 0.0006106704366359187, 0.000621189414199082, 2.8471740972662885e-06, 0.003745686050173863], "[280]": [0.0, 347.1183249761705, 0.0, 682.5551511609284, 701.6340787360516, 8.86578089610592e-05, 7.898745212408633e-05, 2.265399743757436e-07, 0.0005754410780055733]}