{"[20]": [12.561430107033777, 72.42034787641678, 11.911833222644676, 2797955.0432618684, 56.91241841619004], "[40]": [25.442326855582618, 34.27149814700292, 25.028419203155547, 24.3181057109059, 23.628444991584207], "[60]": [32.519538492556464, 36.832183445516016, 3.7326586283483767, 8.289898269546963, 41.550359383015454], "[80]": [4.789836996780037, 36.66506338037868, 65.4971844973721, 33.76458149505243, 103.73403982332518], "[100]": [64.31662418311565, 276.7635877615201, 198.7086193535353, 41.6894324559761, 257.54521674321], "[120]": [11.476029416564922, 1028.6843497771902, 373.71830469033057, 32.9508154603853, 386.1023747770626], "[140]": [56.167213534183475, 635.2449413121692, 503.04701023725204, 326.7619080169618, 729.8229721243654], "[160]": [45.92280385971043, 883.2902419437969, 430.61883657586094, 900.6408773543524, 757.3224869756174], "[180]": [152.3440538801795, 1148.5161617391275, 1033.012820523087, 942.2551932118771, 1748.6164607485318], "[200]": [95.94499118692723, 385.3090446346135, 3310.0660305793867, 991.9789372016745, 2363.5857785714275], "[220]": [513.3939376533756, 2309.181771571654, 2733.289068342623, 3378.645196145363, 786.3335993433527], "[240]": [119.78833145685603, 3710.4534552021883, 1081.2841774542703, 8240.651712038785, 241.85177472037353], "[260]": [906.5649049566126, 311.88617370547445, 3874.734997974791, 9256.264006885318, 454.966520649822], "[280]": [262.7188975580593, 299.3218073395168, 2223.284359825954, 15395.634054478647, 79.49029869085504]}