{"[20]": [5.0, 5.0, 5.0, 5.0, 5.0, 4.999997950975065, 4.999975983160714, 5.0, 4.999999967278013], "[40]": [73.57142857142857, 33.086959169117264, 24.275362618314816, 73.57142857142857, 47.084975669303105, 14.979924509470337, 72.19703201415184, 15.138866555583135, 44.467342786827146], "[60]": [2031.142857142857, 686.0102531649661, 240.5983757339518, 139.26603574977207, 517.7921755490306, 408.94704531478556, 482.6903369828019, 756.1887760796756, 270.7345379556], "[80]": [8359.714285714286, 2397.7587700698496, 13670.78685964255, 2204.881593065402, 1391.7015748714293, 665.1140922310733, 1115.534586969592, 398.960742360563, 1175.5975129503277], "[100]": [7191.857142857143, 495.5122750432911, 5250.818592095895, 179108.9972302676, 47492.30425671565, 3356.250359280739, 823.8720329477728, 2953.59120493963, 1020.4446537782242], "[120]": [2055.0, 387.1554521895814, 19.35312703096588, 1350.0895398261864, 1410.0595004190218, 629.4798939290504, 27.873614146552654, 494.9222635622332, 6.63223349509849], "[140]": [347.8571428571429, 271.1259037602458, 55.56100246961677, 374.57249232825166, 394.8459400578913, 69.71562191366075, 162.66248306149404, 44.407116811507535, 161.10364190486018], "[160]": [104.28571428571428, 139.25583826224874, 1.6690282605916593, 172.24488703499924, 198.72414053531122, 16.747082603816324, 69.22235536895886, 12.418494386039015, 73.60060522323373], "[180]": [31.0, 80.45947360772652, 2.469876743393698, 211.8399824354908, 215.64969419518192, 3.02045390629862, 25.556949456354936, 2.309421307046904, 28.240389645770023], "[200]": [4.714285714285715, 90.87457052422224, 4.849575309121022, 201.47545789931692, 201.43949582149398, 1.70230576419773, 11.608446232050479, 1.814978684910816, 12.762149160686036], "[220]": [5.428571428571429, 71.86840129181292, 2.28748497750279, 149.69619365444626, 151.59861227968378, 2.167488324695533, 0.40348357808622826, 2.1499452268087644, 22.217323513401887], "[240]": [1.0, 61.635994684300385, 1.001, 113.87800300264493, 117.50538140600489, 0.997255127653074, 0.9894541799986976, 0.9999726055462679, 5.974224037650613], "[260]": [1.0, 58.66180522690456, 0.8066199361597155, 109.99597640049684, 111.8423062017536, 0.716952325616859, 0.1110898906864926, 0.7165335548049919, 0.02522466418044799], "[280]": [0.0, 51.737132575200576, 0.0, 89.1239681384416, 90.55336474512842, 6.458486233910102e-05, 0.00021058732620964074, 1.853491971272551e-07, 0.000400620776317463]}