{"[20]": [3.0, 3.000000825687562, 3.0, 3.0, 3.0, 2.999997066097868, 2.999967466648388, 2.9999979163546, 2.9993206813458584], "[40]": [23.393260109791857, 22.245800065138358, 24.122441748461924, 28.801242236024844, 1.7143685071062071, 15.626013963488516, 15.825919258771641, 25.254862993738467, 530.9704755379647], "[60]": [200.87958878378402, 119.01984296765511, 117283.9220270933, 174.47981377300383, 62.649042549855096, 112.65633046483, 194.5791882626083, 53.979865700441, 9104.69935384463], "[80]": [1382.1638256673994, 1044.4643922091275, 120.43921876091507, 549.9768011964373, 302.36933518846365, 1266.2632384516703, 1388.6816613272024, 773.3872243259256, 2510.539800719351], "[100]": [6099.480305717209, 2398.1521097536433, 1218.2519537325668, 2958.5981962993633, 3179.0033813229793, 4135.099721642843, 3400.2170367165804, 1998.7766908976917, 2362.2286471338157], "[120]": [7544.183378564142, 1720.4665104291435, 132002.9743847862, 2672.4774784676633, 3105.0470315212715, 1936.8733685986613, 422.55796413454584, 1218.371827463552, 1014.5010441414007], "[140]": [6028.56602132946, 209.78920153931014, 1351375.1964250125, 14313.352337450378, 14535.832876976794, 2666.4996529723853, 14.571210040118848, 2414.9104568775365, 109.79768546398175], "[160]": [6104.170253375475, 1453.4776972574673, 449633.09851879417, 7826.675918732528, 6177.281533041897, 1972.086167013343, 453.7782830795475, 1629.5045304573714, 282.7014577110623], "[180]": [2135.3486232048112, 200.53623536369835, 103.08737951222716, 227.33111639039473, 62.13379798652661, 620.2349246637016, 60.13796049479432, 488.2728100110133, 10.499171932864707], "[200]": [546.7493733545073, 324.92301724884, 14.6611383014543, 3.4274407501849393, 133.64950046842608, 121.01833400813409, 34.46466240766338, 82.41874601445535, 53.0894878859821], "[220]": [141.14447436091362, 335.4578137379912, 11.647177951881487, 430.80922406398287, 420.1496479848902, 11.57254496487557, 40.07532768607849, 1.5462125472687895, 3792.5055310434964], "[240]": [56.339117694317615, 379.2909341614445, 3.1752892386962945, 356.5843575225749, 356.99288100781666, 7.171309303247871, 19.499555471933537, 4.350132433582783, 20.285801666939175], "[260]": [17.777078047093962, 325.1891499151041, 1607.963888503391, 357.01011025204133, 351.26453809093056, 0.6602843215000087, 8.294251534949964, 0.02038063643001654, 8.414616585493148], "[280]": [6.8706874387482655, 306.13135040001396, 4443.7208974243495, 290.9685531861449, 287.15725737707726, 1.0607858518654882, 3.6006335041366717, 0.872161028871693, 3.4561484713363306]}