{"[20]": [22.35259569036555, 17.003476165260057, 59.14398524940989, 197.89945383060936, 8.50241610740433, 25.474407400550437, 14.71228607695194, 16.074306593110997, 17.55554603886139], "[40]": [577.5914011251796, 185.90525639226496, 113457.2963848978, 12272671.897055931, 64.6942607755456, 461.49790429621777, 421.70969331737194, 140.290324339171, 297.855073404176], "[60]": [13038.863758870762, 4787.661220794766, 1476.8333856866261, 1301.85921296871, 97.96164113442828, 7930.503921241413, 5936.932110146473, 3248.4150686382986, 16072.46175072495], "[80]": [24352.152053466183, 10979.254213876176, 73975.15875025789, 8086.135735916146, 13963.564769218956, 5303.22092462948, 4589.853367409443, 3530.336859992256, 2641.2421677534553], "[100]": [28026.52380433088, 681.6364299489805, 12747149.533903392, 70669.25035974913, 1233.8670177056968, 13251.971240789611, 5311.723318542969, 10333.334976466818, 2945.2195306136146], "[120]": [6582.764274682766, 1054.7638447288205, 182.60210295342546, 7003.953762650539, 1964.3203176864633, 2255.6942701147677, 80.79847210393282, 1773.2055121382266, 246.42315011518514], "[140]": [1461.8217873826889, 414.424693350081, 8.981341017051442, 719.9038775720672, 716.0180484735139, 430.4186835267992, 105.21898053100551, 368.6348047671799, 339.97265763977657], "[160]": [336.84439157162245, 244.61178527352814, 8420.557089580612, 764.87970105896, 807.8809699075601, 67.49380609029298, 68.18999248050099, 59.63067863248147, 169.35959633909928], "[180]": [73.53380391017691, 181.576226766483, 22831.49280804665, 399.69233808520096, 462.224629129226, 7.131088169672798, 27.020752706058694, 6.1377668610685445, 61.306238894255024], "[200]": [24.698099388212388, 212.4490415012786, 2.9413872201633655, 533.2110375946908, 563.5617566273323, 9.640751060207352, 1.8122905240926797, 9.516407262313711, 7.178355118558254], "[220]": [1.1555874298712927, 180.2215301948673, 1.5805039680020752, 394.02956328158035, 421.5742486160249, 0.8184267736085941, 2.927283268056402, 0.8335759421532628, 5.645928664724117], "[240]": [2.997198360353053, 168.45314422146902, 2.43020233004727, 337.1560111003229, 353.14348425352887, 0.8680654463275129, 0.026451361133788282, 0.8661552399047238, 1.1523956717006794], "[260]": [1.0, 159.32314075745285, 2057.47896929193, 288.89724164680234, 298.1897985896327, 0.43330042554423737, 0.013035535467849975, 0.43306498240606867, 0.5960036084938733], "[280]": [0.0, 153.04398915312598, 4.8311520019739564, 257.0969275771002, 264.06930705994705, 2.9146981628575637e-05, 5.154531673108275e-06, 1.880586359805058e-07, 0.0011966635412009922]}