{"[20]": [1.6895564872086581, 11.999999875423248, 2.723061029231033, 1716.1614987308099, 3.2243705774466394], "[40]": [5.57116313096155, 1347.5016142535312, 66.98491667072547, 8361.173141820555, 12.719787069921505], "[60]": [70.39562481444516, 259.56303455158525, 150.98718483566998, 234.9293873846191, 181.10294352749264], "[80]": [12.393635458422004, 654.4408169855582, 9.997571743005832, 85.57320524585646, 174.46185969195008], "[100]": [25.29610893115849, 21.892455205311286, 56.999259928227495, 62.5712569066947, 29.5445886323795], "[120]": [6.077131167869133, 1826.2382102708702, 14.999433981751237, 16.116301140407984, 37.419457093976305], "[140]": [60.14481203725372, 7671.432937269198, 1505.9987924366594, 403.84991509365784, 1451.9881835741917], "[160]": [1071.470403388361, 2815.2302725502914, 7928.993792973032, 3195.696359709489, 1920.2908997917991], "[180]": [2135.767928716483, 12519.900970036482, 4701.805872738349, 3143.7734528594046, 380.39227988137606], "[200]": [66.14914682055593, 549.6164364182438, 4049.9963310645962, 1545.010574350181, 371.2323342476329], "[220]": [120.92052384963063, 67.00101519376041, 828.9795328713004, 14250.305072701642, 103.39799125204738], "[240]": [51.16600986653644, 10.345161607455927, 161.94846259141625, 7940.3633796567865, 42.9627578494218], "[260]": [55.76351482882195, 21.69959785941793, 19.999386506165607, 5895.1643341814, 2.984645927031821], "[280]": [123.55146403467846, 0.2818293496811185, 2.9987287813725643, 3896.204407527283, 1.1049871851168802]}