{"[20]": [0.0, 0.0, 0.0, 0.0, 0.0, 2.04902493435812e-06, 2.4016839286035485e-05, 2.9658181560170987e-16, 3.2721986845422965e-08], "[40]": [6.857142857142858, 7.510109255841737, 42.097751500929036, 6.857142857142858, 25.550116126901123, 20.84531414357363, 8.492621761296988, 20.76059254675019, 10.88463358902058], "[60]": [5.285714285714285, 0.46151727686813615, 1.7246979462525225, 117.6950136911052, 20.803670172266806, 6.105297199845577, 18.346303321735213, 11.37247500187869, 20.511518354029352], "[80]": [17.285714285714285, 7.868815921133027, 7.848970215285277, 17.485208361500256, 14.077714318586423, 20.078645016914216, 42.02603795620213, 16.226781773505216, 7.585048294202515], "[100]": [59.28571428571429, 48.554654172972164, 5.042879885023183, 12.095828048139452, 13.901514064125138, 62.12299239350999, 86.29860200279313, 37.019850595756736, 18.08231933247862], "[120]": [186.85714285714286, 136.04500621457555, 71.85959075897631, 41.56343575104182, 43.522954495465854, 172.25838058229692, 222.24885588217532, 76.72195809341741, 85.73704322871697], "[140]": [386.57142857142856, 33.24391668438943, 92.31780421060012, 132.1787795301368, 122.87768804612278, 207.7854453603154, 239.10890971913796, 25.670962375756744, 20.552342571444342], "[160]": [423.0, 9.454826401603668, 130.3254438873264, 280.84906248527886, 255.79315380757225, 291.72404426597495, 398.8622191446391, 71.68107014595603, 128.3224108812235], "[180]": [368.7142857142858, 34.80253742609921, 36.5822640532424, 2.437207294325617, 3.1258398993818446, 469.4362179784007, 172.48264558079154, 245.82507196494362, 157.0760081426879], "[200]": [816.5714285714284, 121.25540823868687, 79.63539819992548, 142.59305445282553, 141.90716215462635, 1072.6443200924896, 544.6003394442137, 714.9541067780187, 456.7798929605333], "[220]": [55.714285714285325, 0.67741070601096, 669.3979735772791, 157.20324536088083, 139.42543847210982, 1367.9802792259688, 54.7568771956212, 10.046313985334564, 212.97064634123035], "[240]": [830.2857142857147, 50.17789438142336, 352.3311973102368, 38.5205552407474, 6.653118664890826, 527.8275571646891, 639.7147673313884, 755.8765497124978, 640.5226024824233], "[260]": [759.8571428571427, 17.68755560242448, 150.83221753385055, 39.34315422476698, 41.678041975316546, 140.04136029595702, 339.4132849556395, 514.0991709672658, 344.8092673174656], "[280]": [481.2857142857142, 0.5552524674765209, 58.14170333688878, 49.47628248526644, 48.41341846849991, 33.31072958003085, 170.08909060345707, 203.3639140563954, 293.5521766198592]}