{"[20]": [16.142857142857142, 11.479777527041598, 2.187450923254289, 6.856914153270537, 7.94293717899841, 3.5866727582697813, 4.32292274836408, 3.5881867945520263, 4.123903417355532], "[40]": [29.285714285714285, 1.2405812796375102, 39.52800269380708, 40.812420298356514, 7.286339977233638, 38.83011022306759, 52.32137642908124, 38.7302208575764, 1.011751128615515], "[60]": [11.142857142857139, 0.1727849923568101, 33.350158818283546, 202.0479730976341, 4.661998911296109, 36.196968533192916, 10.102686676547563, 36.46834085463483, 6.692517356091685], "[80]": [67.14285714285714, 37.507160785127354, 7.514738061178605, 45.33822127434428, 49.73323942805274, 90.89610752113293, 38.52752017696292, 80.38347115871704, 21.56777045885292], "[100]": [170.71428571428572, 131.6528063182747, 46.88105297548225, 94.77940226862108, 73.22315010298553, 198.48276637098968, 121.54440533509393, 141.93393564118105, 101.11386142961442], "[120]": [623.0, 185.4735566258155, 142.69724796124024, 14.76399228785067, 10.876829023492974, 522.8206415374611, 389.3456329221151, 198.05676234259522, 154.9307494518266], "[140]": [1017.0, 128.81497280180065, 171.63146382715013, 183.9978240122946, 80.6433028380684, 749.0530259704169, 499.978978853474, 124.35850698172317, 408.64590888974635], "[160]": [1130.4285714285716, 172.23367925575258, 60.05459913318282, 182.97662089007463, 194.73291269553192, 1144.4849115335146, 602.8131225176412, 717.3674398799722, 466.91595478662384], "[180]": [1964.2857142857147, 422.94969080791816, 249.59525724776358, 297.48848934677335, 274.47166322699195, 2272.374646393044, 1293.7518187718524, 1592.853232715158, 999.0040016898229], "[200]": [5608.142857142857, 174.33411124096892, 232.7063417576028, 839.4053123190606, 848.0502558367225, 4898.4578239461825, 3527.2044819154453, 4628.727079561631, 3040.1358207543853], "[220]": [3215.1428571428587, 533.8232087994184, 3434.409004435631, 141.81536452474393, 148.77184518334252, 9068.37061961953, 62.27333046570493, 980.2067861135911, 430.53392976502073], "[240]": [3596.7142857142862, 38.95530125092773, 3330.1337735964553, 409.9322012750454, 462.043422739971, 4526.752062463711, 3083.1018974358994, 2951.817169321992, 4581.740077399947], "[260]": [5819.5714285714275, 654.2694652491009, 1812.247852039147, 961.7162113345803, 860.7680402967126, 515.0186395301025, 2453.153409344035, 2495.527093576322, 2529.465780898421], "[280]": [3145.142857142857, 35.63017198798025, 292.6205233477449, 160.61131017120897, 113.4098976765199, 225.16304315763773, 1384.791569184351, 1337.7269635138236, 1802.9009123296864]}