{"[20]": [177.73075229042425, 4740415.802978162, 962.2925272855634, 238.06459596923725, 1949.221021874266], "[40]": [756.8476349328063, 351.30953677536473, 2543.377376173379, 3510.308768073301, 5571.050172012481], "[60]": [171.56742560131892, 384.87830102604255, 2220.5931371929746, 8263.021274981853, 366.3443253685935], "[80]": [126.64921947494634, 137.15329180697458, 81.89937485229746, 5619.692401287594, 1.4889095112010065], "[100]": [86.01520459909038, 86.70167012300378, 191.99880119100857, 4635.1273349563335, 178.9237492533712], "[120]": [128.46193577607445, 153.3753887410153, 260.99957392511675, 1260.9489310618048, 259.6946834770967], "[140]": [36.24720004951312, 466.1267857309283, 35.99991224414607, 1454.5567273784563, 35.743914809289656], "[160]": [68.92545642523304, 41.80470924445218, 7.000016572393389, 1207.7755273043672, 7.003206609046028], "[180]": [45.55597548526839, 20.56827799074644, 37.99999589917672, 244.5669632290798, 37.98326374303188], "[200]": [32.056901812206355, 589.151040629402, 9.000001429577924, 827.6310820010823, 9.000023513978311], "[220]": [52.24508708661658, 24.771028424215856, 25.000000910392806, 325.4976385997416, 25.000009795857636], "[240]": [431.65258881519856, 57.1339109653168, 260.9999995016016, 187.15244444602934, 261.0000004679364], "[260]": [123.12065297768488, 47017.175718193015, 437.9999996829815, 1124.9491677925578, 438.0000002783625], "[280]": [40.786355520638004, 17501.024441914455, 175.99999968654262, 1072.9732507446986, 176.0000000019756]}