{"[20]": [22914.748776634784, 23481.939422993328, 64252.83168931571, 25013.950552667346, 226014426.77305168], "[40]": [25998.13372527117, 2008.6414339405692, 2960.18758894485, 74116.40384244076, 12699.188858588737], "[60]": [5478.666367690855, 956.425650895545, 6002.320913166868, 20759.199716389317, 755.7183637236222], "[80]": [9531.648138519238, 277.271665923409, 4472.752102702154, 156502.82927747717, 3777.627157593718], "[100]": [1466.5918399352042, 398.1184151712314, 2377.9784312795496, 111777.71742796889, 2332.135084043371], "[120]": [674.8256427214665, 223.0838354415719, 1583.8402541042135, 25408.181285633473, 1579.2090063182468], "[140]": [610.1865761527181, 889.9477908735305, 1389.943544018231, 79167.05881210325, 492.6244362229627], "[160]": [1261.4498745164528, 139.19632227319545, 308.9999895212444, 134807.26171398908, 308.9545824702935], "[180]": [830.1586709722582, 834.0463596649703, 663.999973495202, 18740.777776740244, 664.0042964499448], "[200]": [713.5342869141543, 555.1897633645805, 939.9999958478185, 33439.14820454925, 940.0618675540258], "[220]": [2294.4929902062163, 3962.065000471327, 6405.9999998411, 30697.68991936032, 6406.000016554682], "[240]": [5060.180757140355, 5358.715402089288, 11733.999993056299, 60099.574787679085, 11734.00000159594], "[260]": [16615.801664806717, 87021.80293115108, 5527.9999784073725, 94777.1650986208, 5527.999999860159], "[280]": [1102.619794619571, 21818.050046911907, 1131.999990346585, 64570.99526862709, 1129.745281380484]}