{"[20]": [144.52525665692724, 4296752279.259866, 62239.79761946236, 24694.93811234721, 13636.766494829044], "[40]": [2571.285374488217, 1842.7589440907186, 9379.721276303128, 8603.337699361218, 26043.32836060287], "[60]": [958.4445422699677, 1155.6861288709347, 11307.78793397628, 20489.148271654827, 496.52244955628316], "[80]": [520.6029261582155, 267.57887933675397, 196.98304395301966, 16696.1444665198, 67.7597086000992], "[100]": [441.50875730463554, 280.91089687467434, 330.9978249054134, 7692.583378748695, 312.11250843783523], "[120]": [639.5618934559525, 310.3085444872595, 448.99926844992945, 3062.099287990809, 447.11140566244876], "[140]": [61.883228124093364, 150.3186659713343, 77.99984093701045, 1229.4222114042705, 77.6239274333941], "[160]": [261.41347918068743, 67.10409646911967, 9.999969770737977, 1196.4024841089858, 9.994831202642018], "[180]": [122.62928061947991, 24.38056375055399, 51.9999925657427, 395.2573935433742, 51.97495516250956], "[200]": [69.34397106853498, 16.910553686706976, 6.000013440464329, 199.83588340024448, 6.000037874557165], "[220]": [240.61971882107355, 86.227638580389, 97.00000165692285, 41.23232651648618, 97.00001570527195], "[240]": [1140.1488643603273, 310.51137112276933, 610.9999999990544, 467.2446680978742, 611.0000007450774], "[260]": [35.19112241307903, 433.8018956966614, 565.9999999992651, 145.5959164318183, 566.0000004490207], "[280]": [100.43882896046762, 337.293789903626, 426.9999999992906, 509.4421192885743, 427.00000000313935]}