{"[20]": [6.420843939963612, 5.759752394510443], "[40]": [9.485222208657675, 21.850690192892813], "[60]": [42.55631895793704, 657.3453131002137], "[80]": [138.0794267476067, 3429.9090567932526], "[100]": [4615.162613959168, 4600.034164881628], "[120]": [9088.622384248407, 334.345822049394], "[140]": [3915.512114614712, 577.9339604004745], "[160]": [52.47299508665094, 247.74941655386215], "[180]": [719.0750172753246, 89.14359679809007], "[200]": [201.50237782414277, 17.561986264417115], "[220]": [304.77494493682815, 3.8945640101726546], "[240]": [285.3486286435587, 3.8358071492205497], "[260]": [266.91793019303003, 2.024385759357905], "[280]": [235.11503675291308, 3.996378299470062]}