{"[20]": [12.96578625452901, 15.63356215825641], "[40]": [10.059271563388734, 15.885367699367826], "[60]": [5.9260689446699075, 16.033857062744673], "[80]": [21.39732628154158, 46.8994089207681], "[100]": [11.498741224125894, 64.05350634771932], "[120]": [190.5996411535558, 74.99572866218716], "[140]": [132.71024483572728, 206.8100954953436], "[160]": [127.00203385967825, 309.84088790450903], "[180]": [273.2261751933727, 496.91773709300855], "[200]": [453.2958749223326, 178.1344135001791], "[220]": [147.32330835991706, 127.31447863088579], "[240]": [215.50494423681266, 169.49660726053116], "[260]": [2346.1305743481807, 807.2896195136782], "[280]": [779.6886981256289, 9.642923297398283]}