{"[20]": [0.0], "[40]": [0.07585072874239826], "[60]": [0.5131216383621112], "[80]": [5.2377383547545096], "[100]": [0.555260463977986], "[120]": [12.495566078144506], "[140]": [9.999020227146504], "[160]": [108.1916767143425], "[180]": [142.8517190155136], "[200]": [100.64279232496762], "[220]": [131.2753437308497], "[240]": [14.440073566987602], "[260]": [6.89627056464782], "[280]": [10.510799390656668]}