{"[20]": [4.3737480632410035, 10.364841100137493], "[40]": [17.011329750508207, 4.81447244640102], "[60]": [348.77655561009715, 476.6809455686753], "[80]": [69.39668497739227, 626.9956585521763], "[100]": [128.63736433048624, 305.93135429629456], "[120]": [180.1700663747783, 423.13150703326755], "[140]": [9667.530204042316, 1208.7468129584738], "[160]": [13218.299120318987, 60.68644222070598], "[180]": [9228.267150914513, 1154.69230143744], "[200]": [10068.782018500602, 184.64173677746516], "[220]": [259.72032497628607, 184.5287604630337], "[240]": [413.2293272779676, 127.90442534806343], "[260]": [295.1453621639385, 7.91438321964012], "[280]": [808.522993632882, 4.29573951573546]}