{"[20]": [5.114300299589513, 7.442274886814804], "[40]": [70.3714906477613, 60.01418977914782], "[60]": [184.77112179251392, 1492.4228190894896], "[80]": [2801.1618206911667, 7972.255521771799], "[100]": [9891.175838468127, 865.2353946886324], "[120]": [2115.3610180018477, 961.5436345248228], "[140]": [294.3063240053647, 320.59858092535285], "[160]": [387.63446823334334, 150.40541636241056], "[180]": [337.20738774674135, 49.44307158987251], "[200]": [282.46354557768, 12.024990119070349], "[220]": [252.90829140327173, 2.8277399046255285], "[240]": [244.51928528236726, 1.0112591126883914], "[260]": [255.01570476641922, 0.0014931432357722235], "[280]": [286.52140587866654, 0.0001441388708398863]}