{"[20]": [2.0, 2.0000019346537234], "[40]": [26.23982026424423, 18.408802790052874], "[60]": [8.029116258869976, 411.3510717358276], "[80]": [828.1688448545074, 669.4090961331194], "[100]": [1467.5270328181396, 58.89576832797684], "[120]": [180.76437043061765, 260.1326761350724], "[140]": [3.128505584716976, 21.30755698231812], "[160]": [23.967468546506122, 2.930671067917963], "[180]": [20.236757152376136, 3.293684217325853], "[200]": [17.447139930675498, 0.2098914612442348], "[220]": [14.676340644218747, 0.025567452420507366], "[240]": [13.970350324091273, 0.0031141760682673407], "[260]": [15.420949675078093, 0.00037930981584229095], "[280]": [18.086456974988096, 4.596508539684623e-05]}