{"[20]": [1.6038953192900451, 1.4742702062473223], "[40]": [14.661979818319399, 7.231441218174864], "[60]": [2.649216145118416, 99.63378700440312], "[80]": [95.65200742633587, 583.2943902374511], "[100]": [918.220617798946, 1767.2884308305388], "[120]": [3038.0476667034823, 674.6020496452886], "[140]": [2683.3779524803545, 391.44726854903786], "[160]": [345.62302019322715, 136.4910344699198], "[180]": [93.91932035171652, 56.418081497812835], "[200]": [165.16598568294248, 18.139468310002016], "[220]": [160.53134940192527, 4.112292116862909], "[240]": [141.14284133884655, 5.340428731329385], "[260]": [126.73276622762914, 0.111002479931205], "[280]": [112.28926234571428, 1.981031334782208]}