{"[20]": [1.9999999999999991, 1.3570214072462905], "[40]": [19.859106806560774, 11.05001741267364], "[60]": [12.717215939481889, 462.4918502620864], "[80]": [474.4174316359931, 2406.637589137157], "[100]": [4391.439854983233, 1197.248778350604], "[120]": [4369.658934242787, 390.8148320742175], "[140]": [1153.4623467439656, 132.00463566844746], "[160]": [182.42414359358816, 65.50127857756337], "[180]": [74.74842496653169, 40.96086740087992], "[200]": [293.51474699389956, 14.502165052352296], "[220]": [312.15157410535267, 7.79709114379547], "[240]": [297.7741237402099, 5.02748090643167], "[260]": [271.16281479753934, 0.0037218021866394224], "[280]": [236.19143412135156, 11.999495959070494]}