{"[20]": [0.0, 1.266604183032739e-06], "[40]": [2.0112377248055715, 11.929663309541905], "[60]": [5.19359591867498, 6.069437764450246], "[80]": [11.36956651654289, 16.27233895508938], "[100]": [4.040187092525429, 65.4726211579686], "[120]": [28.576612756821646, 173.79455021967726], "[140]": [40.82776722682479, 225.0392608219081], "[160]": [12.03099753402148, 247.87844449317572], "[180]": [75.34934342557108, 118.31896992907332], "[200]": [54.26217504686156, 575.5808494805847], "[220]": [40.020723905120576, 158.25782717798666], "[240]": [167.32645155099272, 12.095130953456191], "[260]": [50.53318618712842, 100.71205625407129], "[280]": [62.151350311099804, 103.4870092263551]}