{"[20]": [0.7491255246603983, 108.95269637154519], "[40]": [36.41713151466823, 32.99255802954968], "[60]": [709.4947070658801, 795.9766524369506], "[80]": [158.48007095911387, 827.2943845228414], "[100]": [310.60868157761325, 433.6416784179724], "[120]": [300.46970122415206, 347.35014989195116], "[140]": [8060.770180961676, 5263.778257606036], "[160]": [12569.332683565037, 5214.570962164086], "[180]": [25088.18301472356, 2665.3138458515764], "[200]": [8229.378611999744, 130.68855773282579], "[220]": [511.61353661757204, 270.34707663715], "[240]": [362.4316111731932, 79.27912489429252], "[260]": [396.2611243351108, 1.2943482004538693], "[280]": [704.3051924907182, 2.3034474465914174]}