{"[20]": [19.579693649937138, 20.313060436219256], "[40]": [3.3257019785627664, 3.7618972578835472], "[60]": [3.3322686264913117, 682.3595285891323], "[80]": [343.3087963053359, 4152.3055150762475], "[100]": [4450.940233934092, 7552.441251180512], "[120]": [13230.375738089931, 539.182168332867], "[140]": [9775.206545674251, 892.7605890349013], "[160]": [536.8559368576229, 424.8951510612413], "[180]": [455.6584036168178, 171.25571176422815], "[200]": [547.1764486786323, 67.86155531735622], "[220]": [557.4888554971659, 32.433105405807204], "[240]": [502.97900462344495, 0.7086313296043819], "[260]": [468.56421719049837, 2.8880556146642724], "[280]": [432.48641261699487, 2.982474898007444]}