{"[20]": [2.328588652748636, 3.1311397668615735], "[40]": [6.643276921409712, 3.281152476830674], "[60]": [0.7307897651719288, 12.223613355534608], "[80]": [3.9640123522189326, 23.40962367578786], "[100]": [1.625486478517102, 20.369178784355956], "[120]": [24.922310817649972, 42.72673938689809], "[140]": [18.501437051778076, 114.00947856644083], "[160]": [35.449622474758726, 125.75472827227745], "[180]": [14.04119019787993, 209.39179478002413], "[200]": [183.41702415286392, 597.4446260189978], "[220]": [322.9557032276067, 104.37011692932705], "[240]": [13.156208450172155, 119.94110304832995], "[260]": [173.08062443411106, 253.84995330112662], "[280]": [276.7822124285062, 134.1788284366929]}