{"[20]": [0.40623588515284914, 0.5644383616556717], "[40]": [2.700580977908899, 3.456968063962451], "[60]": [0.4096856841804628, 5.559653279874519], "[80]": [1.6471343011982276, 17.04340828738542], "[100]": [3.2687167249060987, 23.580093224600436], "[120]": [6.194815720594385, 17.246581011910635], "[140]": [1.6581902116860276, 81.33830038694504], "[160]": [11.534823779955959, 74.08994824280481], "[180]": [4.898561107828378, 208.40270466036947], "[200]": [20.757946691746838, 340.4470525329888], "[220]": [47.09704737708999, 252.15500343325886], "[240]": [85.09289971631404, 94.85867357392019], "[260]": [278.4496833612057, 348.20541994080025], "[280]": [106.52260005575422, 137.59938370466804]}