{"[20]": [1.0], "[40]": [9.914734947051137], "[60]": [0.15903935509965095], "[80]": [107.67792213523671], "[100]": [174.17772678270194], "[120]": [1143.593956404704], "[140]": [241.26215457819308], "[160]": [42.99039692728434], "[180]": [65.17145910634261], "[200]": [61.304353787301594], "[220]": [57.54279836920189], "[240]": [59.07894358765739], "[260]": [66.39810203337238], "[280]": [79.8657155841429]}