{"[20]": [0.0, 9.761921106394878e-06], "[40]": [7.264330136450107, 29.946933094791753], "[60]": [117.67430893808009, 155.44131760031797], "[80]": [3689.4224086310055, 1059.906472751021], "[100]": [7000.053066015557, 283.94425417442795], "[120]": [1248.8157305082373, 119.75985664163342], "[140]": [280.4314064542924, 67.33480247573661], "[160]": [360.3037470524934, 52.665145816705156], "[180]": [283.759800298092, 25.367553397922926], "[200]": [279.81601182887783, 2.2885145685520882], "[220]": [218.91085597735807, 2.9102027931342254], "[240]": [209.63163656795058, 0.9886679533079069], "[260]": [208.48665122378648, 1.001424928530617], "[280]": [264.99367036932233, 0.00017984356399885015]}