{"[20]": [3.0, 3.000001266604183], "[40]": [3.442872121531553, 0.8011562833406884], "[60]": [63.47733205453454, 27.4227108611272], "[80]": [62.105781670905685, 305.56969308267776], "[100]": [144.037016112351, 1048.4064106218143], "[120]": [1030.133367276666, 5065.6021557823115], "[140]": [1141.1581200921623, 184.32963095731475], "[160]": [25.162564084459234, 90.71022983284769], "[180]": [20.398455883320423, 21.427339190818472], "[200]": [38.677047813468036, 8.32937569392881], "[220]": [39.120384609546626, 4.888201921779489], "[240]": [42.13301750875863, 0.18494478011796822], "[260]": [37.781275233592076, 0.030755418596952855], "[280]": [34.01938585091541, 0.005114128724271024]}