{"[20]": [0.0, 6.20191358582531e-06], "[40]": [4.477243439065206, 29.60978176742765], "[60]": [138.8434280829442, 123.9356227127457], "[80]": [3541.5147552139547, 1032.7961671851058], "[100]": [5818.5180809858075, 282.1077884212069], "[120]": [2446.460616852408, 119.71739346702113], "[140]": [131.64622270523907, 67.33157315822032], "[160]": [159.0048230691032, 52.66468967574037], "[180]": [189.7874489464648, 25.36740178379753], "[200]": [166.32720500556593, 2.2885070203523004], "[220]": [134.1596973584577, 2.9102016581783663], "[240]": [122.87974819178808, 0.9886678358683573], "[260]": [130.161302313184, 1.0014249134634998], "[280]": [156.3233952093953, 0.00017984160154017518]}