{"[20]": [11.52458049018557, 10.279981281578756], "[40]": [11.426540576220603, 2.8581515158809765], "[60]": [267.7842356793702, 223.12549878322068], "[80]": [23.618663700357615, 297.03435542765124], "[100]": [16.979011467798614, 203.24405295312852], "[120]": [45.146711276772976, 205.15782238487213], "[140]": [503.5969915447986, 1931.4776348533387], "[160]": [5617.272987900476, 716.0143644208183], "[180]": [11575.032022828229, 628.3855599317976], "[200]": [5414.183825589225, 539.1636983310609], "[220]": [705.3151198135693, 88.73087635588104], "[240]": [43.03049029966451, 42.519923926655565], "[260]": [211.69408887062394, 11.535327374554385], "[280]": [598.812927047443, 1.9552325128214285]}