{"[20]": [2.5390426014328176, 2.076484879058746], "[40]": [39.87565447240605, 8.329008636780973], "[60]": [156.2600377700946, 938.2115303787767], "[80]": [366.3256926281521, 6311.553969480667], "[100]": [12845.4309625431, 8761.473635186236], "[120]": [18154.19328757326, 1160.7121463369147], "[140]": [6158.116337563711, 798.2634036204944], "[160]": [352.4922821156538, 915.4357072183869], "[180]": [307.63942906281426, 429.75168216975527], "[200]": [753.0174190385543, 176.75246856615115], "[220]": [880.6156203343286, 54.36262305535147], "[240]": [810.6420020742327, 28.289587061437032], "[260]": [727.7844448617423, 16.891180115914654], "[280]": [636.0404588940819, 10.98333096009131]}