{"[20]": [5.980146862281862], "[40]": [8.784616204457084], "[60]": [18.97559901097092], "[80]": [223.5571319009748], "[100]": [2677.788562801891], "[120]": [1433.2784606353075], "[140]": [120.24917697546826], "[160]": [197.6821494690645], "[180]": [156.7472504044022], "[200]": [113.48112537299586], "[220]": [104.05630362109929], "[240]": [92.84936669398597], "[260]": [84.165138655771], "[280]": [81.65551467419013]}