{"[20]": [9.458975510823294, 6.123252268311015], "[40]": [8.501669948490505, 1.972695482834686], "[60]": [62.498180696415275, 513.5205157660878], "[80]": [490.41812796508833, 3097.262350256075], "[100]": [4612.768281231124, 4753.2959096758], "[120]": [9208.044772968888, 379.80016894131694], "[140]": [5606.035000516961, 750.5525062679498], "[160]": [802.88538138177, 348.1769186488264], "[180]": [103.2959418837222, 143.4185133773697], "[200]": [201.3190651756976, 45.089643608013354], "[220]": [207.28221602520614, 16.710073431628867], "[240]": [185.78012659538965, 11.648590646316936], "[260]": [169.2622423929422, 5.9460785916904895], "[280]": [157.22136632260387, 1.0081819387013657]}