{"[20]": [5.0, 5.000001657503201], "[40]": [71.83959513083528, 37.11106741190537], "[60]": [361.21071476949874, 2281.2833189077614], "[80]": [7091.6873739211005, 3617.7975288499547], "[100]": [12216.985447014711, 695.3170046268242], "[120]": [4704.807137410895, 374.32238080577326], "[140]": [282.142900045949, 151.71149646027925], "[160]": [693.7515172431386, 42.934524544959004], "[180]": [613.9053392605189, 5.607615186580894], "[200]": [489.4788713082127, 2.3570150902239124], "[220]": [366.4655863370099, 0.07663003557268211], "[240]": [324.1256681459528, 0.009132011496878782], "[260]": [368.41883924838214, 0.0010882529325891416], "[280]": [355.3722516939305, 0.00012968346564939376]}