{"[20]": [2.4575534811496427], "[40]": [56.41800469507194], "[60]": [75.88520355540459], "[80]": [1.0473338680009192], "[100]": [9.900712385315046], "[120]": [14.959617696755004], "[140]": [469.86393009659696], "[160]": [596.1321344147491], "[180]": [218.22529771480094], "[200]": [417.94467517683165], "[220]": [197.99677125762844], "[240]": [41.295654022400555], "[260]": [57.2496848911221], "[280]": [73.2053594766173]}