{"[20]": [2.539042601432825, 2.076484879058746], "[40]": [1.4209849786246758, 6.683440105487485], "[60]": [46.88706804291367, 323.9780502272161], "[80]": [18.866404596119004, 1669.5013944751427], "[100]": [3045.784335881806, 3593.336863439105], "[120]": [6861.872044468587, 1254.172895050516], "[140]": [4982.327067809137, 436.5373967271298], "[160]": [673.0968046977518, 324.3839533179858], "[180]": [171.5738289625983, 211.52432792981483], "[200]": [329.0246505949942, 68.42263183060446], "[220]": [335.06128581426145, 10.91783688747759], "[240]": [292.1113399717962, 14.990563217313294], "[260]": [262.4391720393097, 6.832516975991139], "[280]": [235.65923308778315, 1.972212533021824]}