{"[20]": [0.18465496759588818], "[40]": [1.3387530210007006], "[60]": [27.055433649224796], "[80]": [14.724016494918407], "[100]": [980.6366941425055], "[120]": [170.9445785197861], "[140]": [31.373929748221183], "[160]": [64.85244198004874], "[180]": [66.3566589317923], "[200]": [47.72530415641853], "[220]": [41.42836229616761], "[240]": [38.23354381290198], "[260]": [33.653497182952904], "[280]": [31.4552540903215]}