{"[20]": [0.0, 1.0490286287641973e-06], "[40]": [7.193707229035627, 7.407577055714152], "[60]": [0.9338885419676746, 20.740931771258047], "[80]": [1.1630497485049884, 27.80795539285356], "[100]": [15.909780837424599, 4.114896030426369], "[120]": [4.4200608787449855, 0.7885295020242988], "[140]": [20.43588685275261, 52.738098147416906], "[160]": [64.7495190660405, 103.02828906539055], "[180]": [336.3614174833876, 254.03182184197604], "[200]": [1064.7282037700093, 194.52198377251563], "[220]": [257.64456652380363, 111.0181804475477], "[240]": [29.553879845568733, 10.618019364179359], "[260]": [25.551098784005138, 0.8392591431493754], "[280]": [56.25988126406241, 1.3012017367148057]}