{"[20]": [1.813180183886491], "[40]": [10.901754654519664], "[60]": [16.09946254431867], "[80]": [56.124357961113674], "[100]": [250.01188659959917], "[120]": [266.4788108306784], "[140]": [10.369902993526466], "[160]": [72.87479814231341], "[180]": [65.37118606399113], "[200]": [56.367980360244104], "[220]": [46.35197889808059], "[240]": [44.353910265535944], "[260]": [36.88678681634268], "[280]": [33.05020398004915]}