{"[20]": [2.8329925931271718, 1.744700299766273], "[40]": [17.900885368290936, 38.845317892905385], "[60]": [22.147722004499883, 235.3608913156594], "[80]": [29.41461843214347, 1332.4165228592897], "[100]": [78.64937014144016, 3171.557053870256], "[120]": [4635.056770603238, 1151.1203178013493], "[140]": [5336.914590355027, 665.5511217906387], "[160]": [66.52317745626169, 298.13773146075073], "[180]": [90.08281207718017, 104.42816380480156], "[200]": [180.4407765433588, 41.2935993571335], "[220]": [191.80337075506606, 21.387639685977263], "[240]": [194.4294065545108, 6.233645287443778], "[260]": [185.16530088493568, 1.1272905573349323], "[280]": [166.51642952566473, 0.021141663832016988]}