{"[20]": [1.9999999999999991, 2.6357458270494876], "[40]": [16.422469626619332, 10.516915314937705], "[60]": [2.1527042336841475, 102.01256625935567], "[80]": [34.409841763849954, 627.532614084801], "[100]": [1099.1478047321307, 1925.928219828208], "[120]": [3070.6395847389613, 719.8431083063297], "[140]": [2331.364873444455, 407.17841412995585], "[160]": [156.67818578699348, 140.0468364901783], "[180]": [48.665092765646136, 57.028863569466125], "[200]": [282.7660014448096, 18.239127061775392], "[220]": [299.4363806230997, 4.1284386848255465], "[240]": [269.8800880136323, 5.343050174342306], "[260]": [245.38180860308782, 0.11142946633711093], "[280]": [218.95795915128156, 1.9811010898750259]}