{"[20]": [0.0, 1.0757718549574329e-05], "[40]": [0.3819660018391908, 1.3680173042848742], "[60]": [0.4342703405545597, 1.0472947309117437], "[80]": [7.062636117270692, 3.607614365389144], "[100]": [0.5681718876865833, 2.0306315465520304], "[120]": [0.608152091430174, 1.3098483631331468], "[140]": [0.44823096379246646, 0.041320090634101476], "[160]": [6.22299803734827, 15.005854786484596], "[180]": [43.17428676729754, 48.56219736248615], "[200]": [47.65579426560259, 163.0405950166649], "[220]": [5.1543409469456485, 72.9724151845137], "[240]": [853.015390477457, 268.92446875806206], "[260]": [279.4088769726008, 209.56473716038042], "[280]": [16.639135286453644, 30.85133141686827]}