{"[20]": [25.10579670298062, 36.16307065143495], "[40]": [130.8452266607428, 28.464558023657332], "[60]": [546.3303691275432, 9405.780102812074], "[80]": [12817.398921449436, 7986.832220546028], "[100]": [15124.097256464156, 2531.9358138077223], "[120]": [1903.7740107199697, 875.4336424857283], "[140]": [1102.771809624649, 790.2933467988337], "[160]": [470.12898467401317, 184.65060381022818], "[180]": [126.4570775238777, 45.3307817011777], "[200]": [109.21652610812359, 19.40268120558921], "[220]": [80.93830354753415, 1.9262635650642341], "[240]": [80.11151325247087, 1.9906044204234967], "[260]": [89.2310059281873, 0.9996019858719489], "[280]": [102.44640413070562, 0.00010805776771479065]}