{"[20]": [0.0, 1.0490286287641973e-06], "[40]": [96.10092201288589, 2.965346868073074], "[60]": [2.7873727554888017, 20.6616792496159], "[80]": [8.329047174766494, 14.915007469315503], "[100]": [3.6842439428707308, 41.4263529229475], "[120]": [2.3857290182043926, 75.04367829051374], "[140]": [66.38545090937544, 21.3874196817323], "[160]": [6.126083416682823, 136.14307747839376], "[180]": [78.01480379618724, 188.38620775121245], "[200]": [70.26476313157976, 557.89211771204], "[220]": [125.16439456327682, 369.81652290727214], "[240]": [85.18325219365147, 159.54592164000167], "[260]": [327.90898495711724, 209.05906797905592], "[280]": [372.18291168380995, 253.36654019764572]}