{"[20]": [3.6685579513135864], "[40]": [3.465870143017507], "[60]": [1.0255093090575145], "[80]": [6.2386283401935305], "[100]": [4.200251275006363], "[120]": [24.11850743508688], "[140]": [13.90035320060047], "[160]": [8.011331576469983], "[180]": [9.902507167991711], "[200]": [55.357804418155034], "[220]": [35.6265339521747], "[240]": [69.9272354375589], "[260]": [58.812072025085094], "[280]": [111.044377801199]}