{"[20]": [6.179139661065178, 2.629903905517828], "[40]": [29.17177735759002, 3.6027888849679406], "[60]": [242.6441599924374, 150.06695569530908], "[80]": [17.52610807715462, 149.2433927970719], "[100]": [3.657807274605279, 90.68772169614228], "[120]": [55.909679331546336, 17.350184257116222], "[140]": [1062.8139398605954, 1131.0872240069918], "[160]": [703.5947252989326, 621.5347524687176], "[180]": [8757.284609722186, 432.1167008559506], "[200]": [6309.263871750325, 648.2355235403129], "[220]": [254.36131909534103, 70.71862165214307], "[240]": [193.03164632822026, 62.81351944761378], "[260]": [205.4202096529205, 2.159529527227778], "[280]": [391.94324639991504, 0.5723614612603066]}