{"[20]": [12.854841007031773, 3.366252080404216], "[40]": [155.2411708010875, 51.86172750836141], "[60]": [183.02721153319908, 826.8281887958094], "[80]": [49.01921526145543, 865.7576521915196], "[100]": [135.87831498798278, 742.8960339385962], "[120]": [2.6617286223022347, 620.5316275656778], "[140]": [6572.750355018492, 7039.550366745905], "[160]": [4148.015500347385, 9392.639169222646], "[180]": [1377.7354370309877, 2361.3931409200886], "[200]": [1481.2202187736038, 14.715681232950374], "[220]": [1095.728808679728, 196.54805235370668], "[240]": [167.87325225377555, 72.45966394248228], "[260]": [202.67199849321014, 2.5318154802489374], "[280]": [521.7121493778402, 2.0436142857127457]}