{"[20]": [6.0, 6.000001933329763], "[40]": [5.791456390634565, 1.6411494085093352], "[60]": [51.43037863598124, 521.6497494431821], "[80]": [571.5450941523723, 3223.7315065767325], "[100]": [550.9878246930602, 3397.448042565633], "[120]": [1186.1475621980862, 893.2227406350594], "[140]": [297.35107333291603, 329.2735300608649], "[160]": [39.736946837432384, 58.4578828778686], "[180]": [35.92896310537673, 23.67958368283942], "[200]": [37.917124183666985, 2.7196068082700355], "[220]": [31.065376101999874, 0.24186265347998848], "[240]": [30.196432183275952, 0.018665707150645843], "[260]": [34.048891039155855, 0.004213181086717158], "[280]": [41.18272562070278, 0.0003210667848051359]}