{"[20]": [37.92266781479063], "[40]": [61.381059924257556], "[60]": [839.7997116612787], "[80]": [13671.336977228333], "[100]": [2620.673847301725], "[120]": [4651.568200423035], "[140]": [1508.692256775238], "[160]": [180.2707502088897], "[180]": [151.24439772822436], "[200]": [202.25646727687968], "[220]": [203.53564339705383], "[240]": [209.54936644176905], "[260]": [244.96644272490502], "[280]": [291.47963463144276]}