{"[20]": [3.1831209890211305, 3.366252080404216], "[40]": [72.4211037435038, 51.86172750836141], "[60]": [401.42289646369045, 2724.1945820098], "[80]": [2522.389743517757, 12527.430915615663], "[100]": [6127.548021130933, 8950.715875699243], "[120]": [21727.442045585653, 983.5322710616892], "[140]": [6555.539982199609, 1210.4517923373187], "[160]": [1156.464165072884, 527.5875549078651], "[180]": [90.05150918258869, 180.5245358809724], "[200]": [66.88228925815253, 67.04857137185743], "[220]": [120.77013618774342, 14.759677763493741], "[240]": [73.57252314110792, 16.828188917396737], "[260]": [83.61445832711914, 8.976201501425429], "[280]": [88.62009988870719, 0.003296443651686687]}