{"[20]": [0.0, 1.266604183032739e-06], "[40]": [0.025236496979953782, 0.8757664571350456], "[60]": [0.9945372693443383, 0.8534394138879491], "[80]": [0.8183375132880081, 0.9132419934013339], "[100]": [0.007529849289191397, 0.01458941015915222], "[120]": [0.0024484001825023443, 0.0017494758573837455], "[140]": [0.0016614381054017406, 0.00018129784582155724], "[160]": [0.001334840729414285, 2.100150882310858e-06], "[180]": [0.0013271661792678066, 2.5747901945865234e-06], "[200]": [0.0011120656001718928, 3.12790761455633e-07], "[220]": [0.0009012763458441043, 3.231345124664394e-08], "[240]": [0.0007626945138821714, 5.724008073445008e-11], "[260]": [0.0005824610336743318, 6.0412382888523995e-12], "[280]": [0.0005005817796300042, 4.950314414252181e-11]}