{"[20]": [1.5428680967635735, 15.385584241249457], "[40]": [17.798727875950846, 6.190419780228922], "[60]": [206.6548010202623, 1775.1298971660044], "[80]": [3979.4623567027047, 6039.372289524777], "[100]": [7383.61714867553, 972.1778772351099], "[120]": [9870.821032472064, 495.6837017242633], "[140]": [3839.4374405782537, 340.4259071508293], "[160]": [477.9712285185626, 139.3884414876286], "[180]": [346.5009445766881, 74.58748279576054], "[200]": [540.1933034843267, 34.679409531398534], "[220]": [561.6534674054005, 13.832659606551275], "[240]": [534.6892241709605, 2.0212021792566333], "[260]": [486.6583256549273, 11.002686312686691], "[280]": [439.49480842186244, 16.000340350432225]}