{"[20]": [5.493162260723791, 6.745328491651186], "[40]": [73.33675023027615, 90.71904814443013], "[60]": [164.5385069891504, 1453.2048589426927], "[80]": [2875.853002230615, 7337.651570055183], "[100]": [10979.522617050257, 294.6783784951913], "[120]": [3128.019828208584, 678.6839545205112], "[140]": [280.62987900778444, 466.7486181873387], "[160]": [682.4447011955638, 225.08590109788724], "[180]": [630.2251084513418, 47.60149389627293], "[200]": [501.8324810010005, 5.7063967626315915], "[220]": [416.40913868798316, 2.812292097029453], "[240]": [404.0120556210752, 0.9874960434358949], "[260]": [454.26296850225293, 0.002070704936364153], "[280]": [544.7503688868984, 0.00012891039259327146]}