{"[20]": [2.1593759227646707, 1.744700299766273], "[40]": [4.144242428274547, 3.218487606201098], "[60]": [0.5707800216815428, 12.533225504874878], "[80]": [0.9938936233832294, 46.77225656876962], "[100]": [0.8951054941927055, 87.51868084902887], "[120]": [75.83605123020311, 208.36236310626964], "[140]": [15.161004687598052, 270.3246724396081], "[160]": [60.40567349795492, 241.65947003260635], "[180]": [87.90114613913329, 187.06957230475382], "[200]": [224.64640956217772, 76.08071581501667], "[220]": [227.006789037717, 26.492631803481345], "[240]": [173.79052474384548, 14.331943675305865], "[260]": [59.47300496839949, 28.441259048763413], "[280]": [4.2659967759464905, 63.274842891218896]}