{"[20]": [2.5451657076790197], "[40]": [58.46335505179898], "[60]": [4.142022278139456], "[80]": [800.5568971525099], "[100]": [2167.305464752989], "[120]": [397.6313681309086], "[140]": [116.8484675273082], "[160]": [115.94888047484599], "[180]": [111.05247540028216], "[200]": [103.43556295517362], "[220]": [97.69100660012657], "[240]": [93.68018352027597], "[260]": [91.48122049548886], "[280]": [90.60422060635676]}