{"[20]": [4.0, 4.000001049028629], "[40]": [2.5121938043277092, 8.871815042696857], "[60]": [3.849638164613668, 0.7736947780008486], "[80]": [1.3452284121165285, 0.465393162497612], "[100]": [4.016736978989654, 2.0460750508765444], "[120]": [9.126161370931992, 5.004161922340001], "[140]": [8.842780166142933, 9.000225399754186], "[160]": [10.849906097764931, 38.33049737657178], "[180]": [7.580835446433736, 16.000000831596314], "[200]": [4.480406695708511, 168.99999998669134], "[220]": [9.940011992128449, 473.9999999773044], "[240]": [13.793173013837865, 817.9999999895433], "[260]": [123.49517731605928, 177.99999999792482], "[280]": [8.957010704658602, 743.9999999998605]}