{"[20]": [2.2212470590999445, 0.23136222881744217], "[40]": [16.191551927181024, 54.15881720417963], "[60]": [77.12612398023248, 3183.6158761077345], "[80]": [220.8373367846434, 9612.71445261527], "[100]": [7001.917314393344, 639.3458941267018], "[120]": [927.012134578521, 663.292903409576], "[140]": [39.66038328606737, 226.50206666994018], "[160]": [157.2773536180072, 109.006405339477], "[180]": [182.66465861960637, 26.38879590412097], "[200]": [145.37347052437207, 5.639836648145392], "[220]": [121.71353643933011, 3.9233830344391407], "[240]": [116.98501774030925, 0.008951568590442093], "[260]": [129.1406514116086, 0.00038136342663796195], "[280]": [150.99948509272647, 0.999877862374887]}