{"[20]": [3.0, 3.0000018974962757], "[40]": [4.2418188200993505, 2.758667483473694], "[60]": [58.652884464039914, 44.00187157880727], "[80]": [31.979713973345753, 22.606922648260465], "[100]": [17.11551067231605, 21.608688942394878], "[120]": [18.800233455672185, 1.0086034748792656], "[140]": [156.5199925468829, 160.33393074077222], "[160]": [603.1146827300513, 296.67999589311194], "[180]": [3648.590039612165, 78.13507516088976], "[200]": [4188.539589604006, 25.13628125510877], "[220]": [4594.907053259558, 530.1388585114073], "[240]": [784.3198860116813, 274.0961798592866], "[260]": [253.1975470359062, 49.10079587402748], "[280]": [226.4831876684157, 31.09685710733703]}