{"[20]": [2.6113675655675483, 2.076484879058746], "[40]": [15.750329319890595, 6.683440105487485], "[60]": [2.513470849936922, 260.4449813014322], "[80]": [54.00031624070648, 248.4457434700674], "[100]": [7.7991823120903865, 86.24141633548957], "[120]": [4.201915384390537, 105.96843926311344], "[140]": [741.7492842883257, 618.6718452250327], "[160]": [745.3778172597683, 840.2096919475222], "[180]": [5488.323286838864, 37.831831826237774], "[200]": [2643.908460415879, 550.9640887760792], "[220]": [137.86139996217545, 83.14381194165476], "[240]": [115.9108609820536, 149.8137391417991], "[260]": [149.52381748732452, 12.304220338161379], "[280]": [405.54801779017157, 2.0040345461958204]}