{"[20]": [0.879910674384643], "[40]": [31.772465186243167], "[60]": [226.5403152114288], "[80]": [37.111067973633965], "[100]": [8.412709375503965], "[120]": [12.138099428025948], "[140]": [63.71799767506215], "[160]": [176.8940016800838], "[180]": [1488.0292763986558], "[200]": [68.65021435951431], "[220]": [119.03564100656371], "[240]": [69.87896720701492], "[260]": [141.848028706475], "[280]": [178.46345071276102]}