{"[20]": [14.00148762208876, 60.44909847573449], "[40]": [35.614459206213304, 56.05492106764534], "[60]": [21.768471007048277, 5830.6779869955235], "[80]": [32433.194473589923, 4973.890636345783], "[100]": [34749.44234988056, 1708.2537572226265], "[120]": [6275.770828778898, 999.3184751629323], "[140]": [1597.6862919790049, 709.7426043541861], "[160]": [1007.4508942280723, 268.89450519767155], "[180]": [951.1840924544193, 70.95956127103518], "[200]": [905.7759824818364, 17.5845121442335], "[220]": [858.7862614999973, 2.8336739251059697], "[240]": [821.7338732776044, 0.019378448843494475], "[260]": [789.4904751751374, 0.0022776473058819437], "[280]": [770.0679582065442, 0.0002677005940472074]}