{"[20]": [1.3572350166955731, 5.816234112802764], "[40]": [0.7048126344770687, 6.568250598439732], "[60]": [0.10725359544388624, 13.099279617891764], "[80]": [6.856790854380627, 25.53254644462043], "[100]": [14.216157796108433, 21.48184481248643], "[120]": [77.39301229318465, 41.4997779342535], "[140]": [17.992525983675478, 128.05491232954932], "[160]": [20.719604920613392, 112.3800497849561], "[180]": [102.61689757425427, 200.54359129463285], "[200]": [61.672532479923575, 476.6786297314902], "[220]": [12.383978438439954, 130.37313626239848], "[240]": [291.2199220204129, 132.47899275860982], "[260]": [351.7562892148371, 233.5566124509678], "[280]": [1386.7450099985872, 135.92279072574547]}