{"[20]": [2.0, 2.000001266604183], "[40]": [0.5055766542063331, 2.3995593912505244], "[60]": [0.9104827984862673, 7.76747401670495], "[80]": [13.701797188366655, 28.38486724031466], "[100]": [16.576490790409878, 69.82207128585927], "[120]": [79.17495119481873, 221.17642309271957], "[140]": [40.21057528290521, 16.33952552948631], "[160]": [381.19460758917467, 564.6094067543386], "[180]": [210.39389982578177, 384.683584144158], "[200]": [272.0223220452176, 44.16011614238914], "[220]": [36.45176649564155, 63.987116939571706], "[240]": [223.8854428586052, 46.06959344574352], "[260]": [85.67858959520217, 40.25738636834001], "[280]": [4.857307285053437, 4.980789724592725]}