{"[20]": [1.0366688989365174, 52.242227398159514], "[40]": [5.947225315875881, 10.565771774303956], "[60]": [217.00778267501616, 214.97837922359867], "[80]": [16.747158208749536, 229.64174344586252], "[100]": [26.232518157947425, 66.47663441341341], "[120]": [21.99559211962374, 61.297221397860895], "[140]": [400.3416308547623, 1364.9194026336409], "[160]": [6022.887338194856, 1829.4385812843], "[180]": [14918.32091134381, 1448.7342859377613], "[200]": [5747.258227695103, 300.1651262767801], "[220]": [399.4975017391752, 50.41109245498224], "[240]": [142.90071946499413, 40.11448316561662], "[260]": [152.50861643793323, 5.94904955229358], "[280]": [241.73568136760778, 2.810323882338052]}