{"[20]": [2.0, 2.0000018974962757], "[40]": [3.3662060691872497, 7.873344314597588], "[60]": [68.82616244204667, 341.3740409179419], "[80]": [158.6703959975937, 372.7851425271509], "[100]": [88.57001351641452, 375.3677487285072], "[120]": [141.8771068887104, 52.936066164333624], "[140]": [2346.9644832273243, 1008.0879855338799], "[160]": [4598.154745205804, 2703.550735903442], "[180]": [7597.225981446398, 514.7869184264619], "[200]": [2501.020994101311, 200.60386979238638], "[220]": [58.95304110346149, 50.22612088827373], "[240]": [96.86036046888916, 71.269244393841], "[260]": [240.08058064676618, 26.01301071555298], "[280]": [679.9954347552541, 2.634575036805547]}