{"[20]": [3.3011757774397728, 5.822262754645013], "[40]": [3.746353975602677, 4.982760367886918], "[60]": [1.8978868957891635, 13.127307381369697], "[80]": [1.328696461042398, 23.85227801544025], "[100]": [6.816796145836449, 33.05920630007682], "[120]": [40.20146317991319, 83.82058450694856], "[140]": [5.957614521772655, 71.77177449603039], "[160]": [21.683532523549502, 60.895686171181296], "[180]": [114.56551763863911, 243.29252794010256], "[200]": [323.0601866740817, 232.43785106357063], "[220]": [88.08265441148887, 211.1437836706582], "[240]": [143.67179517968816, 277.0163885264192], "[260]": [553.3832237178431, 222.22641515406758], "[280]": [508.81739900349476, 94.53619844439118]}