{"[20]": [3.000000000000001, 11.5844600500253], "[40]": [5.913045451233824, 2.3422817814650987], "[60]": [55.14137631841268, 85.44876829224567], "[80]": [266.7806109946657, 514.0760856445469], "[100]": [117.36628042381926, 1093.2150175949369], "[120]": [1309.1732510029142, 158.87911797894412], "[140]": [790.0615111880511, 122.1182240943856], "[160]": [136.42714779635168, 84.88639583764382], "[180]": [23.422987570456357, 12.573121881161313], "[200]": [7.263642603526186, 1.5523817224649008], "[220]": [6.004930553140451, 6.4409794047802365], "[240]": [1.8552170156694796, 3.087874832069676], "[260]": [1.8101314242725683, 3.9861888651774233], "[280]": [1.675393916334829, 0.0021706154865264622]}