{"[20]": [5.610211768468471], "[40]": [1.8583859186803733], "[60]": [17.53952773375673], "[80]": [4.619711965023799], "[100]": [11.134023771957176], "[120]": [5.688284557219327], "[140]": [102.31865755735217], "[160]": [152.41040324330447], "[180]": [579.1050711075122], "[200]": [697.8349714290771], "[220]": [89.45289246439096], "[240]": [52.81518798473614], "[260]": [52.57307763334379], "[280]": [53.83323526650667]}