{"[20]": [0.0, 1.0490286287641973e-06], "[40]": [0.49705725676380236, 3.140346684855809], "[60]": [0.5871150209528381, 2.9421628129996016], "[80]": [1.8561876414327896, 6.184732501680371], "[100]": [0.43256689773500256, 5.038147882772804], "[120]": [3.7624454524493496, 3.758500689711237], "[140]": [4.178476319473868, 17.036660436544175], "[160]": [4.801083460681761, 1.4255844788420553], "[180]": [3.361543366052328, 12.835422641852881], "[200]": [13.863140102658713, 39.77372414136734], "[220]": [30.351954646632972, 74.73558493460477], "[240]": [22.931722057951216, 10.306490821239645], "[260]": [10.27400023095382, 57.03364422329258], "[280]": [183.87426067479203, 107.83388845105638]}