{"[20]": [12.83336863533216, 56.451108880869086], "[40]": [1.4322653233042872, 9.810930227201286], "[60]": [2.118560422977473, 14.804001411419009], "[80]": [27.720755088676736, 45.32514518154371], "[100]": [36.07037510247927, 56.08833286517804], "[120]": [143.45912385391733, 71.63072034465866], "[140]": [69.97441364760101, 147.1532062901581], "[160]": [31.623047607158405, 194.45810287858532], "[180]": [112.6448472384322, 450.72029263371553], "[200]": [355.4286706060001, 275.68845328122217], "[220]": [504.5176728008606, 315.5638301918107], "[240]": [919.4713960543462, 471.66928901523875], "[260]": [3537.5718780512348, 686.2217308105912], "[280]": [217.93107097881054, 46.04379211520823]}