{"[20]": [2.0], "[40]": [4.055838961325584], "[60]": [10.288958214575793], "[80]": [10.657371886548773], "[100]": [9.511113344222224], "[120]": [3.873810713957539], "[140]": [27.779147207957465], "[160]": [1.8667293086378436], "[180]": [30.924947624251104], "[200]": [21.33173303044987], "[220]": [56.203038856951935], "[240]": [79.75999024754128], "[260]": [136.84325518909282], "[280]": [371.9765203482757]}