{"[20]": [0.0, 1.9333297632306143e-06], "[40]": [2.0988785513935113, 17.73229937199511], "[60]": [74.28805333661194, 1008.9091312543158], "[80]": [754.0317842859295, 11111.875253261751], "[100]": [16263.813202888341, 937.2283425282949], "[120]": [8089.079964909211, 1811.3869161961993], "[140]": [132.79951246201472, 157.1558720183998], "[160]": [947.8153290687137, 324.7514388326929], "[180]": [865.8595222540262, 118.28510440767985], "[200]": [724.5883666822484, 11.772775810718876], "[220]": [606.644992048077, 5.600631296699463], "[240]": [588.9334161461569, 2.9568505616419687], "[260]": [663.5551096716096, 0.003333197864827635], "[280]": [796.5299975472113, 0.00025185388463891905]}