{"[20]": [3.0, 3.000001049028629], "[40]": [14.246112479038763, 2.2797437897711577], "[60]": [8.493659669581143, 178.64037841655983], "[80]": [76.25934883248263, 190.65754502342273], "[100]": [44.27726340952042, 63.5038414637691], "[120]": [25.475316046152958, 86.75562926677863], "[140]": [1631.0035957457706, 789.1132723739647], "[160]": [570.3366116252058, 1029.5477765225805], "[180]": [12158.598528922385, 546.4504523989723], "[200]": [5655.055187668091, 1564.8944111695682], "[220]": [423.5975532791664, 65.32440085984481], "[240]": [193.8801005416417, 217.37776390521674], "[260]": [249.57173786292415, 36.260143737833815], "[280]": [683.8811931261357, 3.6724358616953627]}