{"[20]": [14.00148762208863, 59.48989302202528], "[40]": [24.88466472074113, 56.05481141233675], "[60]": [24.49250525194277, 5815.274688793817], "[80]": [19235.046350352346, 4972.428942511264], "[100]": [31766.336505989686, 1709.9426345656693], "[120]": [12952.698091562668, 999.3457108516579], "[140]": [451.17018162725356, 709.7223294792159], "[160]": [943.0878885090044, 268.8923605755195], "[180]": [774.2393147638861, 70.95924534583442], "[200]": [722.9829023041406, 17.584481986465185], "[220]": [582.8456386754235, 2.8336696084469746], "[240]": [531.0073276069973, 0.01937805819264072], "[260]": [576.1682509985945, 0.0022775972296692417], "[280]": [555.4801589161635, 0.00026769250509578636]}