{"[20]": [0.7491255246603595, 1.8099414351002685], "[40]": [36.41713151466823, 32.99255802954968], "[60]": [154.06210499792974, 2674.9417705797423], "[80]": [2977.6201391162303, 11932.442462090126], "[100]": [11547.500362936742, 8518.581558015445], "[120]": [21173.75003230927, 846.5457438240522], "[140]": [10297.297309970543, 1182.3877706587386], "[160]": [1005.7399370814193, 523.5917938230596], "[180]": [424.9226457480287, 179.9961420318668], "[200]": [539.7380177503902, 66.97906244415933], "[220]": [537.8456558610986, 14.750501664439286], "[240]": [494.8889195605235, 16.826972647852077], "[260]": [458.89136564890896, 8.97603971740229], "[280]": [427.93914963469047, 0.003274858321496472]}