{"[20]": [1.0, 1.0000010490286289], "[40]": [7.266714431935344, 13.000425113280965], "[60]": [51.95466065292572, 110.68862730035576], "[80]": [14.060416398912569, 107.72354532161928], "[100]": [2.0256668067371, 40.548814648729014], "[120]": [17.128780867460716, 15.675087738536194], "[140]": [141.1917579426202, 433.3527862894061], "[160]": [654.6353688081315, 699.896938750495], "[180]": [2992.52698336087, 1198.4659791708955], "[200]": [3388.482382167595, 1011.320622701772], "[220]": [272.04499188171997, 103.310194479937], "[240]": [92.43616596013783, 73.49074531064569], "[260]": [109.44501792988748, 21.414471673673464], "[280]": [277.97008206432054, 3.6866709860467797]}