{"[20]": [0.5793186976268296, 2.7913804366691486], "[40]": [10.366361824526294, 7.674741104189188], "[60]": [1.022678384031387, 20.090316212142543], "[80]": [5.467698322999064, 27.71459415286899], "[100]": [22.89425843847152, 77.26153668347393], "[120]": [11.236815799209978, 136.49529807406236], "[140]": [40.37195128669541, 237.25179732496417], "[160]": [45.81226871013556, 172.93669826929874], "[180]": [4.1312319647041, 578.0885965912903], "[200]": [37.1291984406223, 239.44301634343122], "[220]": [63.6135222071213, 531.0266731159552], "[240]": [64.5914765243189, 41.072892174105164], "[260]": [55.85496594456531, 797.4566927064307], "[280]": [109.52328269472632, 261.72883602887634]}