{"[20]": [9.314085239414275], "[40]": [1.9615056751174735], "[60]": [524.9375005238514], "[80]": [17.06757152045319], "[100]": [40.67853391795046], "[120]": [90.0562068419338], "[140]": [2783.5045227003297], "[160]": [3600.921279937765], "[180]": [1664.7240358878043], "[200]": [1434.3675297653422], "[220]": [458.0389969054746], "[240]": [144.73038737477552], "[260]": [140.88733661367027], "[280]": [140.88547945651942]}