{"[20]": [1.0, 1.0000019346537237], "[40]": [4.67223333055448, 3.945526415842669], "[60]": [3.273099578169493, 32.8673267323649], "[80]": [90.09300756376365, 229.94146469669568], "[100]": [461.25767527979315, 713.5113763368827], "[120]": [442.6441086126397, 860.9343154786638], "[140]": [874.9229316941373, 300.6787223635638], "[160]": [380.14073518136956, 153.57406480333293], "[180]": [7.944927880536653, 2.223497771657776], "[200]": [16.36896832466452, 10.241624082754477], "[220]": [17.28132848998071, 4.88056865513175], "[240]": [17.191365682468913, 0.789552355817795], "[260]": [18.98911233832243, 0.11725175834412721], "[280]": [22.288126685501595, 0.02008182114790058]}