{"[20]": [1.6872197183302688, 9.296601342980068], "[40]": [14.474773715842304, 44.09050724662893], "[60]": [1.4584391856489844, 51.19460810090999], "[80]": [22.736653751142114, 120.29530569155469], "[100]": [26.645734955399803, 233.6213909955718], "[120]": [1.2061973092252174, 493.09870404755793], "[140]": [100.76895595104634, 771.4657965135989], "[160]": [57.83318484917618, 1184.4106542508293], "[180]": [156.88497382738024, 2034.8689906013578], "[200]": [362.1374864434947, 2682.3733574297185], "[220]": [80.89632645801976, 414.4495950228047], "[240]": [504.51031333693754, 147.0586706274662], "[260]": [508.36386603584106, 1031.8002858160762], "[280]": [150.90720180274502, 143.8669905766701]}