{"[20]": [16.55817015464531, 37.105738333868445], "[40]": [4.817693407288289, 6.779280126325261], "[60]": [160.3389030682156, 701.162375653279], "[80]": [701.4247101292021, 4365.765112013096], "[100]": [3007.7957786406623, 8000.0318295381585], "[120]": [13101.814680309675, 665.4309132931958], "[140]": [9101.44465206781, 927.4918634515416], "[160]": [1709.3491981279358, 431.14568702537144], "[180]": [239.0111243369247, 172.21688730919414], "[200]": [62.07195299995115, 68.0051591660004], "[220]": [82.43154485868956, 32.45455252037209], "[240]": [65.06095845634583, 0.7118450238944725], "[260]": [86.77498664232508, 2.8885388343224676], "[280]": [71.01839937360532, 2.9825477763951547]}