{"[20]": [0.0, 1.0490286287641973e-06], "[40]": [4.226315438657379, 2.669642666584196], "[60]": [3.757310802408744, 46.94663755074874], "[80]": [10.821917680228353, 53.11583703785651], "[100]": [3.1577281394440466, 25.666605784915244], "[120]": [3.865083148973105, 12.65664264369875], "[140]": [55.917546775930425, 83.02256028823948], "[160]": [587.4364718928136, 1138.4066867606966], "[180]": [279.8771758295703, 409.91580431789447], "[200]": [3777.4234127679288, 47.54453005663818], "[220]": [1675.8242994888556, 439.11312311397666], "[240]": [725.2560564233739, 90.44157271933845], "[260]": [75.13576433908, 15.276683327204006], "[280]": [116.64089419850912, 7.260726586517634]}