{"[20]": [3.4232793237731425, 3.745639043375972], "[40]": [15.78449218732677, 11.189958878959374], "[60]": [25.710467564593046, 275.08429299533975], "[80]": [66.09662657476554, 291.18984629570434], "[100]": [43.29144287439681, 152.86279054117324], "[120]": [17.608181992550044, 153.2560074618225], "[140]": [1180.6744564732132, 792.1897972366596], "[160]": [1099.9234039234216, 5197.745261881639], "[180]": [7895.265808786367, 181.37378481437554], "[200]": [3145.8501452563833, 611.3360639331313], "[220]": [443.4106413018817, 114.9809829292094], "[240]": [14.352885478313056, 119.8098520408322], "[260]": [252.8465146353539, 34.05759132788256], "[280]": [727.3141861478639, 0.9708711693078529]}