{"[20]": [2.0, 1.9999375874574532], "[40]": [0.5349649169692434, 11.513704316828637], "[60]": [6.702918116177181, 9.591781432338072], "[80]": [2.5610324984303645, 9.17084620806486], "[100]": [3.579192721251275, 22.01318860733327], "[120]": [14.346810728591121, 39.97739895194636], "[140]": [36.79435838205765, 102.41311473264534], "[160]": [7.743941582683258, 72.21061482835457], "[180]": [34.544631297592886, 67.575358432982], "[200]": [176.55127647844037, 253.75801438670575], "[220]": [197.97613826981132, 97.13838999994562], "[240]": [6.367289957034532, 226.27216557662632], "[260]": [607.8808638354196, 26.632096763462847], "[280]": [883.3303428886846, 171.95528003242813]}