{"[20]": [2.539042601432821, 31.645414484074944], "[40]": [2.125262196053523, 6.683440105487485], "[60]": [3.9957150527506147, 260.4449813014322], "[80]": [56.88617292509896, 171.71344115713623], "[100]": [4.183950734977598, 118.62505994002409], "[120]": [44.22386912196907, 133.13369011730384], "[140]": [1292.970273482543, 1321.0318911595198], "[160]": [2392.4010293716433, 2061.644207384652], "[180]": [10530.270871741002, 157.10434415154674], "[200]": [5712.793802781285, 626.3833480136852], "[220]": [203.70566035032326, 63.49964404528393], "[240]": [227.5720883885219, 144.16128689168139], "[260]": [248.35100152361431, 7.294138747056622], "[280]": [634.7565896752521, 3.240933445918776]}