{"[20]": [197.8521408227528, 11.139820703906787], "[40]": [5.08847882865964, 21.31977280255627], "[60]": [1.6281390103381346, 37.88862877957933], "[80]": [5.356740184166192, 115.81840852902586], "[100]": [4.324717854284832, 274.1446716479305], "[120]": [127.80924808901888, 67.78291730404946], "[140]": [13.609726636656877, 911.531201442616], "[160]": [117.18572824468883, 858.8812289560134], "[180]": [191.92303481316705, 877.3896397447603], "[200]": [70.36600110055298, 465.25906918351944], "[220]": [1430.9738316407838, 75.04928592815698], "[240]": [1634.275041265945, 21.902401661434805], "[260]": [1469.3506913346378, 160.39837410044964], "[280]": [540.4756186258996, 102.22594161318091]}