{"[20]": [1.0, 1.000001266604183], "[40]": [31.473594863510705, 28.936546581884897], "[60]": [2.6920352347578245, 59.35991853493425], "[80]": [4.485411055183306, 110.53739972729696], "[100]": [5.700014746918441, 304.9440309028289], "[120]": [162.42015240148567, 1085.2263601775958], "[140]": [131.34616697939782, 1310.3998763935824], "[160]": [399.4470422251561, 718.1532784256342], "[180]": [568.982807197981, 13.552120096926956], "[200]": [480.5655312640365, 347.3748458375867], "[220]": [412.22967199060076, 29.077074446357983], "[240]": [230.99441510706674, 210.22690706671528], "[260]": [88.77619743449964, 36.349510627348536], "[280]": [27.458722583614758, 134.46867773938447]}