{"[20]": [3.0888389107416203, 5.023265593046965], "[40]": [39.788242882760564, 3.5318156505263034], "[60]": [1.3821861737374337, 379.44956959711175], "[80]": [201.0676806266162, 1844.923778077582], "[100]": [811.8809086984922, 3825.7277179074526], "[120]": [496.7996485684184, 315.35841954013415], "[140]": [46.29904089386128, 509.079936299958], "[160]": [62.127022532813115, 196.82313192140646], "[180]": [57.67523550586666, 59.578421259329794], "[200]": [61.83096460788582, 24.77601342447645], "[220]": [56.14077126847919, 4.940787817426338], "[240]": [46.98163648904726, 1.6796391908696333], "[260]": [43.387463364890074, 0.04937717286086632], "[280]": [40.2222104162932, 0.007683445231660514]}