{"[20]": [3.4232793237731394, 3.745639043375972], "[40]": [80.28943152373259, 24.581234739108865], "[60]": [201.62251347062988, 980.5301860520395], "[80]": [940.9889116317427, 6559.538781578107], "[100]": [6837.797864305801, 10083.201196515744], "[120]": [15092.945502847884, 1162.9420451430196], "[140]": [5875.112935057641, 1230.0603818987292], "[160]": [249.72610199850715, 817.0709705945765], "[180]": [956.0538224838956, 388.3955336805177], "[200]": [1090.8071459732632, 156.5236313658878], "[220]": [1030.0407039179272, 56.65270272210293], "[240]": [920.11760589561, 19.336886332731183], "[260]": [828.1905384810219, 13.898864564485145], "[280]": [759.0969211804544, 5.984575402088343]}