{"[20]": [0.26018983431626985, 2.6357458270494876], "[40]": [9.076910561163508, 10.516915314937705], "[60]": [3.917686522142816, 89.92111345222668], "[80]": [56.3674850687612, 92.48422445900445], "[100]": [24.614559725761183, 46.39518718856357], "[120]": [22.128530927298243, 78.87362263971806], "[140]": [12.915273276519088, 334.03766367202047], "[160]": [830.8139518804919, 159.75365797481936], "[180]": [2517.2628480254753, 906.2068978835778], "[200]": [2046.2078419722511, 562.0239313740576], "[220]": [222.1403674487251, 106.3275652149232], "[240]": [70.62456754653837, 0.6839542309887463], "[260]": [129.15280640957315, 5.110463277712583], "[280]": [340.93806777607756, 0.8549960057195496]}