{"[20]": [2.4595027566199605, 14.368224331164646], "[40]": [12.621284807239743, 5.127531357937844], "[60]": [9.576230530022709, 306.282082612921], "[80]": [288.0501984422893, 884.7834679731478], "[100]": [1439.235384493261, 1089.0931946480237], "[120]": [159.75753604367358, 383.6737399454378], "[140]": [46.08792299531473, 90.18667900456006], "[160]": [61.16593658502853, 1.1358088127885504], "[180]": [51.28883646112681, 0.43281113999312654], "[200]": [44.03500796124281, 1.2962786738568735], "[220]": [39.70190305364701, 1.1215443786268804], "[240]": [38.537907960172845, 0.9859289380905881], "[260]": [39.829753528447775, 0.0007192443232620572], "[280]": [43.204951552433236, 9.480148973074302e-05]}