{"[20]": [3.0, 2.9999644134491583], "[40]": [6.759509700961911, 2.2797437897711577], "[60]": [48.4583307134957, 178.64035956458218], "[80]": [52.1084665011816, 172.88255853371214], "[100]": [4.574191746841089, 88.70318020769251], "[120]": [58.87214233233891, 81.42381778656137], "[140]": [1668.5903805053633, 1078.5945613616495], "[160]": [3537.424868257855, 991.6796805561552], "[180]": [13758.072930327657, 636.7880418742676], "[200]": [9774.2167025305, 1578.798355167244], "[220]": [834.1281953474034, 39.51853660480684], "[240]": [190.27242825587646, 230.89271353642934], "[260]": [285.11814599368813, 34.570585898130496], "[280]": [927.3712797270272, 3.7114236206230005]}