{"[20]": [1.4568771172762585, 10.275672548019447], "[40]": [30.59379836696315, 2.8581515158809765], "[60]": [52.83030157854921, 245.64179200658788], "[80]": [26.853349282069075, 251.45060623306324], "[100]": [50.056804953999745, 231.2065995682019], "[120]": [26.343969157465153, 84.68881253544623], "[140]": [1511.5554107254147, 1846.1415734861112], "[160]": [3095.895591213848, 709.2734841835772], "[180]": [1279.2107476496712, 434.21231481507857], "[200]": [1123.6035201147288, 332.7237845193549], "[220]": [289.9297221317345, 80.22835024893038], "[240]": [11.285770782844963, 66.54013402374994], "[260]": [29.605013130182314, 0.1358296789207607], "[280]": [95.87747451561074, 1.9878692036394465]}