{"[20]": [0.22791390310586634, 2.1520203397178665], "[40]": [46.97231381958579, 19.68573582455197], "[60]": [108.61141531556382, 94.50005218326629], "[80]": [2.5825282705391146, 184.81165847597595], "[100]": [90.55649504728171, 133.2815936727244], "[120]": [174.85907759776137, 83.15002145869266], "[140]": [1766.664979645102, 663.4929706066605], "[160]": [1058.047459681712, 1203.414449907049], "[180]": [1303.8810150117506, 108.6554312470812], "[200]": [629.5559933556908, 66.06369943707921], "[220]": [198.99163038125818, 11.46168239783303], "[240]": [34.46494699220694, 0.31889346201893076], "[260]": [50.778345896224884, 0.30624788633989386], "[280]": [128.70080054562894, 1.279104341760302]}