{"[20]": [5.000000000000006, 0.4231442774209686], "[40]": [14.716291329278043, 2.908676320646123], "[60]": [45.79584190552552, 90.5448484907294], "[80]": [9.66650496208888, 70.24018476187581], "[100]": [14.266805676617054, 25.66538587250409], "[120]": [6.829142680337924, 32.592013935703676], "[140]": [387.77107880216096, 421.856073299678], "[160]": [872.9772148556949, 86.81945052779156], "[180]": [2509.8977927381948, 40.6146226062574], "[200]": [762.686424101752, 353.2475340311257], "[220]": [97.89172063639387, 52.39657019246499], "[240]": [63.3300483034601, 23.83291765309366], "[260]": [26.574920459424384, 5.704258373033742], "[280]": [80.32096513517877, 1.6944544260646328]}