{"[20]": [2.0, 2.6357458270494876], "[40]": [16.358935391635796, 10.516915314937705], "[60]": [19.5098114760398, 84.01256625935567], "[80]": [39.54306338560417, 94.04156159583297], "[100]": [3.2553357481370995, 93.28132338001103], "[120]": [44.380538386659566, 6.3532666465918055], "[140]": [477.57903091230844, 459.3838539422014], "[160]": [356.27707290060425, 734.9039444665214], "[180]": [4404.399079294322, 123.98498908754118], "[200]": [2565.334189733486, 496.04360794228614], "[220]": [360.2357202186922, 1.9151566204964183], "[240]": [114.17762512100623, 1.6547106549640205], "[260]": [149.96854864436227, 9.702605815661453], "[280]": [420.17378704632347, 0.40604856333986117]}