{"[20]": [10.653389651336475, 9.99469040849993], "[40]": [22.99904454630223, 42.678830446917004], "[60]": [611.811264944814, 4953.964504131566], "[80]": [10609.979776545959, 4500.579342357625], "[100]": [20982.83421094453, 1295.3553163098986], "[120]": [6584.496470685859, 438.25790969436275], "[140]": [1.782217864676113, 196.45526887163874], "[160]": [580.7770467536476, 54.57396470528181], "[180]": [444.75376573383664, 26.93944404228401], "[200]": [407.1285877680349, 0.34083511074949957], "[220]": [314.6358540735463, 2.0378898881972654], "[240]": [280.5250161981529, 1.00422426117765], "[260]": [315.2087832289631, 0.0004702637625988437], "[280]": [303.7469491750885, 5.2349686372212474e-05]}