{"[20]": [0.0, 9.761921106394878e-06], "[40]": [0.9958062050554458, 34.82577348012154], "[60]": [54.592219094079994, 759.6634154077481], "[80]": [4152.720198627882, 2308.3290178725038], "[100]": [19721.924333244064, 1565.2481203064488], "[120]": [20969.266911083403, 1803.7472261649307], "[140]": [3501.2995836668265, 159.14994807099174], "[160]": [992.4328905838067, 198.64498125668354], "[180]": [702.5162788238212, 98.32595369964555], "[200]": [763.8296046849864, 11.799479380564593], "[220]": [570.4676244807265, 5.1806843657457256], "[240]": [551.122462185172, 2.8920674644786604], "[260]": [550.7613848223697, 0.014151072209760826], "[280]": [740.9553733127957, 0.0018598122114691447]}