{"[20]": [0.0, 1.8974962758536654e-06], "[40]": [0.6064400884064152, 2.5848445397125985], "[60]": [3.5174071844540027, 1.788579609576617], "[80]": [7.59542096675246, 0.29266488316450356], "[100]": [0.9587830550811645, 1.937533418201968], "[120]": [1.0709938960256324, 1.2441751394461913], "[140]": [0.24679112740853282, 0.02931086970946284], "[160]": [10.6060097428822, 15.008578395155677], "[180]": [55.35940118610898, 85.00254652556063], "[200]": [74.11732572013534, 254.00102910680602], "[220]": [4.591527150288584, 151.620229624971], "[240]": [821.1897659424353, 279.8047933686994], "[260]": [475.22979336520893, 143.31569364740517], "[280]": [42.964300808051235, 75.98015855484402]}