{"[20]": [5.0, 5.000001961822545], "[40]": [10.0928943008699, 14.06817987917654], "[60]": [443.8635878879659, 97.3727412194853], "[80]": [6702.461101657478, 1197.652037717893], "[100]": [8879.677119163447, 446.44499316254587], "[120]": [4135.45805669308, 80.7868316215106], "[140]": [698.6630620969615, 72.62754541906452], "[160]": [128.1617961121492, 45.0745891070147], "[180]": [288.6188546891492, 15.037385318856032], "[200]": [284.01304607842496, 2.773049387643656], "[220]": [237.33935916580293, 2.9737666795919324], "[240]": [221.3089514998372, 1.0030321514561595], "[260]": [236.02055269956708, 0.9996495346181665], "[280]": [279.87422791486165, 4.0506755925757755e-05]}