{"[20]": [2.9225825078541745, 2.076484879058746], "[40]": [67.20750452029549, 7.406147017768099], "[60]": [320.0662875486177, 808.3479060828145], "[80]": [406.87988980939224, 885.9716064921013], "[100]": [34.50350935463282, 377.0309743574685], "[120]": [137.17754405887186, 427.70931364732644], "[140]": [4912.478993947978, 2062.652495187619], "[160]": [3108.044148992398, 11966.986311189434], "[180]": [12384.371683279007, 411.9523275856825], "[200]": [2878.336330056708, 495.77508801190356], "[220]": [277.7905555609314, 297.61455891736296], "[240]": [208.11881199408543, 284.4037160927219], "[260]": [277.27434284086274, 95.5168312737184], "[280]": [807.5965982672072, 9.280748767541942]}