{"[20]": [2.6121764912488623, 1.744700299766273], "[40]": [8.410720988126938, 3.0235210107365145], "[60]": [0.46398730054508164, 12.517842856296902], "[80]": [16.53491337827616, 10.684259546246082], "[100]": [45.31440771615297, 113.9755162195296], "[120]": [64.86249134039463, 31.173300754213756], "[140]": [402.596706032979, 332.59763435582204], "[160]": [25.22267392567528, 266.01749923755597], "[180]": [97.42518975281473, 240.68048159017144], "[200]": [279.67202772114, 100.80597559215312], "[220]": [383.16220831489636, 37.137391415139746], "[240]": [174.82795848860405, 93.25085923013376], "[260]": [99.13430804523568, 0.11560476533611563], "[280]": [43.910999542655105, 41.01148508940898]}