{"[20]": [12.854841007031773, 3.366252080404216], "[40]": [155.2411708010875, 51.86172750836141], "[60]": [187.7655385510584, 918.6036079855994], "[80]": [20.45429665004076, 956.3684504498005], "[100]": [107.46527158065192, 790.1708910039147], "[120]": [99.46826598059943, 661.8717993406776], "[140]": [6562.175988780138, 6746.5240196142695], "[160]": [3040.6796342426824, 8151.689632916881], "[180]": [507.7689557775375, 2147.1809964528693], "[200]": [2172.2093140508587, 236.68830448707195], "[220]": [1221.9722334092285, 154.06968528967627], "[240]": [152.65376528128803, 115.93366909803012], "[260]": [178.84370051315034, 11.145299123735619], "[280]": [450.99003145972256, 8.015344488546095]}