{"[20]": [4.831556563193799, 3.0592960787755232], "[40]": [14.455875223053889, 3.4650423523177802], "[60]": [20.677890317284376, 139.17824177762353], "[80]": [2.9945398805906267, 99.10206082075493], "[100]": [5.161134905840762, 32.12662550942343], "[120]": [22.50718911406432, 45.73045022501775], "[140]": [545.0085826821512, 756.2099138398808], "[160]": [3318.1641946064374, 1559.8360664457457], "[180]": [2100.2628066487587, 141.18316913140373], "[200]": [2544.506556821977, 399.8867590304329], "[220]": [2091.632953174047, 544.4957437062484], "[240]": [89.65846578443005, 204.8327225529817], "[260]": [87.09523380157184, 6.665908529142522], "[280]": [145.5069345921349, 1.6644285555593903]}