{"[20]": [0.0], "[40]": [0.5020820597494859], "[60]": [13.511116861112228], "[80]": [45.94760735625175], "[100]": [666.0904993674922], "[120]": [2377.053535445757], "[140]": [3546.029659277574], "[160]": [1224.5733034976774], "[180]": [79.57138845373663], "[200]": [106.38941368154397], "[220]": [141.52687233194496], "[240]": [147.10418080699088], "[260]": [166.01104226634797], "[280]": [199.77612298225668]}