{"[20]": [0.0, 1.0490286287641973e-06], "[40]": [3.686499618729184, 2.669642666584196], "[60]": [15.289073298203531, 59.94664184224163], "[80]": [138.5869281032853, 452.46794167188835], "[100]": [267.4906788636358, 1469.8105516378812], "[120]": [613.3635361796288, 2416.645917319898], "[140]": [3527.174304378544, 811.7026676216757], "[160]": [953.6448798426342, 357.23487387347956], "[180]": [199.0054234633642, 340.05230800132614], "[200]": [72.05173677386269, 110.84809361986704], "[220]": [129.13127342376217, 38.04546710229456], "[240]": [150.10245143057227, 23.038002082681388], "[260]": [133.28536085711687, 11.616989231951232], "[280]": [121.94678295378338, 5.72539933419283]}