{"[20]": [2.2092595940350197, 4.746282276959313], "[40]": [5.459808135361591, 10.180503856848873], "[60]": [21.82458478258519, 59.05943145663531], "[80]": [33.1772532955259, 90.06367852834086], "[100]": [18.47141785739518, 160.43329081512286], "[120]": [108.2900238055006, 203.31718709425104], "[140]": [151.39973542724601, 583.6955156323183], "[160]": [110.18206747619115, 950.3809824907175], "[180]": [785.6121729286187, 1063.922511874016], "[200]": [1057.860102865252, 2131.2829603000155], "[220]": [896.4212802644579, 739.6814604739775], "[240]": [2866.875171709169, 283.3879672430194], "[260]": [2663.0015551612596, 267.9596562455663], "[280]": [1304.1887849962895, 363.1334542317063]}