{"[20]": [1.0, 1.0000019232466324], "[40]": [0.5449381447990618, 2.3365774497271747], "[60]": [0.9029705718029195, 0.577341631610088], "[80]": [0.17706611636480474, 0.059817848255943246], "[100]": [0.1248183431543407, 0.005209039343087115], "[120]": [0.12666635203825366, 0.0004398142534760032], "[140]": [0.09198451432984413, 3.693959120105089e-05], "[160]": [0.07397663163069157, 3.0972619241653293e-06], "[180]": [0.06502363889490681, 2.592688312814912e-07], "[200]": [0.07020242749953799, 2.168633804078896e-08], "[220]": [0.06100904112341226, 1.8203646992272464e-09], "[240]": [0.0531408299523538, 1.5313939256010184e-10], "[260]": [0.04003212940560849, 1.2924917119075047e-11], "[280]": [0.03669393324993434, 1.1083592948301815e-12]}