{"[20]": [4.0, 4.000001266604183], "[40]": [5.007357543319408, 11.037280842109737], "[60]": [47.65492233425573, 451.76365976168853], "[80]": [378.2077489136136, 937.2399005859224], "[100]": [9267.43434578101, 3816.272192577104], "[120]": [17137.654083207068, 549.271327159775], "[140]": [9789.588374012448, 507.35669621741727], "[160]": [1981.3901310392084, 375.01373028786566], "[180]": [588.1802121147712, 251.37111434239478], "[200]": [1157.6685841006338, 106.91015208309932], "[220]": [1197.3526565447678, 63.45790798235669], "[240]": [1153.3549047987165, 7.12566751347282], "[260]": [1054.281326355284, 9.862088143630587], "[280]": [950.0428780587145, 4.9782472424316495]}