{"[20]": [3.0, 3.000001266604183], "[40]": [10.879718571779588, 2.96479933858474], "[60]": [17.98325543030836, 225.57200293080493], "[80]": [135.29153044778104, 1682.1107933720627], "[100]": [1756.9910180484112, 4466.864287620432], "[120]": [12839.843978578094, 2249.1410637264053], "[140]": [13835.39201775656, 1153.9303299667154], "[160]": [1984.0281053695226, 396.4040296224284], "[180]": [1342.0700634929685, 294.04271988923347], "[200]": [1043.4507905289995, 159.0790354541016], "[220]": [1255.6194394252507, 64.15975554299905], "[240]": [1102.1801512080483, 16.691856477804166], "[260]": [1013.552459642832, 16.419487511231523], "[280]": [927.7725165155069, 2.8981424318933886]}