{"[20]": [0.7205824779258884, 10.363392417273705], "[40]": [3.704194605376726, 8.838051105428812], "[60]": [212.4137350920187, 156.43013508942664], "[80]": [26.85937725419846, 242.45378624286846], "[100]": [37.171512488866504, 48.6536899217948], "[120]": [170.46508481617641, 86.29968178663508], "[140]": [1772.899194634799, 108.31382419008378], "[160]": [2434.8797435429506, 846.5884829205869], "[180]": [1675.5727864759085, 324.7687684515421], "[200]": [180.63192921600643, 82.28174805250147], "[220]": [44.29025829350648, 61.179640122621244], "[240]": [39.027471124326496, 48.378810566504875], "[260]": [52.8857917141928, 13.36771947801864], "[280]": [131.7121257726922, 2.7585932403246107]}