{"[20]": [1.3572350166955705, 5.822264675182172], "[40]": [1.9474524327066618, 6.854398850789899], "[60]": [2.29930206089513, 12.916367219965458], "[80]": [16.5831760247575, 24.79481886801095], "[100]": [8.627048020788834, 22.958644814681946], "[120]": [74.06521347824861, 26.18939447215979], "[140]": [10.735969061129595, 129.64263023303926], "[160]": [48.19970543771399, 135.8025741644442], "[180]": [125.71178134243644, 188.9540047728226], "[200]": [266.91325533634244, 504.9719339770925], "[220]": [108.38559437912318, 109.15283834672027], "[240]": [107.74054980156507, 232.0918748706872], "[260]": [931.6693893669899, 167.87452828292953], "[280]": [517.4824758661584, 133.761712202431]}