{"[20]": [0.5237038650148674, 24.582572660123585], "[40]": [0.791185782478349, 1.6639404606428534], "[60]": [44.815915650558786, 20.95884058619014], "[80]": [5.168915169479349, 25.722803195314025], "[100]": [19.376686347753154, 6.930598750020903], "[120]": [11.088608754024005, 1.6467415898221072], "[140]": [120.12036726547603, 137.38692939842346], "[160]": [306.0494958935118, 370.51080382590067], "[180]": [2467.6810994868847, 393.9749436306807], "[200]": [2903.890558452711, 393.60987212355167], "[220]": [2591.1136128661487, 577.6441227161987], "[240]": [3962.783461216087, 187.6206841237545], "[260]": [116.52892664382121, 104.12026246147195], "[280]": [165.5918415966805, 31.094175988588947]}