{"[20]": [0.0, 1.2494898800320704e-06], "[40]": [0.16586958666322435, 11.776050623064807], "[60]": [5.42795886915581, 82.59464707467937], "[80]": [242.8127258441181, 258.6540959529592], "[100]": [2889.079726388608, 452.96045577252806], "[120]": [3948.9361323374405, 469.2536243044686], "[140]": [669.1331975154264, 233.74953947854618], "[160]": [89.27967903745215, 10.18148869730014], "[180]": [110.33367684361045, 4.3722729900680575], "[200]": [94.37772545830784, 2.9405053435882915], "[220]": [82.65066332227403, 0.6262391200100635], "[240]": [78.83850485511728, 0.09335088770900833], "[260]": [80.23747946617789, 0.015013109405948266], "[280]": [90.39947364835079, 0.0021396002119826287]}