{"[20]": [14.055014353873958, 1.5046805952892406], "[40]": [65.7157589494893, 23.34425417969976], "[60]": [64.88470980430293, 2033.9559216041137], "[80]": [11878.492047644251, 10619.093157514584], "[100]": [2820.8913665377913, 9827.341201826195], "[120]": [2778.1174264369038, 592.0643718173633], "[140]": [2148.3037681846945, 1285.2787700516747], "[160]": [651.404191483909, 736.2114426422131], "[180]": [270.96013293794465, 263.41618412204514], "[200]": [297.85041882037024, 94.0284350639945], "[220]": [284.7442241280072, 57.14738061500918], "[240]": [300.8533976472627, 8.735509923863106], "[260]": [265.0548327472108, 9.962242089565123], "[280]": [250.51946731181886, 2.0053901743750053]}