{"[20]": [3.0, 3.0000014025321624], "[40]": [4.140894872765365, 0.8633874264358639], "[60]": [11.80843559308093, 46.474617302701546], "[80]": [31.835178626538152, 100.41038605367422], "[100]": [0.8700735287306998, 139.7993351021313], "[120]": [38.40454218732475, 126.55109014322852], "[140]": [223.3519773423168, 1024.7918303986116], "[160]": [280.3144039291965, 1599.3055421516165], "[180]": [115.34280385414968, 1213.0670662949087], "[200]": [167.906279304083, 1485.5533055242195], "[220]": [496.636234327907, 11.487780659201235], "[240]": [2188.956538789902, 68.29912083309137], "[260]": [1277.3176330591405, 169.7102625216421], "[280]": [437.7636282344911, 288.24609137297193]}