{"[20]": [3.2092595940350273, 3.7464160648506635], "[40]": [47.516006832068854, 15.581234739108865], "[60]": [418.47265988667914, 778.4194746698339], "[80]": [489.1384580481681, 817.1985108286958], "[100]": [34.87283849499727, 878.045322503564], "[120]": [230.5974049330407, 760.9030464245016], "[140]": [6034.826869464336, 6170.707756769489], "[160]": [7089.4404246539925, 8486.231916407749], "[180]": [18793.233426868486, 2014.0840642073817], "[200]": [9336.432087203091, 750.0698759567713], "[220]": [323.92784007453974, 110.68221727911941], "[240]": [68.79712650687429, 248.62236683587366], "[260]": [563.7002154755876, 70.44146736891938], "[280]": [1845.7551195273804, 2.4094672500501275]}