{"[20]": [11.524580490185564, 10.275672548019447], "[40]": [11.426540576220603, 2.8581515158809765], "[60]": [72.53255410845486, 528.7081724096416], "[80]": [517.2844662428524, 3281.5460680159067], "[100]": [4697.917061348562, 5027.1690204933075], "[120]": [9668.704692219457, 467.56591736843257], "[140]": [6066.594433419637, 776.197073764708], "[160]": [1153.8730332881646, 352.66241401834327], "[180]": [111.03815069871985, 144.09034756889673], "[200]": [379.098692172397, 45.1878570983736], "[220]": [388.7337102025905, 16.72444600077364], "[240]": [349.8677723065707, 11.650701676684005], "[260]": [319.896929515332, 5.946389728594697], "[280]": [296.6628732039391, 1.008227934722451]}