{"[20]": [1.0, 1.0000010490286289], "[40]": [0.09798835979116137, 0.44650936798057833], "[60]": [0.07821819356455469, 0.09508045919954874], "[80]": [0.17243283487943561, 0.012929089428764206], "[100]": [0.17682759399745557, 0.001075262300413624], "[120]": [0.15770227335171494, 0.00013175222704354112], "[140]": [0.1382552336468856, 7.740101783152211e-06], "[160]": [0.10343843879473547, 6.782726309562249e-07], "[180]": [0.0980436081310389, 1.0334716774062131e-07], "[200]": [0.09148293431146456, 6.801213497952731e-09], "[220]": [0.08611908363772017, 4.5921918929339037e-10], "[240]": [0.08218110657573226, 2.3200358540009374e-11], "[260]": [0.07852037551843706, 3.887862239663419e-12], "[280]": [0.07555177767435263, 3.6429886179587313e-13]}