{"[20]": [0.15357955051611702, 11.835929951959764], "[40]": [6.8291700439475145, 26.831475825849633], "[60]": [108.58538434474652, 2954.9294815817234], "[80]": [6079.400045360913, 10385.42531375164], "[100]": [19905.17210269161, 827.0896714775108], "[120]": [3698.215811609269, 1878.513087137211], "[140]": [566.4007419735432, 1176.6150793512031], "[160]": [716.3547814740296, 593.6118021798318], "[180]": [676.9815379274715, 172.20522181999738], "[200]": [580.9338894159926, 55.605943533335754], "[220]": [524.1667760843974, 14.851182787423308], "[240]": [507.03205476473113, 2.976838713737615], "[260]": [530.2807403541227, 0.9982902099886395], "[280]": [595.7820460434392, 8.780218087717538e-05]}