{"[20]": [0.20269813153291782, 2.076484879058746], "[40]": [7.9871128738849615, 6.683440105487485], "[60]": [61.63112125447156, 323.1107703903888], "[80]": [147.09276895554396, 1778.300719469526], "[100]": [833.7472865565695, 3357.659845040196], "[120]": [3814.4754015913204, 1514.8653566656033], "[140]": [2051.3962656746653, 532.4743756785111], "[160]": [178.4659974639187, 408.81106588498494], "[180]": [169.39388295516136, 251.11207729529454], "[200]": [251.5655981473773, 62.19329875976834], "[220]": [245.14543177278819, 15.881750741006611], "[240]": [213.94405309609667, 17.98491807587056], "[260]": [190.87689266765702, 9.83163701724426], "[280]": [174.90368227341997, 1.0276535990471336]}