{"[20]": [3.13013018003454, 15.834620363751524], "[40]": [49.473602320010784, 27.110415099223907], "[60]": [124.14338136928195, 742.1474363326997], "[80]": [4390.644840953983, 474.90083171936806], "[100]": [2725.637467492449, 232.92074496700897], "[120]": [135.42675826862876, 40.88393970129515], "[140]": [125.83066289226468, 60.01521433406391], "[160]": [110.87652403633922, 14.093337370953407], "[180]": [103.21723583442655, 14.459335677357275], "[200]": [99.28062103014595, 4.940533280974206], "[220]": [93.89665348014721, 0.0064843119725875534], "[240]": [89.40991442713802, 2.999281059582169], "[260]": [86.52744830710252, 7.843966985434246e-05], "[280]": [85.63168115254798, 8.626836440947299e-06]}