{"[20]": [10.653389651336475, 9.99469040849993], "[40]": [22.99904454630223, 42.678830446917004], "[60]": [587.9550763368534, 5097.0958533106], "[80]": [10215.643892264772, 4772.575671332503], "[100]": [20911.940279094044, 1208.533714744066], "[120]": [6514.763396111464, 518.6184674178076], "[140]": [78.42119075655864, 165.05750316895706], "[160]": [565.2248988279136, 47.65877553199468], "[180]": [466.52026590107107, 8.950518478622833], "[200]": [396.9707606132476, 7.660574081757151], "[220]": [303.06552757751126, 0.9622312555280166], "[240]": [269.13743014685775, 0.004202455654620629], "[260]": [306.0212675910295, 0.0004675942337697969], "[280]": [296.728945152437, 1.0000520254827525]}