{"[20]": [5.0, 4.99999857127585], "[40]": [8.619080852700094, 16.637024951357315], "[60]": [21.724691555384453, 523.0549402847257], "[80]": [118.45401615856906, 279.52233524067174], "[100]": [1656.571139770083, 345.61314996813655], "[120]": [1905.51195208316, 344.90710915460886], "[140]": [77.84455942123442, 1.0288742722181279], "[160]": [62.94081820118575, 6.468162227403211], "[180]": [60.9402068548588, 1.600592546102993], "[200]": [52.4704703156607, 0.3160043865983219], "[220]": [48.05837426553936, 0.08619474929942023], "[240]": [45.9719805337852, 0.01089075228156086], "[260]": [45.565356825892025, 0.0013740780065513484], "[280]": [47.57217964956363, 0.00012878724385829776]}