{"[20]": [2.7645877975503494, 14.37065996445156], "[40]": [52.49806584549462, 5.100220464666745], "[60]": [116.32664367257466, 224.55046738743278], "[80]": [645.437546251709, 258.741340292618], "[100]": [3703.4189908846015, 31.145726056077972], "[120]": [2741.3282829533455, 364.387675574863], "[140]": [684.304911612366, 60.59065560900973], "[160]": [62.38178954100335, 1.639648676369498], "[180]": [56.431193499763296, 2.823760045617203], "[200]": [52.67534878019192, 0.5391176753827671], "[220]": [49.76370427420028, 1.1958414207814134], "[240]": [47.530768766266625, 0.9736996506221693], "[260]": [45.786964329795644, 0.0035204800553157167], "[280]": [44.83236791115206, 0.0004708296253502675]}