{"[20]": [0.10821824761188648], "[40]": [8.313704034069005], "[60]": [14.908960493526195], "[80]": [149.8117786180278], "[100]": [154.76296042926333], "[120]": [1950.5908610672086], "[140]": [1441.8331925616294], "[160]": [148.52630554684401], "[180]": [162.2726638760649], "[200]": [229.10027945964208], "[220]": [212.64204058424787], "[240]": [204.77254377441633], "[260]": [180.45380905852488], "[280]": [171.5640951955689]}