{"[20]": [2.0, 2.000001266604183], "[40]": [0.5110373190434565, 6.7819857079889445], "[60]": [19.394953469080775, 92.0325574274813], "[80]": [171.06850674383713, 484.55284112478955], "[100]": [804.126802971904, 1512.1314260997979], "[120]": [2094.7194654907253, 894.4925881897634], "[140]": [2196.2431143506556, 316.37828071644253], "[160]": [453.24636940927167, 159.14189223155336], "[180]": [98.8355037069822, 66.93614302964636], "[200]": [203.50438774154458, 23.109732224532053], "[220]": [203.27022802809307, 7.939733679623899], "[240]": [188.1259922193688, 0.4778552972608505], "[260]": [168.202997985354, 2.9109483789596267], "[280]": [152.7096682096914, 0.01518622827757957]}