{"[20]": [0.0657022103885689, 1.2361776033439429], "[40]": [41.746170693916994, 10.568262537230606], "[60]": [52.96049995872941, 89.68294024773176], "[80]": [48.82747697639847, 172.5518858154861], "[100]": [8.283414849728976, 58.25905684500946], "[120]": [164.20139282219995, 83.44692071302472], "[140]": [18.456896531744327, 508.29964875500764], "[160]": [1827.3410876748192, 666.6808236260921], "[180]": [1187.3949237393265, 48.24158650085278], "[200]": [234.0720971829325, 17.168994991790317], "[220]": [48.77976072850527, 13.921549813877267], "[240]": [45.85688409493832, 5.16216173252031], "[260]": [24.838971566785983, 1.9153734668410332], "[280]": [35.298407682530986, 1.8474190295303186]}