{"[20]": [1.0, 1.0000016280145343], "[40]": [0.7611512866386541, 2.0967278535772502], "[60]": [0.27164506614688544, 0.593590877229856], "[80]": [0.05332395588091775, 0.06291222541434863], "[100]": [0.12847974220056702, 0.0055897422763427455], "[120]": [0.18305897722035758, 0.00048115736925976053], "[140]": [0.12941703388986583, 4.138036483595533e-05], "[160]": [0.10172278326711039, 3.556859255164e-06], "[180]": [0.1013655637797482, 3.041504161150405e-07], "[200]": [0.10335596550914897, 2.5993944880711142e-08], "[220]": [0.0886510685589595, 2.2355337963667043e-09], "[240]": [0.0771687926353953, 1.9348960133792377e-10], "[260]": [0.060451922159939414, 1.683920271190414e-11], "[280]": [0.05242047790673551, 1.474045274790935e-12]}