{"[20]": [1.0000000000000047, 3.1797446711200283], "[40]": [5.433508055259843, 0.8662249054293039], "[60]": [3.1486854597920413, 15.914400517710945], "[80]": [8.221552930948064, 4.475858973233219], "[100]": [6.243147236739354, 8.568256285507431], "[120]": [24.42653678506703, 52.3847198366998], "[140]": [15.229264560683077, 3.3383695183044324], "[160]": [11.362440166845488, 33.746092196175084], "[180]": [38.99169699843537, 88.62995281568465], "[200]": [214.46130508617534, 235.78067122000584], "[220]": [149.6205218849932, 274.9692384624095], "[240]": [300.2033843987465, 46.18184003950864], "[260]": [563.797110628776, 175.72820502216655], "[280]": [657.1721412922916, 167.49432607074777]}