{"[20]": [1.0, 1.000001266604183], "[40]": [1.7578396852574834, 1.4104612494125117], "[60]": [2.650788099253548, 1.7786762872352835], "[80]": [6.723228274224102, 12.86256930632874], "[100]": [0.8044098304449037, 8.736670498017364], "[120]": [11.926304201157485, 1.4003286581727181], "[140]": [3.8352502852888506, 11.042831278358307], "[160]": [1.293355237061789, 7.908129626241312], "[180]": [2.0064778351896138, 9.100937018516717], "[200]": [14.333059272489834, 13.71809228675707], "[220]": [0.5351795418969232, 50.08137141323306], "[240]": [7.823855915113995, 112.25469705547334], "[260]": [24.089672294259344, 27.114014743173584], "[280]": [24.66424176033206, 180.43429554874456]}