{"[20]": [3.2277764116200336, 2.076484879058746], "[40]": [5.04081907940767, 6.683440105487485], "[60]": [14.297809605532306, 270.1107703903888], "[80]": [41.27889937984286, 284.7867670576828], "[100]": [9.977756912155224, 124.032840145939], "[120]": [15.72899726932918, 86.64409219830746], "[140]": [1298.9086392871125, 473.8784665523352], "[160]": [167.91192945288378, 403.8504000300723], "[180]": [8134.6655381618275, 35.81630747925719], "[200]": [4084.147505718613, 643.2233172272203], "[220]": [451.1672673656245, 116.66771013148197], "[240]": [143.490918923254, 120.50202789930486], "[260]": [172.05844410815408, 33.05641370133309], "[280]": [485.55664625179236, 0.8840295075077907]}