{"[20]": [5.0], "[40]": [1.0800067581342478], "[60]": [1.102200026775014], "[80]": [2.3586314242007287], "[100]": [4.784627671240833], "[120]": [3.187346931732572], "[140]": [4.589891348142248], "[160]": [1.3692597344966069], "[180]": [31.932544958734766], "[200]": [33.01348531469406], "[220]": [55.88166154967588], "[240]": [132.23786658555122], "[260]": [203.77010296675246], "[280]": [196.76283101332427]}