{"[20]": [0.832992593127171, 3.744700299766273], "[40]": [9.300080991836847, 14.734542636731192], "[60]": [58.645343970298654, 213.3016833825966], "[80]": [103.43157581727155, 1379.1809793608627], "[100]": [2647.4241376136015, 1301.3744175731645], "[120]": [3229.2585786772834, 333.97908392385216], "[140]": [1224.424715905228, 151.06140008087823], "[160]": [166.71869916867365, 53.86461192683396], "[180]": [242.0889346582012, 40.77592210025307], "[200]": [261.19406133622346, 19.815633986124183], "[220]": [246.4747984781875, 12.381894204349834], "[240]": [222.60988588634663, 14.908745868153794], "[260]": [211.59316256193085, 5.013471182358089], "[280]": [189.22398497135143, 9.001988629641325]}