{"[20]": [2.7653198230140204, 10.276435895534574], "[40]": [12.217845749167479, 3.860398218638028], "[60]": [60.55291550073275, 327.7714600052623], "[80]": [114.75464291479702, 1762.564729571966], "[100]": [1789.7797504059677, 4574.635315640689], "[120]": [4554.695687707101, 4644.714829101807], "[140]": [11757.444406441304, 101.34257602660031], "[160]": [5762.9688878545, 729.4772069902019], "[180]": [889.7925512460031, 469.6668650957266], "[200]": [153.218633320552, 185.44317516505583], "[220]": [247.9128637456571, 85.87529022248705], "[240]": [278.33210808983785, 8.82737345966323], "[260]": [260.24902693919097, 5.247700163521331], "[280]": [234.2256739849649, 3.864381455993849]}