{"[20]": [3.2023719582228445, 93.07578924016822], "[40]": [2.3091491138333833, 9.588501210268827], "[60]": [31.849174845128008, 155.27635293510414], "[80]": [41.235502115555434, 166.904842733921], "[100]": [21.051047265925256, 42.17775261408595], "[120]": [2.2361063262833016, 34.654819157946186], "[140]": [314.1726344608291, 699.21332687881], "[160]": [2281.7703117381366, 647.3010575575611], "[180]": [6901.456628667746, 598.662739901902], "[200]": [3077.007233171688, 196.8703179655579], "[220]": [272.6127447962536, 13.032394570599429], "[240]": [60.85040362997095, 25.37537082796168], "[260]": [63.25550475119037, 3.700536980091205], "[280]": [94.84415693194765, 3.3066735929979343]}