{"[20]": [3.0000000000000013, 11.5844600500253], "[40]": [7.420461620119982, 2.3422817814650987], "[60]": [13.060335905002574, 85.44876829224567], "[80]": [184.26214529576578, 514.0760856445469], "[100]": [842.1004455844659, 1093.2150175949369], "[120]": [1316.7937799030851, 158.87911797894412], "[140]": [1034.908736414966, 122.1182240943856], "[160]": [54.23024060172014, 84.88639583764382], "[180]": [172.10261020779987, 12.573121881161313], "[200]": [53.3250752259995, 1.5523817224649008], "[220]": [57.84252072546879, 6.4409794047802365], "[240]": [63.21081297970004, 3.087874832069676], "[260]": [52.447029072315246, 3.9861888651774233], "[280]": [47.527841418917276, 0.0021706154865264622]}