{"[20]": [4.508882556011866, 189.07896179190652], "[40]": [5.882499050418447, 2.2937402127580873], "[60]": [101.63699810784858, 41.388134201971894], "[80]": [15.501697091099743, 65.16597968227269], "[100]": [67.16702921058177, 3.0201116091792786], "[120]": [8.22558309376433, 32.24451734263906], "[140]": [609.7797546664578, 659.240030946852], "[160]": [10.670481138483881, 1170.9382804673205], "[180]": [4190.918405205187, 340.5214862485986], "[200]": [2519.8994410397895, 286.5412445137163], "[220]": [354.25172387412886, 44.03861131912271], "[240]": [92.2651805638777, 17.063855589725527], "[260]": [189.29876870810818, 2.923213555741264], "[280]": [149.460732302691, 1.7219065328282503]}