{"[20]": [0.37705741653025426], "[40]": [1.8536399861420518], "[60]": [1.3506713589716544], "[80]": [2.5768611073030643], "[100]": [0.4987510426791779], "[120]": [0.36840639538425535], "[140]": [1.720491359547772], "[160]": [2.0535360591589935], "[180]": [1.4664501441153988], "[200]": [8.82323891214105], "[220]": [23.162778735230063], "[240]": [84.87324329580156], "[260]": [83.35248796734345], "[280]": [29.687500393830987]}