{"[20]": [1.0, 0.9999375874574534], "[40]": [30.936470775351328, 14.737959567737802], "[60]": [4.731563316513317, 29.14374079844777], "[80]": [46.064064292569334, 75.72158959109609], "[100]": [13.740985629167591, 117.69521818595508], "[120]": [121.95232262651477, 148.42464719252774], "[140]": [40.676717646464176, 574.2782577582573], "[160]": [7.307637777260951, 714.0584863409349], "[180]": [51.52968037524563, 716.4735627565808], "[200]": [81.49255426051201, 529.8794125320265], "[220]": [570.8325361949406, 161.19666217987455], "[240]": [772.5636072765427, 67.09287216918491], "[260]": [544.6931976880447, 199.38434480396384], "[280]": [281.7467566070307, 214.86670315648317]}