{"[20]": [1.2855807261517995], "[40]": [1.6834427256320623], "[60]": [32.31921748561837], "[80]": [30.058839194490247], "[100]": [324.85003888313986], "[120]": [94.7352551726799], "[140]": [357.0061296102681], "[160]": [68.537274605883], "[180]": [5.781623538063911], "[200]": [30.124993918750192], "[220]": [28.226925718992533], "[240]": [30.34161105077423], "[260]": [27.824223807657855], "[280]": [26.982544216954967]}