{"[20]": [2.1081970031739803, 220.23758847917696], "[40]": [60.91991079015893, 49.45686346119236], "[60]": [40.92203607598296, 3197.4493023244977], "[80]": [15302.164636840662, 4082.3348229647104], "[100]": [16567.61092531071, 709.8354922643914], "[120]": [1491.3091462642722, 555.9297107797797], "[140]": [554.3046367355893, 244.56668397909348], "[160]": [570.0127911669358, 82.71428468081123], "[180]": [526.4197791005669, 18.332201266368465], "[200]": [477.0517860891974, 3.336656022590434], "[220]": [434.0336831757547, 0.922399951787661], "[240]": [415.52962818422895, 0.009006130355993519], "[260]": [400.28318129763045, 0.0010538195641271273], "[280]": [407.4612951445657, 0.00012330712090769671]}