{"[20]": [2.7236144381034837, 5.822231203581712], "[40]": [7.784220036960296, 3.4999459086399014], "[60]": [1.2604174755645445, 13.093227677545478], "[80]": [5.877228047568302, 24.613393786880494], "[100]": [3.0402464708684818, 24.356528353762485], "[120]": [28.174338556663884, 53.18391027509057], "[140]": [22.97323762761488, 127.7445382388986], "[160]": [42.1624336820081, 153.01846537763254], "[180]": [22.071889217226385, 216.64930168890692], "[200]": [194.44265277088562, 660.5314746200668], "[220]": [338.6821357200379, 101.95263661329409], "[240]": [23.99110663569263, 206.6239394624663], "[260]": [192.71943270450265, 273.6846833526288], "[280]": [297.9771400162681, 140.35819469200032]}