{"[20]": [1.2940939095958068, 22.112020035840697], "[40]": [0.003708036779819679, 2.769877317578704], "[60]": [29.133658780746245, 22.52216115884842], "[80]": [28.83372424611629, 26.033484550703577], "[100]": [13.38897299676799, 12.310344964114009], "[120]": [3.8584728007925406, 0.2837544739337403], "[140]": [10.497068901509891, 139.07168502190794], "[160]": [71.45504729157074, 404.230967483134], "[180]": [1183.046580782595, 1620.1204296283504], "[200]": [626.9815474121679, 962.4660630783255], "[220]": [211.6395469139652, 633.9418620739707], "[240]": [309.42997895644646, 99.8602744012378], "[260]": [15.839262235645151, 91.33067083997258], "[280]": [99.59464479541981, 25.24959477612098]}