{"[20]": [2.0, 1.9999644134491577], "[40]": [0.9681266382119965, 2.33266704932859], "[60]": [9.518330956694347, 3.4546997398968715], "[80]": [4.29926252526401, 1.377079849426717], "[100]": [5.633200265752531, 2.363362981411454], "[120]": [0.47053399097887133, 0.9407875573296102], "[140]": [1.0799883205137404, 1.004992770300392], "[160]": [2.4248006610573314, 2.0004350400817814], "[180]": [8.702809933248124, 6.0000378917392885], "[200]": [16.873701181623822, 15.000003176744062], "[220]": [51.71616671322545, 63.000000249307575], "[240]": [61.57177320455372, 45.999999965832906], "[260]": [9.48782260057344, 17.999999996784545], "[280]": [58.95033337535516, 68.00000000012379]}