{"[20]": [1.000000000000002, 12.075146220524957], "[40]": [2.878261696274497, 2.19956126212972], "[60]": [1.4053312756174812, 0.08983126061402125], "[80]": [2.6289361398844546, 3.7909701755950325], "[100]": [0.08653447138063797, 0.943968921065693], "[120]": [2.612888885630973, 7.149474448311654], "[140]": [5.9946912708793505, 13.633853341233593], "[160]": [1.4969609016944148, 9.307390769531665], "[180]": [8.430026410386844, 15.71458657760303], "[200]": [31.40370887120828, 18.858590816450658], "[220]": [85.54225816377289, 57.77931578486363], "[240]": [56.49660193208274, 50.05188521741525], "[260]": [120.32278771730694, 112.69600648946107], "[280]": [204.5770747375202, 6.912883203479396]}