{"[20]": [2.0, 2.0000018974962757], "[40]": [0.5110373190434565, 6.7819857079889445], "[60]": [15.394953469080775, 88.0325574274813], "[80]": [28.12430696673607, 75.8805856678378], "[100]": [27.342391872357382, 34.077415591676555], "[120]": [17.341391160064916, 17.21829150164635], "[140]": [206.39308681437808, 185.70929336887735], "[160]": [391.16098653834024, 1762.2008478018515], "[180]": [2384.4010519469375, 330.11141205954846], "[200]": [3077.4327584119746, 389.1580951985352], "[220]": [587.0795371982731, 68.0716934319978], "[240]": [24.932409023592385, 28.956251923602167], "[260]": [104.3525962592662, 0.8655844564970678], "[280]": [311.7896844598596, 1.9295828630602885]}