{"[20]": [7.0, 2.423719828332824], "[40]": [25.693255362056405, 5.420251380455426], "[60]": [217.78977903796124, 138.92041207289833], "[80]": [61.58621400153868, 139.24213595311357], "[100]": [26.62826117745044, 112.88401881909857], "[120]": [58.7498724219447, 32.41293708422933], "[140]": [1089.8966919625555, 1148.1485417560143], "[160]": [0.7485090113405022, 2699.0241947279865], "[180]": [8543.081053850041, 165.966829733934], "[200]": [7418.2669333367485, 659.1245914193296], "[220]": [1046.2013275639897, 84.33791545693134], "[240]": [143.47561187632215, 61.00434460038082], "[260]": [864.9693594412349, 0.13996636921088168], "[280]": [686.0895518239828, 0.2752727332326206]}