{"[20]": [6.0], "[40]": [9.632592543467691], "[60]": [1.028186668215696], "[80]": [5.205419204257694], "[100]": [41.06332214363178], "[120]": [24.558430321147966], "[140]": [60.30051112540468], "[160]": [84.42730212779725], "[180]": [35.43919584620153], "[200]": [230.34220330245716], "[220]": [16.8869654497621], "[240]": [137.81943789322304], "[260]": [9.730093642285965], "[280]": [17.17305072284387]}