{"[20]": [3.000000000000002, 1.439645646623113], "[40]": [26.072654134255117, 21.13695846949885], "[60]": [309.92828959465123, 878.5492978937073], "[80]": [1081.082794081216, 1895.059067105518], "[100]": [2249.1636882087096, 521.8360477589467], "[120]": [1930.965649799995, 376.9806165372238], "[140]": [92.62335443419829, 75.42847054806873], "[160]": [123.78094306948117, 22.03017763689698], "[180]": [106.58862800134342, 8.755927805793071], "[200]": [81.84358198673269, 3.4675730165104026], "[220]": [67.22580396685049, 0.06460788326966457], "[240]": [64.21920219375906, 0.007839264389652026], "[260]": [69.01039551581066, 0.0009508630476106885], "[280]": [83.4452038890771, 0.00011540982107356601]}