{"[20]": [0.061631671607589984, 10.363392417273705], "[40]": [8.423063636727603, 8.02853322407131], "[60]": [5.564706879550352, 80.99724995636674], "[80]": [308.59680251306617, 772.8656383944266], "[100]": [791.4816162970938, 498.31384063976986], "[120]": [765.6652280140224, 30.169464726974844], "[140]": [244.01208562941164, 188.08966553809748], "[160]": [34.96998020218676, 25.976783008986217], "[180]": [53.824862633611545, 26.57973743952476], "[200]": [60.46655514269127, 7.700836150471077], "[220]": [58.399030266196725, 1.6584979540258924], "[240]": [53.687945616347676, 0.050421715171362895], "[260]": [47.00005676592746, 0.9924750609305093], "[280]": [42.11130395100019, 2.001111372042735]}