{"[20]": [2.0, 2.000001049028629], "[40]": [5.587734219386627, 3.63612176073723], "[60]": [21.59949807783412, 86.4915837084934], "[80]": [22.155159966530135, 75.44876086649924], "[100]": [13.227182644255384, 20.821475510142026], "[120]": [9.045168058609788, 9.187859405380731], "[140]": [176.9070998354265, 181.60910821830757], "[160]": [519.1341809861651, 223.66829041338033], "[180]": [2800.292143616028, 273.4615922002795], "[200]": [2384.5681479791415, 457.58126077647876], "[220]": [450.2605104324296, 63.088576118441964], "[240]": [48.706084098332965, 12.058146965941694], "[260]": [64.02846975331613, 1.7560350112017342], "[280]": [181.5035192854923, 2.240368018537053]}