{"[20]": [14.00148762208876, 60.44909847573449], "[40]": [35.614459206213304, 56.05492106764534], "[60]": [50.83541611797522, 5634.308878465057], "[80]": [31004.058301591896, 6336.200952272173], "[100]": [34417.126467320515, 1454.1576296052176], "[120]": [6208.756838617986, 1012.7886855684995], "[140]": [1469.663690993813, 574.5252463353718], "[160]": [1020.4049473390636, 258.11841338771984], "[180]": [962.2742064838826, 59.851386613696356], "[200]": [913.5263659908424, 7.56986153655147], "[220]": [850.7816392025825, 0.8317255539036953], "[240]": [814.1063078455497, 0.9802014939406164], "[260]": [783.4714231296929, 0.9976706403509624], "[280]": [775.9335393359061, 0.00027196578029849947]}