{"[20]": [3.0, 3.000001049028629], "[40]": [9.066765657438097, 3.2244663827214164], "[60]": [2.5075800675967406, 444.0474904699604], "[80]": [677.0773172287379, 2267.754769610341], "[100]": [7837.628582704443, 2582.394460837868], "[120]": [8950.141650845628, 808.0219184933221], "[140]": [1406.396458508184, 340.851313728502], "[160]": [284.35754150179446, 151.59234432257622], "[180]": [242.4072495880256, 65.89428409707753], "[200]": [370.1267170016902, 44.62128485778025], "[220]": [388.66187932597967, 14.080148411559835], "[240]": [352.3830773836356, 2.8674068137060433], "[260]": [319.50898974597527, 0.01897165520505737], "[280]": [285.47333790435, 8.997245204155755]}