{"[20]": [1.6895564872086581, 3.2243705774466394], "[40]": [5.57116313096155, 12.719787069921505], "[60]": [1.6236181945304398, 641.309817959228], "[80]": [211.06043414503247, 3312.3719683444583], "[100]": [886.671204052037, 4370.130996121843], "[120]": [578.9629723805512, 263.2045515956196], "[140]": [54.26763663673021, 559.326644195696], "[160]": [87.36635806768638, 244.7588126766675], "[180]": [70.37181886189833, 88.7163861455216], "[200]": [57.51027297185694, 17.501676424672418], "[220]": [51.93379260894016, 3.886026453306933], "[240]": [47.87545219714498, 3.834593786801531], "[260]": [41.72957511248694, 2.0242127070778757], "[280]": [40.12691322972024, 3.99635354347532]}