{"[20]": [0.5736198284161089], "[40]": [1.7514236365657254], "[60]": [4.740398858240027], "[80]": [2.8694870755164814], "[100]": [17.75525825716754], "[120]": [23.348767216795864], "[140]": [22.31468217253348], "[160]": [19.960739539506562], "[180]": [5.476560382477032], "[200]": [52.71741317717306], "[220]": [103.00772983481875], "[240]": [61.38324978790388], "[260]": [251.8593249037158], "[280]": [17.80353503477363]}