{"[20]": [16.07314803571689, 9.994592336889227], "[40]": [42.150922162143274, 42.67882762747274], "[60]": [586.924068142911, 5097.09523363939], "[80]": [14383.564574085307, 4772.58074705366], "[100]": [5762.370780464578, 1208.5337075479874], "[120]": [3072.040748437893, 518.6189005401225], "[140]": [786.0351102117336, 165.05763384431748], "[160]": [162.87697132895465, 47.658803454423406], "[180]": [140.38509593550936, 8.950521957389029], "[200]": [106.91196444012097, 7.6605742210541035], "[220]": [90.44082898749197, 0.9622312488794416], "[240]": [82.85780219875954, 0.004202451056509848], "[260]": [88.78821100230084, 0.0004675936233515755], "[280]": [102.42532673656548, 1.000052025420497]}