{"[20]": [2.0860129353075623, 102.64410701747497], "[40]": [44.92769833632069, 26.79820913198773], "[60]": [151.09237854287485, 2511.344512420251], "[80]": [12226.467708596721, 5114.109111829786], "[100]": [29887.73639455651, 834.9992044373696], "[120]": [11673.732439798665, 568.0827085073466], "[140]": [572.4000301053767, 694.4994388347852], "[160]": [1104.6632755490914, 375.95933813243875], "[180]": [991.8018109340062, 132.06335323628008], "[200]": [871.6043022517823, 41.47692533706805], "[220]": [709.2537282703188, 2.555135101079594], "[240]": [644.62745479353, 0.9438931885906834], "[260]": [695.2406805892409, 0.9929239281197688], "[280]": [669.6003821457679, 0.9991075908912407]}