{"[20]": [2.9999999999999947, 1.576921505855081], "[40]": [6.8544905289800155, 4.599624045449914], "[60]": [6.164636403444895, 17.12650266975303], "[80]": [7.709349575242584, 13.897835645653444], "[100]": [15.802951983547487, 36.06447933973794], "[120]": [12.016924821578215, 63.21241376351247], "[140]": [6.258436911641297, 77.32982050399175], "[160]": [17.55399971122432, 67.16908714797893], "[180]": [51.866328119544335, 126.52551710575312], "[200]": [40.58874062413406, 256.83018367750253], "[220]": [162.15359346569494, 440.83319062257533], "[240]": [332.99184858822446, 96.37921243336405], "[260]": [1073.503933196709, 467.06561174328453], "[280]": [2068.2066767125625, 276.7438556611887]}