{"[20]": [3.593863819407581, 7.723614457435518], "[40]": [78.8109689796548, 43.45289045590693], "[60]": [89.92968954476571, 488.83754034061775], "[80]": [363.71329045903497, 2533.376364403644], "[100]": [4011.2875434112443, 1157.3034562151008], "[120]": [2111.3059414316576, 251.7601874901824], "[140]": [1056.5330065365051, 148.64655174944681], "[160]": [127.61421081810172, 86.10501695174507], "[180]": [120.98730887495593, 52.150119109928035], "[200]": [151.77137416828404, 1.458424682686677], "[220]": [152.79427875981105, 8.799516512945544], "[240]": [144.96120165154554, 2.9727746465887956], "[260]": [134.03953335794725, 2.0036584295206983], "[280]": [123.25532464789251, 2.999497932517623]}