{"[20]": [2.179139661065176, 2.820733303242824], "[40]": [6.269731014455552, 5.5725428439915365], "[60]": [1.2346431048669497, 15.624540094009737], "[80]": [1.0532381534246937, 12.799669404948645], "[100]": [14.618952489239259, 33.97692495758986], "[120]": [14.421519938525453, 42.220681337985205], "[140]": [3.2226653444135724, 68.3313677668447], "[160]": [1.5287075107340364, 74.58022115934791], "[180]": [45.434753509137586, 109.43456065511171], "[200]": [169.6295916376718, 240.29199212431996], "[220]": [224.4888263125427, 401.99445408790456], "[240]": [206.34928356856545, 195.5614251634772], "[260]": [631.0439503451498, 131.05783382663677], "[280]": [1013.0089854638604, 207.43322787711816]}