{"[20]": [2.539042601432817, 31.645414484074944], "[40]": [1.6392455712818839, 6.683440105487485], "[60]": [22.87205247117313, 157.36088477046934], "[80]": [115.486972349178, 45.40816791716959], "[100]": [27.383873254255214, 95.8628781729431], "[120]": [7.709683372061183, 139.83317129697178], "[140]": [1178.771521204341, 1219.7789111438747], "[160]": [127.81610363984773, 3698.222338891315], "[180]": [10141.502539946932, 114.84815824764503], "[200]": [7029.558838362121, 764.3161652541369], "[220]": [331.56708446528614, 60.6073751067372], "[240]": [193.79920628739933, 135.0326652741096], "[260]": [702.3016218570126, 36.16751797049977], "[280]": [545.5909863069611, 1.9856259886248266]}