{"[20]": [0.0, 1.923246632497935e-06], "[40]": [104.68804109562203, 6.02974577608645], "[60]": [4.138744237469226, 19.67609413125222], "[80]": [5.475998859491554, 13.462217310743618], "[100]": [16.324664663284736, 41.31926209511795], "[120]": [4.903879535636861, 81.11953949786829], "[140]": [101.76838194741242, 31.953114750441955], "[160]": [1.2390442156817016, 116.05311096745129], "[180]": [33.32331443504745, 158.0013049434658], "[200]": [143.25204649775378, 514.5927809406523], "[220]": [371.99796027108823, 327.89593405188225], "[240]": [432.4919461846148, 243.03904540214353], "[260]": [1485.4588635138407, 146.2831864113923], "[280]": [473.6624033479138, 335.2227761827653]}