{"[20]": [2.0, 2.000001266604183], "[40]": [7.4096407059943985, 7.873344314597588], "[60]": [15.706964199389404, 411.3740409179419], "[80]": [273.756840462177, 2438.3918265864736], "[100]": [3712.7895086114186, 3189.518348298072], "[120]": [8307.81709544918, 112.9145427150288], "[140]": [3677.1011270382787, 330.53995519241107], "[160]": [118.93007061119943, 262.8923620698638], "[180]": [195.92839779928707, 74.86407476993656], "[200]": [639.3562599410291, 31.49271422657796], "[220]": [642.4596728562761, 33.246278665950726], "[240]": [574.2385385128124, 2.2670617093546923], "[260]": [519.2477622360283, 10.959335937897485], "[280]": [479.08109859919585, 2.0061915898816913]}