{"[20]": [2.0, 1.9999804844585416], "[40]": [28.52415884429438, 11.125898758281025], "[60]": [2.0626465055719674, 384.17833663207443], "[80]": [1915.4398878452216, 488.8220467853604], "[100]": [2860.510092623792, 195.5122989579791], "[120]": [1201.5843291578374, 192.6398033177184], "[140]": [54.9769931711735, 16.676685693390972], "[160]": [37.242653385033016, 2.8896897911784465], "[180]": [36.92440060127413, 3.273603201363751], "[200]": [31.296447920611435, 0.20948886786184248], "[220]": [27.315809670599545, 0.02551906899463575], "[240]": [25.387806178177623, 0.0031068051088755737], "[260]": [25.601293405069654, 0.0003783987008695355], "[280]": [27.646318854502837, 4.6100357862107964e-05]}