{"[20]": [6.340871507262545], "[40]": [2.895338190493163], "[60]": [6.795462133655747], "[80]": [262.9546666436836], "[100]": [125.22840734107012], "[120]": [766.4495305669334], "[140]": [469.9511422246351], "[160]": [89.16316751694217], "[180]": [29.20976665303067], "[200]": [44.139882140688876], "[220]": [57.079185614827196], "[240]": [51.20644022912824], "[260]": [47.28090992258618], "[280]": [42.19022244984741]}