{"[20]": [2.0, 2.000001266604183], "[40]": [17.315409840727938, 9.520899530254141], "[60]": [97.4235307227961, 179.77611617721817], "[80]": [274.48724090242285, 1007.047671347158], "[100]": [1461.6537216844663, 1310.3564096725986], "[120]": [3211.7607757437418, 18.426731412873778], "[140]": [1549.619522737854, 195.80429639800923], "[160]": [66.13525593392978, 120.16181060538474], "[180]": [232.8405809403908, 29.126417624692323], "[200]": [240.2727251921798, 15.81938693117118], "[220]": [230.68486968036683, 5.882687217010442], "[240]": [218.00874627041526, 4.826311109582694], "[260]": [190.53980031327748, 14.973003668181583], "[280]": [181.46033455908668, 2.004195918251911]}