{"[20]": [0.3233534377960029, 8.535460734428948], "[40]": [26.110515889098245, 6.000780046459119], "[60]": [292.99074197008764, 535.3480286931659], "[80]": [16.101433663729004, 1071.6836929938984], "[100]": [6.447309180027515, 561.2641030060211], "[120]": [55.308939719096614, 620.7629612066374], "[140]": [3365.906702368579, 3861.8154276250816], "[160]": [130.49786870883153, 2768.1996630534413], "[180]": [1585.3214687581444, 44.96089721029565], "[200]": [774.8965084101173, 189.26366382128313], "[220]": [316.6020906177945, 5.189239680923914], "[240]": [96.33896879691201, 42.344767655291264], "[260]": [90.71893460981907, 10.742507793666414], "[280]": [88.96657080767983, 2.2784788676394814]}