{"[20]": [0.18465496759588818], "[40]": [1.3387530210007006], "[60]": [110.19285510016807], "[80]": [53.29936633650409], "[100]": [7.476391318933385], "[120]": [2.601115543699822], "[140]": [28.526734292014286], "[160]": [14.298037884277386], "[180]": [966.0237499688302], "[200]": [46.6361712922804], "[220]": [49.897172930182435], "[240]": [36.62232609342136], "[260]": [70.80793271553685], "[280]": [94.07105776042654]}