{"[20]": [2.9999999999999982, 4.313243077690929], "[40]": [9.120038693288507, 8.285665459023726], "[60]": [39.986714733175575, 268.8390562395279], "[80]": [308.8109400684807, 1421.983674844039], "[100]": [397.89809336245526, 2010.9322885162837], "[120]": [3364.031265758642, 15.142354227819851], "[140]": [2410.34718674704, 313.6308267669083], "[160]": [49.88518623914342, 111.84318854125308], "[180]": [46.55036418323587, 37.99871470684906], "[200]": [53.71369266911786, 13.12287720911604], "[220]": [60.60800960994171, 4.260130524250112], "[240]": [56.21087696527725, 0.8878420400011864], "[260]": [52.885149538005315, 0.017000309767046917], "[280]": [48.56176828012933, 0.0025767875751065983]}