{"[20]": [3.0], "[40]": [0.8369523555750575], "[60]": [2.286462783611938], "[80]": [5.741497391122948], "[100]": [70.19785217014748], "[120]": [78.60212682194242], "[140]": [103.72801497099772], "[160]": [56.78533978812993], "[180]": [447.0308853261431], "[200]": [232.97727124695302], "[220]": [428.8026702142961], "[240]": [572.1347829810202], "[260]": [209.61472955503268], "[280]": [115.16965187509277]}