{"[20]": [4.0, 4.000001587436474], "[40]": [5.288909631810718, 2.7443973436469236], "[60]": [7.562663738352249, 17.53256131445402], "[80]": [21.430876609009978, 33.522921616520776], "[100]": [13.464515911430652, 38.67724865566744], "[120]": [57.313156274646076, 96.10808189642145], "[140]": [84.2648691904526, 48.21892327049045], "[160]": [30.66735099206403, 91.31661571642576], "[180]": [190.039050572492, 179.90921761169284], "[200]": [459.81229288887516, 310.61765905993707], "[220]": [331.4507831494029, 838.9657280535193], "[240]": [979.6233882829765, 874.5806843275568], "[260]": [2156.502072266034, 1258.8769491399144], "[280]": [2681.36181607013, 1102.154526249964]}