{"[20]": [4.0], "[40]": [0.32482952024444955], "[60]": [49.33032430335629], "[80]": [6.575864254729822], "[100]": [2174.771854464241], "[120]": [1132.5641029468743], "[140]": [76.72618783729229], "[160]": [79.6735799894524], "[180]": [83.733881722356], "[200]": [61.78221895542618], "[220]": [53.73749460567157], "[240]": [52.04393356099757], "[260]": [58.74957346178029], "[280]": [70.94737747626928]}