{"[20]": [5.0, 5.000001587436474], "[40]": [3.135433425652849, 22.198135697558257], "[60]": [0.11037796027149227, 12.65269672138233], "[80]": [3.036400446707056, 18.5313310469309], "[100]": [18.414018353806654, 39.26648719129348], "[120]": [30.656358091760723, 54.61171110998839], "[140]": [40.05325443558161, 87.77237291507896], "[160]": [4.594593146265254, 95.04426885320981], "[180]": [79.09142550415447, 187.0390698451249], "[200]": [278.7429099579613, 153.33592969371307], "[220]": [82.44460068963235, 199.1427334443306], "[240]": [469.11572242950206, 69.37457965435351], "[260]": [1388.6871584660785, 834.753331118709], "[280]": [1561.0179218899266, 153.5120362518519]}