{"[20]": [1.0, 0.9999988315983426], "[40]": [33.40196979390902, 20.339937941006557], "[60]": [5.487009878319069, 49.10844473727239], "[80]": [6.559239638303426, 68.78918306406172], "[100]": [46.80116375631828, 90.92125157564689], "[120]": [150.91940318729536, 433.9886124023285], "[140]": [90.6918332481799, 61.028082830404195], "[160]": [556.3458882107122, 21.11568040004839], "[180]": [805.2505269912986, 369.6719709085662], "[200]": [769.0522864462514, 137.40863103052996], "[220]": [912.145448036384, 9.655723805077548], "[240]": [144.04555767594317, 9.930320650705156], "[260]": [106.80230369845447, 79.54725706211926], "[280]": [81.7569430800626, 136.73544998712978]}