{"[20]": [2.0, 2.000001266604183], "[40]": [14.219047839691932, 7.873344314597588], "[60]": [95.05978719552957, 341.3740409179419], "[80]": [177.28575050837412, 398.4635388557731], "[100]": [15.124191142031805, 426.82933612279567], "[120]": [114.53759180924499, 72.68957518631805], "[140]": [2590.579085596434, 1596.3844335004032], "[160]": [4652.32428146579, 2797.0251156809936], "[180]": [4903.271564581879, 715.5031284160596], "[200]": [1921.5440408108561, 176.94036349306316], "[220]": [193.21043883317066, 55.19227868990481], "[240]": [198.36930124667458, 70.55719466611839], "[260]": [236.6552797841254, 26.72549756983983], "[280]": [640.5964514689139, 2.7627829847042555]}