{"[20]": [0.0, 1.8309127437880168e-05], "[40]": [0.32947590238367375, 3.3329068453853097], "[60]": [2.733132410536198, 1.2067637393728483], "[80]": [0.24085986419669086, 1.3306227934922716], "[100]": [1.1617621968426144, 1.0441394400438326], "[120]": [1.312964965050286, 2.9938702680748355], "[140]": [0.2825036264206267, 0.9992947600413555], "[160]": [0.2960166869877073, 0.9999190671394392], "[180]": [0.7214765138588264, 0.999991058738219], "[200]": [0.29627680377021, 1.0000008094132737], "[220]": [0.45524024762059195, 0.9999998859915635], "[240]": [1.4512058796858107, 1.9999999862695201], "[260]": [4.963743931138573, 7.000000001347659], "[280]": [6.624494346042123, 10.000000000154314]}