{"[20]": [13.264102020535198, 9.99459236416774], "[40]": [125.06991539742029, 42.67882837193849], "[60]": [600.5917842282943, 5059.0116758570675], "[80]": [3198.7145345821264, 4534.903237735758], "[100]": [5971.486865907409, 1211.703084919187], "[120]": [828.9229840319535, 637.7815068576238], "[140]": [436.2632447362423, 239.03636117802228], "[160]": [252.7962675086976, 76.3337198847596], "[180]": [127.74667279021497, 24.915583505767223], "[200]": [82.38171579983424, 1.3409337887906734], "[220]": [72.36097901502055, 0.9694356902624506], "[240]": [69.7337688364001, 0.9957316650074044], "[260]": [77.4038030754387, 0.0004755840945698589], "[280]": [89.82921559305089, 5.2988015273804324e-05]}