{"[20]": [23.098227295388355, 19.642655827870573], "[40]": [88.44800372938167, 85.33238771665162], "[60]": [1036.284450313056, 10845.124398342361], "[80]": [14333.275961278117, 14211.764560430349], "[100]": [360.97827380352174, 1865.6940401262627], "[120]": [887.2738118668789, 1344.232593819871], "[140]": [483.6598880274766, 581.3031641127934], "[160]": [368.493652987056, 169.58799334160636], "[180]": [313.9096978665272, 57.19846591605847], "[200]": [277.89517622104495, 6.483436547849551], "[220]": [258.4751127798423, 8.944910241364486], "[240]": [247.64579423292344, 1.0064252224986852], "[260]": [247.63453657389599, 0.00043871119748143344], "[280]": [254.8273731474667, 2.8248610741403724e-05]}