{"[20]": [3.0, 2.9999644134491583], "[40]": [3.6524256909278163, 0.8298915802500496], "[60]": [44.34434884421688, 7.330840837162694], "[80]": [2.3910130815785777, 20.553227039740506], "[100]": [1.2845971895845651, 7.539162917651624], "[120]": [4.731614591078077, 3.751219655752637], "[140]": [152.01317922454177, 141.69665481917073], "[160]": [38.90951270918417, 102.98480724416423], "[180]": [1147.938011270537, 21.329533916116553], "[200]": [1729.5413897212889, 221.41463390534386], "[220]": [320.9028017644471, 58.53177948336038], "[240]": [30.331866454005116, 11.563613694983765], "[260]": [28.156044980398114, 1953.0147508518423], "[280]": [55.31345312886573, 1.326791511083904]}