{"[20]": [2.0, 2.000001266604183], "[40]": [4.808706262676033, 7.873344314597588], "[60]": [128.99618653404548, 341.3740409179419], "[80]": [205.419700599311, 398.46347557388935], "[100]": [65.81851758889229, 198.1905078493014], "[120]": [8.548001792247305, 4.557592107459186], "[140]": [1156.3735824572723, 1179.8911253868519], "[160]": [2282.210197392247, 116.8771436855277], "[180]": [3507.130191202028, 479.7050297321621], "[200]": [1023.3073225088356, 199.01507420377538], "[220]": [133.1759397985644, 61.55565511808959], "[240]": [132.76110600385798, 74.39176167761866], "[260]": [171.2043382923066, 26.638066767167224], "[280]": [454.36192474337645, 2.736368817156566]}