{"[20]": [0.8785555452669641, 0.9592452252800225], "[40]": [28.448785790589618, 17.117135807572083], "[60]": [23.858094061099134, 1111.203436766649], "[80]": [316.8611240549965, 2682.523573732061], "[100]": [980.755137097919, 194.55510968411673], "[120]": [396.2441991767877, 634.2507992492347], "[140]": [59.801300639273244, 126.62717730260752], "[160]": [55.01145382293682, 63.46363106008431], "[180]": [54.05115303279661, 10.010915931503211], "[200]": [50.800399964972165, 1.4711537963050423], "[220]": [47.84454756476692, 0.9659692776432836], "[240]": [45.87218970381027, 0.0030493436615939857], "[260]": [44.70244630193272, 0.00016199123143385141], "[280]": [44.125121738573164, 1.8269266802440534e-05]}