{"[20]": [2.0, 2.000001266604183], "[40]": [5.938878037169662, 7.851232650164945], "[60]": [114.68182953671209, 210.39248709867667], "[80]": [122.04834985336765, 1041.2123021935356], "[100]": [860.3235456182538, 1867.9838761038372], "[120]": [2647.4029663759266, 409.955154000374], "[140]": [1978.8135763654518, 342.3231032085564], "[160]": [0.7179920494068028, 194.24426476958604], "[180]": [89.36243966818577, 27.8433608659727], "[200]": [101.2495096653343, 11.98064688218249], "[220]": [97.72371028547352, 5.726923688862293], "[240]": [92.56555334870359, 0.20186534951989898], "[260]": [82.43993102883998, 0.03200276350971987], "[280]": [77.06697237484133, 1.0050734147264775]}