{"[20]": [0.5237038650148583, 11.773931881614372], "[40]": [1.615173622696544, 1.6639404606428534], "[60]": [11.894300893251339, 92.01823653195916], "[80]": [67.04698627506934, 551.1298829103093], "[100]": [34.22200185665237, 2171.638142624504], "[120]": [1540.8125587260454, 2487.239562791542], "[140]": [5278.762011759699, 125.52794106588135], "[160]": [4402.081025939085, 298.4720953228045], "[180]": [1078.023595547628, 189.56530447835806], "[200]": [83.23934220980233, 79.57852232037867], "[220]": [63.463921807738764, 32.51389856592829], "[240]": [75.39865808270996, 10.89243228127019], "[260]": [69.88771880845036, 6.216009126218666], "[280]": [66.07810754822484, 0.8504041763213697]}