{"[20]": [2.0, 2.000001266604183], "[40]": [0.6464221594379147, 2.3995593912505244], "[60]": [3.538345384628327, 5.802932611990345], "[80]": [0.5785020656316586, 3.1126141375859024], "[100]": [0.07133651285847797, 0.26203923354533787], "[120]": [0.2446617592092193, 1.0240493346958106], "[140]": [2.6361870839929535, 4.002098646923943], "[160]": [15.989147284199099, 24.000181649678872], "[180]": [14.364221349333604, 124.00001569369866], "[200]": [154.6495913541936, 416.00000135802884], "[220]": [244.01834374092368, 770.0000001304511], "[240]": [31.151918017486423, 833.9999999884731], "[260]": [67.37340939125903, 320.9999999989826], "[280]": [67.71747994597501, 119.00000000008879]}