{"[20]": [6.999999999999998, 2.423719828332824], "[40]": [21.601799518101046, 5.420251380455426], "[60]": [243.12671867463735, 160.93215427086233], "[80]": [11.594073593168332, 174.8064918435162], "[100]": [16.659432757738614, 117.32604843098056], "[120]": [50.12079033663241, 31.478494823840265], "[140]": [1105.9265621738923, 1090.618873359078], "[160]": [1396.3271810138976, 1168.0650811370906], "[180]": [5215.109054599176, 155.82729654520517], "[200]": [5295.122454406926, 614.9790114783755], "[220]": [933.743219482134, 89.57118559674927], "[240]": [74.02816941390813, 69.53851835600494], "[260]": [127.68481327991267, 2.2334502307287423], "[280]": [365.7348159572956, 0.3958128615649863]}