{"[20]": [2.0, 2.000001049028629], "[40]": [0.474828357822097, 1.4040229422184651], "[60]": [3.1720167931966814, 5.436193415287417], "[80]": [0.8823464396329647, 2.9670248259330045], "[100]": [0.31582298728521613, 0.25402810512882906], "[120]": [0.2834491094137281, 1.0232972856274143], "[140]": [0.59513673596957, 4.002044298589115], "[160]": [13.817907970037924, 24.000169801597355], "[180]": [14.522918231657512, 124.0000087706906], "[200]": [6.327707614399378, 415.9999990515313], "[220]": [129.65182558654024, 769.9999994184193], "[240]": [22.172441983655364, 833.9999998239546], "[260]": [16.352146184345067, 320.99999998189753], "[280]": [10.588282868441576, 118.99999999903436]}