{"[20]": [1.0, 1.0000018974962759], "[40]": [1.8040707305192427, 1.0591114321310338], "[60]": [2.218489400124877, 4.823656235511909], "[80]": [4.403249597792632, 1.690369379677005], "[100]": [4.148981510826543, 1.8924300690890412], "[120]": [3.1247172254215254, 4.632690486757372], "[140]": [0.3549985513012919, 0.07040895889335586], "[160]": [1.4628781454843889, 2.0208599691356968], "[180]": [9.181648675358677, 10.021095931693935], "[200]": [4.690244160661251, 45.42394576460933], "[220]": [12.938223588253834, 180.15011527304898], "[240]": [250.38648691174524, 139.94204591524203], "[260]": [35.46015803690477, 127.98636106556086], "[280]": [120.03783137127121, 111.00262387921555]}