{"[20]": [15.461778094724902, 5.420764130663028], "[40]": [35.62984231030762, 37.98654340602834], "[60]": [592.1835516663112, 4468.974959255863], "[80]": [14460.58016862926, 3970.378044249293], "[100]": [5186.290173280799, 1213.2683322245969], "[120]": [2426.9375130764925, 429.93268262415484], "[140]": [459.3463842367906, 195.20767409703504], "[160]": [203.190416198071, 54.440719275567005], "[180]": [184.7951273028762, 26.925224196989213], "[200]": [173.24310733843618, 0.33931240473468843], "[220]": [163.94170810630578, 2.037781837939853], "[240]": [156.4574430945462, 1.0042051382557446], "[260]": [151.28823484729963, 0.0004683926786930305], "[280]": [148.05354566590128, 5.215049075698758e-05]}