{"[20]": [5.1608369864329084, 5.023265593046965], "[40]": [25.884576680751085, 3.5318156505263034], "[60]": [14.522549039809348, 109.04932159366587], "[80]": [4.9991696100754295, 91.12918576887466], "[100]": [2.476816782686255, 49.8861828199394], "[120]": [2.644011182069946, 33.81449232041849], "[140]": [742.2259311067588, 589.6091360240525], "[160]": [2294.8566664262376, 757.4336178560803], "[180]": [2050.930252500094, 1128.2875586911068], "[200]": [577.9892314001336, 361.3857187558016], "[220]": [340.45227752594417, 19.764263944297763], "[240]": [57.53980529521505, 32.873900860949796], "[260]": [62.6167431979163, 3.7632399616958394], "[280]": [112.3154616270155, 1.6428759455945638]}