{"[20]": [0.7231047635178635, 10.116918765488556], "[40]": [26.54302550694884, 3.508510135809847], "[60]": [5.5627549166902925, 986.7702662887981], "[80]": [1449.6826225132795, 4777.6743861413825], "[100]": [5955.453365188687, 2208.4654221528913], "[120]": [8346.808700221376, 651.7400579483232], "[140]": [3998.158435155987, 355.00461455004785], "[160]": [410.4828824255522, 187.99206451191708], "[180]": [208.3982660568193, 71.56943358416954], "[200]": [278.4213644959001, 19.08757246633], "[220]": [281.53082940787397, 13.60482384176745], "[240]": [266.841725685725, 10.946390778689786], "[260]": [248.35551368504738, 1.992727428262197], "[280]": [232.01847323256527, 4.999013395781304]}