{"[20]": [0.0, 6.20191358582531e-06], "[40]": [3.12961345524814, 11.537751179879903], "[60]": [4.521271693197409, 82.59426804148468], "[80]": [59.488823541979, 159.64710049026806], "[100]": [3790.638072848119, 554.5334966953013], "[120]": [4918.860693888242, 481.3393553276392], "[140]": [963.6474790284326, 231.96034956369164], "[160]": [116.0765118774273, 15.165997064096228], "[180]": [158.51315976635848, 4.9433509915238565], "[200]": [134.96212266976863, 4.347145760846573], "[220]": [113.58537957115932, 0.7620613782362745], "[240]": [105.03282652473172, 0.09467391357946277], "[260]": [106.46719451058385, 0.015072780016325435], "[280]": [118.39254262461563, 0.002109926662161733]}