{"[20]": [0.8780196732543761, 6.123252268311015], "[40]": [29.125663686412903, 1.972695482834686], "[60]": [46.36498428277157, 233.44382589440357], "[80]": [18.184621592355153, 244.9804311103098], "[100]": [39.76982076582813, 126.86084306734266], "[120]": [15.992562520084284, 52.729061510331476], "[140]": [1477.8913041477613, 994.3792256474952], "[160]": [3005.1076371004765, 477.4373533420395], "[180]": [1143.46859920373, 382.5308875850608], "[200]": [927.5874806155003, 321.94379721840187], "[220]": [157.65845155039057, 78.62939625260701], "[240]": [53.54809886183366, 66.30582557986563], "[260]": [52.30037640789975, 0.1097020058897855], "[280]": [63.406029530099524, 1.9846366810640708]}