{"[20]": [0.7319660638049406, 2.1520203397178665], "[40]": [35.380873825648536, 19.68573582455197], "[60]": [6.188072308378196, 277.6199627846434], "[80]": [4699.675800984873, 1453.9858441824313], "[100]": [871.9715455583992, 309.38107282756573], "[120]": [230.15538991191306, 159.41709818894924], "[140]": [416.2887132359931, 42.65930301461333], "[160]": [182.08110030870745, 25.199392464438006], "[180]": [30.69745708391173, 15.192960848000354], "[200]": [1.734405342665326, 4.500737083696855], "[220]": [17.13588366899968, 6.934602610682973], "[240]": [16.05131668019778, 3.991435143861988], "[260]": [18.567351242636317, 4.001121681400914], "[280]": [19.04172144734261, 9.00014689839849]}