{"[20]": [199.85214082275334, 11.214116317558723], "[40]": [5.1312337285136085, 15.871269401927538], "[60]": [186.92781344878063, 767.418301631348], "[80]": [5166.428621276809, 820.2636388561428], "[100]": [7806.688712325529, 581.943322465245], "[120]": [2636.7038345651713, 144.36308394702291], "[140]": [274.4615925464461, 6.970582383563258], "[160]": [203.7138245154403, 7.68228491554137], "[180]": [191.44766518455125, 8.337102055129815], "[200]": [181.4154157647302, 0.6833485074578964], "[220]": [172.10732273772, 0.9623648356928736], "[240]": [164.69886582392536, 0.004465190367767714], "[260]": [158.20015831755026, 0.0005307023139881471], "[280]": [153.14057384046643, 1.0000630742607068]}