{"[20]": [8.881784197001252e-16, 4.636153971734957], "[40]": [10.97998565093398, 0.10073090330256207], "[60]": [45.560961127312, 436.3354268858044], "[80]": [144.8430238904093, 1493.049727001975], "[100]": [5618.810343465655, 489.9572709096974], "[120]": [3040.6587078469565, 499.2992929183456], "[140]": [29.644530761424903, 44.10721442082672], "[160]": [399.7440668211347, 38.4591800566497], "[180]": [349.1160219182316, 14.132112056207433], "[200]": [264.96630653575147, 6.284417138528636], "[220]": [220.25393113271417, 0.7718548120607749], "[240]": [210.1579479887777, 0.030403996211375565], "[260]": [225.21216299862846, 0.00288514054799785], "[280]": [271.23852207436755, 0.00047876009594831706]}