{"[20]": [1.9309705145139724], "[40]": [0.44665583294568145], "[60]": [11.506006740673376], "[80]": [23.252720189872395], "[100]": [3.8381092522194318], "[120]": [7.356040940539146], "[140]": [3.8954769300502803], "[160]": [121.15226399835383], "[180]": [375.46297820629354], "[200]": [18.462169645305735], "[220]": [12.987796726235572], "[240]": [12.527347108657269], "[260]": [22.222642259466117], "[280]": [31.086487296619946]}