{"[20]": [6.648676038950821, 5.575202246623011], "[40]": [40.776901261799736, 39.37689490853833], "[60]": [113.38397840558446, 263.07639463384726], "[80]": [42.69709360430568, 225.82071961350698], "[100]": [21.485915543308693, 230.88924387186034], "[120]": [23.09702793261056, 198.51820136735182], "[140]": [2295.355980520266, 2961.582943785247], "[160]": [4569.853301983523, 3553.296956441307], "[180]": [1350.2888270420772, 1391.0235656591394], "[200]": [702.448266992842, 231.14620164881126], "[220]": [528.1282366067528, 31.764271658138682], "[240]": [51.38314674887147, 50.64914528664002], "[260]": [99.74655184565796, 8.301269330747289], "[280]": [248.8506316872901, 1.2523751805731997]}