{"[20]": [1.0, 0.9999988315983426], "[40]": [0.3629029832381906, 2.3091613403171074], "[60]": [0.5459927072092213, 0.1583229515293945], "[80]": [0.23991534356609417, 0.08479742711518089], "[100]": [0.20259108896953965, 0.0075682448212213435], "[120]": [0.16727914854174947, 0.0006491504134475209], "[140]": [0.15306480756671484, 5.543778889577793e-05], "[160]": [0.14071097317992362, 4.7050685895980505e-06], "[180]": [0.13487802745888908, 3.9835743132724056e-07], "[200]": [0.12689536251996722, 3.303202932853018e-08], "[220]": [0.11932409029009818, 2.8720814553772455e-09], "[240]": [0.1131252586926264, 2.456864906092478e-10], "[260]": [0.10638481531498525, 2.1130008291179005e-11], "[280]": [0.10163632486393291, 1.8272597824707337e-12]}