{"[20]": [0.16860733062418742, 2.525774363028041], "[40]": [8.31136919470677, 7.723185350000006], "[60]": [3.441061806999522, 40.36846931577538], "[80]": [12.10125930610707, 92.47076012727781], "[100]": [19.70064589463993, 243.66785860667946], "[120]": [38.84608366647713, 249.70889614808632], "[140]": [4.552848818966405, 964.694674060888], "[160]": [72.46680374647937, 1080.2182984111964], "[180]": [74.22170528760753, 1569.230786185106], "[200]": [318.5077594574014, 1826.270640417191], "[220]": [723.6973573748945, 479.04052863585156], "[240]": [769.9142739887155, 324.8890820001126], "[260]": [393.68453222027574, 238.73325216849418], "[280]": [373.110158248273, 409.97844888455677]}