{"[20]": [0.7884474177414024, 8.548267224843753], "[40]": [2.2188455836811247, 1.258930035640762], "[60]": [0.7513910113601824, 0.0613485844814835], "[80]": [1.5712623950317377, 3.7194500139506483], "[100]": [0.39594775698516005, 1.0221867236023392], "[120]": [0.43103071290941175, 4.715877616766622], "[140]": [1.2007078846626955, 13.1148627680692], "[160]": [0.7235110641184452, 9.889847172306336], "[180]": [0.8596757623857738, 15.2316575376238], "[200]": [5.219615799100382, 18.401132363991085], "[220]": [84.98088226320371, 31.077150308908298], "[240]": [80.12338509209192, 30.149732934573446], "[260]": [69.27912061938237, 37.460790286732184], "[280]": [110.24314838584787, 17.07052104684778]}