{"[20]": [9.11512019331182, 93.81499179938301], "[40]": [11.427648878820976, 37.746080195718875], "[60]": [522.7097121817103, 4623.379174944815], "[80]": [17721.151266456876, 4033.121576849027], "[100]": [13983.2663781172, 1129.2493047668174], "[120]": [9241.680470737489, 620.640286361611], "[140]": [563.1007739097345, 237.6947537150247], "[160]": [371.3455311783722, 76.2772635466929], "[180]": [397.605011197748, 24.900207884166356], "[200]": [351.42940888758113, 1.3421432859285922], "[220]": [306.4588809219173, 0.9615151824636928], "[240]": [284.4006547539512, 0.9957126728628908], "[260]": [286.1745213566843, 0.0004735530903833968], "[280]": [307.5048043796777, 5.2771560749831334e-05]}