{"[20]": [12.369939319078654, 0.9154981974116537], "[40]": [1.5887325527014864, 20.682213096985382], "[60]": [8.104460919782468, 39.37898319995085], "[80]": [4.022334802170872, 62.18876373057798], "[100]": [60.59128308673919, 188.9918917277671], "[120]": [24.77807918439899, 236.88712407593303], "[140]": [176.41971297120048, 640.8106511461773], "[160]": [470.17162379935286, 891.1855077109379], "[180]": [111.24144220771386, 1777.786143326301], "[200]": [930.3283653245368, 1988.972191099669], "[220]": [419.0572643310797, 95.7324922435217], "[240]": [244.49411323124565, 87.37768534759138], "[260]": [922.9055837588029, 770.3296614405825], "[280]": [865.7322688057417, 256.56673397538606]}