{"[20]": [0.7623102429734345, 0.28473587091784225], "[40]": [9.118281010359215, 0.808881894757917], "[60]": [3.592202470236529, 11.21408296056839], "[80]": [5.66403793941754, 8.676011713271315], "[100]": [4.595388631797647, 23.956042548226137], "[120]": [1.9474992474028454, 47.561837872809406], "[140]": [16.24826045693345, 55.673515321984155], "[160]": [0.3219091273839467, 84.22217917792136], "[180]": [53.97848459736463, 229.19781304561337], "[200]": [61.41192622789504, 525.0000077049406], "[220]": [55.950016958010565, 136.9673896091117], "[240]": [127.52544125110217, 270.66960167671004], "[260]": [363.6152555282224, 363.3949502289943], "[280]": [90.3051721765346, 79.42968798517086]}