{"[20]": [2.5390426014328193, 31.645414484074944], "[40]": [2.125262196053523, 6.683440105487485], "[60]": [7.902461762632131, 270.1107703903888], "[80]": [47.24315431703694, 204.00164495487851], "[100]": [14.453559450099926, 111.76617416251622], "[120]": [25.154747668952744, 106.95000923844862], "[140]": [1365.5606827375748, 1369.3099064113821], "[160]": [1319.2509468356875, 1523.0036846924802], "[180]": [10586.573098577765, 402.8556775394607], "[200]": [5940.258491910156, 647.4157780453173], "[220]": [215.74050665532477, 82.79654053508476], "[240]": [213.92204194724792, 123.14217054215024], "[260]": [240.94858944006666, 26.964304892667656], "[280]": [621.3645241303708, 0.4121336761222138]}