{"[20]": [4.405873460210508, 9.994592409420648], "[40]": [7.327174717473156, 42.678804533347716], "[60]": [335.02355521402933, 3917.573319490886], "[80]": [6764.902165681218, 6803.241734250798], "[100]": [25.469321166176087, 10257.40787268391], "[120]": [948.7462749095275, 950.4528507885084], "[140]": [430.37918677389825, 303.7714193671361], "[160]": [285.3774103292824, 86.419942119752], "[180]": [206.28961938628913, 26.745100455660165], "[200]": [139.59249394012056, 1.3290380308120007], "[220]": [120.2175945154014, 0.9764272810252574], "[240]": [117.93912147437314, 0.9986066730877792], "[260]": [132.9572270335659, 0.00012983108131469547], "[280]": [159.48368031918392, 7.229463961868402e-06]}