{"[20]": [2.5390426014328202, 31.645414484074944], "[40]": [1.6392455712818839, 6.683440105487485], "[60]": [17.261998904848614, 214.16581820734683], "[80]": [84.28462522365952, 74.20589999696013], "[100]": [11.741223335136363, 109.10230174408207], "[120]": [7.517186341195431, 152.41187351553043], "[140]": [1247.3062791724735, 1218.6060815161145], "[160]": [156.00212808868173, 4780.490652684186], "[180]": [10028.553132544213, 40.02357863272551], "[200]": [6805.492076266328, 655.5031465363408], "[220]": [354.0011794706746, 94.5255288441296], "[240]": [191.6665978289217, 119.63003827742361], "[260]": [692.7203662500697, 30.51589880970514], "[280]": [532.6653522746366, 0.041461219245072546]}