{"[20]": [5.0, 5.000001937864623], "[40]": [11.684251452951735, 0.8553466221178923], "[60]": [30.14075254760803, 562.8193687986802], "[80]": [162.2064489657987, 521.0427970374549], "[100]": [1809.867614851286, 365.70571629948245], "[120]": [2121.858142581903, 348.8625287436348], "[140]": [135.8553620981292, 1.5372922121149486], "[160]": [96.39028148635842, 6.531211614723887], "[180]": [95.84052234651064, 1.6068126592361196], "[200]": [70.79046658390952, 0.316947496581802], "[220]": [58.32598490155543, 0.0863101730221105], "[240]": [55.58442767400956, 0.010904827607536893], "[260]": [59.72852407183034, 0.0013754181616151306], "[280]": [72.2354388196541, 0.00012893271188310626]}