{"[20]": [0.5442274679087693, 13.26460772243582], "[40]": [39.00794249937739, 26.11817866778234], "[60]": [282.81213059079647, 1363.7802433735776], "[80]": [3860.715971745222, 317.9952020694039], "[100]": [282.4709202368134, 168.61286976039722], "[120]": [576.8323106748364, 84.9143947439505], "[140]": [135.44640019257898, 51.87870198747848], "[160]": [107.48474505308559, 20.11154537965657], "[180]": [106.65397472415286, 12.695414730611011], "[200]": [101.55399804866487, 9.967925418089113], "[220]": [96.31174736886447, 1.9966230290404112], "[240]": [91.92340756572472, 0.00035266294964050583], "[260]": [89.46446294127676, 3.7140357836893546e-05], "[280]": [89.16108025901289, 3.911176069441975e-06]}