{"[20]": [1.0, 1.0000010490286289], "[40]": [0.39854705611764135, 1.7614639895192892], "[60]": [0.39026849168739064, 0.17522914143350182], "[80]": [0.22780766061479502, 0.08105800115531958], "[100]": [0.19514967977563796, 0.007154365165316549], "[120]": [0.16939821699819765, 0.000580668549780454], "[140]": [0.152998288276095, 5.454083903804504e-05], "[160]": [0.1417448632782752, 4.719840493402461e-06], "[180]": [0.13559410525092655, 3.933556183147118e-07], "[200]": [0.12799588587005425, 3.34591904962377e-08], "[220]": [0.12061377056682875, 2.5311285354264967e-09], "[240]": [0.11453863477353511, 2.152603324940602e-10], "[260]": [0.1084272729044394, 2.081970606954585e-11], "[280]": [0.10419544306408364, 1.8104145572024136e-12]}