{"[20]": [0.0, 1.9618225450192466e-06], "[40]": [12.931488895393375, 18.727777482569973], "[60]": [94.47551189648613, 217.04011654466478], "[80]": [646.7419125939487, 526.1740829335185], "[100]": [2491.2193829047956, 41.82041744685466], "[120]": [1401.768315812969, 251.99765398901582], "[140]": [5.121477508640567, 13.328671846047598], "[160]": [185.05111413423327, 7.777422311548044], "[180]": [169.5712583636721, 1.5736534818818697], "[200]": [128.3250680917674, 0.3938012280260401], "[220]": [101.5166203975572, 0.08024503715555886], "[240]": [90.8928958506856, 0.010620428361042093], "[260]": [96.51294461309384, 0.0014055775647042153], "[280]": [114.3302954981986, 0.00018602269702487073]}