{"[20]": [15.325574063288087, 9.297387939407727], "[40]": [21.241020641010067, 22.23321428561067], "[60]": [3.546544116040309, 52.03827428378469], "[80]": [49.93885700999067, 133.5230560267052], "[100]": [82.1479540580334, 242.02856684028745], "[120]": [132.16738990644876, 231.79640990941243], "[140]": [54.66542589648316, 713.9561211337723], "[160]": [352.2627949832504, 898.9386425426146], "[180]": [691.6965905673824, 1811.935749164174], "[200]": [1763.1609479592007, 1182.3947239513436], "[220]": [493.0707190921348, 123.83007454738981], "[240]": [4193.670742902454, 131.40562069327643], "[260]": [788.786865790511, 697.968675499691], "[280]": [5879.782405594584, 181.77980181765997]}