{"[20]": [7.0086829307218785], "[40]": [9.939551722332936], "[60]": [23.758807637336076], "[80]": [242.3349136959987], "[100]": [2742.248207923658], "[120]": [1670.0243868824764], "[140]": [196.49354880889587], "[160]": [371.4060080938475], "[180]": [294.1742759086985], "[200]": [196.2345115916695], "[220]": [173.82911822510172], "[240]": [143.20928258204836], "[260]": [118.51135105146835], "[280]": [115.85594435990087]}