{"[20]": [0.8991284437032326, 3.744700299766273], "[40]": [5.33796518456553, 14.734542636731192], "[60]": [141.97028443021634, 213.3016833825966], "[80]": [253.68623846135642, 1379.1809793608627], "[100]": [2131.7738030875444, 1301.3744175731645], "[120]": [3542.624293882578, 333.97908392385216], "[140]": [894.8190654638911, 151.06140008087823], "[160]": [25.640839865065914, 53.86461192683396], "[180]": [203.94611108728606, 40.77592210025307], "[200]": [240.50857622412988, 19.815633986124183], "[220]": [226.4387806727607, 12.381894204349834], "[240]": [192.75374472001874, 14.908745868153794], "[260]": [188.06837181725797, 5.013471182358089], "[280]": [166.94497590499273, 9.001988629641325]}