{"[20]": [2.7653198230140204, 10.270210014301488], "[40]": [24.966175320282055, 27.944769110249126], "[60]": [59.472140493532606, 83.6877327765009], "[80]": [10.217411779118075, 73.69012770087147], "[100]": [30.25018836437122, 55.15342755095467], "[120]": [2.4653079015874226, 21.92545833638106], "[140]": [667.2548085558485, 816.4374813891505], "[160]": [2197.967143550889, 993.2954118390032], "[180]": [5578.967598174032, 601.8019434858014], "[200]": [5220.544273418013, 618.3014140780115], "[220]": [719.8886025444849, 86.2031038909926], "[240]": [76.28560997433317, 64.04921697425793], "[260]": [87.39388879603615, 0.6093832764704864], "[280]": [201.95223684526263, 0.3530872244278167]}