{"[20]": [0.0, 1.0490286287641973e-06], "[40]": [0.37298366567831825, 1.3680173042848742], "[60]": [3.6647947523744606, 1.6292216317323873], "[80]": [7.673278066537574, 16.983320643041523], "[100]": [24.04493209710954, 61.450326809737874], "[120]": [14.484545545163575, 113.33555809477315], "[140]": [128.0475146763905, 184.24455180789363], "[160]": [203.5335273675389, 381.189217089238], "[180]": [284.01158767181806, 259.9134940094401], "[200]": [356.3654236227336, 56.972674642737886], "[220]": [277.3639955140802, 57.7149303661377], "[240]": [62.59544011938035, 94.85114401820208], "[260]": [11.176257544064777, 12.436070089633043], "[280]": [12.970080010868529, 20.871716712492038]}