{"[20]": [2.6589277841669063, 10.276435895534574], "[40]": [15.343741488647701, 27.944769110249126], "[60]": [16.708354233704952, 229.7748980217582], "[80]": [18.003018672256072, 1268.5041334292014], "[100]": [44.71949581639143, 2915.4775927896735], "[120]": [4471.159245239021, 1078.7244404687813], "[140]": [5041.927888964235, 640.634523138522], "[160]": [66.61053725514319, 292.8970396857816], "[180]": [68.2978641207697, 103.55772591137308], "[200]": [97.21734024476574, 41.15530815023423], "[220]": [102.20708223085997, 21.365722777569346], "[240]": [103.06970681003844, 6.2301614014254145], "[260]": [98.2834200386181, 1.1267348792683152], "[280]": [89.04284420391937, 0.021052765219024727]}