{"[20]": [0.0, 1.0757718549574329e-05], "[40]": [1.8714212669933066, 2.669642666584196], "[60]": [27.868143067350342, 22.57995343871914], "[80]": [18.955646319921172, 18.8350018857139], "[100]": [2.253857623618262, 32.50451298339713], "[120]": [5.94250400355971, 16.316804384066575], "[140]": [75.01640717363091, 97.63899715405802], "[160]": [495.84382999434837, 1066.9268290483192], "[180]": [1991.7671788267705, 679.3366949484313], "[200]": [4570.877364985607, 30.742452913920953], "[220]": [3407.100176435845, 388.6002004842891], "[240]": [487.8664230877184, 178.1603932004934], "[260]": [175.93831797160274, 2.621510652494196], "[280]": [188.55971837945222, 13.651346317011727]}