{"[20]": [3.6714582170963395, 709.8019884866843], "[40]": [4.739682722344437, 2.0802397810750275], "[60]": [0.5003284948295488, 11.235291586855876], "[80]": [0.6773264250338975, 10.457061883825713], "[100]": [8.112960716127915, 19.117279746395813], "[120]": [8.207086866324186, 40.038813095589944], "[140]": [2.231679894981778, 22.087816441807572], "[160]": [3.0158465572017827, 68.37118787957091], "[180]": [126.36677896760187, 209.01944785697785], "[200]": [101.99818328664139, 93.01298205795715], "[220]": [95.82292854410701, 100.54027713665107], "[240]": [51.18084530500003, 36.59575390032735], "[260]": [598.5147778229349, 352.70691656783265], "[280]": [1582.350157178788, 83.55680616269147]}