{"[20]": [1.0, 3.6358286679291814], "[40]": [2.3645287822231165, 0.38448060087351443], "[60]": [3.4316351823900106, 15.308173294112201], "[80]": [5.025364823837442, 4.295589926749802], "[100]": [1.817524439122515, 8.699921089144418], "[120]": [25.847642130473687, 49.912457858626084], "[140]": [17.306680943867548, 37.825766962871114], "[160]": [27.6864584636304, 75.607681586414], "[180]": [83.18541665181806, 106.0351604464256], "[200]": [192.62321464296656, 347.21361797052896], "[220]": [164.4219659039686, 267.580505404022], "[240]": [220.55368455197367, 187.19158985479135], "[260]": [798.2326298080707, 138.84006631963166], "[280]": [599.0390102592305, 175.97641279121217]}