{"[20]": [6.250608844889681, 5.11843294971455], "[40]": [16.781592384835715, 18.038822295851443], "[60]": [89.18749383432814, 1478.8659450881134], "[80]": [3331.5850038735457, 1385.3389329929482], "[100]": [4085.353417483129, 662.5799013602204], "[120]": [1369.3301208679459, 193.29942962870572], "[140]": [198.56414324870136, 53.58034711498977], "[160]": [95.62766688527114, 19.235723752560755], "[180]": [87.30019910303974, 4.086516694379636], "[200]": [81.53199085067034, 1.340071755665462], "[220]": [76.74012255689627, 0.03987634369379845], "[240]": [73.02800674969777, 0.004675560366856624], "[260]": [70.8338348036506, 0.0005482149353954036], "[280]": [69.33057657061306, 6.427785998473762e-05]}