{"[20]": [3.209259594035016, 3.745639043375972], "[40]": [38.19779428707797, 13.581234739108865], "[60]": [118.6420572078539, 1002.7446135116527], "[80]": [163.58402651643155, 6525.941260797717], "[100]": [9775.988050632004, 9687.506930186079], "[120]": [18589.380099226197, 1328.4889073485683], "[140]": [9624.577531956318, 1096.5839144118472], "[160]": [1687.8461836720244, 1037.176441322139], "[180]": [890.8250729929701, 381.11262212115594], "[200]": [1318.4655561270442, 168.20719560714326], "[220]": [1319.7832638835148, 63.92998340367495], "[240]": [1200.00543801083, 29.216846685773504], "[260]": [1094.5033017025123, 12.879044590179106], "[280]": [1004.172807059383, 3.0186806829467514]}