{"[20]": [3.433435299000685, 45.622114783278256], "[40]": [18.242013687397773, 19.464285216774556], "[60]": [333.36617848161495, 928.8738681266514], "[80]": [963.7289300318007, 6193.2931613365545], "[100]": [3206.811387162932, 6071.841319037703], "[120]": [15463.705965325156, 1104.892995565191], "[140]": [10110.800143445831, 793.5507558198933], "[160]": [93.31379478357917, 396.93944565097854], "[180]": [481.00791882242396, 159.34029732371266], "[200]": [689.9872145888684, 66.8317713040542], "[220]": [715.690037943555, 37.930013495022024], "[240]": [737.4880033640491, 1.6977232681393275], "[260]": [676.4614530062327, 3.044137610721279], "[280]": [635.0016686538567, 1.0064447884813035]}