{"[20]": [8.772086096894133, 6.8479796602821335], "[40]": [7.128533239511697, 20.180134379576174], "[60]": [61.429852118617646, 653.8619019888337], "[80]": [722.5505085317818, 2706.375091432319], "[100]": [4526.693660826619, 781.7565125823385], "[120]": [4981.618893697852, 386.6184482508879], "[140]": [2605.566591193195, 221.63556876635312], "[160]": [39.72853071630368, 46.40669428448933], "[180]": [174.08811382149287, 25.112814962093523], "[200]": [194.86587088213795, 14.104703087674224], "[220]": [200.0972330862008, 8.116257647637212], "[240]": [219.23428014530572, 3.984905854821349], "[260]": [196.42365803831544, 10.001959677084912], "[280]": [172.90109309942892, 0.0002544256135124101]}