{"[20]": [2.7653198230140204, 10.276435895534574], "[40]": [17.74491954645651, 3.860398218638028], "[60]": [41.1913488597611, 327.7714600052623], "[80]": [104.88509147363811, 1762.564729571966], "[100]": [1474.3166617633585, 4574.635315640689], "[120]": [8221.880081591533, 4644.714829101807], "[140]": [12593.446969491146, 101.34257602660031], "[160]": [1719.1484315714804, 729.4772069902019], "[180]": [4481.94717737321, 469.6668650957266], "[200]": [237.74923240733878, 185.44317516505583], "[220]": [527.3592032585045, 85.87529022248705], "[240]": [425.6597740871795, 8.82737345966323], "[260]": [439.5636991530474, 5.247700163521331], "[280]": [395.34733839245126, 3.864381455993849]}