{"[20]": [7.1267468994996035, 0.9063979977855361], "[40]": [5.913096226538386, 15.26677566404991], "[60]": [87.11667246823777, 434.64565926819813], "[80]": [46.10844650753552, 2195.1656746317776], "[100]": [215.9096402471605, 2385.7576656181554], "[120]": [4215.335365440882, 10.636692333917381], "[140]": [2611.3595777937308, 361.9868313160541], "[160]": [71.05575021730874, 156.76137154049525], "[180]": [52.43032786344435, 45.81065983371053], "[200]": [65.75306491216851, 12.86452872336811], "[220]": [64.08225042620745, 1.3952796657588635], "[240]": [64.63232748597075, 3.911617525577924], "[260]": [56.080808369578136, 0.012916518649694009], "[280]": [52.36788237105525, 0.9981123559604899]}