{"[20]": [0.5057758230277312], "[40]": [3.1167241217592245], "[60]": [4.812394903677985], "[80]": [2.8261939582229587], "[100]": [0.8010687369526295], "[120]": [0.4963900150253764], "[140]": [0.9939962305032353], "[160]": [5.174719769795892], "[180]": [0.3993313630216022], "[200]": [21.136999858010725], "[220]": [13.943279930837662], "[240]": [30.57898201047908], "[260]": [10.17238562882153], "[280]": [23.18292150989396]}