{"[20]": [7.566323087708737, 1.5033573170648076], "[40]": [9.323850083437435, 26.34425417969976], "[60]": [709.4696362325449, 770.9486596110414], "[80]": [295.15931500592205, 891.5692939832102], "[100]": [134.4877112129825, 811.9560769215423], "[120]": [57.767408295976566, 720.6406135051384], "[140]": [7459.2117199805725, 8564.409556413082], "[160]": [5922.983320212486, 4100.179354158456], "[180]": [25357.30421672213, 1372.4768418528547], "[200]": [13202.699558941218, 499.6056347789445], "[220]": [1018.0049307200261, 281.13164700672405], "[240]": [357.25405683180185, 155.2544371884079], "[260]": [1500.8919235380554, 11.258264802174473], "[280]": [1174.5774026648069, 0.7431017327857745]}