{"[20]": [0.22791390310586634, 2.1520203397178665], "[40]": [46.97231381958579, 19.68573582455197], "[60]": [225.51605081320395, 277.6199627846434], "[80]": [51.214332882376766, 1453.9858441824313], "[100]": [2186.379647046735, 309.38107282756573], "[120]": [2472.51122424167, 159.41709818894924], "[140]": [1308.7563922904565, 42.65930301461333], "[160]": [27.176264674324443, 25.199392464438006], "[180]": [68.13272997334703, 15.192960848000354], "[200]": [96.32838211060626, 4.500737083696855], "[220]": [102.78336821484763, 6.934602610682973], "[240]": [103.92616847433699, 3.991435143861988], "[260]": [98.5973724701759, 4.001121681400914], "[280]": [92.55096596699912, 9.00014689839849]}