{"[20]": [0.9999999999999969, 6.314505432114743], "[40]": [2.219288053136781, 0.028433993886745057], "[60]": [0.7273628284445879, 1.810021382635961], "[80]": [3.9020359334754975, 2.682206955585977], "[100]": [0.06392994192211368, 0.03125297459141525], "[120]": [0.9523938930161806, 1.0028885237848424], "[140]": [0.4956127337817866, 0.0002654562993131826], "[160]": [0.9828618560505524, 1.0000242750968713], "[180]": [1.046287189001527, 0.999997794301946], "[200]": [0.3830488943161471, 1.994375001699299e-07], "[220]": [0.42221006246902604, 1.8318607645405185e-08], "[240]": [0.34504019593709634, 1.703980053093973e-09], "[260]": [0.2656517468887827, 1.594271836768107e-10], "[280]": [0.22944181479686873, 1.4884747401286542e-11]}