{"[20]": [1.0], "[40]": [0.19610395001239833], "[60]": [0.10233792597361036], "[80]": [0.3159856618370365], "[100]": [0.3361554005659707], "[120]": [0.31147811561229255], "[140]": [0.2227734261770357], "[160]": [0.06281647318512813], "[180]": [0.06063078291623061], "[200]": [0.04694798484666701], "[220]": [0.037128405180002176], "[240]": [0.030275016746153065], "[260]": [0.021833071676624523], "[280]": [0.018934448381611207]}