{"[20]": [3.0, 3.000001049028629], "[40]": [14.900458258757334, 3.2244663827214164], "[60]": [2.7095265541467075, 444.0474904699604], "[80]": [347.3022830476138, 2267.754769610341], "[100]": [5762.979554751687, 2582.394460837868], "[120]": [5923.5092496667585, 808.0219184933221], "[140]": [1933.5651068581944, 340.851313728502], "[160]": [203.02134048116332, 151.59234432257622], "[180]": [282.4210932653786, 65.89428409707753], "[200]": [283.83070599294314, 44.62128485778025], "[220]": [278.9600933707523, 14.080148411559835], "[240]": [256.38137559436854, 2.8674068137060433], "[260]": [232.16444072924077, 0.01897165520505737], "[280]": [202.755874320751, 8.997245204155755]}