{"[20]": [5.482223960526638, 3.2243705774466394], "[40]": [8.359080345090634, 12.719787069921505], "[60]": [4.036998223686113, 641.309817959228], "[80]": [264.89513753569366, 3312.3719683444583], "[100]": [3535.082768119473, 4370.130996121843], "[120]": [8156.738835159663, 263.2045515956196], "[140]": [5315.313010415699, 559.326644195696], "[160]": [976.7629650495501, 244.7588126766675], "[180]": [82.11016585428725, 88.7163861455216], "[200]": [126.94587066933096, 17.501676424672418], "[220]": [133.27518981092905, 3.886026453306933], "[240]": [123.58804915511483, 3.834593786801531], "[260]": [116.31013452080974, 2.0242127070778757], "[280]": [106.51138354576224, 3.99635354347532]}