{"[20]": [3.0, 4.313243077690929], "[40]": [11.909850270928757, 8.285665459023726], "[60]": [34.63156973385034, 72.11284990574606], "[80]": [7.148149398034491, 63.247426865996204], "[100]": [0.36784861495704035, 26.959435355160252], "[120]": [0.5329960568027445, 27.76407787829993], "[140]": [726.7206443441135, 660.4745344688267], "[160]": [188.07057824642288, 582.4332199131277], "[180]": [2793.113370565943, 416.9557260099609], "[200]": [374.7709443743206, 185.08137388555815], "[220]": [20.16716338652492, 41.73973393504565], "[240]": [70.7837570883548, 8.40466248094478], "[260]": [9.166284229699421, 7.952653299668402], "[280]": [26.128620221046997, 0.7560948801297269]}