{"[20]": [0.26572405418640693], "[40]": [2.322998639222317], "[60]": [5.340463398362194], "[80]": [49.3116633348156], "[100]": [10.717149596748511], "[120]": [8.987756486840201], "[140]": [211.4452798621566], "[160]": [34.97256988752816], "[180]": [13.401732236366263], "[200]": [19.0691666032219], "[220]": [19.342368495643985], "[240]": [18.27451420173802], "[260]": [17.576688517679], "[280]": [16.227517985163907]}