{"[20]": [2.0802659386404834, 20.298799180014335], "[40]": [42.9745777497271, 50.62304404363161], "[60]": [105.29872659170906, 1127.5010112144469], "[80]": [513.6086973479214, 5526.294082194114], "[100]": [95.20197490192368, 1830.7605385763345], "[120]": [1239.458195773006, 635.7831738334044], "[140]": [630.8928177169337, 286.6830294589972], "[160]": [160.11173216146324, 143.55812777199833], "[180]": [27.117057505382604, 66.1068816534501], "[200]": [102.76703961362313, 39.76243937792938], "[220]": [117.60430262218014, 14.70400733982909], "[240]": [121.13275830303836, 0.9608521859013166], "[260]": [108.06624277583609, 7.005177534799202], "[280]": [80.2907052875951, 5.999315242748693]}