{"[20]": [1.0, 0.9999985674950996], "[40]": [5.226058413694257, 2.293165933452301], "[60]": [7.124664697568284, 31.892544188309543], "[80]": [42.87348055290026, 196.5845923988427], "[100]": [218.71547908255587, 338.0700145084518], "[120]": [992.1215681291397, 600.0442700637888], "[140]": [2948.9644608228195, 382.6046071069457], "[160]": [113.11865461945166, 156.50488264683688], "[180]": [31.521670017005295, 2.212764110876567], "[200]": [35.209036935872625, 17.458504478170905], "[220]": [34.17519253254179, 4.372682327088574], "[240]": [32.5399252552084, 0.981952295199434], "[260]": [32.42374276637951, 0.16589225126772036], "[280]": [33.75395783143663, 0.025886525964786376]}