{"[20]": [0.21856532159971653], "[40]": [6.062124084578542], "[60]": [12.341102300407798], "[80]": [2.2800636938732737], "[100]": [12.660753439945807], "[120]": [46.901175465738504], "[140]": [22.56067886192602], "[160]": [59.96678978984028], "[180]": [139.52386596194856], "[200]": [154.34542594212508], "[220]": [201.47128854212497], "[240]": [291.83083638535754], "[260]": [416.8616685169418], "[280]": [485.5638590872468]}