{"[20]": [2.9473684210526314, 1.7448283905118736], "[40]": [4.265630149084624, 3.7042336861696192], "[60]": [9.293757906166842, 12.536354750665264], "[80]": [8.971495654591081, 4.435737713856028], "[100]": [28.57787980320893, 75.2291962247588], "[120]": [99.62847991517901, 50.33379493969869], "[140]": [180.89028219604688, 282.93979654016084], "[160]": [16.52883044182181, 242.37671082296265], "[180]": [374.8044194715076, 128.72297691014592], "[200]": [438.1331853237598, 88.95239629424077], "[220]": [535.7397914536914, 19.411157837927476], "[240]": [390.367042488513, 20.312594475284982], "[260]": [204.6194488757244, 1.2079600747759969], "[280]": [63.21234979795227, 44.41978667463931]}