{"[20]": [0.6246687121122929, 55.314611804511394], "[40]": [0.7006854579141109, 2.285334117071547], "[60]": [0.6887756214697915, 8.49267680174245], "[80]": [2.5835767710743984, 9.163474085918166], "[100]": [3.260816411128006, 5.9861066409257075], "[120]": [2.770664771735059, 5.71751210486731], "[140]": [1.3737670685971495, 2.260628039782094], "[160]": [4.1447900830679005, 10.23068689759024], "[180]": [1.0492800991690028, 1.4025150813301657], "[200]": [22.035442428028976, 25.08130673472417], "[220]": [5.250211576413636, 27.452034227254117], "[240]": [2.4238129127704724, 12.18301804986767], "[260]": [31.043870018916284, 29.578608107046648], "[280]": [67.87448141657265, 133.1228241910876]}