{"[20]": [4.5904115863922925, 0.28616272210047633], "[40]": [2.1074292712562617, 4.2414775089259535], "[60]": [8.478492269310543, 5.086861023788401], "[80]": [9.55809177702848, 18.594986987694625], "[100]": [26.13593346337089, 45.78234977912851], "[120]": [46.48652313892546, 47.95398683900777], "[140]": [20.41260932230466, 70.17998587726919], "[160]": [26.402785982913656, 106.86388948790784], "[180]": [39.041154109190984, 186.12272715422932], "[200]": [188.22863590840007, 213.41810321105368], "[220]": [110.31492222107318, 90.57478320136761], "[240]": [388.52536325445, 210.4365145531874], "[260]": [1768.5829808726785, 454.83127674146635], "[280]": [154.8989277337805, 178.1836232475739]}