{"[20]": [6.545622924202938, 5.275672548019447], "[40]": [11.025876043721453, 2.200134148286267], "[60]": [4.34180536593621, 22.008239632446106], "[80]": [6.228098324860241, 36.98409445684386], "[100]": [26.688169754128893, 76.85403187023255], "[120]": [28.66382982853372, 122.1168797395743], "[140]": [144.48103174987364, 331.4790131391111], "[160]": [112.19904042535813, 296.7880694215962], "[180]": [14.954801572834185, 586.9260287090738], "[200]": [424.2630750857825, 1214.3571875508615], "[220]": [389.3583798501204, 350.37475533039833], "[240]": [220.04863140094858, 104.86167808304344], "[260]": [361.1641614363534, 412.1502518193838], "[280]": [521.1097451430464, 269.471073231251]}