{"[20]": [6.061193157428801, 0.7745525552740188], "[40]": [5.065479470398942, 9.588501210268827], "[60]": [2.4024123595113323, 390.3793163518064], "[80]": [94.66466168785222, 1857.2508835016558], "[100]": [1186.3809830747566, 2352.168712802616], "[120]": [4556.347182964716, 182.5285991674284], "[140]": [1311.8965366856914, 345.3283518500611], "[160]": [104.7471625697909, 126.00069828822025], "[180]": [33.31466139614211, 44.84932748681608], "[200]": [29.002369313552773, 6.870466770369979], "[220]": [27.852897773297325, 6.39615693265406], "[240]": [26.75908577990333, 0.9117431416720033], "[260]": [25.631335921063762, 0.012753253037292621], "[280]": [24.766228782072893, 0.001864724830605706]}