{"[20]": [1.0, 1.0000010490286289], "[40]": [1.1902892015186248, 2.260719816055425], "[60]": [1.5928292811449303, 1.5959083970332768], "[80]": [5.383902062007839, 12.486892493528114], "[100]": [0.6393060735653845, 7.856392521774321], "[120]": [9.879442189116038, 0.7518290851585955], "[140]": [2.1264582560304204, 10.601524313325688], "[160]": [0.8908845892027143, 7.3133305646320945], "[180]": [1.1973418407000955, 7.936620209198904], "[200]": [11.235723713273467, 7.690284265067939], "[220]": [1.0906784999635366, 26.590560179755872], "[240]": [4.291953431028238, 67.88587510333302], "[260]": [17.176928374841214, 45.66234550546029], "[280]": [16.440306134002768, 161.995696301067]}