{"[20]": [1.3433270578575738, 2.5116455388626893], "[40]": [8.87818452123406, 4.436180892666488], "[60]": [63.87261099255145, 69.07782324299522], "[80]": [8.802387046028054, 61.055861412225006], "[100]": [1.7274282609460112, 14.008093219548119], "[120]": [3.2243771550963087, 17.894494105123275], "[140]": [26.022100643722705, 669.2822754253581], "[160]": [348.1958874446532, 1534.3257932596011], "[180]": [1347.1494724974273, 1220.4903782794968], "[200]": [36.234374727206436, 177.1050989302692], "[220]": [62.03383737864282, 41.95016882266017], "[240]": [28.345928555846314, 8.864576304964773], "[260]": [31.61240510156419, 7.464099810969701], "[280]": [67.53474693687522, 0.8331624489279627]}