{"[20]": [3.0, 3.000001049028629], "[40]": [10.436694343221575, 3.2244663827214164], "[60]": [21.689102137478724, 444.0474904699604], "[80]": [811.3209966762112, 2267.754769610341], "[100]": [4963.652480508988, 2582.394460837868], "[120]": [9793.647940971758, 808.0219184933221], "[140]": [2628.557175318478, 340.851313728502], "[160]": [180.77054136033274, 151.59234432257622], "[180]": [133.03186726631654, 65.89428409707753], "[200]": [330.8472805454033, 44.62128485778025], "[220]": [358.6942016307059, 14.080148411559835], "[240]": [301.25662742050764, 2.8674068137060433], "[260]": [278.3629339666428, 0.01897165520505737], "[280]": [239.28333067569528, 8.997245204155755]}