{"[20]": [3.0, 3.000001049028629], "[40]": [2.125548357792061, 0.8298915802500496], "[60]": [33.16006249052513, 18.572711124918566], "[80]": [112.94692167339902, 278.8283072571033], "[100]": [19.713813443945444, 980.0942413257893], "[120]": [825.1719342710934, 2686.714926199271], "[140]": [710.8810643137405, 176.47153757620927], "[160]": [108.57440951091519, 89.06904646260969], "[180]": [10.641938843670598, 21.158068792249416], "[200]": [15.049329833136854, 8.2866584368268], "[220]": [14.489244321635374, 4.881425751825565], "[240]": [14.699745337003916, 0.18386643253303958], "[260]": [13.639867868632557, 0.030583219713600496], "[280]": [12.700872352841532, 0.005086548075247367]}