{"[20]": [12.116848671757609, 19.37105964748207], "[40]": [21.180989958235614, 73.54043953883718], "[60]": [153.02996731471285, 6637.85935798611], "[80]": [2044.0664245187072, 14910.525014222454], "[100]": [5521.396637718644, 996.8373013115488], "[120]": [1862.7973589856756, 1433.6683992463877], "[140]": [59.652829143848976, 646.5590945163267], "[160]": [188.73578669233152, 301.9863679241628], "[180]": [203.66817365334398, 65.48195267267204], "[200]": [176.38410349971008, 8.090993852732115], "[220]": [146.15309779896398, 0.9134191755676395], "[240]": [142.51312539672062, 0.9933537735225079], "[260]": [160.6722217323543, 0.9976799045226877], "[280]": [194.36305666744235, 7.685427723384225e-05]}