{"[20]": [0.0, 1.0490286287641973e-06], "[40]": [0.37298366567831825, 1.3680173042848742], "[60]": [0.3501462607556971, 1.6292216317323873], "[80]": [6.497054404584964, 0.19490929416535924], "[100]": [0.446184925874012, 1.883359408698001], "[120]": [0.7427622234136936, 1.2312662559816536], "[140]": [1.5674900845358044, 0.023840356888201283], "[160]": [3.846184132429303, 15.002338441352359], "[180]": [23.87059840470628, 84.99429941090635], "[200]": [83.75019571565167, 131.2204528091469], "[220]": [90.26513413606071, 93.94766111313882], "[240]": [547.7847912207974, 19.529626138018358], "[260]": [380.4424184869309, 179.73277796350186], "[280]": [31.093221710656508, 68.03660887894569]}