{"[20]": [7.061187201495347, 10.275672548019447], "[40]": [3.8526527401971578, 2.8581515158809765], "[60]": [13.082222584490864, 245.64179200658788], "[80]": [40.58968113596836, 251.45057652382184], "[100]": [38.004488406581686, 220.812766554404], "[120]": [23.48022161251356, 87.38852930014218], "[140]": [138.62241433247254, 2262.002319229973], "[160]": [504.5065811528584, 3531.402968868817], "[180]": [1054.63163996589, 1135.9652913809114], "[200]": [642.5738873327373, 398.13068769200436], "[220]": [115.6719877641674, 80.00575968958628], "[240]": [7.1667674808144, 67.85015318910405], "[260]": [10.730293630637568, 0.49047920586296456], "[280]": [42.10570399289503, 1.9851969042068962]}