{"[20]": [1.2791094914017211, 1.4742702062473223], "[40]": [4.416200340084527, 7.231441218174864], "[60]": [12.075635408984581, 86.90165593780448], "[80]": [48.66064864785035, 86.74446547392519], "[100]": [16.053452931895936, 28.2765822497539], "[120]": [16.364880755927523, 64.8035032393442], "[140]": [154.3455445951729, 267.9900503993712], "[160]": [1584.6156348785291, 178.0046727805709], "[180]": [2556.8543516702516, 550.7163664018706], "[200]": [2024.7666162415087, 534.5231845726789], "[220]": [163.175348971232, 106.32765144522291], "[240]": [65.65931174807531, 3.3636342730736875], "[260]": [78.92787717176567, 4.677977595921759], "[280]": [204.6703441317268, 0.7584222782115659]}