{"[20]": [0.0, 1.266604183032739e-06], "[40]": [0.4226370766915961, 3.5848445397125985], "[60]": [0.5032173450223891, 1.6155786194579327], "[80]": [0.9955533646332699, 0.8398426308719946], "[100]": [1.3148063266838745, 1.7757784413414166], "[120]": [0.09700422325142351, 0.02261771458863528], "[140]": [0.06357582091563205, 0.0021067657117029214], "[160]": [0.04466715868285559, 0.0001932696220027798], "[180]": [0.029435944243668216, 1.7680848169730678e-05], "[200]": [0.02530310159803655, 1.6162849658214444e-06], "[220]": [0.02218789030272829, 1.4775448129412564e-07], "[240]": [0.008683650559717352, 1.3508039884359836e-08], "[260]": [0.008519454384429576, 1.2345677730011147e-09], "[280]": [0.022317965134915498, 1.1289568734005672e-10]}