{"[20]": [1.0, 1.0000019232466324], "[40]": [0.8642720252018155, 0.5362646539536531], "[60]": [2.970223798554084, 1.7690779141075232], "[80]": [7.39693557695422, 12.884902500541934], "[100]": [0.7439285357557708, 6.530103797246099], "[120]": [5.148048788902273, 1.2735389620464481], "[140]": [1.95516343710986, 10.846791266770062], "[160]": [2.774736139059563, 7.62399184714009], "[180]": [6.0720527100645825, 9.050107404793962], "[200]": [12.410088284232728, 17.942837320727506], "[220]": [13.317725030491829, 47.63111893306018], "[240]": [1.4381764822263676, 111.34929324521408], "[260]": [80.21779949706183, 94.18835084897069], "[280]": [5.421187926050607, 121.34563806472806]}