{"[20]": [4.484146385511936, 3.0592960787755232], "[40]": [3.52109190217858, 3.4650423523177802], "[60]": [98.51365929042665, 139.17824177762353], "[80]": [2.9456736681019113, 100.89007017007494], "[100]": [2.7725457150214297, 34.84906247872731], "[120]": [27.832475968555617, 48.08144794454052], "[140]": [23.733570530842965, 892.1243929837764], "[160]": [394.7875423413172, 2375.2149211821184], "[180]": [5324.540141804507, 224.11164298873234], "[200]": [483.7180510845135, 451.5209399306831], "[220]": [106.99452715703077, 533.972515675888], "[240]": [88.39008946068572, 194.06601209251747], "[260]": [89.33621773646442, 23.61671762246674], "[280]": [192.4039497968961, 11.497615100760427]}