{"[20]": [11.0, 8.711756388620605], "[40]": [1.931809731195127, 2.1648279741573084], "[60]": [2.874649234006199, 11.883906660648591], "[80]": [9.682719839529682, 30.507726715063527], "[100]": [44.26558945369604, 62.12480295672009], "[120]": [32.33667151066186, 134.1460972004083], "[140]": [102.48177312894586, 193.10138067529624], "[160]": [150.44520661781303, 298.6833860827519], "[180]": [46.24725827178872, 715.1052940309701], "[200]": [95.36529805553164, 757.3002130369823], "[220]": [415.38470026826144, 130.38433116610213], "[240]": [178.8096024778315, 124.67228616962257], "[260]": [401.64406618647877, 113.62573882135575], "[280]": [176.74058909247753, 46.514641068686615]}