{"[20]": [3.209259594035024, 3.745639043375972], "[40]": [41.24961402899332, 13.581234739108865], "[60]": [104.17703777592192, 1002.7446135116527], "[80]": [222.07554120546592, 6525.941260797717], "[100]": [12047.725161288283, 9687.506930186079], "[120]": [19066.135058578417, 1328.4889073485683], "[140]": [7448.660562523357, 1096.5839144118472], "[160]": [329.03116873784074, 1037.176441322139], "[180]": [235.94890048718935, 381.11262212115594], "[200]": [1391.4877128259097, 168.20719560714326], "[220]": [1540.6646957352264, 63.92998340367495], "[240]": [1420.2154968114328, 29.216846685773504], "[260]": [1286.0335155881767, 12.879044590179106], "[280]": [1161.6664047392248, 3.0186806829467514]}