{"[20]": [1.2791094914017211, 1.4742702062473223], "[40]": [4.416200340084527, 7.231441218174864], "[60]": [48.438843966247326, 75.55415466563466], "[80]": [42.05416249691273, 82.22051852227708], "[100]": [21.870937945161312, 23.292761298201935], "[120]": [2.650327173227538, 29.98461933430499], "[140]": [196.62678102213542, 243.78986267450028], "[160]": [1354.6255857884823, 59.56612883624236], "[180]": [2322.4073911643973, 519.5748671080007], "[200]": [2215.7306077927738, 740.0509372290132], "[220]": [181.72597603397267, 76.76988593582183], "[240]": [59.88266004279471, 36.95122234459407], "[260]": [76.93818162867078, 0.4448655859386264], "[280]": [202.71932066904952, 1.0549095637977464]}