{"[20]": [1.3572350166955722, 5.822231203581712], "[40]": [11.308583273459021, 3.454688436282723], "[60]": [34.92102481560778, 227.92440662113603], "[80]": [76.01080533625645, 1488.961191426736], "[100]": [2737.5467973992236, 2240.578769064685], "[120]": [3497.5977808594744, 653.0474075595557], "[140]": [2127.697398434132, 425.8383127577463], "[160]": [57.754541325678474, 155.23178604983752], "[180]": [318.71296296420155, 69.27491980352522], "[200]": [134.4204031458376, 19.0265532946692], "[220]": [178.9590736015521, 7.424943996244242], "[240]": [171.78824502450044, 5.751533392386939], "[260]": [156.11333950072947, 2.960811552016972], "[280]": [142.30179790456896, 2.006180640582408]}