{"[20]": [5.0, 5.000001049028629], "[40]": [14.444129493139277, 20.910422833866914], "[60]": [7.604299946109778, 35.778968039051605], "[80]": [5.429242551489928, 119.20769506135868], "[100]": [1.496249076043544, 173.03323668948715], "[120]": [2.5085419608433748, 212.42307224370464], "[140]": [73.46420878114796, 760.3258833699151], "[160]": [7.460758422518387, 824.1170132268251], "[180]": [157.82701582996157, 1019.5571336885582], "[200]": [215.80845447854094, 1043.9502397548815], "[220]": [239.03046085381814, 88.25316186860371], "[240]": [41.6833411019645, 8.393825028439151], "[260]": [13.351443410373234, 212.90027842155158], "[280]": [13.987601590945038, 123.20983202932399]}