{"[20]": [4.373748063241033, 10.364841100137493], "[40]": [15.640441680507335, 4.81447244640102], "[60]": [196.05693561589467, 307.97406261126963], "[80]": [61.46857975171277, 396.56970479606025], "[100]": [47.84401997832783, 238.2991642922032], "[120]": [242.31682644395198, 381.0090625139699], "[140]": [6698.014616693641, 4090.4053553574713], "[160]": [12113.178393036362, 8590.0571890105], "[180]": [580.8470971880279, 600.6803080572885], "[200]": [15111.088347556579, 6.899505260728177], "[220]": [1243.1361067959385, 150.73689660059293], "[240]": [275.9971054952789, 124.53452230779124], "[260]": [1235.1714701957033, 12.290019683068175], "[280]": [898.6958398466433, 4.287782546959433]}