{"[20]": [3.2092595940350197, 3.7464160648506635], "[40]": [2.8922154428512528, 11.189958878959374], "[60]": [31.64755237751575, 219.20435780079924], "[80]": [128.92570514933595, 79.0005459530147], "[100]": [42.152530111306305, 121.01049203466914], "[120]": [13.883646262952425, 160.7302576030761], "[140]": [1206.248000127979, 1262.0056965501124], "[160]": [216.9256285413103, 4819.893481676299], "[180]": [10460.640820940549, 151.12307103124112], "[200]": [7765.012133397486, 788.2959476247634], "[220]": [614.9295056067822, 64.1564796988514], "[240]": [175.5587534086749, 135.52468401727458], "[260]": [1206.5705652823513, 36.2559196680685], "[280]": [983.6379251526496, 1.9966857646457257]}