{"[20]": [0.10104861863762077], "[40]": [12.280039457850581], "[60]": [16.93670407483177], "[80]": [6586.278774477083], "[100]": [19892.109090706268], "[120]": [3455.015096525396], "[140]": [551.5208926509598], "[160]": [757.42395108302], "[180]": [668.2671249464962], "[200]": [568.1244472029094], "[220]": [512.9951690344415], "[240]": [493.9726558882636], "[260]": [514.7139182969668], "[280]": [578.2028449027187]}