{"[20]": [0.4654615558503066], "[40]": [7.342425279125607], "[60]": [46.43399536321306], "[80]": [71.81265272237886], "[100]": [45.1864102309637], "[120]": [0.7920081801069045], "[140]": [504.19510630671493], "[160]": [1175.4461937481246], "[180]": [5772.9103064277515], "[200]": [2832.106470978093], "[220]": [292.0560509917764], "[240]": [122.54407667502124], "[260]": [518.3111644677413], "[280]": [665.6833432839705]}