{"[20]": [5.0, 5.000001049028629], "[40]": [0.5054939790037448, 10.001735184323309], "[60]": [1.0595886328097879, 12.263384273108647], "[80]": [2.2857200840740406, 17.704544247025137], "[100]": [6.215291304457323, 39.590135423749324], "[120]": [1.452098233566088, 45.34996818153004], "[140]": [6.3939106364339935, 98.84077707173056], "[160]": [4.439727120197569, 118.88329722807497], "[180]": [29.983064271555993, 152.4575123539189], "[200]": [39.94771431772369, 84.24241615904911], "[220]": [61.86250945083375, 198.28544130328524], "[240]": [141.47420118058756, 130.01929724671126], "[260]": [237.2102897640228, 932.6461638007551], "[280]": [199.34308863180448, 150.50153974993864]}