{"[20]": [3.2092595940350233, 3.7464160648506635], "[40]": [4.00901586295204, 11.189958878959374], "[60]": [7.37379720629815, 266.30627288556406], "[80]": [68.63093246314111, 206.17856211935475], "[100]": [4.159616234785517, 193.79983569523267], "[120]": [58.634789295689416, 192.6814588768484], "[140]": [1322.6408266419521, 1347.37444728615], "[160]": [2524.083758198143, 562.9621978004507], "[180]": [10897.686476327945, 296.57607727672803], "[200]": [6429.746653456921, 643.9655541016691], "[220]": [72.97955090900541, 66.24691090228566], "[240]": [300.6188212297533, 144.6043990126987], "[260]": [399.0067594031725, 7.364611085136559], "[280]": [1122.4399839910286, 3.2495075160821214]}