{"[20]": [0.0, 1.2527752120030813e-06], "[40]": [4.514669180332869, 34.74572257407094], "[60]": [47.03544131909507, 755.7455934994658], "[80]": [2119.2066989624764, 2278.9831186633523], "[100]": [22775.379478365187, 1606.1395218681894], "[120]": [10815.924857250571, 1800.2409724242543], "[140]": [976.6099918809771, 159.37397708658733], "[160]": [686.1773770038951, 198.5900406605069], "[180]": [631.7473104988903, 98.52147111373615], "[200]": [560.5598086052306, 11.794820056529487], "[220]": [495.0895699833447, 5.180346192359024], "[240]": [461.24822258309155, 2.892187862767915], "[260]": [470.3538789292833, 0.014178001807598572], "[280]": [504.88699539176196, 0.0018643070333816216]}