{"[20]": [2.0, 1.9999804844585416], "[40]": [10.459553864572364, 48.729754368980814], "[60]": [249.75412451191983, 1637.8083594277728], "[80]": [11085.846948259948, 5546.05499179727], "[100]": [23277.858741988955, 814.5676594629961], "[120]": [12938.295782869545, 516.2905663019781], "[140]": [1295.1610126025394, 181.320739137287], "[160]": [483.185251897708, 304.27257103529956], "[180]": [709.0946578246242, 149.77094181936508], "[200]": [645.2964396586592, 50.81054965558908], "[220]": [553.5925160154353, 13.5978187800689], "[240]": [512.3471350610005, 0.05039341765759877], "[260]": [541.8075403857401, 1.006340076131834], "[280]": [641.6736517279583, 0.0007974700989189135]}