{"[20]": [2.0000000000000013, 2.6357458270494876], "[40]": [16.42727321620019, 10.516915314937705], "[60]": [11.011117700239879, 100.20047512171186], "[80]": [121.90933919243821, 801.3051085269731], "[100]": [604.0833852327141, 1668.5950773528948], "[120]": [4065.1774741619593, 806.1323692752048], "[140]": [3608.7807541942457, 450.5261075434155], "[160]": [268.49582085299176, 127.5922193545789], "[180]": [7.4743621328722725, 91.6384930866102], "[200]": [371.35626468582586, 35.37091623643079], "[220]": [372.52652919565884, 25.15532266994198], "[240]": [340.1281557025338, 0.34835756982811716], "[260]": [305.5216456951083, 3.8895969343001084], "[280]": [284.1417854804083, 6.018703481963743]}