{"[20]": [0.6345842922495667, 3.364836224855799], "[40]": [0.9874435854211248, 0.6222935527534542], "[60]": [1.4080608383367803, 5.764231763739496], "[80]": [1.7696757617543037, 4.528002446818592], "[100]": [2.020951515807431, 3.2157564937476035], "[120]": [5.712501309911555, 6.8108847362784894], "[140]": [33.46573746306816, 50.20152471274246], "[160]": [297.4662272396182, 46.00620253419569], "[180]": [63.290356740757595, 186.1317544772664], "[200]": [22.456631575795388, 617.2679627372997], "[220]": [889.3711753045691, 381.4233748227473], "[240]": [110.12198807409523, 90.09584663040286], "[260]": [13.010523369864675, 82.45847908328885], "[280]": [20.949871040988228, 18.664366480687477]}