{"[20]": [1.0, 1.0000010490286289], "[40]": [2.0436832910322655, 1.6333981147224106], "[60]": [0.4893335857207938, 13.06919016403707], "[80]": [0.6788798261004516, 19.999230326053], "[100]": [10.848150467379922, 20.007139441867825], "[120]": [6.533994577469022, 20.072924093877564], "[140]": [101.47440706398787, 419.95954815934886], "[160]": [240.6739324054491, 318.52962718053385], "[180]": [124.48932172614568, 326.3047370141516], "[200]": [128.08096148494636, 53.99288381762608], "[220]": [182.61980228856987, 7.83584684691357], "[240]": [96.6200043779827, 63.7266518370731], "[260]": [28.293563130790066, 59.11065800052489], "[280]": [12.601620523925812, 52.53595802067755]}