{"[20]": [13.643183535342812, 100.54380453329668], "[40]": [107.20386138091135, 84.741663645282], "[60]": [927.8067577621943, 8534.531153524178], "[80]": [19881.405248267896, 8106.499323120062], "[100]": [38466.90608617978, 2327.761062103214], "[120]": [13870.959022539344, 885.835463765], "[140]": [388.147031220413, 479.49788347883447], "[160]": [787.2879874087093, 161.60974256616382], "[180]": [621.6538231790684, 45.2086040931461], "[200]": [569.5886459390063, 6.237858405530124], "[220]": [464.58543464262505, 5.914499442266415], "[240]": [424.982925520041, 2.0095158749770143], "[260]": [456.1346353915186, 0.9989240557251875], "[280]": [440.88245035196815, 2.0001198182662763]}