{"[20]": [2.9225825078541763, 2.076484879058746], "[40]": [13.022099151368465, 6.683440105487485], "[60]": [4.993812192601058, 260.4449904495708], "[80]": [54.27038066896108, 225.58070952998426], "[100]": [14.196241598247179, 86.69913361463463], "[120]": [16.43265308674057, 115.25161972490136], "[140]": [1087.7593494370976, 672.5068028495822], "[160]": [34.65475821109193, 990.3701270905253], "[180]": [7587.728269632103, 41.09545041006087], "[200]": [2575.992030881384, 568.251355118657], "[220]": [205.23898884965004, 91.20891820481803], "[240]": [113.22559592124863, 142.81202571633435], "[260]": [158.13486415723258, 13.277391413577257], "[280]": [434.6693047142007, 1.7669778792164619]}