{"[20]": [0.3501723181778413, 5.974988990625828], "[40]": [14.154351168280666, 10.156526338194952], "[60]": [74.15693765936972, 423.17555377336606], "[80]": [27.70753335743102, 1890.4557723636638], "[100]": [6313.089753851106, 921.560718822747], "[120]": [1552.5555082225771, 561.8976773878342], "[140]": [121.18372856158919, 102.626374805339], "[160]": [185.1731849447656, 55.30199365689409], "[180]": [168.59507032493053, 12.020423679563924], "[200]": [141.36018516289127, 4.474318809835259], "[220]": [127.3194350183192, 1.2009550659824448], "[240]": [120.82845400336721, 0.9754007817280236], "[260]": [124.56476874703222, 0.0009610455076326087], "[280]": [136.98550703475235, 0.00018668212591262988]}