{"[20]": [3.9134521422787336, 3.19325567099721], "[40]": [74.96978140337383, 27.989203335268147], "[60]": [194.52065926204727, 804.6554973686548], "[80]": [67.53343867475992, 4493.179903699446], "[100]": [1615.4936657581932, 4924.730928275689], "[120]": [9654.217249939098, 74.90524529473484], "[140]": [3241.8206563252184, 700.4044875004502], "[160]": [422.7684913681046, 316.4391875814602], "[180]": [77.30848878990902, 102.05206193236043], "[200]": [62.03834520548002, 27.332162833581137], "[220]": [58.77272192907462, 15.729613067754746], "[240]": [56.47186186901064, 0.8139031360270832], "[260]": [54.21004157647111, 2.9727387990099983], "[280]": [52.268007419336094, 1.9960066395702887]}