{"[20]": [2.4827103157806545, 0.959419718538157], "[40]": [41.70545060561897, 14.638308374912665], "[60]": [130.95088210818992, 1043.7871675862484], "[80]": [2512.8660715331857, 1061.846861172489], "[100]": [4480.070212623726, 200.7360118112355], "[120]": [1624.856018151909, 420.1388942588718], "[140]": [155.80123829561452, 70.22704376794746], "[160]": [119.47098317831437, 51.848058765035425], "[180]": [111.425639770025, 8.051793701255622], "[200]": [98.26257830929612, 1.3928692892574694], "[220]": [88.05658177270196, 0.9255544435326396], "[240]": [82.72597162324084, 0.009070859507615152], "[260]": [83.30798361842811, 0.0011124062869545717], "[280]": [86.96101550024073, 0.00013650840917605464]}