{"[20]": [2.0, 1.9999644134491577], "[40]": [0.3169300611902626, 2.33266704932859], "[60]": [11.423718531751035, 3.4546997398968715], "[80]": [4.869468777551702, 1.5243643173113808], "[100]": [2.2325395245749178, 2.2815378283002796], "[120]": [3.0263628343095403, 0.9270237242389782], "[140]": [1.4712658536060292, 1.0066808397008293], "[160]": [2.976644609167647, 2.0007614028354963], "[180]": [9.604651335096982, 6.000092395998489], "[200]": [18.40986314688183, 15.000010553771], "[220]": [43.55046693334162, 63.00000100113811], "[240]": [58.04810899286326, 45.99999970628584], "[260]": [21.689667026521747, 17.999999968475585], "[280]": [31.37713775239374, 68.00000000050183]}