{"[20]": [0.0, 1.0490286287641973e-06], "[40]": [0.26468865595159413, 12.009733102676098], "[60]": [4.360148263471624, 5.717960307347444], "[80]": [3.0417110913699603, 14.360092593303186], "[100]": [31.188172252294635, 43.568703478378985], "[120]": [23.367736429187413, 145.8373027771147], "[140]": [4.232549216332152, 56.61186429970378], "[160]": [20.763579453986626, 194.72375001620767], "[180]": [65.90927094843964, 258.60950930035887], "[200]": [95.02560671510501, 514.5285341326636], "[220]": [124.81968273966943, 118.28743532864306], "[240]": [149.65397438458328, 7.685585657733867], "[260]": [108.63372910986187, 80.32015027065239], "[280]": [102.00975825941894, 109.84694827546515]}