{"[20]": [0.08186791209976856, 1.8494592135354946], "[40]": [1.5497789994903404, 2.428339926416667], "[60]": [53.69815152471815, 226.28457432940064], "[80]": [128.43792776059513, 1208.997671767097], "[100]": [953.529173072375, 456.42097888862617], "[120]": [1796.6924629536, 142.23222248504536], "[140]": [491.6921233524673, 83.3528736736824], "[160]": [45.54325581059319, 39.48776270071746], "[180]": [22.60095219918065, 14.981253763210237], "[200]": [28.270971563346407, 22.1768590360338], "[220]": [28.645728101837786, 0.8876165202759618], "[240]": [25.267670532224102, 0.01520359237012433], "[260]": [23.384082865708038, 5.997906122708504], "[280]": [22.434262367891137, 9.000283454060705]}