{"[20]": [6.0, 6.000001439860373], "[40]": [14.593450324800699, 1.6408520359735306], "[60]": [92.80193423495473, 521.649425934733], "[80]": [1349.6730309058566, 964.3083826351703], "[100]": [7525.873173290704, 522.4195857720988], "[120]": [12017.128316393384, 973.0728111145309], "[140]": [2378.1487136113246, 201.78559584418804], "[160]": [420.82946524514284, 4.976652209118015], "[180]": [319.1703777538611, 10.528014844489853], "[200]": [360.4519973616335, 1.4039758180809958], "[220]": [266.8860518360203, 0.6149900044576563], "[240]": [259.21503518168095, 0.08585337748402073], "[260]": [258.2146586172507, 0.0119846954016557], "[280]": [337.10653408372485, 0.0016729932543118344]}