{"[20]": [3.346654550322974], "[40]": [83.57926684144724], "[60]": [79.00460402385943], "[80]": [338.28741064222413], "[100]": [4673.263886563618], "[120]": [477.74991491493347], "[140]": [512.4212494424191], "[160]": [493.97193085313984], "[180]": [349.21114895669416], "[200]": [315.74168785235986], "[220]": [242.6065993550959], "[240]": [226.4215439970232], "[260]": [205.39010709474312], "[280]": [173.76464468577603]}