{"[20]": [8.570846611552792, 5.706912649064403], "[40]": [4.013649662645013, 12.052471935840018], "[60]": [52.842975309833264, 634.6060957635716], "[80]": [687.9369308149221, 2473.804558059654], "[100]": [4339.837600500275, 732.2388030211717], "[120]": [4665.130107986498, 372.24203722227793], "[140]": [2295.831029718817, 219.24918577019335], "[160]": [80.49401545048978, 46.09667709289907], "[180]": [104.0331810985495, 25.074375829358942], "[200]": [109.62606803129508, 14.099955652177295], "[220]": [110.14139651860113, 8.115669845985051], "[240]": [117.64947486617378, 3.9848327940506683], "[260]": [106.24833388983443, 10.001950564185899], "[280]": [95.95627142456179, 0.00025328519472696064]}