{"[20]": [0.0, 1.0490286287641973e-06], "[40]": [5.657126072418924, 4.39190808253811], "[60]": [2.017376725328899, 7.012298773623555], "[80]": [2.1900784857123106, 9.607591288956922], "[100]": [9.447756223683184, 47.33362914085493], "[120]": [13.02260074014923, 124.93042766688868], "[140]": [65.0870623724672, 490.54718519459345], "[160]": [39.40729311993289, 64.00408408252827], "[180]": [1087.4291470739959, 196.98938452203046], "[200]": [2078.462009269196, 185.2472942552506], "[220]": [775.2281155478813, 124.88027905390466], "[240]": [1391.8249998958913, 75.13876701277921], "[260]": [125.90537692663862, 69.89280931231734], "[280]": [70.23454126165316, 28.897563065955918]}