{"[20]": [1.0, 1.0000014025321624], "[40]": [31.883812922236388, 6.970794035500504], "[60]": [6.868024795173042, 33.65929652030928], "[80]": [22.560903832903705, 86.88258217909436], "[100]": [44.671873706180975, 154.97275161241038], "[120]": [174.5584586041823, 275.44550627743], "[140]": [209.9529241786936, 663.023066904705], "[160]": [53.57298134572102, 867.597625027377], "[180]": [28.295400682430227, 1131.4573592458437], "[200]": [137.65692353917802, 730.5865068321091], "[220]": [259.43338887712525, 491.0364669021592], "[240]": [805.0884263046555, 88.18202973375446], "[260]": [513.007494662022, 168.76164295456192], "[280]": [259.3824026045613, 277.700031473586]}