{"[20]": [3.59386381940758, 17.51920632630237], "[40]": [78.8109689796548, 43.45289045590693], "[60]": [144.68969074059984, 87.78916260573462], "[80]": [25.72282737258049, 153.43991914723966], "[100]": [45.34569047409966, 132.2385200351669], "[120]": [71.75868889284195, 184.02151456469227], "[140]": [181.11672378370048, 1159.285471051097], "[160]": [2151.470187399748, 841.019696764098], "[180]": [2152.3361366472614, 294.6558210933112], "[200]": [3451.0596814724063, 108.99762655939797], "[220]": [272.2032771101896, 17.06747696369522], "[240]": [52.339525141840475, 14.809711591290352], "[260]": [208.33659741220225, 1.2901411697096135], "[280]": [151.16402243041486, 0.1634011576202295]}