{"[20]": [4.458975510823194, 249.5446157695845], "[40]": [15.28502979119213, 6.459251203038986], "[60]": [0.8808778082750506, 17.175879624436295], "[80]": [5.064986973802948, 22.646460225178934], "[100]": [47.87002524705802, 76.93933097844834], "[120]": [12.44012277130982, 73.53137413717279], "[140]": [43.54005432791838, 243.16246135457277], "[160]": [9.229361262968576, 181.9482545662713], "[180]": [162.0690258039568, 342.4372585229392], "[200]": [215.8842743232701, 169.4362275143473], "[220]": [14.873567119305006, 148.96210435259735], "[240]": [416.5324221557486, 180.61441413039486], "[260]": [2187.576904190787, 473.22169180153617], "[280]": [1127.9447566264191, 218.57575967266317]}