{"[20]": [1.0, 1.0000019232466324], "[40]": [1.6185785175184098, 0.3830014861897073], "[60]": [7.085223732075534, 13.01541107441452], "[80]": [14.396821927140522, 29.520671867853295], "[100]": [6.776320427569118, 33.23215261882902], "[120]": [40.98159475033333, 43.19175337465413], "[140]": [132.77961033116708, 292.50367648409065], "[160]": [335.01431615640286, 81.58059207293809], "[180]": [195.80662143849986, 182.86767800302914], "[200]": [321.58144839498436, 273.43271902762535], "[220]": [678.5622345775137, 63.186705660372354], "[240]": [336.70529204575996, 24.223311116754076], "[260]": [51.955233079317736, 39.20730346210382], "[280]": [269.263499402482, 35.66944954857547]}