{"[20]": [2.7653198230140204, 10.270210014301488], "[40]": [20.470192081653106, 27.944769110249126], "[60]": [58.79355503940546, 83.6877327765009], "[80]": [18.84708358715038, 62.04560745029605], "[100]": [19.548322628616553, 62.896790547164784], "[120]": [3.6130014204742604, 24.468410496905992], "[140]": [717.5693155986127, 1100.9523916348746], "[160]": [1821.245080829062, 261.1412712274015], "[180]": [9726.930232214885, 738.7672279551967], "[200]": [6586.011950530229, 566.1967255490835], "[220]": [283.60352150010664, 61.47634120694596], "[240]": [207.64037511671245, 57.47207777419544], "[260]": [218.12154873351372, 3.4390608650378924], "[280]": [385.6909043083876, 1.2083137425269153]}