{"[20]": [2.0, 1.9999375874574532], "[40]": [0.9430991260431839, 3.2730355125387662], "[60]": [13.402308194483018, 18.752036314206258], "[80]": [15.1691497500508, 20.58916570712086], "[100]": [17.73112084241299, 26.72464092780452], "[120]": [107.74083617311146, 29.870251170649784], "[140]": [91.81209260919421, 260.61812325392117], "[160]": [113.70406151808291, 65.38116911601685], "[180]": [205.4925865489903, 77.12041525249175], "[200]": [260.06005454802374, 79.58814580864478], "[220]": [364.78094817051186, 4.3458466707493475], "[240]": [280.45364728237564, 79.55577163236497], "[260]": [133.13824281895296, 21.80184362605156], "[280]": [25.119038498227635, 13.201594630418512]}