{"[20]": [12.908927463724858, 1.0695103601076852], "[40]": [0.8244113649425202, 35.84424980033317], "[60]": [22.61324086817764, 56.119206903855996], "[80]": [14.298027030393456, 77.40422766396026], "[100]": [37.23065714471602, 140.4471412376734], "[120]": [6.029087867378166, 237.7324779288415], "[140]": [290.9680421269086, 799.8284171646853], "[160]": [352.13341449504514, 1084.9925366380098], "[180]": [65.56785573923571, 1513.9233499585198], "[200]": [1036.3327834049487, 2236.263245579101], "[220]": [120.14474466053434, 1351.791317643394], "[240]": [186.54217903754034, 288.380044316611], "[260]": [1121.4929393634247, 1051.9003278224773], "[280]": [1015.2061864525504, 264.87552351137583]}