{"[20]": [1.7125360371962364, 0.8249856519874913], "[40]": [31.91569260515684, 6.102655480745306], "[60]": [52.36592149591649, 157.54303348271137], "[80]": [44.86693359232769, 363.1827362106912], "[100]": [17.86167784279698, 107.32556540754321], "[120]": [165.18857128866625, 113.7297599717883], "[140]": [1895.7037280261338, 817.4962479947255], "[160]": [2383.291762806347, 659.9494819201291], "[180]": [1508.0799244982816, 66.64746893179436], "[200]": [240.19360509979578, 30.198707866459767], "[220]": [65.48810184707852, 46.779262771093244], "[240]": [50.60194495056261, 35.92044850607845], "[260]": [32.165930353205674, 9.187714645136337], "[280]": [56.93825426822296, 1.214438234476452]}