{"[20]": [9.487423069930664], "[40]": [6.544920006273699], "[60]": [1.5225463110236674], "[80]": [4.960502079862351], "[100]": [14.553087469982927], "[120]": [36.41485465747985], "[140]": [20.552192643671788], "[160]": [11.831472287878341], "[180]": [73.91691995542124], "[200]": [108.59723528834002], "[220]": [169.04373579620187], "[240]": [86.66552146528738], "[260]": [172.85430326992446], "[280]": [85.82448556373674]}