{"[20]": [1.8307247654171495, 12.286558969671917], "[40]": [85.0904791420787, 55.90759171371175], "[60]": [75.56549548625719, 5469.309608809614], "[80]": [17902.159254595103, 6424.949269997373], "[100]": [15049.377323108563, 1650.7220537675998], "[120]": [6526.033122621324, 1141.524747876696], "[140]": [868.86519056078, 607.8263953114716], "[160]": [535.8177118423602, 217.58246544179818], "[180]": [450.93060543652103, 84.04613554183231], "[200]": [392.2691925243067, 13.59539080752394], "[220]": [352.7114158900941, 1.835028100535603], "[240]": [328.97230647542506, 0.9806252600470999], "[260]": [334.55723188212005, 0.0022584327091805323], "[280]": [353.9267977812675, 0.00026531198963824425]}