{"[20]": [2.539042601432825, 31.645414484074944], "[40]": [44.37883949733443, 8.329008636780973], "[60]": [404.45090590635647, 754.4808664566207], "[80]": [460.16945505208196, 625.6689292101303], "[100]": [19.868260708093654, 536.4627175209242], "[120]": [182.67193124869706, 449.0121049726094], "[140]": [5915.52576504595, 6065.588549044049], "[160]": [6744.2987946128615, 13231.990433142642], "[180]": [17975.77332097534, 1734.4562558918096], "[200]": [8349.509381271764, 670.1089364090345], "[220]": [294.090523125597, 95.43717273356643], "[240]": [256.2557917400695, 245.7712762728975], "[260]": [339.30194678102856, 70.03142916827527], "[280]": [1107.1491854752528, 2.352443448009241]}