{"[20]": [209.30661920092152, 2.9989409759201795], "[40]": [18.00301059783125, 12.54235056734069], "[60]": [7.854452456580475, 1299.3514041521858], "[80]": [8626.316507303556, 1404.5160657540728], "[100]": [12360.215132503065, 1192.1374814927767], "[120]": [8668.258744836217, 325.6832537969585], "[140]": [1194.3685407863572, 61.10213533715023], "[160]": [194.7072301282951, 31.27059025565518], "[180]": [296.3737518543793, 10.535792857014734], "[200]": [237.3219311376223, 3.086521823434145], "[220]": [189.7184799549509, 0.8882781956497832], "[240]": [172.3350730178774, 0.9863372090647493], "[260]": [180.93426076287489, 1.9983291558928615], "[280]": [215.87763134193932, 0.00020432929191669365]}