{"[20]": [6.0, 5.999998968606465], "[40]": [1.4792624115354591, 6.341868501773156], "[60]": [3.585706074922124, 16.569999326663112], "[80]": [14.104015937126524, 32.52684740794427], "[100]": [46.64923483831826, 97.13357962842844], "[120]": [2.411446450790532, 191.3899435502865], "[140]": [4.398137436360455, 227.55476658321743], "[160]": [5.265277044942131, 254.89665744110306], "[180]": [83.9657030227224, 423.8100661294737], "[200]": [135.05647718040183, 64.28755590662598], "[220]": [6.763797739979557, 86.86138586068353], "[240]": [731.8409557779668, 7.065899093358604], "[260]": [443.50117701846807, 46.989583900932175], "[280]": [135.99133228514785, 87.99430812123254]}