{"[20]": [0.21856532159971653], "[40]": [6.062124084578542], "[60]": [13.252955683929812], "[80]": [3.4101618471563313], "[100]": [1.3321576328169726], "[120]": [11.772491991432048], "[140]": [12.691604393759803], "[160]": [1.1419857582152417], "[180]": [77.37290472676273], "[200]": [12.845791999387075], "[220]": [76.56276276346944], "[240]": [319.4562734434021], "[260]": [567.5428310471489], "[280]": [490.4273590730645]}