{"[20]": [2.9897258411441343, 1.5585325296877175], "[40]": [55.628264296153176, 49.776400217588446], "[60]": [14.231392517968958, 3618.754088235008], "[80]": [63.26379645745659, 8769.428970962506], "[100]": [2458.6019591198874, 509.90678568005586], "[120]": [397.34963482046186, 1002.1699885042282], "[140]": [120.01884545649257, 236.3251100592195], "[160]": [119.63543650724907, 74.08452092713232], "[180]": [111.87454870836669, 29.84166726073071], "[200]": [104.79946754700389, 6.6541725476413305], "[220]": [98.97648443744866, 1.9558248021975246], "[240]": [95.03373465332298, 0.00237995606463542], "[260]": [92.6122016066814, 0.00022205312670773767], "[280]": [91.53144340629613, 8.55864557582826e-05]}