{"[20]": [3.69040460365329, 4.816044260705385], "[40]": [42.858385751133085, 7.86439619928637], "[60]": [135.08528576467518, 823.6148252993263], "[80]": [16.586571947374388, 3993.2201283020777], "[100]": [3866.183575190525, 3098.9389409834826], "[120]": [6151.226368559284, 328.708204688899], "[140]": [3400.8914613403904, 449.2807623999518], "[160]": [94.43173347739543, 211.90123135866514], "[180]": [137.53897644295787, 70.96404692692293], "[200]": [163.70677176099397, 35.3279832491371], "[220]": [173.62990993277435, 18.340796322269235], "[240]": [176.94172368560726, 5.907018419818724], "[260]": [160.09565268115063, 8.012983592607076], "[280]": [139.0332974778652, 5.0018320127148]}