{"[20]": [8.53063964602804, 20.54619760445597], "[40]": [40.28667767862529, 17.33214551311404], "[60]": [97.58556183190287, 1041.1295337578958], "[80]": [1696.8971694633751, 2434.0114951765336], "[100]": [22742.531346984193, 735.2411373390524], "[120]": [16584.38668642516, 1691.1846368140352], "[140]": [1731.086314964994, 332.9216368946353], "[160]": [735.0711859390818, 114.37307174363559], "[180]": [665.9644888065798, 18.01026924348607], "[200]": [663.0908597794174, 2.16402062298206], "[220]": [571.4997388981134, 0.06676977105524409], "[240]": [533.9573274770356, 0.12705241236557185], "[260]": [544.3632030811489, 0.017341614068058973], "[280]": [523.7564167613714, 0.0023669813687475587]}