{"[20]": [1.0, 1.000001266604183], "[40]": [1.865635731285804, 1.0591114321310338], "[60]": [4.05347962871541, 8.86465626231072], "[80]": [4.595082247836011, 32.95034332943462], "[100]": [5.7091719916382715, 98.69100438532936], "[120]": [23.47299480503375, 208.7907090279702], "[140]": [2.880848406295172, 536.3267175478964], "[160]": [55.08489256040866, 639.9796245777434], "[180]": [512.04187639475, 361.84054877154995], "[200]": [1210.358558040898, 94.1627382419897], "[220]": [241.19244662268056, 84.41836709037443], "[240]": [526.5082796617687, 82.16281083291483], "[260]": [42.9640740091632, 29.896168348387164], "[280]": [72.27866981832658, 4.865989424533694]}