{"[20]": [0.12988139706074975, 12.773218265605149], "[40]": [55.20390935238305, 13.685228645198762], "[60]": [85.77546655372316, 871.0674346677479], "[80]": [3579.5911505397034, 527.4056924910019], "[100]": [1324.5660945046047, 244.53620736222274], "[120]": [773.5061054421205, 42.56732657781106], "[140]": [265.4312219175032, 60.22528382912844], "[160]": [108.58619257985063, 14.116182822388197], "[180]": [113.15591281405834, 14.461850982906988], "[200]": [103.54322312746504, 4.940789997482581], "[220]": [102.09543166473617, 0.006511499542587451], "[240]": [97.32050270013846, 2.999283939631438], "[260]": [106.38466964138371, 7.874355865571082e-05], "[280]": [120.8979618024227, 8.658790778450074e-06]}