{"[20]": [2.947368421052632, 1.7450009839248901], "[40]": [20.068106323094618, 0.23454190903692052], "[60]": [74.6750667318259, 164.91134574322638], "[80]": [31.03286395248034, 92.56080036722653], "[100]": [5.734623033194168, 58.851630105206766], "[120]": [34.676716209396886, 14.291394250645112], "[140]": [608.8191980435063, 731.6142957472573], "[160]": [396.42367664894664, 1379.6289280811561], "[180]": [13330.106341084458, 331.29920791734185], "[200]": [17852.083638231044, 1474.7494801701941], "[220]": [1443.0634798001265, 482.74305786437253], "[240]": [7283.642446776821, 413.15174538928386], "[260]": [20.834896484251885, 39.55516052331592], "[280]": [1433.4995739193805, 13.185697306061485]}