{"[20]": [2.7653198230140204, 10.276435895534574], "[40]": [20.470192081653106, 27.944769110249126], "[60]": [40.769543295838126, 229.7748980217582], "[80]": [124.69473491685349, 1268.5041334292014], "[100]": [1702.6921125981949, 2915.4775927896735], "[120]": [5971.1168271995675, 1078.7244404687813], "[140]": [5756.133179397241, 640.634523138522], "[160]": [335.29817998613015, 292.8970396857816], "[180]": [261.0287402899679, 103.55772591137308], "[200]": [269.4399864424463, 41.15530815023423], "[220]": [282.7982265807562, 21.365722777569346], "[240]": [250.29801059908945, 6.2301614014254145], "[260]": [233.91778913351828, 1.1267348792683152], "[280]": [215.10596906162664, 0.021052765219024727]}