{"[20]": [2.2092595940350215, 4.745494015148527], "[40]": [7.424271809432263, 12.6342385371413], "[60]": [12.430590377322815, 49.55411109678087], "[80]": [28.142199231502417, 96.59867819785092], "[100]": [38.87612872048402, 143.89522536488664], "[120]": [22.952186771529796, 436.7019246886466], "[140]": [4.423651339171101, 375.2568057056292], "[160]": [47.78447414355833, 441.80578789665105], "[180]": [439.14910887165024, 1111.744884552485], "[200]": [72.68041605544568, 748.3018200869847], "[220]": [906.5136582696541, 659.1728501028228], "[240]": [3163.1385072016747, 206.8414883892874], "[260]": [905.1374358271732, 267.5624975436076], "[280]": [3799.7751395344258, 290.5962688831669]}