{"[20]": [4.418469203073443, 2.9230589781527416], "[40]": [14.358577190797371, 1.8104309908668514], "[60]": [68.89697476959618, 209.94451958131089], "[80]": [283.75198009588456, 1036.2306804188772], "[100]": [322.60988191569885, 1792.0078654509844], "[120]": [2284.9124601069398, 523.2784013581431], "[140]": [1814.3482352493268, 277.2615283668257], "[160]": [28.1962793232563, 148.4180955413939], "[180]": [43.68548290782643, 16.943858365453742], "[200]": [49.04980756407187, 16.6274306176962], "[220]": [45.07310443813475, 4.663426050226171], "[240]": [43.34543951220892, 5.7868897844783005], "[260]": [40.03204541656314, 1.9660261046679488], "[280]": [37.875883802730534, 1.0053497172865768]}