{"[20]": [1.0, 1.0000014398603734], "[40]": [12.614103504470197, 13.408978400346491], "[60]": [4.575529499529779, 116.93831336858747], "[80]": [161.3294968956816, 683.4821399382613], "[100]": [1981.386805362432, 466.7400663115168], "[120]": [7928.987155642135, 13.990995473352086], "[140]": [4856.198805379323, 748.9974464847501], "[160]": [1093.558153641687, 115.83891154952835], "[180]": [754.6419330010799, 9.722397437194388], "[200]": [91.0051318437661, 10.629186318427983], "[220]": [100.03144602041405, 1.2918992575902442], "[240]": [95.34657912209998, 1.1166834551663891], "[260]": [98.073583976588, 0.14729492288816917], "[280]": [127.13781949670754, 0.024528584591385474]}