{"[20]": [0.20269813153291782, 2.076484879058746], "[40]": [7.9871128738849615, 6.683440105487485], "[60]": [75.4797666537445, 225.245675815294], "[80]": [84.93196265809506, 249.8323562517284], "[100]": [43.099323290616965, 63.782584191047185], "[120]": [20.74139196884692, 93.5805829398495], "[140]": [376.04438862344676, 1031.1632275636982], "[160]": [1141.3435324819286, 486.4159676050712], "[180]": [5463.395829632837, 159.81818166772737], "[200]": [2629.047362295689, 714.2516278918241], "[220]": [117.6490545683932, 81.6899368710134], "[240]": [115.27330912691937, 141.55650809230886], "[260]": [141.84686177372024, 38.004331359628296], "[280]": [375.6930946549021, 2.3066937380477985]}