{"[20]": [0.0, 1.937864623385019e-06], "[40]": [5.282744656034559, 1.7684839011764097], "[60]": [60.76646769419443, 239.31078640250365], "[80]": [92.24764044288077, 807.2323007044515], "[100]": [4369.478850696476, 436.7408650769503], "[120]": [2885.1974721820898, 592.7629247385585], "[140]": [43.39864462542721, 2.6809197926856996], "[160]": [301.40665932682606, 12.821319635355763], "[180]": [265.83888847276637, 6.294133654035505], "[200]": [205.1386003398599, 0.8911719353032912], "[220]": [168.5755088771058, 0.1182813724291065], "[240]": [160.34308292145758, 0.02641845519723473], "[260]": [171.88691462974907, 0.0034174346776113217], "[280]": [207.11687213246663, 0.00044408816809874167]}