{"[20]": [4.0, 4.000001937864623], "[40]": [36.83188387378782, 6.824024185263795], "[60]": [295.9215838756786, 967.5959968990898], "[80]": [161.0910689639204, 1334.3424219882509], "[100]": [4237.719404194286, 961.6902428848407], "[120]": [4963.761675582675, 555.3691643976117], "[140]": [452.26411630868574, 61.345607881809315], "[160]": [192.6238874398827, 51.99768478340667], "[180]": [204.93617619732134, 3.8612811269598595], "[200]": [155.02633998697306, 5.4507188484863045], "[220]": [129.0712998899721, 0.09426533811307503], "[240]": [122.61541156467598, 0.025203033973099757], "[260]": [132.15586703099322, 0.0032139243387955423], "[280]": [159.80044372426448, 0.00040984199052804086]}