{"[20]": [2.0], "[40]": [7.2632239620413035], "[60]": [36.64084899609125], "[80]": [157.01129810548179], "[100]": [944.6905307601005], "[120]": [1818.2416972630258], "[140]": [490.62418164386656], "[160]": [47.75531674228805], "[180]": [103.50222247221664], "[200]": [109.87662988054414], "[220]": [104.67987973897633], "[240]": [94.14970098454403], "[260]": [81.73414824937373], "[280]": [78.34440692320877]}