{"[20]": [1.0, 3.6358286679291814], "[40]": [5.3645287822231165, 3.3844806008735144], "[60]": [0.2523376732754983, 11.310149665562797], "[80]": [2.3180527036827954, 10.604245774983923], "[100]": [21.95320732046177, 35.270972906145936], "[120]": [3.3050451304595185, 27.13866546978403], "[140]": [42.36294668034765, 85.30704712668947], "[160]": [76.7638370628004, 146.5833276217648], "[180]": [51.53011301034428, 103.09869572064235], "[200]": [77.564246161352, 278.4203527439988], "[220]": [24.270912523947118, 33.95430715095381], "[240]": [59.73802319887636, 278.53978617066605], "[260]": [899.4271582531064, 192.8826736190167], "[280]": [635.5667826308622, 259.38716546075875]}