{"[20]": [0.24776844133423095], "[40]": [6.342544963187429], "[60]": [39.914741555520166], "[80]": [60.50852566376943], "[100]": [32.0384396028745], "[120]": [4.07076140835278], "[140]": [483.41094679317496], "[160]": [1120.0913306087602], "[180]": [5615.484793544164], "[200]": [2443.781228148522], "[220]": [168.67828232634295], "[240]": [120.4332848625882], "[260]": [277.89765933139586], "[280]": [379.5450169246047]}