{"[20]": [2.268575159601545, 15.727670768513248], "[40]": [75.89254994332275, 33.928531672661855], "[60]": [458.3898703113171, 446.5362312896331], "[80]": [71.19718732923894, 878.6474756301162], "[100]": [213.6068419549941, 546.3591188474072], "[120]": [216.96480020958663, 431.1378439204861], "[140]": [5294.631410042331, 1407.5844634653508], "[160]": [4320.9427129798305, 1410.0263423165832], "[180]": [6860.279627946647, 139.22715621619705], "[200]": [2159.947248281085, 51.27418513898705], "[220]": [274.46498925090214, 74.09511313887434], "[240]": [97.06587714698581, 72.98786266572579], "[260]": [88.82452290440558, 14.09262583756497], "[280]": [215.91915689655352, 5.525691997100225]}