{"[20]": [0.4683988275759767, 10.363392417273705], "[40]": [8.6112942833741, 8.02853322407131], "[60]": [2.1995145472297004, 58.99724995636675], "[80]": [1.3957803137340512, 162.51339268034673], "[100]": [2.388153865651705, 27.038460230918165], "[120]": [9.443733229422769, 44.15059547676964], "[140]": [637.7591958533834, 44.78779255455957], "[160]": [967.2460329873151, 104.90385244765613], "[180]": [603.9731800310028, 138.35496911197026], "[200]": [131.4648907266103, 72.5621388144642], "[220]": [19.86429663303458, 39.67689085799841], "[240]": [23.507489660799756, 14.144048740059457], "[260]": [23.741852674735416, 9.550259389952581], "[280]": [61.23608590394735, 0.8372211219853511]}