{"[20]": [3.5938638194075803, 17.51920632630237], "[40]": [76.95083937538965, 43.45289045590693], "[60]": [180.64946875351652, 166.14910014124243], "[80]": [59.69174231991547, 253.47463896122278], "[100]": [104.3606089867301, 126.05381796884573], "[120]": [132.3714839797926, 105.2926263937774], "[140]": [1773.72145595418, 1346.5700749395457], "[160]": [2386.09091738563, 1671.8640611954193], "[180]": [4735.154926096283, 301.3024201327456], "[200]": [1407.3244687958388, 18.102347978230945], "[220]": [95.36008305602257, 5.0299816121719525], "[240]": [70.68749696975813, 8.981630865482346], "[260]": [81.59989663614954, 0.5034219034389699], "[280]": [163.67109124218752, 0.3143901169886535]}