{"[20]": [3.0, 3.0000019333297634], "[40]": [3.5531111430163094, 3.616728102332516], "[60]": [45.15784832965073, 817.4266799844213], "[80]": [919.2831973122302, 3382.858133315476], "[100]": [827.6269497145313, 139.11234158178013], "[120]": [456.59568166475265, 437.6005226621942], "[140]": [18.51940910915414, 92.0746491251399], "[160]": [42.867560716130214, 15.034574221748258], "[180]": [33.90302538247411, 5.1378329770920335], "[200]": [27.029889023279885, 1.690526977005356], "[220]": [20.894023059937076, 0.9714364738225176], "[240]": [20.803870067986686, 0.0027520009338568656], "[260]": [23.44389600703008, 0.00030383312840233644], "[280]": [28.3266907116376, 0.00012091203327353666]}