{"[20]": [0.0, 1.2494898800320704e-06], "[40]": [33.865854655488995, 101.75476733129432], "[60]": [44.004244780669005, 837.6506757875742], "[80]": [1423.2887454247834, 1156.5881647433873], "[100]": [8170.328620207977, 61.06882818240964], "[120]": [3741.0217485236885, 610.5539936111632], "[140]": [188.67408094922442, 134.81782331011783], "[160]": [343.2005018318711, 54.40220595393958], "[180]": [292.0464991325636, 32.55405416309294], "[200]": [241.27776795031374, 0.98622051141601], "[220]": [209.9064877766914, 0.2613132683599097], "[240]": [200.35809006807068, 0.034033817057377125], "[260]": [204.56957582350478, 0.00443255313178022], "[280]": [230.64347257481666, 0.0005772965174369308]}