{"[20]": [3.5938638194075816, 7.723614457435518], "[40]": [77.89975274817047, 43.45289045590693], "[60]": [62.95545298041861, 488.83754034061775], "[80]": [719.6089042201877, 2533.376364403644], "[100]": [2353.7385728155023, 1157.3034562151008], "[120]": [4620.358124571324, 251.7601874901824], "[140]": [2253.2951157034377, 148.64655174944681], "[160]": [59.22902146204269, 86.10501695174507], "[180]": [79.17108162649411, 52.150119109928035], "[200]": [151.70069865019562, 1.458424682686677], "[220]": [162.83375869707763, 8.799516512945544], "[240]": [137.98730889826325, 2.9727746465887956], "[260]": [129.67456151685764, 2.0036584295206983], "[280]": [114.24677585430047, 2.999497932517623]}