{"[20]": [3.671458217096349, 1744.1216017184902], "[40]": [3.627709740085565, 2.0267130720135116], "[60]": [0.765756852384026, 11.28236325082899], "[80]": [3.6962824548008264, 10.082081721270828], "[100]": [10.407125251117368, 20.157419435692475], "[120]": [11.9646152422889, 30.945817800150746], "[140]": [2.108080880382001, 44.75517471174048], "[160]": [28.991469095329876, 90.40666797854001], "[180]": [134.96818321660078, 180.0795999433171], "[200]": [4.562882100970175, 79.7914153899935], "[220]": [97.35500306967869, 146.5659359757804], "[240]": [143.28316003858248, 43.37261979969102], "[260]": [1283.8990907239581, 301.67490220897406], "[280]": [693.6861518478414, 83.46418308912743]}