{"[20]": [4.720582477925889, 10.211679347728813], "[40]": [38.090722930796666, 2.6967018947100563], "[60]": [164.84595981997205, 306.82073390568894], "[80]": [475.60068655907077, 1699.001418629863], "[100]": [1336.2487291735044, 1712.366038027989], "[120]": [3451.3729135297567, 152.7789548264803], "[140]": [1004.2861767156675, 181.91884660421994], "[160]": [102.9976084096902, 79.15676628755907], "[180]": [36.79532673148481, 45.756072123872244], "[200]": [48.82954208312186, 21.2388587257536], "[220]": [58.825133200533074, 6.604874687586801], "[240]": [52.6420101181096, 5.943477522937201], "[260]": [52.462608197957856, 0.008004037543049675], "[280]": [44.57004951288562, 0.9988434216030165]}