{"[20]": [22.285800077775292, 37.105738333868445], "[40]": [9.004935039684412, 6.779280126325261], "[60]": [4.316862418111668, 701.162375653279], "[80]": [376.20399103350974, 4365.765112013096], "[100]": [5999.217055119698, 8000.0318295381585], "[120]": [13018.339367237502, 665.4309132931958], "[140]": [15561.066573242239, 927.4918634515416], "[160]": [4234.494020564996, 431.14568702537144], "[180]": [376.0860288601539, 172.21688730919414], "[200]": [421.68459998096785, 68.0051591660004], "[220]": [525.9826341358657, 32.45455252037209], "[240]": [511.88340232769707, 0.7118450238944725], "[260]": [485.20739087178765, 2.8885388343224676], "[280]": [431.7644300837375, 2.9825477763951547]}