{"[20]": [2.0, 1.9999375874574532], "[40]": [1.2617795274658374, 5.628675545336671], "[60]": [2.027894111165233, 6.176835824560107], "[80]": [0.3957944322119238, 2.0023674184553273], "[100]": [0.38675206802484985, 1.3765934799375399], "[120]": [13.09161534743203, 17.091126346682064], "[140]": [3.16576158704168, 2.5513756968484373], "[160]": [1.8150347644465687, 14.565727584055798], "[180]": [3.1239612144206963, 1.5632706904035858], "[200]": [47.966897316431634, 65.67066581006057], "[220]": [26.968743621354864, 9.643415329633884], "[240]": [113.24635568541282, 68.53968239016352], "[260]": [136.04820382477007, 52.73687446908152], "[280]": [243.14656204321528, 93.41592295790103]}