{"[20]": [4.860658636254661, 4.622106873363858], "[40]": [57.327714924657755, 47.857974441882504], "[60]": [362.0259300642265, 2766.560856990419], "[80]": [8327.151814433266, 5371.049438961825], "[100]": [22137.194899746813, 971.965916105808], "[120]": [10577.054652439336, 592.1896026483264], "[140]": [93.04059678717294, 700.857736164091], "[160]": [1532.3639444546304, 376.84644101158347], "[180]": [1404.9566913247031, 132.18314338547856], "[200]": [1110.5537934025251, 41.48660596919353], "[220]": [929.2764450339107, 2.556776896490799], "[240]": [881.2993903944032, 0.9440928264153703], "[260]": [943.7274376523295, 0.9929481027763143], "[280]": [1135.6650626894607, 0.9991105078356433]}