{"[20]": [11.52458049018557, 10.279981281578756], "[40]": [11.124748014559913, 2.8581515158809765], "[60]": [216.05988974477032, 223.09836526685285], "[80]": [113.25105724496711, 185.51089706435334], "[100]": [44.045282612973324, 222.88574131804796], "[120]": [39.3149844503057, 124.59241469477638], "[140]": [2446.0813276861686, 2750.7631101094894], "[160]": [1965.6558236113706, 2758.0321501735925], "[180]": [10837.842792962423, 848.8208251299584], "[200]": [7433.81235142394, 457.8468880798673], "[220]": [376.38274147899597, 76.63583902807932], "[240]": [247.01106635086808, 66.14561386725674], "[260]": [1022.2089092659304, 0.3654556922139669], "[280]": [817.5597859850874, 2.233489485752735]}