{"[20]": [6.0, 5.999980484458541], "[40]": [9.397080698687471, 12.237432250186606], "[60]": [64.4006030104399, 496.60905738884964], "[80]": [1290.3741414569765, 501.9326678174203], "[100]": [8908.533787189823, 470.1120369411121], "[120]": [9463.533806673457, 949.0994537130865], "[140]": [1489.046189055336, 199.8962896842899], "[160]": [214.6497199298975, 4.71462953366659], "[180]": [259.8869719594906, 10.49214837477216], "[200]": [230.1341891095602, 1.3990631137767542], "[220]": [201.01008031357853, 0.6144762285550464], "[240]": [187.6356755882216, 0.08576266954876936], "[260]": [187.89550357993903, 0.011972554009818965], "[280]": [200.31675702406574, 0.001671385595132725]}