{"[20]": [3.0, 3.000001961822545], "[40]": [68.06197819063277, 21.572987429116736], "[60]": [180.71201496908634, 849.9495127348821], "[80]": [5479.988462982852, 1494.8776043057242], "[100]": [7255.519313968431, 620.3187109045084], "[120]": [2432.979166571754, 62.82030274102135], "[140]": [146.06742315891836, 93.70139896819705], "[160]": [345.67559862289977, 69.82047762942216], "[180]": [419.2912948666451, 22.579776676692234], "[200]": [362.0080397436959, 16.58652563809474], "[220]": [315.0891671982797, 0.04995648597950897], "[240]": [289.614189360894, 3.9939646804784186], "[260]": [310.0306826489623, 0.0007272271017801923], "[280]": [369.41296031902584, 2.0000880857831396]}