{"[20]": [3.0, 3.000001049028629], "[40]": [2.125548357792061, 0.8298915802500496], "[60]": [13.116915233772941, 7.330833573872424], "[80]": [0.7462805127924972, 20.82657341373608], "[100]": [1.1788325291881687, 7.858507621198469], "[120]": [2.840479219093292, 4.160911153901138], "[140]": [128.32527686508408, 140.33176009008804], "[160]": [320.41228671948096, 91.0935184792723], "[180]": [731.6400660745489, 64.5400882797309], "[200]": [472.2413782619616, 223.62960854634358], "[220]": [60.808840355645714, 58.23099212317839], "[240]": [29.26489506113628, 5.428554569073833], "[260]": [12.934967251652811, 0.9611842964398506], "[280]": [18.21776571779515, 1.4020318661300364]}