{"[20]": [4.590411586392293, 0.28616272210047633], "[40]": [1.3129288749282537, 4.193021883708802], "[60]": [5.818131016321111, 5.18918970295973], "[80]": [2.7235504676066853, 18.36012461586695], "[100]": [22.9387850680708, 44.06366584468506], "[120]": [51.8425048040682, 43.39015053728096], "[140]": [35.93754208203569, 71.39690650051512], "[160]": [36.55887735749434, 100.50357368845567], "[180]": [32.063366071350515, 182.3558188956265], "[200]": [231.44427413672565, 162.7312714037671], "[220]": [128.25179094169926, 267.92853120584914], "[240]": [224.22968796310397, 91.08102992511613], "[260]": [551.0389080642408, 444.866431569264], "[280]": [1696.1003042045013, 147.94548403469616]}