{"[20]": [2.2723249092020414, 10.657307254375405], "[40]": [12.92567371056465, 2.2937402127580873], "[60]": [2.443043958416763, 79.06813486655517], "[80]": [6.822637230803174, 87.97112410078222], "[100]": [32.61041052155037, 6.67422154614913], "[120]": [2.6734413867711884, 28.566275171687824], "[140]": [642.1889110488163, 618.5714981229369], "[160]": [727.2158837663702, 697.369094474215], "[180]": [2469.412883886468, 302.93298862479105], "[200]": [337.92740748899126, 270.33300679146924], "[220]": [29.159184668303254, 48.5230764358601], "[240]": [46.2306496188775, 17.305005873700313], "[260]": [26.472811391147474, 2.11881634957575], "[280]": [27.491230970718046, 1.9759535149801155]}