{"[20]": [0.0, 1.9618225450192466e-06], "[40]": [1.8571359189280479, 1.768504416061777], "[60]": [39.36537041824971, 239.3107892402212], "[80]": [1408.7795990410268, 546.0170822729351], "[100]": [5359.632010872683, 426.75354257689287], "[120]": [3619.925670374869, 592.6581737738488], "[140]": [191.2671678554707, 2.567745437016697], "[160]": [330.4854535488486, 8.846342831925824], "[180]": [320.54948395606215, 6.212469866098019], "[200]": [252.32930061324868, 0.44815542276714426], "[220]": [200.21668594918373, 0.20291644299747227], "[240]": [179.29361378579273, 0.026382618254772575], "[260]": [190.39304455558593, 0.003421060574168729], "[280]": [225.5606944016356, 0.00044325241296118184]}