{"[20]": [0.9184898325611464], "[40]": [8.026032795194851], "[60]": [72.99846079155805], "[80]": [43.48725420960445], "[100]": [743.1171054876885], "[120]": [329.06638745940376], "[140]": [57.04289230901387], "[160]": [55.43852861586875], "[180]": [51.182735179816916], "[200]": [48.31455828771286], "[220]": [45.81211764671442], "[240]": [43.93907878389985], "[260]": [42.49364713223756], "[280]": [41.81261206851973]}