{"[20]": [0.7203664856086184, 32.91164838241867], "[40]": [7.975009122447887, 1.9067746061857658], "[60]": [129.40980440100466, 87.10944191051557], "[80]": [10.37141113026973, 118.16830587165809], "[100]": [32.79973906867132, 27.473686782161973], "[120]": [3.618900068169537, 65.67799596159004], "[140]": [722.727420908759, 773.1273407996314], "[160]": [1429.3029341277245, 411.89629694756775], "[180]": [4026.9492712204906, 102.77544631496575], "[200]": [2652.0438596516037, 322.6722274950765], "[220]": [287.34309922459363, 60.738614807721135], "[240]": [43.44084458190688, 35.74107127510827], "[260]": [51.52697470418904, 2.5075207745649455], "[280]": [118.93836794331183, 0.7152279101955863]}