{"[20]": [0.22687082050995083], "[40]": [27.13913601099745], "[60]": [107.17380726941019], "[80]": [16.456417682914143], "[100]": [2125.2572206809664], "[120]": [886.0975505806142], "[140]": [824.7850988324217], "[160]": [255.34645436291154], "[180]": [115.17014730074088], "[200]": [82.01814125630217], "[220]": [79.94704920745518], "[240]": [75.50683682774981], "[260]": [72.6146930494746], "[280]": [69.18489852865662]}