{"[20]": [1.0, 1.000001266604183], "[40]": [0.7970197945880004, 0.8362656573810554], "[60]": [2.6516449098761257, 1.1298263519783238], "[80]": [0.041543011088990944, 0.7859108693911208], "[100]": [0.2366290771636932, 0.9726570797242986], "[120]": [0.2238129669190473, 0.0023919680357435053], "[140]": [0.34754383552647905, 0.00020170957373782922], "[160]": [0.23829733602516395, 1.6930893273194555e-05], "[180]": [0.1552330866566462, 1.419676273352761e-06], "[200]": [0.13260424008093225, 1.1901926518307341e-07], "[220]": [0.11573278468447935, 9.976637726016204e-09], "[240]": [0.04461823270549027, 8.361972848724902e-10], "[260]": [0.043759802044183435, 7.011978603111549e-11], "[280]": [0.11322013731414367, 5.913329004958685e-12]}