{"[20]": [0.9999999999999964, 6.314505432114743], "[40]": [1.9371579297113524, 0.25934730457694855], "[60]": [3.2181234374180594, 8.704967679739237], "[80]": [4.2041168160833, 9.587517649293527], "[100]": [1.4715769032913428, 6.336822149944993], "[120]": [4.223134283952998, 6.329534452852073], "[140]": [2.782131972018213, 3.1326454300324116], "[160]": [4.54306502049257, 11.304922416059313], "[180]": [1.4229805441871406, 2.5171842697884514], "[200]": [31.89390656263751, 30.889857795543307], "[220]": [23.01835498557162, 30.381990460166804], "[240]": [50.54829950506746, 12.758955359891502], "[260]": [38.41657055174801, 1.7551491470990186], "[280]": [5.663000557339956, 40.97876076214493]}