{"[20]": [0.051977481319772346], "[40]": [7.724120695575872], "[60]": [38.69537827412604], "[80]": [221.02706398980595], "[100]": [1338.7022369381637], "[120]": [1762.2016787422938], "[140]": [284.41793284845187], "[160]": [62.39495730253261], "[180]": [101.04487644696975], "[200]": [113.3159921957254], "[220]": [105.5135067200479], "[240]": [89.70800399023183], "[260]": [86.69044510620384], "[280]": [76.57447236484873]}