{"[20]": [3.1200844568738835, 0.4231442774209686], "[40]": [2.7446954912933847, 2.908676320646123], "[60]": [18.826634520499113, 212.84111329795815], "[80]": [15.455616014593488, 1077.4942924954455], "[100]": [350.64227996118825, 1922.4490605158835], "[120]": [219.51299729313723, 565.8476185798718], "[140]": [215.13888090409682, 290.9157068735649], "[160]": [61.29021613708164, 150.98906207285245], "[180]": [20.160281472788654, 17.34401786662187], "[200]": [25.319926391461, 16.68822359587834], "[220]": [21.352270271349663, 4.672670307353645], "[240]": [19.533189539794435, 5.788300408169808], "[260]": [19.569366696075868, 1.9662421099304013], "[280]": [20.757201558804358, 1.0053828937307663]}