{"[20]": [3.0, 2.9999985736656614], "[40]": [43.50742526592552, 65.69136550914865], "[60]": [160.61735085045044, 800.8542266008375], "[80]": [2742.7665314930064, 3200.584541662328], "[100]": [4387.09999697156, 606.8969773496522], "[120]": [461.37041028433975, 111.66802385036357], "[140]": [108.88562645792278, 93.18240764562096], "[160]": [142.2228962840274, 69.74419237125703], "[180]": [145.2101295988632, 23.742318282722774], "[200]": [125.81418594641113, 16.773057273068833], "[220]": [115.69279379319657, 0.03126950798370838], "[240]": [111.18704720260975, 3.997759846023072], "[260]": [117.91507943157261, 0.0005677261213953383], "[280]": [133.42935887968014, 2.0000878874744252]}