{"[20]": [2.6740367584467926, 14.074773972988055], "[40]": [7.258736777713194, 7.783437850354972], "[60]": [13.650614437005016, 51.36746524913377], "[80]": [30.92907576448109, 99.78236708899658], "[100]": [194.07468910565058, 121.03324379784503], "[120]": [52.53239820922992, 79.2618089451746], "[140]": [214.40836710596167, 1013.8407259296715], "[160]": [450.57862774501257, 983.5019899525772], "[180]": [623.5858379437332, 657.4197090625163], "[200]": [793.0317000743938, 155.83020317493464], "[220]": [417.9352332079297, 76.49480914182412], "[240]": [895.3865157379477, 287.6310842766259], "[260]": [489.77317739630126, 281.83306904179875], "[280]": [94.34130700159034, 97.59521924175402]}