{"[20]": [1.0, 1.0000010490286289], "[40]": [4.2727827214321215, 1.058809020088482], "[60]": [0.9658678907909234, 3.854518541820839], "[80]": [0.5353160100138227, 1.900320163111281], "[100]": [1.184819528786502, 2.4077553825909983], "[120]": [0.4045867237308434, 0.9409039649387295], "[140]": [1.7514431540627406, 5.00501708170617], "[160]": [1.0268154211948104, 13.000438921768046], "[180]": [4.45026364573277, 62.000031033297375], "[200]": [22.152859015734002, 298.99999981841285], "[220]": [12.12183555473125, 922.9999984645797], "[240]": [201.91889383956314, 574.9999995147276], "[260]": [69.13927378418613, 421.9999999454305], "[280]": [32.90969989874857, 413.9999999949603]}