{"[20]": [2.539042601432829, 2.076484879058746], "[40]": [45.65138181181105, 13.52630873863893], "[60]": [102.20429453949276, 953.1833153899825], "[80]": [864.2825725361533, 6194.71068921083], "[100]": [9905.48995814846, 9572.467770393496], "[120]": [17579.388013631284, 997.8714296727529], "[140]": [7922.490286887439, 1179.442916469853], "[160]": [622.4432466087203, 807.7320644894584], "[180]": [524.0404234003463, 386.97512150168404], "[200]": [719.4322569812123, 156.31638208173553], "[220]": [706.1419915297485, 56.62254493626594], "[240]": [645.8338435758525, 19.33248421100279], "[260]": [576.205046431127, 13.898219805765606], "[280]": [523.9312354374089, 5.98448068285021]}