{"[20]": [4.721712667662027, 2.0047569244101915], "[40]": [3.149248648773339, 3.444127091565328], "[60]": [3.8228107911634344, 3.8710544805702374], "[80]": [2.26933983955715, 16.875125276581095], "[100]": [22.844278954087184, 39.246436326094056], "[120]": [20.587390274689128, 39.537874416332066], "[140]": [31.913482862008017, 59.608855051406074], "[160]": [18.779170826672466, 73.65020020169968], "[180]": [84.92880308405863, 202.56899814624106], "[200]": [200.48979710852473, 73.15047987590113], "[220]": [79.07423272894209, 176.46016051312154], "[240]": [279.3994647520756, 11.135491527993048], "[260]": [728.689781241634, 425.1154352892249], "[280]": [782.4489576668235, 132.42412474886277]}