{"[20]": [4.1394195852231, 5.778234435633093], "[40]": [1.389081619147426, 4.549538806228888], "[60]": [1.5210871409277282, 19.881487386331255], "[80]": [0.7457555437146637, 14.201168460150976], "[100]": [3.0807951033508596, 17.170940917564458], "[120]": [7.096803117044253, 41.15111262337191], "[140]": [1.1362823952432572, 81.56840278041567], "[160]": [30.476604037955063, 74.09494147760842], "[180]": [80.20111788300704, 209.03302498977123], "[200]": [69.54989147504462, 255.32140579073055], "[220]": [30.89908462294918, 751.914395704637], "[240]": [579.4876846200523, 781.9252055640153], "[260]": [1255.2312597424568, 2309.5811464590197], "[280]": [160.8699089771715, 3458.9999981344367]}