{"[20]": [0.0, 1.2494898800320704e-06], "[40]": [0.7031409488080602, 1.247619609827432], "[60]": [3.107395395855265, 4.762032880143704], "[80]": [36.19592340414389, 62.89790055463133], "[100]": [179.273053663654, 133.92503647347098], "[120]": [400.0275088171002, 246.88946284778282], "[140]": [1424.9071905292749, 268.68329516964496], "[160]": [372.03896093286204, 111.30521249399399], "[180]": [30.837275688018895, 16.938826259299525], "[200]": [25.547455411672612, 4.617651864145203], "[220]": [25.675504623722794, 1.1862149359526806], "[240]": [25.248409029971548, 0.8862556285276931], "[260]": [25.5742710127281, 0.17620569238374373], "[280]": [27.931502184393842, 0.030130435521921035]}