{"[20]": [2.0, 2.000001266604183], "[40]": [2.5852803045363872, 1.2592726017663267], "[60]": [24.92723581115422, 24.32572416675269], "[80]": [2.429448929453919, 11.08586659214576], "[100]": [1.8333781026564573, 0.5289035909490103], "[120]": [7.276017823000206, 8.921569837472255], "[140]": [42.880924056943954, 40.984246459347986], "[160]": [72.52809979857284, 109.15092483232092], "[180]": [309.8199739802685, 374.1626024953639], "[200]": [1244.7956268847029, 33.45421437870391], "[220]": [2412.2430050738694, 405.4965015677499], "[240]": [75.00152531867252, 113.80081151626973], "[260]": [21.737418592776436, 67.08929916846648], "[280]": [44.65931423611332, 8.1659239888534]}