{"[20]": [4.779229633356625, 2.045462476223365], "[40]": [8.224437446042812, 2.2416849988416976], "[60]": [1.0990022084273323, 11.230028303228544], "[80]": [1.0064226119428898, 10.545679360612409], "[100]": [0.8962546538465304, 17.836438640931327], "[120]": [25.154687028067467, 35.73081098768434], "[140]": [7.7176852458981475, 47.59177069553066], "[160]": [18.58566085247892, 95.25075455860579], "[180]": [127.43194732931276, 201.64857417874626], "[200]": [235.76970248181757, 64.11417977627256], "[220]": [3.0383102991591624, 98.07864872908293], "[240]": [215.9786592725577, 21.9125502291062], "[260]": [990.9095846447159, 335.40243480625753], "[280]": [420.92289971139087, 65.29175034417972]}