{"[20]": [0.5996857279569903, 1.3570214072462905], "[40]": [3.8414192015353095, 11.05001741267364], "[60]": [36.675126740649205, 167.31149043642375], "[80]": [20.488526766507675, 406.3335240485138], "[100]": [11.785510012451596, 77.10929962876708], "[120]": [16.08801153023751, 66.01760777212485], "[140]": [550.3321063320109, 1023.5527135195807], "[160]": [23.932326538533744, 1714.0394190447732], "[180]": [623.7606171596476, 85.08544489685664], "[200]": [290.23986433268874, 70.6272427888855], "[220]": [144.41950292626012, 16.907527828473803], "[240]": [10.254139177469469, 25.360776493833143], "[260]": [1.413194110659056, 7.203670687470225], "[280]": [18.526201686257153, 1.5087013415663177]}