{"[20]": [140.14215023870722, 10.492193437601987], "[40]": [23.964036841945436, 13.787473183731954], "[60]": [33.49759255859362, 1208.142703059163], "[80]": [2321.962281678917, 1010.8318982430686], "[100]": [9979.608716643617, 1179.945672031168], "[120]": [3862.717896926401, 322.37848218622287], "[140]": [473.3669004310048, 60.700050463874625], "[160]": [222.1668455019083, 31.22120315144635], "[180]": [196.28214002584247, 10.530050796548517], "[200]": [176.31892027205032, 3.08582582124595], "[220]": [162.00275409570048, 0.8881959216738344], "[240]": [153.22323859291356, 0.9863275068773435], "[260]": [151.10801370110838, 1.9983280170373576], "[280]": [152.6463181852528, 0.00020419634103105034]}