{"[20]": [4.526315789473673, 0.9059540214133097], "[40]": [5.405913196220993, 15.26677566404991], "[60]": [96.1761177461621, 155.25185627071448], "[80]": [47.3926410412584, 91.3888128562752], "[100]": [25.460664895492698, 56.20263948499678], "[120]": [20.337005256293708, 85.19728857232894], "[140]": [159.48221288450804, 1565.3970494770738], "[160]": [2642.3269626050205, 929.9065973904671], "[180]": [5842.965208689417, 723.1164152580532], "[200]": [3182.9359156869796, 117.4311653244713], "[220]": [187.04186968293357, 29.857597559637213], "[240]": [178.22044788269818, 17.261432994276333], "[260]": [200.29462075726084, 0.20634506178311618], "[280]": [526.4748405673218, 1.8989655416861384]}