{"[20]": [2.3104739060384385], "[40]": [26.393578116339995], "[60]": [19.85019197793105], "[80]": [48.73899216830172], "[100]": [136.55271712116513], "[120]": [289.8717777616822], "[140]": [559.998776352901], "[160]": [108.65101027083529], "[180]": [34.21364653015812], "[200]": [39.02381576509363], "[220]": [40.151690769963146], "[240]": [37.84889886413583], "[260]": [38.95612051571891], "[280]": [36.35395211350694]}