{"[20]": [3.2023719582228476, 0.7745525552740188], "[40]": [2.339777423714981, 9.588501210268827], "[60]": [84.79329111744394, 471.1433152531317], "[80]": [200.94512138611046, 2344.7787624187526], "[100]": [1563.9422883629722, 2521.432423185378], "[120]": [5063.5576751841845, 211.40500187884672], "[140]": [2448.2046114009245, 330.4699995967698], "[160]": [70.58314411737626, 158.31432765857954], "[180]": [65.6650823266487, 69.90603193112398], "[200]": [159.9158752978958, 16.517721872542673], "[220]": [161.93717534426082, 8.49811217909666], "[240]": [138.13337907610955, 1.9276934229899205], "[260]": [127.76344056059486, 0.010277898439256687], "[280]": [115.28343998808627, 0.9984992133459202]}