{"[20]": [8.441532904794443, 1.219754463270366], "[40]": [75.08346291072382, 28.23856407402802], "[60]": [85.11774585187459, 1112.481731081638], "[80]": [14704.043656286454, 10769.660659018995], "[100]": [9235.871473402818, 6473.239003968833], "[120]": [2893.246909763391, 1794.434468938045], "[140]": [785.5219045326903, 336.6352502683926], "[160]": [5.022680243847049, 114.89559372731446], "[180]": [194.38903036390894, 30.60040046266701], "[200]": [160.07876608581648, 2.173172050695017], "[220]": [134.83646537474283, 0.06814211465817577], "[240]": [129.00971188153454, 0.12721142597247698], "[260]": [142.33533836541523, 0.017362452360703298], "[280]": [166.80263350925014, 0.0003198854361488499]}