{"[20]": [12.067597075418046, 1.8099414351002685], "[40]": [150.06450681004483, 32.99255802954968], "[60]": [221.63711870640216, 866.3055940249941], "[80]": [20.055952666009855, 930.9874108732499], "[100]": [16.794533079025367, 348.1151450360204], "[120]": [36.89169178656197, 320.90263234561303], "[140]": [6270.043219475826, 5201.536865741568], "[160]": [3791.5014684599723, 4278.703136927009], "[180]": [645.5499284218306, 2067.4567315713243], "[200]": [1273.5678106587955, 118.24517473725109], "[220]": [696.9782660645398, 141.54777383097232], "[240]": [133.4575471015657, 86.60277288935767], "[260]": [141.83280231465267, 7.741871797307867], "[280]": [272.52678140742154, 0.9430732711432028]}