{"[20]": [0.420065736166066, 3.745639043375972], "[40]": [16.787167932309657, 24.581234739108865], "[60]": [44.139821386238964, 980.5301860520395], "[80]": [28.41374565280421, 6559.538781578107], "[100]": [4519.098086111393, 10083.201196515744], "[120]": [8171.8130003291735, 1162.9420451430196], "[140]": [2830.2692322766725, 1230.0603818987292], "[160]": [290.9584052721416, 817.0709705945765], "[180]": [944.940285780056, 388.3955336805177], "[200]": [972.7039302642173, 156.5236313658878], "[220]": [906.2813870186353, 56.65270272210293], "[240]": [826.4280916894047, 19.336886332731183], "[260]": [737.2742911234361, 13.898864564485145], "[280]": [674.4187954776414, 5.984575402088343]}