{"[20]": [1.0, 0.9999184300386981], "[40]": [0.6474687183950538, 0.40945427696511727], "[60]": [0.21795416382415525, 0.5160746857147916], "[80]": [0.17307397997498508, 0.1209337504232412], "[100]": [0.13505877923748663, 0.015267700439197514], "[120]": [0.12062104683774981, 0.0015985135673777778], "[140]": [0.10563589149435737, 0.0001660395706280556], "[160]": [0.09833577611940003, 1.7074211533771195e-05], "[180]": [0.09253626328416291, 1.7327070314043616e-06], "[200]": [0.08787595993787063, 1.7367217983707047e-07], "[220]": [0.08365253162654486, 1.7996876286466317e-08], "[240]": [0.07994787040176897, 1.9114688125892003e-09], "[260]": [0.07661864784360035, 2.049462239429669e-10], "[280]": [0.07374292787235673, 2.1673919536081785e-11]}