{"[20]": [0.32532326114000815, 0.7745525552740188], "[40]": [4.263248053020987, 9.588501210268827], "[60]": [110.74623272190392, 155.27635293510414], "[80]": [53.65166966273204, 169.4479332057476], "[100]": [6.570257048166648, 41.916693233055], "[120]": [2.6932844616458635, 34.769895943657204], "[140]": [13.253897195153066, 822.4863952043617], "[160]": [56.56167124905563, 1698.0248677879542], "[180]": [1013.3908501701263, 756.6212627291061], "[200]": [45.0579288773773, 177.91476493226105], "[220]": [76.18822090912859, 10.69734225515967], "[240]": [36.80507704924881, 25.496178198177716], "[260]": [40.80555259591657, 3.4394480174468374], "[280]": [95.77139406317424, 3.257591837763114]}