{"[20]": [1.0, 0.9999184300386981], "[40]": [0.05357996690406888, 0.39070773468604253], "[60]": [0.04293838988642271, 0.1052231307404594], "[80]": [0.46098002702753504, 0.04824089224230891], "[100]": [0.13334023469036044, 0.00471175873772719], "[120]": [0.12694012510481253, 0.0005225525376184376], "[140]": [0.23736355330557354, 5.0384762236687896e-05], "[160]": [0.08520082305234714, 4.750116379577437e-06], "[180]": [0.07896333443256612, 4.383943713891527e-07], "[200]": [0.07668490997680685, 4.3233081570801676e-08], "[220]": [0.07183665355582385, 4.092473092947263e-09], "[240]": [0.06790878643862641, 4.0998353811002353e-10], "[260]": [0.06479222321478773, 4.08296219472089e-11], "[280]": [0.062351665012272274, 3.9816537090925965e-12]}