{"[20]": [1.452456727031329], "[40]": [27.022212507536807], "[60]": [29.7985063795129], "[80]": [142.23344963199997], "[100]": [1201.8596819386694], "[120]": [684.2473578050485], "[140]": [211.60468559395395], "[160]": [242.27583069702405], "[180]": [151.22307241306584], "[200]": [143.86925635549036], "[220]": [121.38492111142631], "[240]": [109.22858047091356], "[260]": [88.93180785598577], "[280]": [84.90328433315025]}