{"[20]": [6.802540521371328, 0.9063979977855361], "[40]": [9.216648291091559, 15.26677566404991], "[60]": [66.98605550320661, 155.255817711642], "[80]": [35.564094027168665, 97.31978298183554], "[100]": [28.810537164370942, 54.64644594135001], "[120]": [22.07058235619985, 83.82954637335797], "[140]": [1531.6060389709269, 883.2787962291109], "[160]": [92.12919981831692, 200.3989341128472], "[180]": [3075.234359234866, 682.2940457849454], "[200]": [212.48224118619555, 97.93380674837499], "[220]": [12.318335301613047, 31.333427161621955], "[240]": [83.59360403185423, 17.425638255533443], "[260]": [33.3954076274291, 0.9860185541974236], "[280]": [78.65071491909758, 1.6658186893639617]}