{"[20]": [0.0, 1.0757718549574329e-05], "[40]": [1.4837922444313167, 0.525272179238046], "[60]": [6.594863710182535, 14.911494219124398], "[80]": [0.7190650099421809, 9.196517445894283], "[100]": [7.803996417700884, 1.7754808881584734], "[120]": [3.574486807985866, 0.22875130574730235], "[140]": [16.032855715616044, 17.635757640452905], "[160]": [45.11565551221015, 96.24170301496933], "[180]": [25.478012514826307, 226.19529129871404], "[200]": [469.4227236021346, 607.071979224373], "[220]": [2314.6566978937512, 678.7248266219351], "[240]": [2587.1948996740875, 720.9632746158452], "[260]": [235.0189793092229, 140.7478913191706], "[280]": [74.72637546713867, 69.82980369340379]}