{"[20]": [2.2718126554783704], "[40]": [1.604245054476742], "[60]": [35.2721776635824], "[80]": [148.30487761977383], "[100]": [5256.6523485787], "[120]": [2062.2759068568694], "[140]": [97.61947121194487], "[160]": [338.81154351678924], "[180]": [293.8187970280406], "[200]": [229.08280995502543], "[220]": [194.8525383293039], "[240]": [189.64772112188007], "[260]": [212.81779029689272], "[280]": [255.4360398378724]}