{"[20]": [2.947368421052632, 1.744700299766273], "[40]": [23.236757720636064, 38.845317892905385], "[60]": [45.90961941204159, 235.3608913156594], "[80]": [138.0123432347773, 1332.4165228592897], "[100]": [1739.036892133412, 3171.557053870256], "[120]": [6231.060875119863, 1151.1203178013493], "[140]": [6425.83701104536, 665.5511217906387], "[160]": [627.3726594813156, 298.13773146075073], "[180]": [463.69555944268416, 104.42816380480156], "[200]": [496.27287309871707, 41.2935993571335], "[220]": [528.2405222197283, 21.387639685977263], "[240]": [462.85820602482306, 6.233645287443778], "[260]": [428.112636644224, 1.1272905573349323], "[280]": [386.01062840722994, 0.021141663832016988]}