{"[20]": [2.0, 2.000001266604183], "[40]": [1.0428584992186, 2.3995593912505244], "[60]": [0.7511607283872515, 5.802932611990345], "[80]": [1.3710261142932696, 3.112614145450229], "[100]": [0.29181822961934767, 0.26203928743494354], "[120]": [0.37681409629243223, 1.0240493680194807], "[140]": [6.18383601423049, 4.0020986472662115], "[160]": [1.0883245685635856, 24.00018164977117], "[180]": [52.340311664480794, 124.00001569361936], "[200]": [96.2792645810232, 416.0000013961609], "[220]": [149.51418004673224, 770.0000001226626], "[240]": [193.66959763113096, 833.9999999892925], "[260]": [93.84487181390227, 320.9999999990706], "[280]": [116.62998982809114, 119.00000000008066]}