{"[20]": [3.9403060052220273, 10.211679347728813], "[40]": [4.709632011059414, 2.6967018947100563], "[60]": [55.97462308183816, 133.6500832162727], "[80]": [2.9462873081736407, 216.90765153520664], "[100]": [24.908769043088668, 82.58724547357728], "[120]": [37.92192253189097, 42.00957658717649], "[140]": [96.47774266061035, 1011.8745264276918], "[160]": [219.9957157441092, 2405.213625688255], "[180]": [411.8066209968626, 458.8716343129607], "[200]": [174.9195984956176, 35.53259353568089], "[220]": [59.77997724277589, 22.806780088995243], "[240]": [23.561791256095663, 11.926790026163394], "[260]": [22.71783711152211, 7.02828540554168], "[280]": [25.610508582380575, 0.4737086625626123]}