{"[20]": [1.0], "[40]": [0.3468171766596777], "[60]": [0.2931720138027393], "[80]": [0.0695693493295951], "[100]": [0.039697722465345156], "[120]": [0.027171536595812232], "[140]": [0.020813042081739695], "[160]": [0.019125906702946383], "[180]": [0.021796817840867167], "[200]": [0.01963999916994364], "[220]": [0.017139491293428524], "[240]": [0.014970523487045096], "[260]": [0.01120744124059833], "[280]": [0.00997854691448928]}