{"[20]": [22.285800077775207, 37.10574959830294], "[40]": [9.200667966174805, 6.779280126325261], "[60]": [285.71928884019394, 168.1233672854272], "[80]": [102.2519857592871, 183.61636878538116], "[100]": [40.508704837216555, 130.01315981934522], "[120]": [25.77274716211582, 175.78987043800043], "[140]": [1811.7623755767163, 2840.295252244843], "[160]": [5252.909534744016, 1550.121005781184], "[180]": [19163.666767363145, 2238.6627089828035], "[200]": [12999.239860795904, 630.3786266147199], "[220]": [1777.4625399747224, 156.97149584895942], "[240]": [318.67123101314337, 91.51512014282105], "[260]": [1597.325127765377, 1.186363057967199], "[280]": [1259.320345503878, 0.5225245938376215]}