{"[20]": [5.497441776809083, 5.280616415225159], "[40]": [7.165672960907287, 4.575850915129422], "[60]": [69.60106866167985, 491.6651573492315], "[80]": [256.65371804189726, 2368.4676116699643], "[100]": [235.1862435107505, 7193.099769498127], "[120]": [2167.8305364047337, 4409.85540178603], "[140]": [14027.99412642647, 537.8483148885571], "[160]": [235.95804226349628, 841.9842059461689], "[180]": [359.47532048833045, 386.79064417830705], "[200]": [92.34157706646738, 135.9694601318738], "[220]": [126.82045379388407, 44.08389583934496], "[240]": [219.4485920959375, 23.587566403147818], "[260]": [207.6909218623232, 5.582006534096655], "[280]": [187.81038837998094, 0.9275840561409314]}