{"[20]": [2.4184692030734407, 4.676072958930724], "[40]": [1.0249657723240901, 7.271777773829866], "[60]": [1.5191748290611042, 15.893496282194272], "[80]": [9.34730202236867, 12.654260720789038], "[100]": [8.618674404755414, 33.69983208260675], "[120]": [24.836170453973683, 56.673939233394954], "[140]": [5.789973965847759, 60.528101976933264], "[160]": [10.936700539009095, 54.080518507973316], "[180]": [44.94340583456812, 101.49715774967488], "[200]": [186.70946800667093, 184.2314633980973], "[220]": [176.94290315738354, 429.8070944670605], "[240]": [17.748841025763426, 94.61646905516072], "[260]": [661.0086224307016, 243.3813352673005], "[280]": [1114.2341053738137, 67.85679438366083]}