{"[20]": [211.30661920092186, 4.99868979971183], "[40]": [8.976615988694192, 0.8328980108896786], "[60]": [195.4990549523891, 880.3081465610229], "[80]": [5271.050768870991, 1085.7453847142315], "[100]": [8414.879190359334, 600.3378540510294], "[120]": [3441.9580369447003, 146.64658916931467], "[140]": [416.5599316253532, 7.171410585859519], "[160]": [90.82608414727142, 7.705325086780945], "[180]": [77.68231176767814, 8.339695736411318], "[200]": [73.26098409289598, 0.6836421565220026], "[220]": [53.495942372416714, 0.9623981721486415], "[240]": [52.18278972258237, 0.004468987790703881], "[260]": [51.568805211803635, 0.0005311356332076315], "[280]": [67.55022548599305, 1.0000631237780175]}