{"[20]": [1.0, 0.999964413449158], "[40]": [18.63600170351937, 7.181667785179511], "[60]": [37.74632316735164, 134.19099120404576], "[80]": [75.95551646977458, 40.75382556332546], "[100]": [8.829958606029594, 78.18020595857453], "[120]": [18.307034039590764, 49.53815752619875], "[140]": [452.5095305115425, 508.9734276723733], "[160]": [1807.0412107676102, 152.43610066460394], "[180]": [9128.94615570954, 1149.8189212684133], "[200]": [13692.40147168186, 1189.324328040379], "[220]": [5521.234572603031, 172.8763754652505], "[240]": [377.3527284361961, 428.3563194626978], "[260]": [963.3068180185558, 83.4575201625961], "[280]": [733.6015135576158, 4.9960539427831625]}