{"[20]": [2.9537827229653297, 2.1520203397178665], "[40]": [24.106940548733434, 19.68573582455197], "[60]": [31.556932968339027, 94.50005218326629], "[80]": [7.573539601587072, 184.81118648441173], "[100]": [9.109355021281317, 5.740875490582539], "[120]": [132.13346836399683, 56.91297890124633], "[140]": [792.4443614787951, 489.12798017869954], "[160]": [233.00243910827248, 1118.3580228538403], "[180]": [381.1010805836779, 67.40059738998389], "[200]": [271.0385469147234, 58.15224314195848], "[220]": [135.18399807940685, 5.041393921816166], "[240]": [19.67245527880663, 0.03855097453268286], "[260]": [4.457886077979193, 0.4313812346158201], "[280]": [20.474746177565322, 1.5101527765007496]}