{"[20]": [2.9999999999999982, 4.313243077690929], "[40]": [9.120038693288507, 8.285665459023726], "[60]": [42.74675298353037, 72.1120703475238], "[80]": [8.985797113165944, 63.24744084052361], "[100]": [1.7493013775401494, 24.75795559186699], "[120]": [1.0544956855526095, 27.808610856036154], "[140]": [381.5371348203414, 672.1084124156798], "[160]": [179.39874117994805, 669.3633419454964], "[180]": [4051.621668968188, 808.3490073400335], "[200]": [2190.7151287525903, 167.2408326593145], "[220]": [681.1021349653327, 29.080661604025067], "[240]": [56.03688262307003, 4.020903200249364], "[260]": [40.438222976884205, 7.237539746080181], "[280]": [95.23368569042503, 0.8655748080130202]}