{"[20]": [19.413955344516136, 0.43005135728306687], "[40]": [1.1803391723832277, 14.13052189931011], "[60]": [45.48571162586484, 461.73680391956293], "[80]": [26.853757576102907, 3174.1382625898596], "[100]": [5360.477217379499, 6315.748366561369], "[120]": [9150.863043293968, 1541.2482891854743], "[140]": [13149.942903391442, 1165.2281189404966], "[160]": [3673.137508992074, 541.6574650848402], "[180]": [189.2835820528146, 198.31212521807515], "[200]": [504.15060471692175, 82.97281030692778], "[220]": [599.8045757434314, 46.306213303351115], "[240]": [593.2009981960211, 8.743303959779723], "[260]": [539.8247757080801, 2.79478676385469], "[280]": [493.9713458741984, 2.966490923546507]}