{"[20]": [1.0, 0.9999804844585414], "[40]": [4.679463401748119, 1.9429626421214505], "[60]": [3.701785370817787, 33.04536001137174], "[80]": [31.85468069193973, 266.9881392035736], "[100]": [478.7477470173764, 422.11644401469084], "[120]": [2156.3191959353358, 117.32245912414903], "[140]": [3919.5761028884417, 413.00582677019617], "[160]": [947.5457853240001, 73.89797376861463], "[180]": [60.67387318885578, 9.660974487895022], "[200]": [58.87489094042312, 11.613694547274937], "[220]": [55.2053901145922, 1.4931090944712855], "[240]": [52.60831354261179, 1.5917208337562727], "[260]": [51.81318005752198, 0.0966889370278133], "[280]": [52.90673068386021, 0.015031518021766974]}