{"[20]": [7.566323087708742, 1.5046805952892406], "[40]": [8.452590347523255, 26.34425417969976], "[60]": [52.76669066056593, 2087.294245652859], "[80]": [1796.776527209884, 10930.575124568466], "[100]": [11149.253039895164, 9909.72139692265], "[120]": [22214.780372794645, 718.2997607403377], "[140]": [9853.430590380707, 1545.2555115499417], "[160]": [1470.8223178139615, 749.1962307552176], "[180]": [676.441392629923, 244.0824690776983], "[200]": [1049.7685777764957, 77.75133777563519], "[220]": [1026.258673102419, 24.25823025005903], "[240]": [955.0026975586145, 2.752409623856636], "[260]": [854.765968660373, 5.964807672469103], "[280]": [777.962924636242, 0.9949976996275236]}