{"[20]": [6.061193157428801, 0.7745525552740188], "[40]": [5.065479470398942, 9.588501210268827], "[60]": [117.78860545674276, 155.27635442164149], "[80]": [44.91200823900999, 168.5229589227094], "[100]": [7.741746775158769, 42.92014483501082], "[120]": [2.2862563974776418, 34.770666274450505], "[140]": [1616.024204500393, 643.750535846693], "[160]": [854.1428879740354, 266.2311556182816], "[180]": [2915.9984939418173, 870.9512583491144], "[200]": [283.94512315844645, 192.10686719567508], "[220]": [37.87020038930635, 19.373305670559006], "[240]": [53.30033244750949, 24.91739387645863], "[260]": [35.44666476772672, 3.9109721614657644], "[280]": [37.992223788114835, 3.328977523650406]}