{"[20]": [9.487423069930664], "[40]": [6.802974599429618], "[60]": [1.1901158579596114], "[80]": [10.91776912260272], "[100]": [0.9274171568381178], "[120]": [12.917061694389986], "[140]": [22.569682490285686], "[160]": [8.17647590712636], "[180]": [52.894746368167034], "[200]": [138.0229899454016], "[220]": [202.07911357203375], "[240]": [236.86655873524796], "[260]": [415.6033231862866], "[280]": [140.2456251365852]}