{"[20]": [5.440416575139128, 10.860650575305236], "[40]": [7.317271638172176, 2.260558324092969], "[60]": [4.561618764613826, 21.05535109337883], "[80]": [1.708733613329919, 16.08131060209928], "[100]": [5.115723619428422, 18.593882036176566], "[120]": [13.833527527121248, 45.22763090390508], "[140]": [18.948491161169443, 87.0407743269248], "[160]": [9.894350179409969, 80.54808817255724], "[180]": [73.2751018627946, 252.99944570769765], "[200]": [336.64646298254775, 502.3795500533315], "[220]": [1290.4141161710577, 1406.4442982104092], "[240]": [314.71555914921555, 945.3195370556423], "[260]": [303.90426871694217, 2662.050934607716], "[280]": [1874.0183746710482, 446.3207509683816]}