{"[20]": [2.0, 2.000001266604183], "[40]": [2.5852803045363872, 1.2592726017663267], "[60]": [7.462175571174207, 43.26561077857138], "[80]": [67.93794664894762, 228.5066199922772], "[100]": [105.0256506118294, 725.740790157771], "[120]": [207.0136493669679, 1223.8155084754817], "[140]": [1684.9950369728758, 334.72927894058284], "[160]": [190.1547348601639, 210.9370550589465], "[180]": [134.35580732111282, 118.6638723612324], "[200]": [11.855400343550372, 46.67748517830424], "[220]": [42.29009691123008, 2.938360431131258], "[240]": [60.0797835637737, 5.594199218273893], "[260]": [50.31906735388254, 5.321959905720122], "[280]": [48.49780184690992, 0.13491449067489159]}