{"[20]": [1.0, 1.0000010490286289], "[40]": [0.6184379972468909, 0.4739493060636328], "[60]": [0.7888890189370151, 0.07669139629908378], "[80]": [7.087417486796875, 12.315371978597884], "[100]": [3.6436981162245066, 19.61755776774027], "[120]": [28.03368866263344, 101.02201635958109], "[140]": [23.627262266018032, 127.54010870964667], "[160]": [6.79770534576209, 307.9562091570759], "[180]": [161.06677813857624, 198.49657239164702], "[200]": [455.3920742122281, 49.80951497207537], "[220]": [321.1658751814421, 61.43410231565442], "[240]": [34.72364158939788, 26.675333229663327], "[260]": [7.7076447389323794, 9.918462899896264], "[280]": [11.852278429128784, 16.127122806209282]}