{"[20]": [2.0000000000000013, 0.4809132918260315], "[40]": [10.507799776408904, 5.582532774546699], "[60]": [1.943171759959263, 18.899977338848885], "[80]": [43.92429357946139, 72.61767762289637], "[100]": [1.2360656585642573, 82.42568610851822], "[120]": [340.9539586266601, 116.17552350920755], "[140]": [16.703117876999386, 533.3112780741021], "[160]": [29.693619656779447, 593.4169262210398], "[180]": [291.50161669357294, 603.5701735666375], "[200]": [479.25936618921696, 219.04070732584387], "[220]": [412.80348860117647, 78.46016297816823], "[240]": [860.3782955696206, 105.80928195257002], "[260]": [457.53204154578316, 56.19655676918967], "[280]": [131.3543277793412, 22.61274202896641]}