{"[20]": [2.6589277841669055, 11.862727413652138], "[40]": [5.865101403277885, 2.4397236951786967], "[60]": [8.343199252822552, 12.133282493170851], "[80]": [5.4621727346684015, 6.88134509854239], "[100]": [54.56716697517995, 50.104980792756926], "[120]": [24.62860773164361, 62.53173803055289], "[140]": [160.6701489697547, 60.42979590180894], "[160]": [32.372228696326594, 96.9273098308875], "[180]": [202.41852255852956, 118.19908239972179], "[200]": [374.9251379775077, 60.30280934665841], "[220]": [525.3742199551036, 13.254153792899592], "[240]": [137.41855494818924, 8.05380009743732], "[260]": [95.53559821647605, 18.4967079363361], "[280]": [53.30697498506847, 34.25212128484875]}