{"[20]": [1.0806965112956326, 6.008369776428267], "[40]": [67.0304368079926, 26.588969383820107], "[60]": [300.9512186910635, 1363.2609472134466], "[80]": [1969.156117446248, 317.94935683068104], "[100]": [663.1960323307842, 170.71315688717297], "[120]": [1348.411859655105, 84.9158113751534], "[140]": [216.87285880505615, 52.90404502924624], "[160]": [54.94343668222076, 20.111252238597512], "[180]": [55.16897412132165, 12.695385108089297], "[200]": [56.27365724893172, 9.96792241485609], "[220]": [53.40281681894425, 1.996622724836475], "[240]": [50.895459355220765, 0.00035263197524013036], "[260]": [52.54249551354049, 3.713721678314895e-05], "[280]": [57.6599284336221, 3.910861760321884e-06]}