{"[20]": [0.24511681372868618, 10.657307254375405], "[40]": [17.134331872469687, 2.2937402127580873], "[60]": [105.3025076771729, 79.06627718983935], "[80]": [3.535700209494051, 82.22894447057273], "[100]": [38.640706518544015, 5.042552090292069], "[120]": [3.288176153493043, 21.82758140420148], "[140]": [529.7896040746664, 620.3216816789355], "[160]": [261.9416408847293, 1514.4803267238635], "[180]": [3517.5866822936136, 491.132971753513], "[200]": [2040.9000471854806, 275.33163880586454], "[220]": [602.2660266148264, 46.29875541199031], "[240]": [41.457577260283095, 16.193644042104275], "[260]": [38.78346984958966, 2.3561581555832203], "[280]": [46.44786450080439, 1.9140344593500698]}