{"[20]": [1.0], "[40]": [0.3943928413714195], "[60]": [3.2852638955914237], "[80]": [7.638945341098392], "[100]": [5.348116851807561], "[120]": [5.1344808463312575], "[140]": [69.77180775983379], "[160]": [14.028177621933537], "[180]": [58.56947931631203], "[200]": [175.49677580868138], "[220]": [59.03843622911472], "[240]": [32.89700470029345], "[260]": [0.3449012096980084], "[280]": [19.023287836718694]}