{"[20]": [1.0, 1.000001266604183], "[40]": [0.5313674470087628, 0.8362656573810554], "[60]": [2.7668630229862323, 1.129826088963732], "[80]": [0.21839024608435764, 0.7859087308201831], "[100]": [0.17400226105046235, 0.9726561682094541], "[120]": [0.27957789750622347, 0.002391214453304576], "[140]": [0.32383586035900114, 0.00020171228969543607], "[160]": [0.20837757834440618, 1.6931743034345814e-05], "[180]": [0.13823776133680285, 1.4197353260180267e-06], "[200]": [0.11626292061213275, 1.1901980615666282e-07], "[220]": [0.04702406290568621, 9.97701312190322e-09], "[240]": [0.04051842869409436, 8.362525947411496e-10], "[260]": [0.03972078250618703, 7.01177001279478e-11], "[280]": [0.10284893197413693, 5.909326072546434e-12]}