{"[20]": [2.0, 1.9999985674951], "[40]": [4.407063129016631, 49.13855541863778], "[60]": [207.8103657826701, 1637.6920693888735], "[80]": [6583.334119995468, 5609.966468304604], "[100]": [21609.91370273766, 801.9570605095322], "[120]": [7832.661251395295, 516.3885140750898], "[140]": [820.8031634620437, 181.3229633198237], "[160]": [693.8828475938951, 304.2481947962892], "[180]": [661.4608996948588, 149.7679254672543], "[200]": [596.1817102017219, 50.810798896236975], "[220]": [533.4182894105916, 13.608547348974385], "[240]": [501.88424061970665, 0.050433913937904834], "[260]": [523.1830929406239, 1.0063435001904133], "[280]": [571.243867849682, 0.0007993430059519568]}