{"[20]": [3.3109461182444875, 1.5589122707362901], "[40]": [43.30141667686778, 49.349858792949796], "[60]": [73.0167131670843, 2965.257019409601], "[80]": [10624.180684867262, 3533.848720089112], "[100]": [6327.717481997666, 978.7113362575005], "[120]": [2130.4346244635976, 526.7437276787822], "[140]": [213.3977586454503, 236.32510469089678], "[160]": [239.7742445063774, 59.0015059385303], "[180]": [199.65557896897334, 27.373481910033334], "[200]": [174.24736103978853, 6.342390825156328], "[220]": [156.08005055744528, 1.9231733449996025], "[240]": [145.8815713495348, 0.008904620529541439], "[260]": [147.68232033183185, 0.0010405466507987788], "[280]": [154.455502865766, 0.00012159147788804214]}