{"[20]": [1.0000000000000002, 3.4208033216642963], "[40]": [5.628796789841207, 0.8860471059724375], "[60]": [3.2208096749044373, 15.675198460424092], "[80]": [7.904582978143985, 4.7140681029261415], "[100]": [8.200750824496367, 8.644193596318011], "[120]": [25.467127007797686, 51.30322865227788], "[140]": [9.779637059977802, 37.79863437740468], "[160]": [29.803569185403546, 86.91837978877487], "[180]": [36.822367122238234, 113.93468423823208], "[200]": [129.92178421655763, 269.23318832248265], "[220]": [105.99326881402885, 362.75767705719363], "[240]": [178.197100218973, 8.499614946752445], "[260]": [652.4716353586691, 306.22853262312947], "[280]": [493.8650595668091, 230.08072199606477]}