{"[20]": [7.54934251709212, 12.729936673649334], "[40]": [3.822234745739857, 17.882341278774966], "[60]": [0.6767433778405482, 12.910645646189689], "[80]": [5.972688237139145, 47.65039687270509], "[100]": [0.9784664080229265, 55.94276586575969], "[120]": [3.0947829296103366, 38.16622765201742], "[140]": [11.86316187661622, 223.6609622858166], "[160]": [3.5787037719561625, 256.3468812936687], "[180]": [42.12582060554615, 613.6095928149073], "[200]": [127.61954963525129, 296.7621764862816], "[220]": [207.91123115392898, 323.4139360433456], "[240]": [207.14633777106872, 206.26061068929866], "[260]": [379.8165468617117, 706.90728470534], "[280]": [95.64399381255762, 3.6471291308638203]}