{"[20]": [0.48829879912226665, 1.8494592135354946], "[40]": [6.106623499619325, 2.428339926416667], "[60]": [94.32322553433838, 92.33066119454796], "[80]": [19.781697239542794, 187.65686382411477], "[100]": [99.8849422876148, 46.68817032571026], "[120]": [5.039806625574943, 76.78265592143497], "[140]": [481.52971798444077, 322.0556458278833], "[160]": [857.359862295087, 631.9434556115444], "[180]": [310.3625242164066, 85.26193614059112], "[200]": [160.2188513948109, 26.304942752922326], "[220]": [52.73220273911916, 1.2266361407599968], "[240]": [15.969674545552355, 13.64868920354161], "[260]": [15.35641542682438, 4.585297278742787], "[280]": [19.502218393988745, 1.809452197583471]}