{"[20]": [15.243645440278357, 16.958864944358183], "[40]": [0.4778102766090626, 13.483536029659618], "[60]": [1.8287564829488545, 15.802596396601714], "[80]": [19.708596501041413, 47.856317157631814], "[100]": [16.13900790875033, 62.43485442853128], "[120]": [189.6077085505134, 98.3433701506961], "[140]": [118.34906233975858, 176.65448121730435], "[160]": [73.07307094651878, 244.99528758100723], "[180]": [126.64861022433388, 496.0041718717432], "[200]": [491.5736147038833, 280.9267835124847], "[220]": [134.20743076015606, 127.01725149450431], "[240]": [1164.6043764626975, 285.13410235172523], "[260]": [733.2394005891128, 691.5701586692103], "[280]": [3257.020141571934, 9.871520404862167]}