{"[20]": [0.0, 1.3556092060802985e-05], "[40]": [10.668262710013789, 22.678920098774356], "[60]": [105.87514372636556, 210.85330867346087], "[80]": [453.00357076128677, 334.0292943081737], "[100]": [2883.420573386989, 32.2312648627349], "[120]": [1299.5673099047513, 249.35444719113818], "[140]": [70.07753527745808, 12.97100975065914], "[160]": [116.83293641983194, 7.730705201276181], "[180]": [115.66360933490655, 1.5677147305175627], "[200]": [88.61870308677354, 0.3930236729968962], "[220]": [71.24660987047291, 0.08014673356426295], "[240]": [65.44294734290969, 0.010611346802855984], "[260]": [69.25964033410305, 0.001403975324283097], "[280]": [66.70154542550539, 0.00018582094890819844]}