{"[20]": [0.5435464788647995, 3.745639043375972], "[40]": [6.188423561679311, 4.013995125304465], "[60]": [12.570656390241183, 12.056176059115785], "[80]": [2.2669429490930497, 27.864558517675555], "[100]": [12.088508776721625, 41.358966101091156], "[120]": [48.10148373190242, 147.36548265917827], "[140]": [23.281581434726377, 167.25877822969562], "[160]": [61.823756985754244, 196.42373161152682], "[180]": [136.61692449216753, 293.2761056228919], "[200]": [155.75603282563134, 554.6532807032054], "[220]": [196.81236394594816, 896.6751298901909], "[240]": [303.9760113342563, 260.091182731936], "[260]": [413.2820319055354, 450.21209567213737], "[280]": [485.4624714512456, 309.94758433619427]}