{"[20]": [1.6974226575473788, 0.8249856519874913], "[40]": [25.56980838522482, 6.102655480745306], "[60]": [199.0241930459038, 157.5330105899473], "[80]": [2.5529120785710613, 393.53345727219295], "[100]": [149.0687130481926, 315.61599821933], "[120]": [185.71151792207527, 202.23821127664408], "[140]": [2175.0835243319493, 1602.7904272844908], "[160]": [1488.335778213558, 2001.6100829198742], "[180]": [1588.7403987057958, 77.65332720530375], "[200]": [654.1094316068851, 85.96513818914495], "[220]": [159.19903361726242, 1.8194358892898548], "[240]": [45.32138629184836, 20.51060552765126], "[260]": [47.02716405937316, 6.097035848956542], "[280]": [102.71830496787224, 1.707878159765947]}