{"[20]": [2.0, 1.9999644134491577], "[40]": [0.36328699804316755, 1.4040229422184651], "[60]": [0.48659663481405446, 5.436193415287417], "[80]": [1.2166068108315573, 3.0795545299128393], "[100]": [0.33977925982452734, 0.2755774319575036], "[120]": [0.49790496021275354, 1.026855494302021], "[140]": [4.557183285577477, 4.0024315000744375], "[160]": [14.53006776363239, 24.00021886270575], "[180]": [41.246710395938535, 123.99999254966488], "[200]": [66.80139585045947, 415.99998971641804], "[220]": [75.405772991902, 769.9999964131017], "[240]": [1031.7275626553505, 833.9999997300825], "[260]": [359.3664326453711, 320.9999999772366], "[280]": [31.874126406392435, 118.9999999981704]}