{"[20]": [0.0, 1.8974962758536654e-06], "[40]": [1.7941747567647188, 0.49764175791144627], "[60]": [11.313793138342078, 15.027882908088262], "[80]": [3.1777214666035434, 7.517594951427171], "[100]": [12.83114240368468, 4.690051325928067], "[120]": [4.422569388313125, 0.1295863309323977], "[140]": [16.32630725930538, 17.789085127493326], "[160]": [45.299279972245984, 95.70069274421022], "[180]": [39.71100609092173, 322.877083327013], "[200]": [574.7513570888095, 459.65076587081785], "[220]": [2201.239344805941, 444.5186580661157], "[240]": [1150.091031521698, 496.65267982696605], "[260]": [24.750262970045924, 35.91398956968919], "[280]": [130.87328306692632, 34.19971281957561]}