{"[20]": [0.0, 1.0490286287641973e-06], "[40]": [7.717623171726478, 4.717650463849936], "[60]": [3.1853562368452857, 67.85670502475801], "[80]": [33.75313410082516, 59.50772135004285], "[100]": [2.105494629886908, 35.79614951728458], "[120]": [5.4612715799506875, 15.98068438148133], "[140]": [211.9480251109471, 207.82936450967864], "[160]": [622.9811713199964, 429.35338901425996], "[180]": [3158.8533768458533, 313.5422570354459], "[200]": [2257.4517593712035, 497.5070194328329], "[220]": [316.44997155098605, 37.705295095613295], "[240]": [48.910779149675115, 41.16253269448647], "[260]": [67.40640680436978, 8.377960401938475], "[280]": [182.39143265177466, 2.7125719509801307]}