{"[20]": [1.6038953192900451, 1.4742702062473223], "[40]": [14.565337805501107, 7.231441218174864], "[60]": [1.2868634640868382, 99.63378700440312], "[80]": [27.015643220815768, 583.2943902374511], "[100]": [1074.049070606313, 1767.2884308305388], "[120]": [2967.3555730690073, 674.6020496452886], "[140]": [2149.866019940758, 391.44726854903786], "[160]": [87.23157683843395, 136.4910344699198], "[180]": [55.35587591116319, 56.418081497812835], "[200]": [156.25181876543692, 18.139468310002016], "[220]": [168.99808208033068, 4.112292116862909], "[240]": [149.65599748518457, 5.340428731329385], "[260]": [134.5054883380683, 0.111002479931205], "[280]": [118.03905007308417, 1.981031334782208]}