{"[20]": [1.8389499746702347, 0.3207386119371063], "[40]": [10.303909317792057, 3.3481830051044312], "[60]": [0.893885530796048, 19.571364176030208], "[80]": [28.460847064376935, 84.73525063454066], "[100]": [63.37623470874689, 47.349375642270786], "[120]": [319.904612154854, 27.647902798326868], "[140]": [141.40257028916858, 24.073523044814465], "[160]": [154.497432616693, 582.4847031431673], "[180]": [329.4951997552662, 343.9508296079666], "[200]": [751.3569722176644, 26.46400576631231], "[220]": [1199.5882471538675, 83.62999020052303], "[240]": [342.5295260764517, 0.23882693534801547], "[260]": [304.2710451746277, 34.989235913823904], "[280]": [195.1869856089328, 5.463820422705794]}