{"[20]": [6.524580490185546, 5.279409722623512], "[40]": [15.77213869780643, 10.833059408247784], "[60]": [24.56121557008447, 11.92130661497896], "[80]": [19.977533534741966, 46.63351656889921], "[100]": [51.5260171992596, 85.38266606457921], "[120]": [124.74616540012767, 78.76883873377164], "[140]": [75.86673372123187, 282.7026612352038], "[160]": [129.28171491792773, 389.0868023402809], "[180]": [284.5273728358943, 494.64656170421677], "[200]": [316.4784672197193, 1029.7532421440546], "[220]": [70.51249693562204, 183.8922592265426], "[240]": [852.4455357221559, 318.2448869328455], "[260]": [1949.9699708254866, 326.5906666353412], "[280]": [857.0900011417025, 144.7139937306365]}