{"[20]": [9.51975744513169, 5.118433830836923], "[40]": [9.754544212588815, 22.535006382689456], "[60]": [237.53513259002142, 1599.1125880249936], "[80]": [2136.00225755251, 4386.668092050301], "[100]": [428.7186023362286, 364.91780178060236], "[120]": [112.54615693156161, 331.428448125255], "[140]": [138.40579579515511, 175.58880556443071], "[160]": [105.44907537271001, 40.913745633398555], "[180]": [88.35248711227679, 7.106461288255227], "[200]": [76.05843996854034, 2.792718818862413], "[220]": [68.55111150407622, 0.029191396071755277], "[240]": [66.14251766635472, 0.0010538898342659885], "[260]": [68.05222510896924, 0.00015843407702693563], "[280]": [73.75761432958511, 3.413016643874304e-05]}