{"[20]": [2.6921081513890006, 1.8494592135354946], "[40]": [0.7137165726665743, 2.428339926416667], "[60]": [18.530250311195484, 226.28457432940064], "[80]": [224.8551557172465, 1208.997671767097], "[100]": [24.945607886400694, 456.42097888862617], "[120]": [194.27349739829967, 142.23222248504536], "[140]": [136.74118466434567, 83.3528736736824], "[160]": [26.88445301152712, 39.48776270071746], "[180]": [15.34388438293612, 14.981253763210237], "[200]": [15.795802890525849, 22.1768590360338], "[220]": [15.96428172329117, 0.8876165202759618], "[240]": [15.173299169069503, 0.01520359237012433], "[260]": [13.859939843027322, 5.997906122708504], "[280]": [13.278884076105879, 9.000283454060705]}