{"[20]": [2.0, 2.0000018974962757], "[40]": [0.6743567081749564, 2.3995593912505244], "[60]": [0.8064048484999606, 5.802932611990345], "[80]": [2.237920871249503, 3.1447789275842246], "[100]": [0.43232347045870245, 0.2844916405986577], "[120]": [0.9100301571576046, 1.0276895407701738], "[140]": [5.645220984921751, 4.002595499438684], "[160]": [16.03385690483988, 24.00027032934829], "[180]": [45.371593862544216, 124.00002968978097], "[200]": [72.07008076930197, 416.00000327693465], "[220]": [84.70775251932719, 770.0000003297423], "[240]": [1068.3410398196543, 833.9999999841361], "[260]": [398.8378188080103, 320.99999999853435], "[280]": [58.9093962444087, 119.00000000013284]}