{"[20]": [10.000306399880545, 6.537669521370294], "[40]": [11.553077072747726, 10.124752990831155], "[60]": [242.97020381438142, 1630.1241255586183], "[80]": [2189.8706344125894, 4824.154863224463], "[100]": [674.0580767928604, 468.8916020382985], "[120]": [198.07027485052686, 337.80831655397833], "[140]": [260.6570921927886, 176.68672522417614], "[160]": [190.37854987578692, 41.004830241288005], "[180]": [150.35827230677413, 7.121450686882124], "[200]": [116.75852603979561, 2.793521416197847], "[220]": [96.63630290770242, 0.029288039713901592], "[240]": [94.61826680562403, 0.0010592413423451013], "[260]": [106.32597975037997, 0.00015936017529282162], "[280]": [127.79567451402353, 3.422285321795586e-05]}