{"[20]": [4.160282797106287, 8.078939743683726], "[40]": [0.3534369943894191, 3.7411194249173505], "[60]": [5.711337362681398, 20.411141377355527], "[80]": [16.384767245579503, 30.90990998980108], "[100]": [23.107891855295676, 51.077247388261114], "[120]": [12.657747646685863, 72.10389426305667], "[140]": [13.782308739680843, 92.20323590150537], "[160]": [35.44815156515489, 124.09720037327827], "[180]": [94.31509762805206, 182.08251603754638], "[200]": [129.47964755447197, 265.09448603693636], "[220]": [10.733595033510028, 368.6178628184198], "[240]": [175.4693083966513, 386.2086553584895], "[260]": [526.2387138176728, 376.37330980349907], "[280]": [723.0673908201215, 168.98241940520074]}