{"[20]": [3.0, 3.000001049028629], "[40]": [0.545881209241533, 15.163544231504963], "[60]": [1.5318332635670213, 48.469845674142945], "[80]": [3.4940466869332796, 110.37879972172702], "[100]": [59.68819003968067, 149.9040858259721], "[120]": [66.33535470748268, 638.9566106396983], "[140]": [84.4706561672921, 720.7703828526247], "[160]": [30.391112583447853, 871.0591924894609], "[180]": [390.0194159630161, 1394.697866015687], "[200]": [191.6115101064956, 2258.8061054003797], "[220]": [377.0182031806754, 77.13167257427091], "[240]": [495.688654070133, 48.405407316308036], "[260]": [137.07547613098512, 351.40463196884053], "[280]": [64.85849567401635, 407.1719690493079]}