{"[20]": [3.0], "[40]": [19.335744713484672], "[60]": [3.6920761386904672], "[80]": [1.197592315375033], "[100]": [3.142307490682768], "[120]": [0.11819021897387216], "[140]": [26.973947474749906], "[160]": [102.81265661222096], "[180]": [217.2855594235598], "[200]": [301.5253637612068], "[220]": [107.33763671835993], "[240]": [14.49045620126293], "[260]": [3.2947786491463926], "[280]": [8.593234618973822]}