{"[20]": [0.32705575078500226], "[40]": [2.397820960442459], "[60]": [9.0461120299816], "[80]": [203.8520123641174], "[100]": [273.37323588291656], "[120]": [566.0256077146814], "[140]": [353.20536888504216], "[160]": [92.80272359145516], "[180]": [11.04385148069693], "[200]": [34.30440833355011], "[220]": [48.316393093592595], "[240]": [51.88341939252811], "[260]": [54.865687317401296], "[280]": [31.629952826438664]}