{"[20]": [0.0], "[40]": [0.4284403272255044], "[60]": [7.358662091770782], "[80]": [16.974661116219778], "[100]": [29.064184835624246], "[120]": [227.41718620473875], "[140]": [1042.3978839362226], "[160]": [375.6100790110154], "[180]": [50.08861738210268], "[200]": [26.086847888019935], "[220]": [32.16281499324367], "[240]": [33.98521869107768], "[260]": [38.24392351377139], "[280]": [46.04767365940654]}