{"[20]": [6.000000000000002, 8.626437378254103], "[40]": [35.3381331686649, 4.740931534745414], "[60]": [85.22469599165731, 388.8357481483372], "[80]": [110.85836159541577, 1961.5034679267878], "[100]": [1190.2096571863367, 4084.85945722372], "[120]": [6830.481990827175, 377.51611193365534], "[140]": [5855.556475533411, 526.4196199228727], "[160]": [108.81182925477174, 199.8963502404581], "[180]": [113.07441686262794, 60.045013888120536], "[200]": [114.37282771698506, 24.845190093310038], "[220]": [124.25066294716925, 4.9510483401647765], "[240]": [139.37685128823182, 1.6811667983615006], "[260]": [124.68584604463584, 0.049605406971579225], "[280]": [115.65476893188232, 0.007717648123110266]}