{"[20]": [7.9939444026350985, 5.759752394510443], "[40]": [10.218365579866585, 21.850690192892813], "[60]": [34.00757797520305, 657.3453131002137], "[80]": [185.6128121711099, 3429.9090567932526], "[100]": [525.0738935715417, 4600.034164881628], "[120]": [6256.380806991103, 334.345822049394], "[140]": [4594.903675243266, 577.9339604004745], "[160]": [67.34977331480013, 247.74941655386215], "[180]": [79.60000952213721, 89.14359679809007], "[200]": [114.09023037320165, 17.561986264417115], "[220]": [118.90443481309481, 3.8945640101726546], "[240]": [121.7036405625794, 3.8358071492205497], "[260]": [114.14635580680138, 2.024385759357905], "[280]": [99.36681814690428, 3.996378299470062]}