{"[20]": [3.0, 3.0000019346537234], "[40]": [13.267817259884048, 9.169132261307468], "[60]": [157.58380810496715, 357.6386497125477], "[80]": [4383.2174552464185, 1577.481389478069], "[100]": [8503.171134866716, 10434.247685834518], "[120]": [12063.514174628865, 1168.5970994459421], "[140]": [3269.521223469683, 884.5417680208793], "[160]": [138.9586132049244, 249.5689792179735], "[180]": [691.5959518799879, 62.65875343205278], "[200]": [592.1490329228012, 29.43444560617499], "[220]": [521.6988799149052, 0.7156987911967487], "[240]": [495.63113006792224, 0.7874063247792591], "[260]": [546.7188551197244, 0.05003060481987763], "[280]": [638.4219822484926, 0.005813659506844553]}