{"[20]": [0.9843691405698003, 22.110301550347426], "[40]": [2.0534212096746174, 2.769877317578704], "[60]": [27.047039894234373, 21.37031056523064], "[80]": [9.615324750555601, 27.391294431461176], "[100]": [28.691187649364565, 5.957899548497508], "[120]": [7.649548094907239, 0.8509891793367146], "[140]": [147.3988197603741, 138.87229127140887], "[160]": [444.21291476061015, 297.09511876060424], "[180]": [2426.499144531299, 1754.8941141747782], "[200]": [3261.568201292168, 482.64553367994085], "[220]": [5946.752245252053, 583.6147781618074], "[240]": [934.404234097753, 162.42753526952174], "[260]": [205.56599039416565, 81.87609041483717], "[280]": [173.79562121984276, 28.136739384280745]}