{"[20]": [6.017498129847791, 7.033826139031817], "[40]": [7.501481486885297, 9.286417031439711], "[60]": [0.3278878313761595, 60.58052200125161], "[80]": [61.12401205302331, 188.1049532401404], "[100]": [185.49062705547476, 92.77546865078534], "[120]": [29.184449651913837, 563.2898624357135], "[140]": [336.8546133654727, 1040.5943515078052], "[160]": [474.67252159972486, 198.73038962507235], "[180]": [151.75187845860273, 1218.8350089904343], "[200]": [276.9453157010357, 75.05178181773954], "[220]": [3337.316587370562, 388.11944919396956], "[240]": [639.1844988773373, 298.5375854140784], "[260]": [1332.4147590529192, 135.9055833433158], "[280]": [1016.165211427452, 10.258241929146834]}