{"[20]": [7.1267468994996035, 0.9063979977855361], "[40]": [4.913096226538386, 14.26677566404991], "[60]": [53.08371973588709, 145.06894229814026], "[80]": [58.86397057739015, 93.90152127200417], "[100]": [51.022038648985415, 56.81687227894707], "[120]": [2.6138959013323984, 71.19262199172977], "[140]": [340.4932205420432, 1440.4209660312572], "[160]": [1594.8005050822612, 1822.710186801578], "[180]": [3880.6366414703334, 1038.4775759369313], "[200]": [1992.0469333081164, 160.8397804435649], "[220]": [451.80399207161713, 40.85065350026446], "[240]": [38.582192236591, 8.376004935917692], "[260]": [36.19138519836792, 1.416497355893279], "[280]": [98.81472866623545, 0.8248319170609424]}