{"[20]": [4.0, 4.000001049028629], "[40]": [34.66375716205168, 5.93336156468672], "[60]": [2.4926214590814295, 439.94449674957696], "[80]": [1978.97957481839, 745.7400195812721], "[100]": [4328.935228972124, 3567.430200205923], "[120]": [8324.762580302098, 481.3473315078001], "[140]": [3200.493813717253, 486.57472886442605], "[160]": [343.7216782805028, 370.5305712962134], "[180]": [393.3443638619588, 250.61096450339764], "[200]": [467.76037575439483, 106.79261482600553], "[220]": [445.9923786051801, 63.44011935430158], "[240]": [438.57057833404747, 7.122977844584646], "[260]": [391.2363430999232, 9.861680428267055], "[280]": [350.901475148287, 4.978185269922374]}