{"[20]": [2.0, 2.000001439860373], "[40]": [5.489858364068851, 29.072118204287705], "[60]": [291.0210207190735, 1750.6913126603063], "[80]": [11726.673999730861, 6188.598330466775], "[100]": [28903.148419666293, 954.5756422558188], "[120]": [8030.077615273116, 533.0879777390692], "[140]": [5233.245998579201, 184.1906090637358], "[160]": [2398.6031170657475, 304.8269241424807], "[180]": [1724.3689288440132, 149.85114143113992], "[200]": [2132.439846493624, 50.82064846046302], "[220]": [1718.3153627069953, 13.599194112578118], "[240]": [1646.2094959724523, 0.050451896414293707], "[260]": [1662.3944496460351, 1.0063444682156968], "[280]": [2137.109369998815, 0.0007976562559308675]}