{"[20]": [2.605562725905602, 3.745639043375972], "[40]": [108.90559966496662, 13.581234739108865], "[60]": [358.032038301797, 830.128226998419], "[80]": [431.5312025121316, 1019.5331815604159], "[100]": [2.0703829940921423, 710.9142592261433], "[120]": [25.96328773542973, 677.9167467034758], "[140]": [3621.205290216103, 2246.7712217068693], "[160]": [2653.913614859477, 8535.49495407888], "[180]": [9393.077422918628, 357.72301909633825], "[200]": [3706.7122041995062, 542.3139119155512], "[220]": [116.58755447010526, 316.06060036377403], "[240]": [284.17549782515846, 309.7153860000649], "[260]": [424.760951184963, 95.59411839098979], "[280]": [1255.517580311088, 9.258643585793095]}