{"[20]": [1.0, 1.000001266604183], "[40]": [24.7245678828777, 21.47797055669006], "[60]": [23.98412954309302, 132.49543057861206], "[80]": [96.55739538576108, 810.0351172912167], "[100]": [1146.3717740941447, 24.101942873963708], "[120]": [6256.174276071284, 1036.954203640944], "[140]": [6467.8475260866035, 448.23866769740926], "[160]": [905.9254422770027, 300.9235045419782], "[180]": [387.77658075218574, 108.47335522901301], "[200]": [552.2392501415505, 56.33325714300611], "[220]": [612.183632871411, 18.31988816288093], "[240]": [530.6401771340045, 8.2921802558891], "[260]": [489.39616471882897, 0.6988945449148307], "[280]": [440.4210204222683, 1.053081920270328]}