{"[20]": [0.0, 1.266604183032739e-06], "[40]": [0.6284680447145403, 2.5848445397125985], "[60]": [4.011149017599585, 1.788579609576617], "[80]": [8.791285571954049, 18.20691047917795], "[100]": [26.376524649871527, 62.06275210861371], "[120]": [17.48574819614646, 124.01626753718244], "[140]": [137.1211628945939, 232.6735084307743], "[160]": [215.60366153410268, 434.26949169027057], "[180]": [302.56561417365265, 295.1885584167603], "[200]": [380.4727104324529, 68.4113680639739], "[220]": [309.8533297155418, 63.04418150259335], "[240]": [95.5651076088875, 96.89722055800735], "[260]": [14.71358645590243, 13.082607056898723], "[280]": [21.97857331972058, 21.06319203301763]}