{"[20]": [1.9149333929756283, 1.3570214072462905], "[40]": [27.05032707371884, 11.05001741267364], "[60]": [15.176121345417869, 462.4918502620864], "[80]": [60.635339215935346, 2406.637589137157], "[100]": [3232.9437162372924, 1197.248778350604], "[120]": [3318.998011869877, 390.8148320742175], "[140]": [1649.86619209309, 132.00463566844746], "[160]": [76.7958314846772, 65.50127857756337], "[180]": [119.08796156070457, 40.96086740087992], "[200]": [154.8803082136879, 14.502165052352296], "[220]": [161.93345874908357, 7.79709114379547], "[240]": [173.8501019582941, 5.02748090643167], "[260]": [163.82369192752213, 0.0037218021866394224], "[280]": [138.37328137271174, 11.999495959070494]}