{"[20]": [0.0, 1.9429504662235544e-06], "[40]": [2.8912809839870057, 1.7684925098684303], "[60]": [32.54043868148966, 239.31079009078755], "[80]": [531.3832148551919, 555.1086035887238], "[100]": [5977.19712345468, 431.6810350409014], "[120]": [2764.2154914937228, 592.7757896067251], "[140]": [133.60729370860736, 5.402675445199861], "[160]": [326.90618127975085, 8.776450963560038], "[180]": [290.72995936817534, 6.208859842975915], "[200]": [238.10096829813375, 0.6146167935617282], "[220]": [197.91665799502073, 0.20297323209065588], "[240]": [177.790313594904, 0.026435224341840688], "[260]": [191.74725812196328, 0.0034244460974931007], "[280]": [217.36539375901359, 0.00044363504281577843]}