{"[20]": [0.0, 1.266604183032739e-06], "[40]": [0.6064400884064152, 2.5848445397125985], "[60]": [3.5174071844540027, 1.788579609576617], "[80]": [1.005950552470395, 18.20691047917795], "[100]": [42.05507022976366, 62.06275210861371], "[120]": [50.223994930712365, 124.01626753718244], "[140]": [192.14025692106884, 232.6735084307743], "[160]": [8.653244993816315, 434.26949169027057], "[180]": [412.9452904895834, 295.1885584167603], "[200]": [769.2404150641396, 68.4113680639739], "[220]": [516.3621976734535, 63.04418150259335], "[240]": [209.4164000410451, 96.89722055800735], "[260]": [2.2921633819236717, 13.082607056898723], "[280]": [29.283517842576458, 21.06319203301763]}