{"[20]": [1.0], "[40]": [1.9954266259941649], "[60]": [0.5423847712244592], "[80]": [0.5318046372289497], "[100]": [10.533366285224536], "[120]": [3.930874596695393], "[140]": [99.52408196940664], "[160]": [242.851723117808], "[180]": [124.73492457479222], "[200]": [128.55616006702203], "[220]": [182.0976710323097], "[240]": [96.35665010218752], "[260]": [28.588330765324052], "[280]": [12.47831354669716]}