{"[20]": [2.1280349576898594, 5.759752394510443], "[40]": [7.039096612897183, 21.850690192892813], "[60]": [1.9678901173383565, 657.3453131002137], "[80]": [225.93534566146081, 3429.9090567932526], "[100]": [924.7248070840287, 4600.034164881628], "[120]": [694.9742979781586, 334.345822049394], "[140]": [90.91897843995503, 577.9339604004745], "[160]": [164.03930287508933, 247.74941655386215], "[180]": [132.44868927572776, 89.14359679809007], "[200]": [105.82827612992278, 17.561986264417115], "[220]": [93.1260858156111, 3.8945640101726546], "[240]": [84.17399707333337, 3.8358071492205497], "[260]": [68.28850738381932, 2.024385759357905], "[280]": [65.24952683429778, 3.996378299470062]}