{"[20]": [8.815311567840245, 1.6863570594642248], "[40]": [47.901527983730645, 6.748123510508279], "[60]": [71.20967699673656, 706.9324245283862], "[80]": [5135.793166966534, 1247.9246514601655], "[100]": [2543.0539831844144, 480.25275389037415], "[120]": [141.36417914899266, 922.4731007775208], "[140]": [389.8589514291418, 321.68225112243726], "[160]": [233.60320785091722, 43.14198986157248], "[180]": [132.07408819758263, 3.5594495380778994], "[200]": [101.62742207541054, 1.6609778461475209], "[220]": [91.06108921771822, 2.8074043544132237], "[240]": [84.71093265329088, 1.0310372045272176], "[260]": [93.39204813594448, 0.0019492852134203043], "[280]": [110.32348788605256, 0.00020562527415891562]}