{"[20]": [2.0, 2.000001266604183], "[40]": [9.289914731757307, 7.851232650164945], "[60]": [322.57129309179606, 210.39248709867667], "[80]": [80.77743503189322, 1041.2123021935356], "[100]": [1042.6489881757552, 1867.9838761038372], "[120]": [2504.538607491084, 409.955154000374], "[140]": [1256.5746175374952, 342.3231032085564], "[160]": [208.33267067597671, 194.24426476958604], "[180]": [40.963326855201515, 27.8433608659727], "[200]": [66.8837594681473, 11.98064688218249], "[220]": [62.11082828846341, 5.726923688862293], "[240]": [55.68343147717601, 0.20186534951989898], "[260]": [49.995898930725446, 0.03200276350971987], "[280]": [48.2727422460761, 1.0050734147264775]}