{"[20]": [4.849722533332663, 10.667942387515158], "[40]": [109.81931886888384, 7.495226955955758], "[60]": [304.1620999958359, 2962.1460941858227], "[80]": [27.603459707534057, 902.5350723980737], "[100]": [3503.204674943094, 399.42197531750026], "[120]": [1195.098837001663, 124.79285745439392], "[140]": [524.1451338834433, 74.7470467395525], "[160]": [204.83067167467846, 43.86289856041276], "[180]": [40.44447048309877, 24.420727216902932], "[200]": [69.06070073952539, 18.95080765657433], "[220]": [80.41083737201814, 0.004463804116742409], "[240]": [90.55801794993472, 0.0007400029089286164], "[260]": [100.61514547528927, 2.9999218517936486], "[280]": [116.42741240649912, 0.9999933421732317]}