{"[20]": [2.7660669879986086, 3.1311397668615735], "[40]": [6.3523941074711, 1.9067746061857658], "[60]": [46.04210427034177, 87.11465340187964], "[80]": [7.817001053893007, 120.38166388683194], "[100]": [32.59461508705285, 24.245846149020686], "[120]": [7.300219823902569, 69.00175997226326], "[140]": [783.738748638972, 768.1090129360451], "[160]": [684.4192046100871, 439.9419845223369], "[180]": [3071.19274304721, 226.00928627411736], "[200]": [632.9165390855428, 317.1215615262562], "[220]": [53.73391103435763, 62.951111207711776], "[240]": [42.087723991089526, 32.480752243363135], "[260]": [35.8753659569859, 2.7052674336240194], "[280]": [59.1429686264029, 0.7194439848214382]}