{"[20]": [1.0, 1.0000010490286289], "[40]": [3.017814319585791, 1.058809020088482], "[60]": [2.3389266927108925, 7.854518541820839], "[80]": [1.160439024042472, 22.493707155127456], "[100]": [33.80696877845981, 56.679670538633495], "[120]": [6.4062222470800965, 250.32492440046178], "[140]": [654.0142364922208, 344.500150878766], "[160]": [412.02483655562156, 577.74718431685], "[180]": [9.289061434225307, 412.5631849118219], "[200]": [448.89997215079757, 127.99311262136835], "[220]": [569.4376400067968, 152.2704110670406], "[240]": [96.54109036663567, 143.41682741057537], "[260]": [79.00157058579143, 94.00603237905742], "[280]": [10.439623241342904, 6.75269334930953]}