{"[20]": [0.11112595932084704, 37.60715341159757], "[40]": [9.193562143823627, 2.428339926416667], "[60]": [93.1913521808171, 92.33066119454796], "[80]": [32.493818443151135, 168.64331108540281], "[100]": [83.21542478976288, 121.8691889933792], "[120]": [56.7950658022477, 77.2814480466187], "[140]": [1907.0966757506935, 347.0939606293395], "[160]": [1146.0361722363466, 557.3252640841481], "[180]": [1833.4104352224456, 87.75953157532877], "[200]": [485.93057669497625, 11.892971512460216], "[220]": [45.45641896576435, 1.7717671327767832], "[240]": [22.62197872848561, 15.104309939054707], "[260]": [26.85446337233654, 4.810591244811589], "[280]": [67.1700615556042, 1.8481823177393437]}