{"[20]": [1.0, 1.000001266604183], "[40]": [0.7334448700883462, 0.8362656573810554], "[60]": [1.6098844223339208, 1.1298263519783238], "[80]": [0.1702840295629089, 0.7859081003541095], "[100]": [0.21116090208459082, 0.9726558451415726], "[120]": [0.2473260871069085, 0.0023911370907021175], "[140]": [0.2578852726378622, 0.00020171504391269115], "[160]": [0.09263810545770204, 1.6931970347260968e-05], "[180]": [0.05947622630035594, 1.419721943202003e-06], "[200]": [0.04920966852675861, 1.1902067918260008e-07], "[220]": [0.04232538496380702, 9.97714649391703e-09], "[240]": [0.016796670810220786, 8.362674939232021e-10], "[260]": [0.016431780208785968, 7.012380598836455e-11], "[280]": [0.04211125247251726, 5.910397517868077e-12]}