{"[20]": [0.9999999999999982, 6.31319926700391], "[40]": [1.3632365628300533, 0.3811677796864643], "[60]": [1.547076333374223, 1.8536702004885592], "[80]": [4.614359951590579, 2.6481984667103426], "[100]": [1.495001740276536, 0.03652755140526144], "[120]": [1.375755410442349, 1.0035773350103652], "[140]": [0.5908542194640956, 0.00035516284335579407], "[160]": [1.0728860984650161, 1.0000352643254669], "[180]": [0.6307962558264459, 0.9999965932630738], "[200]": [0.2824863009811748, 3.3264188927006e-07], "[220]": [0.290703205262688, 3.3126367931190875e-08], "[240]": [0.2455577394855461, 3.3839230278053696e-09], "[260]": [0.18799576371913132, 3.4846462115457437e-10], "[280]": [0.16043750407756807, 3.5805605363163095e-11]}