{"[20]": [8.623983476511562, 5.706912649064403], "[40]": [3.8690381035531765, 12.052471935840018], "[60]": [51.560575142694596, 634.6060957635716], "[80]": [1757.3968407994391, 2473.804558059654], "[100]": [3252.0327886226555, 732.2388030211717], "[120]": [4428.848650903841, 372.24203722227793], "[140]": [1662.2737711483117, 219.24918577019335], "[160]": [152.8350372284477, 46.09667709289907], "[180]": [128.66337250675298, 25.074375829358942], "[200]": [152.31563446237826, 14.099955652177295], "[220]": [152.91130778807306, 8.115669845985051], "[240]": [143.67685161063554, 3.9848327940506683], "[260]": [135.9671495437974, 10.001950564185899], "[280]": [120.42229409604217, 0.00025328519472696064]}