{"[20]": [0.0, 1.0490286287641973e-06], "[40]": [96.95245479096549, Infinity], "[60]": [3.101832343669478, 20.43113814783253], "[80]": [5.99917872116981, 13.681404656083265], "[100]": [9.31988578434744, 38.62539302840388], "[120]": [2.5092763388149186, 53.83034388337473], "[140]": [59.88085343447569, 44.67729387632636], "[160]": [23.174205388571536, 149.9916310694862], "[180]": [85.76282187414638, 165.3511784807928], "[200]": [169.568441758958, 645.8820571006697], "[220]": [391.0914862042254, 431.65184736452466], "[240]": [95.74643923039218, 534.7164873026392], "[260]": [550.4468617507557, 301.210173995095], "[280]": [630.3076926129195, 295.4342836081254]}