{"[20]": [2.002420756881221, 10.276435895534574], "[40]": [3.7261271850964532, 2.7529832577994253], "[60]": [0.43741110708149555, 12.224776477426387], "[80]": [0.6344026678818551, 43.06425700258552], "[100]": [0.8182823602422687, 80.83605114726234], "[120]": [71.04387505934608, 185.74679246384784], "[140]": [8.601332956419698, 193.43567231156229], "[160]": [50.41485027983766, 210.26062699702956], "[180]": [75.73471937013984, 176.62354515116198], "[200]": [205.50203763868487, 64.27901858274035], "[220]": [198.59873967473615, 18.354181366643132], "[240]": [141.68281457584018, 10.61106939311037], "[260]": [33.601973267394094, 27.461765319382675], "[280]": [9.388364995699769, 62.93124727568946]}