{"[20]": [3.0, 2.9999985712758503], "[40]": [11.465042041698112, 15.005313489360928], "[60]": [233.45012360385996, 346.3013857343404], "[80]": [1366.798815938401, 1095.7078757212025], "[100]": [10285.25096230763, 5907.9872551394055], "[120]": [17589.181141423018, 1895.9305160443482], "[140]": [3991.0624839202437, 527.069607022543], "[160]": [304.75144998550167, 229.45507769357752], "[180]": [435.48257167094624, 62.32470617873052], "[200]": [384.88011679821176, 36.07051593145103], "[220]": [348.8584407071088, 0.6183202338368564], "[240]": [332.43947626969447, 0.5701039140592992], "[260]": [338.2686222489515, 0.03797441930389419], "[280]": [380.0078519187429, 0.008062127702242645]}