{"[20]": [3.0, 3.000001049028629], "[40]": [7.780739772012512, 1.4972247346347003], "[60]": [37.15109643969154, 112.07154700496146], "[80]": [189.73057610507212, 591.1757103374035], "[100]": [38.51209951781369, 1710.5487913941747], "[120]": [537.4798609632695, 2447.0856555187183], "[140]": [3273.5022057694505, 356.4247955747412], "[160]": [1353.404442872043, 494.4010372353189], "[180]": [111.07075816623986, 184.64935128086353], "[200]": [31.2137863282749, 108.58407684964031], "[220]": [54.06270971543741, 17.917359598507463], "[240]": [46.579743892400245, 10.597813438398097], "[260]": [47.468323850942554, 6.360735080480827], "[280]": [45.426917125668794, 0.11863263016473767]}