{"[20]": [11.000000000000002, 8.711795662490037], "[40]": [5.99609766616647, 0.5041244968684211], "[60]": [1.5548930850268903, 11.750271496604753], "[80]": [22.951562953191427, 30.67581331178566], "[100]": [30.576563857749477, 62.365390921045474], "[120]": [48.91318360385674, 76.32155296832866], "[140]": [92.11228369892001, 10.46311291239931], "[160]": [28.072489795077672, 170.05309466758104], "[180]": [170.41114309365275, 533.0816229228049], "[200]": [154.44707897989883, 107.85567612016803], "[220]": [897.2560599573162, 413.7599822099719], "[240]": [353.1957797744212, 170.98459065581483], "[260]": [1148.985124955791, 68.86297050902613], "[280]": [96.11362829645714, 21.78549112854921]}