{"[20]": [1.7043067245575827, 22.112020035840697], "[40]": [4.166108971015106, 2.769877317578704], "[60]": [46.38912089597338, 94.41269562077267], "[80]": [233.94065038117196, 580.0373291696798], "[100]": [1015.77417467954, 2283.528640757644], "[120]": [210.85348629814325, 2658.97540895394], "[140]": [4055.3294408006514, 174.5507150831363], "[160]": [1751.929243199721, 314.3253079708011], "[180]": [309.09313079904996, 193.2165772629619], "[200]": [32.97280683764302, 80.27310662549019], "[220]": [9.21034381654978, 32.64116264288708], "[240]": [19.18874454042711, 10.915700459709363], "[260]": [14.36762810424656, 6.220274199592794], "[280]": [10.15835921005852, 0.8511882127954542]}