{"[20]": [6.802540521371328, 0.9063979977855361], "[40]": [8.216648291091559, 14.26677566404991], "[60]": [4.315363224946282, 399.0443634888379], "[80]": [113.31352389660697, 1983.2635138461083], "[100]": [1247.5500744314377, 2488.4248989962543], "[120]": [4736.714200112348, 220.27955172127258], "[140]": [1443.2032098551367, 354.2694174341559], "[160]": [188.58650090427864, 127.36672334329637], "[180]": [34.35431773728848, 45.04103276172589], "[200]": [1.0398198205083702, 6.897091514277022], "[220]": [3.4642517252550817, 6.39986656585201], "[240]": [3.872138179208516, 0.9122620667573464], "[260]": [0.7460454777063426, 0.01282610076078794], "[280]": [1.3645682498310094, 0.0018749824019623773]}