{"[20]": [11.37625544570215, 1.5046805952892406], "[40]": [3.2798830583087124, 23.34425417969976], "[60]": [239.5116710561856, 860.1631848419836], "[80]": [21.878494668962503, 1227.0079302561035], "[100]": [81.92779269534185, 723.2469205090929], "[120]": [147.9553973576394, 616.8617885426775], "[140]": [9622.579890381388, 3139.9982033247215], "[160]": [3206.2553864698857, 1810.8545550931085], "[180]": [9809.78369260444, 1426.1002607150876], "[200]": [2121.5796158778194, 450.0739231457119], "[220]": [232.0333734439912, 268.64822962391463], "[240]": [242.8861236680939, 164.03845307907113], "[260]": [163.30960955206103, 17.97666677023669], "[280]": [491.8307035829313, 1.435490775599492]}