{"[20]": [0.0, 2.3861955114991072e-05], "[40]": [101.1411383135228, 12.162268853779223], "[60]": [2.3287457360606463, 19.230653153025685], "[80]": [3.148748722274607, 11.666363711653895], "[100]": [13.051479797051742, 39.645809782286854], "[120]": [2.6282503302254203, 72.83375924695957], "[140]": [94.11801204851675, 110.01009415899914], "[160]": [2.3502470004563385, 82.95138098402249], "[180]": [23.93959106712878, 117.48717671343204], "[200]": [124.4763938858489, 446.5007764724142], "[220]": [354.0831932358834, 209.4360502053666], "[240]": [407.0776841490394, 149.79809821938144], "[260]": [1430.8242892692804, 119.60753668879461], "[280]": [408.28788302044, 327.42319881535167]}