{"[20]": [0.8236287431050282, 8.535460734428948], "[40]": [6.528097581835965, 6.000780046459119], "[60]": [188.81154355821462, 1735.9986047066088], "[80]": [4211.683530695399, 5700.546570975166], "[100]": [9316.831603155299, 870.5901067609572], "[120]": [1415.8244361423617, 469.5850533203579], "[140]": [5778.816500829239, 336.36575769026337], "[160]": [207.77494052296788, 138.878423417474], "[180]": [219.84505556950708, 74.52590507062054], "[200]": [404.44395778891396, 34.67199512922903], "[220]": [494.1531647529615, 13.831763816867769], "[240]": [412.3402999306808, 2.021093539359317], "[260]": [384.84660537667315, 11.002673090670667], "[280]": [333.3961032096492, 16.00033873620844]}