{"[20]": [3.960893227658123, 10.657307254375405], "[40]": [5.346455818215269, 2.2937402127580873], "[60]": [75.18968517005074, 79.06627718983935], "[80]": [14.891947001209541, 88.04914438574816], "[100]": [30.287311422356325, 6.376883253142074], "[120]": [6.925697375906791, 29.09805994741683], "[140]": [3.4473806349941993, 643.9625541516466], "[160]": [499.12969203894056, 1248.2460327884794], "[180]": [1027.1842273473956, 338.3588368550308], "[200]": [25.3132799602821, 268.5651580625678], "[220]": [56.025190737803136, 51.84562752708782], "[240]": [25.857226445220146, 18.53296152862842], "[260]": [28.050869984547628, 2.5135393388208143], "[280]": [62.1224728014491, 1.9081760183504723]}