{"[20]": [4.0, 4.000001049028629], "[40]": [17.015357319836575, 5.93336156468672], "[60]": [365.58450453643997, 340.6774104302728], "[80]": [142.1147512372472, 439.97403615658465], "[100]": [32.980402999630215, 69.66473860386111], "[120]": [336.293373751663, 131.78106515279666], "[140]": [5521.026956267447, 394.44179637588826], "[160]": [9242.785831352487, 3002.7131731162053], "[180]": [10171.170853875114, 1582.4461619271358], "[200]": [1654.8145671707823, 277.0680978095942], "[220]": [223.19243693711323, 164.86656946512943], "[240]": [194.77786487748162, 199.93813999871972], "[260]": [255.84457564483637, 68.55530149435542], "[280]": [688.1610430183935, 16.955927682448454]}