{"[20]": [1.0, 1.000001266604183], "[40]": [0.37422186048285955, 0.8362656573810554], "[60]": [4.1919291004971875, 0.12982635197832382], "[80]": [5.911278476677676, 12.924883804596728], "[100]": [4.583058254641273, 20.815098983965015], "[120]": [10.709912688775375, 103.80695507475173], "[140]": [86.94326614114368, 144.24684775529659], "[160]": [42.99503591469124, 328.4274507882451], "[180]": [11.022148340865442, 218.37144591948254], "[200]": [92.32349754114102, 55.98540004604615], "[220]": [145.17355331266822, 64.33861991629556], "[240]": [4.272770809306337, 27.764998542001024], "[260]": [8.485120595110999, 10.260113284293283], "[280]": [4.098902333629965, 16.22671745613802]}