{"[20]": [2.5938638194075816, 17.649641108911066], "[40]": [5.713817316809567, 1.2396263438936774], "[60]": [50.6035913660708, 26.164342735019112], "[80]": [30.136834230312225, 4.877986931169346], "[100]": [18.578370344831622, 0.850385101536924], "[120]": [4.776998909144929, 9.582729307463005], "[140]": [132.28761994682642, 147.35393261846718], "[160]": [151.33070580831358, 170.83521778861004], "[180]": [1527.613117374391, 397.35723282325347], "[200]": [1770.1306863058617, 159.7306830493066], "[220]": [259.74118446733576, 13.997119322952015], "[240]": [27.080072086070917, 17.381101201165794], "[260]": [27.298492560220076, 4.448636947748411], "[280]": [43.734380430647754, 0.26171074884899265]}