{"[20]": [2.0, 2.000001266604183], "[40]": [7.751834202783673, 6.7819857079889445], "[60]": [16.387189978131147, 92.0325574274813], "[80]": [36.96146005560672, 484.55284112478955], "[100]": [277.3120667625235, 1512.1314260997979], "[120]": [1286.3941127061298, 894.4925881897634], "[140]": [1058.4358150226917, 316.37828071644253], "[160]": [159.90300569069495, 159.14189223155336], "[180]": [117.90957456008766, 66.93614302964636], "[200]": [164.59019699351924, 23.109732224532053], "[220]": [155.39440735697835, 7.939733679623899], "[240]": [144.03088120142374, 0.4778552972608505], "[260]": [127.96307769688332, 2.9109483789596267], "[280]": [116.76890913287109, 0.01518622827757957]}