{"[20]": [3.0888389107416203, 5.023265593046965], "[40]": [39.788242882760564, 3.5318156505263034], "[60]": [31.43278418213825, 109.04932159366587], "[80]": [3.97877858751688, 91.61762270691567], "[100]": [3.3776393548181542, 48.923536803223534], "[120]": [4.526858585359051, 35.736263322379], "[140]": [153.17290915449078, 665.354772578929], "[160]": [1261.9315257783287, 2913.398650767867], "[180]": [2787.673874085572, 1144.2146166147222], "[200]": [61.08506873745003, 368.15371885456545], "[220]": [146.50695033026273, 18.125829190787663], "[240]": [61.06884624975454, 33.04783650509707], "[260]": [68.82547150387595, 4.076589277790683], "[280]": [146.9102329612878, 1.6837772477755484]}