{"[20]": [3.3158177751721825, 11.77627792324158], "[40]": [26.022059751726175, 2.6957102930440726], "[60]": [310.5784238848264, 1995.651266274347], "[80]": [4785.070754131877, 1053.247646846954], "[100]": [8461.583192112685, 390.3367981598012], "[120]": [3101.2865535307355, 184.28395857695705], "[140]": [249.16192484494366, 114.55483756281706], "[160]": [215.149347479627, 68.62063414978292], "[180]": [131.32560062098452, 12.849497808414768], "[200]": [232.7294150423371, 10.872723840518074], "[220]": [218.68958464802455, 4.9859239547033125], "[240]": [211.40182202728082, 0.998443330255613], "[260]": [244.91376400679795, 0.00017215082890043032], "[280]": [235.3001384460451, 1.9037162035331978e-05]}