{"[20]": [2.5986137285787425, 166.33535798064736], "[40]": [7.873182665377049, 4.436180892666488], "[60]": [67.99994160306521, 69.07782324299522], "[80]": [1.5222528720258885, 56.72888381233351], "[100]": [5.052672688313301, 16.06508077085462], "[120]": [10.478684275597006, 19.079906539097774], "[140]": [345.1796820907212, 718.7861740503039], "[160]": [917.2026753933443, 434.8142288823866], "[180]": [4721.011134510248, 767.6092847587421], "[200]": [2889.269706948821, 170.3940044249151], "[220]": [131.42421468782365, 31.09896204883349], "[240]": [107.22696348465327, 7.763677866264083], "[260]": [110.38051259424786, 6.403670973066954], "[280]": [165.12548185330488, 1.3020448407872431]}