{"[20]": [5670.176172679667, 22.272715952274627], "[40]": [2.1071554294403305, 36.867266511600526], "[60]": [268.70664679347783, 3509.6030110429515], "[80]": [23109.19627260014, 3505.0215207297633], "[100]": [32450.634887122862, 2439.041556329818], "[120]": [10838.03900948037, 721.8577000083275], "[140]": [1219.4532308176786, 192.19214746548437], "[160]": [825.8709463764277, 86.71148734108496], "[180]": [773.4334246085298, 14.829702869040073], "[200]": [729.5189645855963, 3.66713734642786], "[220]": [695.0780414403342, 0.8410432097832156], "[240]": [664.9168632339557, 1.9810441930413443], "[260]": [638.5573071041165, 0.0022549072530146075], "[280]": [615.1906691944049, 0.9997304459375596]}