{"[20]": [0.13817989772307884, 1.4742702062473223], "[40]": [8.197366175685335, 7.231441218174864], "[60]": [18.45668717462489, 81.63378700440312], "[80]": [39.286537394542535, 86.94744500333027], "[100]": [1.7430787049048029, 37.017881362135654], "[120]": [43.05039072053261, 6.0780398722569595], "[140]": [145.05044115251619, 436.10188263699564], "[160]": [603.5219597223925, 771.6607579085621], "[180]": [2535.4045332976266, 327.0670158040334], "[200]": [1545.2971524585537, 465.9698566151342], "[220]": [67.2415850077191, 9.383431554556683], "[240]": [65.61555219620281, 2.352498479286176], "[260]": [73.10870887694645, 9.255586016780823], "[280]": [190.40881209437558, 0.49510250951582946]}