{"[20]": [7.000000000000003, 2.4231442774209686], "[40]": [25.693255362056405, 5.420251380455426], "[60]": [112.6827793191751, 407.3415221930451], "[80]": [76.6242406215897, 2422.372643356285], "[100]": [3623.498246252475, 4266.714196643476], "[120]": [5850.11489064767, 803.1930020499822], "[140]": [3290.1498367686, 574.4512666843402], "[160]": [103.43708281620366, 340.92203780540126], "[180]": [485.13217405200214, 53.732001573955245], "[200]": [237.22807958893546, 37.58573708674331], "[220]": [313.7675918166412, 5.902742132881457], "[240]": [295.44914057286394, 5.6724316446355925], "[260]": [270.20097604111015, 2.0511544771459054], "[280]": [240.77230146296762, 1.9920117000632667]}