{"[20]": [2.655404872063408, 22.112020035840697], "[40]": [1.9063693129467367, 2.769877317578704], "[60]": [28.266169533393878, 22.52216115884842], "[80]": [10.57335472134082, 26.033574173938405], "[100]": [21.629755529252705, 12.524523715327135], "[120]": [7.903626018994167, 5.49534609130788], "[140]": [141.9524225183302, 139.3382848410362], "[160]": [548.8561884112887, 573.6633386511303], "[180]": [848.8928891202377, 1084.9207467214237], "[200]": [2938.231673485461, 406.205295334119], "[220]": [6091.421172264047, 627.289618927096], "[240]": [169.87261947676961, 80.99155411366564], "[260]": [8.99845484703441, 71.55063883272913], "[280]": [60.98839763534737, 23.025513141632622]}