{"[20]": [0.6246687121122964, 166.42231450238648], "[40]": [1.297159913160788, 0.6222935527534542], "[60]": [10.637672862612146, 3.6573718324782054], "[80]": [1.8040218200439977, 4.116155297725489], "[100]": [1.4057752141075088, 3.6609373058771397], "[120]": [9.285426280874397, 7.936346603083067], "[140]": [52.05199707806845, 51.57202279622193], "[160]": [149.55503428286752, 41.4880439921235], "[180]": [1006.6327885860483, 105.33795659237234], "[200]": [1160.5834636499187, 495.96734042808725], "[220]": [2887.0122775677705, 335.82056391191463], "[240]": [393.7208359545803, 117.82387178014181], "[260]": [63.18737095647177, 76.9476629125049], "[280]": [48.222115420131054, 19.92929178259057]}