{"[20]": [3.2450503618235427, 1.0431722376914363], "[40]": [1.6674285126120174, 13.951853842564981], "[60]": [4.263712046306999, 1875.7605716303094], "[80]": [2258.204582016066, 9155.919814379437], "[100]": [105.9573846621366, 9472.305692153745], "[120]": [1968.7970041821375, 409.05801498063266], "[140]": [523.1111035952978, 1393.9711927333565], "[160]": [106.59878212802617, 644.2885986874461], "[180]": [107.69997999409019, 278.42184685468527], "[200]": [120.10145479886104, 78.41015060500028], "[220]": [115.9458797407304, 24.052467546830396], "[240]": [109.79309529594983, 13.721002673326565], "[260]": [105.9106487686137, 2.9600327551726777], "[280]": [99.60450362141985, 3.994274432767662]}