{"[20]": [1.0], "[40]": [31.089689758384132], "[60]": [2.4692333176379435], "[80]": [3.7969186806751622], "[100]": [4.221894451164303], "[120]": [162.08832078950218], "[140]": [126.5531142404725], "[160]": [399.177722227314], "[180]": [576.1543985301705], "[200]": [481.46517061563736], "[220]": [410.7617186655061], "[240]": [232.026150208766], "[260]": [86.15725772764381], "[280]": [27.92084193142614]}