{"[20]": [149.9444273723025, 5.4650186757294605], "[40]": [3.2618384020959894, 0.8328981886092492], "[60]": [233.02042784493278, 880.3079512805598], "[80]": [1702.1062009287962, 1085.7442783127608], "[100]": [4095.885269520617, 600.3378542599348], "[120]": [1628.4431567538431, 146.64658828491224], "[140]": [260.10353288781107, 7.171410985415832], "[160]": [135.48587351613395, 7.705325175471465], "[180]": [100.42954071368356, 8.339695705614812], "[200]": [79.83240160825832, 0.6836421603097944], "[220]": [66.64172241687905, 0.9623981723523157], "[240]": [60.48332727893991, 0.004468987778089984], "[260]": [65.39893928078394, 0.000530813877830728], "[280]": [75.55861239483917, 1.000063123778917]}