{"[20]": [0.0, 1.3556092060802985e-05], "[40]": [3.538747442809752, 29.837736708827745], "[60]": [13.800113485352009, 268.24019313768747], "[80]": [1022.58480217231, 330.6988138197376], "[100]": [6437.985382511029, 6.968091889812598], "[120]": [3097.4527443867846, 460.7062953954061], "[140]": [137.37517377129674, 28.563868060128158], "[160]": [231.12479272706204, 20.708527945337245], "[180]": [229.73500654785897, 0.220882973926149], "[200]": [184.72175532580573, 0.42710618069312745], "[220]": [150.19034793370295, 1.8112568131664986], "[240]": [138.61569738459795, 0.024827509346200247], "[260]": [144.68235765161762, 0.0032674526664843296], "[280]": [139.32484348386564, 0.0004296846116949575]}