{"[20]": [3.6112898577027197], "[40]": [34.21906928283269], "[60]": [2.715369219088558], "[80]": [296.35415226985583], "[100]": [906.3578916796732], "[120]": [461.320624622726], "[140]": [43.35163786137], "[160]": [63.221667882852394], "[180]": [55.94383214841859], "[200]": [60.898648575754876], "[220]": [54.708964101761566], "[240]": [45.97878843259166], "[260]": [42.60080125979071], "[280]": [39.57202259405693]}