{"[20]": [10.288387742197985, 17.546323437618703], "[40]": [260.8081401429715, 0.4721873389753739], "[60]": [19.168747296895845, 1008.5014106193784], "[80]": [8354.627436542207, 5076.061699563101], "[100]": [1075.4715863811507, 2347.9385336530613], "[120]": [469.5314723906358, 691.2276500682929], "[140]": [1335.409691963845, 362.44247460215865], "[160]": [633.9927650345555, 189.02477136119614], "[180]": [107.58935978258313, 71.70348442323319], "[200]": [6.379167537946628, 19.104854159494764], "[220]": [55.24973937136301, 13.60705934658904], "[240]": [83.55668305913298, 10.946681078341683], "[260]": [78.01381709613887, 1.9927652566679477], "[280]": [78.73052323882561, 4.999018340042305]}