{"[20]": [1.7125360371962364, 0.8249856519874913], "[40]": [31.91569260515684, 6.102655480745306], "[60]": [64.8573105780947, 449.3941186482169], "[80]": [878.5124290774538, 2238.0463143191746], "[100]": [1549.095678430179, 1140.5145771070656], "[120]": [3705.4512980078225, 372.9319027086464], "[140]": [935.709520669407, 128.73381722807676], "[160]": [90.61987854891741, 65.0462676617061], "[180]": [40.19921723228797, 40.901529918859346], "[200]": [56.715065504599934, 14.49451424715704], "[220]": [61.67986690990327, 7.796102562556307], "[240]": [57.3644153099912, 5.02735272080625], "[260]": [58.13178784955598, 0.003705123338815003], "[280]": [48.058717021037864, 11.99949378203488]}