{"[20]": [1.0, 0.999964413449158], "[40]": [24.271183359295794, 13.000425113280965], "[60]": [3.650612386088674, 110.68862730035576], "[80]": [6.865518257679797, 96.23640220890633], "[100]": [3.5380648620249437, 47.34182042765438], "[120]": [7.748925804951789, 17.531202960215275], "[140]": [499.7794767673589, 398.46867365036314], "[160]": [163.38652458540037, 540.1308475426933], "[180]": [4895.193727917574, 477.81721978475355], "[200]": [5787.079210949772, 1002.7057570089462], "[220]": [757.0355702109923, 95.66471877952019], "[240]": [105.44574705873676, 93.62064393237553], "[260]": [126.86371155228596, 26.23938249765058], "[280]": [363.2463912218583, 2.9081829372932857]}