{"[20]": [2.894736842105263, 0.23207344846981393], "[40]": [66.1903075209242, 54.15883960794446], "[60]": [59.64898060273572, 3435.425224381696], "[80]": [15586.183708594916, 4619.961064206902], "[100]": [18123.057667581445, 807.4824997664618], "[120]": [2789.0187423374978, 571.244555983757], "[140]": [568.431767604792, 246.50979420178055], "[160]": [785.9567018285132, 82.93483358752809], "[180]": [691.7762458238545, 18.356839686832032], "[200]": [554.3158370382437, 3.339455150115822], "[220]": [404.3104403630428, 0.9227157700463382], "[240]": [388.4108479814128, 0.00904175659290076], "[260]": [382.41277059301393, 0.0010578185689290804], "[280]": [490.7255861176579, 0.0001237540121670231]}