{"[20]": [9.0, 6.8479796602821335], "[40]": [3.4189477568915265, 20.180134379576174], "[60]": [61.413611605989445, 653.8619019888337], "[80]": [1850.5861626050555, 2706.375091432319], "[100]": [3648.773071914762, 781.7565125823385], "[120]": [1580.4662225144948, 386.6184482508879], "[140]": [2993.400575965503, 221.63556876635312], "[160]": [33.77574397313555, 46.40669428448933], "[180]": [154.41441811209756, 25.112814962093523], "[200]": [302.6937684732404, 14.104703087674224], "[220]": [344.30974978846587, 8.116257647637212], "[240]": [301.4314787524189, 3.984905854821349], "[260]": [294.8371293892251, 10.001959677084912], "[280]": [245.45975972032696, 0.0002544256135124101]}