{"[20]": [11.034907840585708], "[40]": [16.99518789342743], "[60]": [456.68101061895663], "[80]": [191.67689378359532], "[100]": [1987.2832007026593], "[120]": [1000.7647909885757], "[140]": [220.94862712746465], "[160]": [120.62122819506062], "[180]": [127.1696553753432], "[200]": [127.79775876115279], "[220]": [123.9287388120798], "[240]": [120.4653643258913], "[260]": [124.63181281402979], "[280]": [135.61259839572767]}