{"[20]": [4.0, 3.999918430038698], "[40]": [1.9347796920023885, 8.95522018740796], "[60]": [2.2111733501633624, 1.1820534668250302], "[80]": [0.5434901260979553, 0.6950088800135525], "[100]": [0.613414704059257, 4.802834119944373], "[120]": [13.97883428650535, 13.659542933014293], "[140]": [12.21080820776689, 3.6269749152253197], "[160]": [10.260830405548402, 35.393527838207675], "[180]": [4.440932870346904, 25.21903839531274], "[200]": [80.77306998521475, 81.52941467366787], "[220]": [162.3856255814573, 76.54045243193902], "[240]": [89.63486797336647, 62.69558493409588], "[260]": [343.3509901995627, 370.23144294945166], "[280]": [325.6676050597753, 258.33182295007356]}