{"[20]": [1.0, 0.999967382505597], "[40]": [5.029304684406552, 1.9500808238409224], "[60]": [4.638357111703053, 33.074156448257334], "[80]": [33.734280221770575, 269.16088861018017], "[100]": [408.1092553136714, 417.35887334433596], "[120]": [3628.653820476752, 116.97802379664341], "[140]": [2449.320953963988, 413.32818576696684], "[160]": [186.78738721903974, 73.6899518100756], "[180]": [432.18524711898897, 9.738312111654208], "[200]": [101.98043575616117, 11.745698605870917], "[220]": [96.89907088294785, 1.5526787723189188], "[240]": [93.08980454681715, 1.567131620299333], "[260]": [90.38799919317485, 0.09285409703667467], "[280]": [95.34592883930621, 0.015125253303785238]}