{"[20]": [6.999999999999998, 2.423719828332824], "[40]": [33.86582277235401, 5.420251380455426], "[60]": [252.6171080064945, 160.93215427086233], "[80]": [27.056833540410594, 164.7453209355055], "[100]": [5.562444973426409, 118.44461467693861], "[120]": [66.67387504420287, 31.38773920081769], "[140]": [1093.3397876217232, 1150.5333722100054], "[160]": [783.9333194339124, 931.6745562725337], "[180]": [9023.101174471805, 572.0405315403877], "[200]": [6986.998840353304, 662.1532623100793], "[220]": [402.3550295696293, 72.852512355528], "[240]": [144.454940413239, 63.16815124325012], "[260]": [259.7845771154694, 2.209507426693527], "[280]": [736.9935935395156, 0.5787886225215573]}