{"[20]": [3.20925959403502, 3.7464160648506635], "[40]": [40.19779428707797, 15.581234739108865], "[60]": [393.87327588493963, 778.4194746698339], "[80]": [354.5336374538947, 1040.3936518831133], "[100]": [177.2118373180083, 966.3007261548983], "[120]": [259.7760630386574, 679.4303105437393], "[140]": [6060.954507447517, 3826.923663530819], "[160]": [8451.91913347329, 9799.569427046146], "[180]": [19091.96052920248, 271.33629451979505], "[200]": [8168.0390053067385, 808.6641699809279], "[220]": [700.7576517167454, 173.7072056808297], "[240]": [100.99288754059103, 269.246305344049], "[260]": [569.770803147248, 80.72947260992552], "[280]": [1725.4467170352164, 4.942598653519276]}