{"[20]": [8.0, 7.999980484458541], "[40]": [41.31455026295705, 32.99023728975868], "[60]": [191.43285420511896, 2676.1307661763103], "[80]": [16634.36896895193, 4447.434124386355], "[100]": [23105.074293783997, 1715.248480548244], "[120]": [13891.236855376, 700.2590459035594], "[140]": [1315.3985214461668, 270.1262078912447], "[160]": [321.82084972243223, 103.83784556513284], "[180]": [410.23384162013537, 23.850058541110347], "[200]": [352.54697609099134, 8.144437362951601], "[220]": [299.7074218539569, 0.226342912122645], "[240]": [277.06737851133863, 0.027692724952499897], "[260]": [283.0280517676791, 0.003389673897782144], "[280]": [316.3844372751926, 0.00041490577668236705]}