{"[20]": [3.3011757774397794, 5.822231203581712], "[40]": [11.78607929976205, 3.454688436282723], "[60]": [121.57175413066233, 85.65285469651684], "[80]": [18.381581619941414, 93.45579300090603], "[100]": [9.6156536830797, 82.75055144918281], "[120]": [1.5634114342739167, 57.414085530348075], "[140]": [1033.2718877989369, 1052.044914320959], "[160]": [1189.6131837810317, 152.73039803429128], "[180]": [3963.472737659831, 1701.3697152987916], "[200]": [1825.5910071963335, 254.6478967187818], "[220]": [387.45291251795277, 37.20239261951656], "[240]": [68.47721332213167, 16.424550991674224], "[260]": [72.97675777447726, 2.927341871778262], "[280]": [198.2617840084104, 1.150597873186358]}