{"[20]": [0.07720421778690345], "[40]": [8.700783935975808], "[60]": [5.152492332849988], "[80]": [9.776700698771378], "[100]": [29.13761885424367], "[120]": [17.62904475974858], "[140]": [459.5826171029357], "[160]": [679.4726124687504], "[180]": [668.2497399535005], "[200]": [172.7905017389105], "[220]": [14.997046000245916], "[240]": [33.08110640466788], "[260]": [78.82387985321968], "[280]": [101.43408335886072]}