{"[20]": [1.3960537350271003], "[40]": [0.7483236876908271], "[60]": [56.14094871271861], "[80]": [12.366323433733339], "[100]": [65.72070745253194], "[120]": [10.838353164263806], "[140]": [314.4521876707018], "[160]": [666.7391619011505], "[180]": [2147.720090700287], "[200]": [880.178233201158], "[220]": [165.59432986759938], "[240]": [99.80194397122462], "[260]": [103.4906950130014], "[280]": [106.10127370528355]}