{"[20]": [0.7203664856086153, 32.91164838241867], "[40]": [8.59941105321016, 1.9067746061857658], "[60]": [113.89402204253423, 39.9743810524977], "[80]": [30.782178499305225, 53.6639493036002], "[100]": [3.131668639451923, 63.01238614632812], "[120]": [2.996233336758362, 49.24110854090544], "[140]": [1065.2092069751284, 1136.460373546792], "[160]": [1460.9122838224316, 311.9189230216853], "[180]": [5281.06136326582, 156.98967224244967], "[200]": [3738.586440567121, 290.3121934654788], "[220]": [128.52336712018172, 50.63228376139449], "[240]": [109.2730013655032, 20.173122441769607], "[260]": [309.085615285701, 2.791074347188397], "[280]": [238.92155816965737, 1.273258248200439]}