{"[20]": [19.579693649937095, 20.692041543397345], "[40]": [5.656204269876236, 3.7618972578835472], "[60]": [275.88491484005453, 89.74243603690809], "[80]": [87.73886720051556, 154.52525239988003], "[100]": [25.796356860831274, 93.92346216576298], "[120]": [14.059342386052089, 151.93723107659613], "[140]": [1689.7676247571007, 1532.01226799863], "[160]": [5145.680523292578, 987.6690949028707], "[180]": [18472.427533928327, 2095.7758663983773], "[200]": [11354.012335439784, 612.4722730297461], "[220]": [948.1941085473441, 154.47853682181054], "[240]": [395.1127964292086, 91.26461210641925], "[260]": [850.9792321462, 1.1571375063895042], "[280]": [671.1139957159779, 0.5179034177359155]}