{"[20]": [0.76531982301402, 10.363392417273705], "[40]": [8.634799745721562, 8.02853322407131], "[60]": [13.742515157330578, 80.99724995636674], "[80]": [155.13930455271915, 772.8656383944266], "[100]": [1353.5828224235368, 498.31384063976986], "[120]": [2203.5089682305884, 30.169464726974844], "[140]": [749.6355091811953, 188.08966553809748], "[160]": [51.85073218309979, 25.976783008986217], "[180]": [43.318374730036005, 26.57973743952476], "[200]": [90.91352854079493, 7.700836150471077], "[220]": [92.07192796205103, 1.6584979540258924], "[240]": [79.21310383422703, 0.050421715171362895], "[260]": [72.72693630894726, 0.9924750609305093], "[280]": [64.79780888550694, 2.001111372042735]}