{"[20]": [2.0, 1.9999988315983424], "[40]": [4.096009542391521, 3.3605653939475704], "[60]": [12.89470031535717, 18.842002966463788], "[80]": [3.6616788493269525, 19.50740485533416], "[100]": [64.7541690821836, 33.00354043278043], "[120]": [142.43347127678675, 38.1368496445927], "[140]": [126.60683706926497, 63.053064795076985], "[160]": [144.36271237393842, 6.222795515312567], "[180]": [123.4210262271769, 130.96899015639863], "[200]": [236.60744593248242, 7.960982267076134], "[220]": [398.40535294735594, 15.307519167820248], "[240]": [87.17158005754841, 73.03910282691389], "[260]": [67.25854458925745, 14.11085148158654], "[280]": [39.26870287805168, 3.3237004287900063]}