{"[20]": [1.0, 1.0000019333297632], "[40]": [2.595487657587026, 0.9401450282648227], "[60]": [4.408962048423717, 19.7881687281071], "[80]": [36.52399241767483, 152.1037244734098], "[100]": [71.75715849327798, 611.6751559875065], "[120]": [68.18456159409652, 110.54688285183875], "[140]": [113.84408610361288, 168.5694614572899], "[160]": [36.089907348327415, 41.05765369426439], "[180]": [21.271085682782868, 16.321633021360533], "[200]": [13.733380463514244, 3.638611967282234], "[220]": [12.276853986095183, 0.03698069595539577], "[240]": [12.322386590676096, 0.1682947260630616], "[260]": [13.859950021604076, 0.035445702002873614], "[280]": [16.677296502510533, 0.006980068878247165]}