{"[20]": [2.4232793237731483, 4.370088368347307], "[40]": [17.32638873860501, 5.866279421770912], "[60]": [9.187609354343238, 45.400464465070016], "[80]": [32.33420313131086, 105.73553951854547], "[100]": [57.656886133168086, 189.95305928364616], "[120]": [7.531850545132784, 218.1433779725653], "[140]": [112.95564108658255, 896.0495659305557], "[160]": [289.9811537148653, 1125.1465074359176], "[180]": [500.4893546648291, 1791.446772575855], "[200]": [775.1907982190241, 1375.011516326129], "[220]": [964.5203824648343, 1392.8868326693446], "[240]": [2460.253394783711, 405.4620239659889], "[260]": [2190.378371515677, 282.085795708168], "[280]": [1040.8505117687646, 397.05447029533116]}