{"[20]": [6.294233077868825, 3.0717597413194304], "[40]": [106.97122378640051, 3.6027888849679406], "[60]": [99.10791496987677, 150.06696540120637], "[80]": [6.440930920968289, 167.41469085659077], "[100]": [5.417992712409114, 71.9614612984244], "[120]": [25.89296491475397, 16.86965103987364], "[140]": [997.5634946307458, 1030.4040042040047], "[160]": [1281.8863598496976, 901.1280703326047], "[180]": [4932.661958258458, 137.3436921889524], "[200]": [1341.7846744925807, 592.625903233172], "[220]": [93.58857204238227, 98.92671457505573], "[240]": [74.186095549076, 61.48888978594171], "[260]": [56.2230498884791, 2.2845723744446], "[280]": [99.11013361614374, 0.3904186448981534]}