{"[20]": [6.999999999999997, 2.4231442774209686], "[40]": [22.736088716255907, 5.420251380455426], "[60]": [14.316329892101749, 407.3415221930451], "[80]": [3271.7084949913797, 2422.372643356285], "[100]": [897.8529988768787, 4266.714196643476], "[120]": [691.4870227504798, 803.1930020499822], "[140]": [922.8851558142223, 574.4512666843402], "[160]": [322.8821039706686, 340.92203780540126], "[180]": [83.29265186056631, 53.732001573955245], "[200]": [84.25165519022697, 37.58573708674331], "[220]": [89.38994283777117, 5.902742132881457], "[240]": [82.97208356890881, 5.6724316446355925], "[260]": [78.51259790581673, 2.0511544771459054], "[280]": [70.63170709757487, 1.9920117000632667]}