{"[20]": [2.7236144381034837, 5.822231203581712], "[40]": [7.784220036960296, 3.4999459086399014], "[60]": [1.2604174755645445, 13.093227677545478], "[80]": [1.5755732007835022, 17.865360501619953], "[100]": [11.587817022877715, 33.206306947321856], "[120]": [27.70894313083238, 79.41482174378069], "[140]": [31.313483256271184, 60.72148331263361], "[160]": [32.20373080187949, 69.82965297132182], "[180]": [5.425885006577801, 158.2009288404978], "[200]": [129.88426698725357, 402.5380984274118], "[220]": [340.9741880624356, 15.766569559409618], "[240]": [203.45605643526324, 201.5897759075433], "[260]": [117.28878791816169, 144.0682179903106], "[280]": [301.4795025085373, 161.57834652805832]}