{"[20]": [197.85214082275334, 11.18279365297561], "[40]": [15.161754085704073, 13.831934153555462], "[60]": [35.924604922635424, 1209.133212391716], "[80]": [5784.354912445025, 1060.6923871140716], "[100]": [12258.462580685731, 1177.115255341333], "[120]": [6487.549139091163, 323.26491013893445], "[140]": [279.24464431437286, 60.79929909379861], "[160]": [486.9996396722838, 31.233934544196323], "[180]": [434.58184888779294, 10.531507718833794], "[200]": [359.7871624652326, 3.0860249665721176], "[220]": [295.6739273117022, 0.888219806763], "[240]": [272.5108445622369, 0.9863303679254519], "[260]": [284.0390337145717, 1.9983280874911222], "[280]": [274.0604876351079, 0.00020423476403849433]}