{"[20]": [3.0000000000000018, 1.439944841105964], "[40]": [29.063139607531227, 21.13697570423217], "[60]": [131.9970002362311, 878.5498721921758], "[80]": [5980.863324016402, 1895.6402682866174], "[100]": [10047.545328740689, 524.384376047441], "[120]": [2046.5107541686884, 376.9806134784567], "[140]": [396.14329131430463, 75.42847092230863], "[160]": [741.3052704051988, 22.03017682729751], "[180]": [594.1900848492808, 8.614921108027243], "[200]": [465.75891576935396, 3.4675730185512323], "[220]": [339.31065349225935, 0.06460789334301632], "[240]": [327.0830826192522, 0.007839264447366545], "[260]": [323.58247899795504, 0.0009511749767598463], "[280]": [417.7705078343986, 0.00011540977549971533]}