{"[20]": [147.94442737230258, 2.9986323810107542], "[40]": [4.315849190408279, 31.804069177385003], "[60]": [2.455193158881187, 44.388280606757206], "[80]": [51.15729594218527, 137.58144608394588], "[100]": [121.121146080269, 43.85919237587177], "[120]": [84.2941039257762, 472.71754071194573], "[140]": [62.76866906948089, 595.224875413649], "[160]": [104.19012603977353, 441.5004210031111], "[180]": [31.47329526802423, 864.0262251132544], "[200]": [283.22007570886126, 305.0057398703266], "[220]": [1511.2465610680383, 87.45184908985175], "[240]": [520.3171847594504, 43.43512070348697], "[260]": [949.4150862405249, 241.642279259534], "[280]": [729.266655166304, 70.2205336685663]}