{"[20]": [1.7679974346198861, 37.105738333868445], "[40]": [39.12304667280996, 6.779280126325261], "[60]": [82.31849320886977, 701.162375653279], "[80]": [61.80992097253329, 4365.765112013096], "[100]": [7831.668154604027, 8000.0318295381585], "[120]": [1017.9051444457509, 665.4309132931958], "[140]": [2131.6903048806216, 927.4918634515416], "[160]": [1243.8144310043763, 431.14568702537144], "[180]": [211.55759141927592, 172.21688730919414], "[200]": [144.6864985768285, 68.0051591660004], "[220]": [119.73330792525076, 32.45455252037209], "[240]": [78.8930901001597, 0.7118450238944725], "[260]": [60.541227114601654, 2.8885388343224676], "[280]": [64.62741684438694, 2.9825477763951547]}