{"[20]": [1.0, 1.0000018974962759], "[40]": [4.201991130420878, 1.813571878466579], "[60]": [1.7336006890963702, 3.9898119370496534], "[80]": [3.3740146905872486, 2.1729239725958003], "[100]": [2.3748695470806203, 2.2983366120153983], "[120]": [3.0760375696577134, 0.9146265987232107], "[140]": [6.511914360130007, 5.009598773940399], "[160]": [7.645579530001449, 13.001411997476758], "[180]": [8.1876395265283, 62.00023159937153], "[200]": [43.34488582579263, 299.00003841491105], "[220]": [56.98528273075681, 923.0000059867264], "[240]": [915.9797310446256, 574.9999991895202], "[260]": [520.9663563529011, 421.9999998921203], "[280]": [113.97316471596037, 414.00000001280466]}