{"[20]": [0.0, 1.266604183032739e-06], "[40]": [6.14751321796332, 10.867114286878575], "[60]": [35.33335607029572, 24.411725366397413], "[80]": [0.000275460661669058, 28.929195826580106], "[100]": [19.864099787296567, 4.692952186444003], "[120]": [8.253856803990168, 2.2091209098535955], "[140]": [50.0042411100029, 54.221498291775745], "[160]": [225.06961256481418, 209.4639835974624], "[180]": [730.0957727675204, 61.39450289574779], "[200]": [1564.953246519095, 523.6414003942355], "[220]": [561.7093582114946, 101.4322842291906], "[240]": [32.67505616008614, 0.4619808754702319], "[260]": [35.4274089824908, 1.719029330179282], "[280]": [125.84133561264696, 1.0432769964368034]}