{"[20]": [0.0, 1.8974962758536654e-06], "[40]": [2.258963480218325, 5.047401569473436], "[60]": [36.899937044531896, 49.714332430275874], "[80]": [10.127949433854099, 57.00975960130043], "[100]": [3.5162884520164255, 41.3694765605033], "[120]": [10.505969813798686, 18.161504757008103], "[140]": [96.60507485458919, 93.28983693324466], "[160]": [446.560381742215, 1109.5478896174182], "[180]": [1495.4488234465007, 94.91169663217806], "[200]": [5495.721618920248, 328.95516344038697], "[220]": [3290.310363042521, 372.765924526484], "[240]": [922.4325433165022, 198.0153449243171], "[260]": [48.182888376678534, 4.244933515227274], "[280]": [399.3624632083149, 10.24455059690257]}