{"[20]": [3.1791396610651814, 5.413675713868821], "[40]": [1.9612713674883424, 3.6518279063667625], "[60]": [5.919814145927364, 5.420416970987441], "[80]": [1.0333888383268, 0.14303285675501984], "[100]": [2.8274188087056857, 4.8354369897718446], "[120]": [2.8480821946124557, 0.8784007453489301], "[140]": [18.957777418422587, 26.470098691486253], "[160]": [15.556402140173395, 19.27399532184217], "[180]": [3.9297599042006937, 11.278462368895344], "[200]": [38.693889757891995, 17.769319805348967], "[220]": [77.84157972248897, 77.25903975529647], "[240]": [106.47133650139413, 65.3995806016492], "[260]": [323.55374046660444, 120.1093193085704], "[280]": [446.36531599324024, 27.85279739838777]}