{"[20]": [2.0, 2.000001266604183], "[40]": [4.121128783866171, 6.7819857079889445], "[60]": [75.89534850108745, 88.0325574274813], "[80]": [35.039911653371064, 78.41043762836722], "[100]": [22.833073729272087, 27.415551742994325], "[120]": [14.885730234733273, 16.283907546195763], "[140]": [76.26199567791605, 178.88561170978483], "[160]": [945.7509338894974, 1814.4764391535], "[180]": [1552.8774627818966, 626.6553346748551], "[200]": [1951.4053924907876, 372.7118286880823], "[220]": [384.2504776381061, 75.8610457962427], "[240]": [9.067813988626654, 18.979106489190656], "[260]": [88.06667594261789, 1.638506176022144], "[280]": [260.1606091482757, 2.3551512556046172]}