{"[20]": [1.9439468804903726, 5.57507037575364], "[40]": [4.968898898164284, 33.37689490853833], "[60]": [247.9160924162568, 223.3994151864033], "[80]": [10.144384782382417, 258.9191546447322], "[100]": [6.081089866529737, 189.17134972271992], "[120]": [12.75364221475752, 146.92404310848042], "[140]": [444.5948283248881, 3725.911555828736], "[160]": [4428.042653930839, 2583.8295355699374], "[180]": [11893.639078122462, 1428.3746338645506], "[200]": [6738.753895175838, 310.3581164802863], "[220]": [323.32046184353794, 38.00582771188692], "[240]": [242.38510315787443, 36.09080040619307], "[260]": [409.7793376414586, 1.985597533095948], "[280]": [1088.952489978936, 0.2341589605409755]}