{"[20]": [3.0, 3.0000018974962757], "[40]": [5.120989203834242, 2.758667483473694], "[60]": [77.61021006536836, 50.02185352726879], "[80]": [28.778111320258716, 28.719834887286638], "[100]": [12.858859894000275, 19.829094955493588], "[120]": [32.86738431346221, 1.3467533811156187], "[140]": [181.80632694040978, 160.51787083697505], "[160]": [493.38175510306564, 561.2858226016506], "[180]": [3726.323941758881, 1042.5577016796524], "[200]": [4071.832077434283, 62.62764666444855], "[220]": [1764.7622841867505, 530.1907859421235], "[240]": [3647.9285974619015, 320.4122827010542], "[260]": [138.3049142276949, 72.36857938190161], "[280]": [334.84291225044143, 35.29097358471334]}