{"[20]": [3.0, 3.000001049028629], "[40]": [9.33735313923401, 2.2797437897711577], "[60]": [13.01459436473956, 219.64035956458224], "[80]": [117.68082658637444, 1604.5315019189866], "[100]": [1715.86680836131, 3956.268904823567], "[120]": [12399.406762790459, 2125.626920005672], "[140]": [12605.604992955148, 1110.6588588957006], "[160]": [1097.6573295319968, 384.94825646323704], "[180]": [710.9047615135536, 291.752651388822], "[200]": [560.6861612725439, 158.67973842192717], "[220]": [666.7340804577943, 64.09248366244077], "[240]": [583.8224269061054, 16.680547161222734], "[260]": [539.3757931300831, 16.41758147721638], "[280]": [496.4813884881579, 2.8978202939177673]}