{"[20]": [2.0, 2.000001266604183], "[40]": [0.3617815603807637, 0.49737379985376995], "[60]": [1.6788044447597121, 2.2953630470450133], "[80]": [0.0930050757390446, 1.0437006532012956], "[100]": [0.20201639926190124, 0.12380143794801816], "[120]": [0.03786003802130974, 0.011331584096509237], "[140]": [0.022679393951589064, 0.0009972447789807462], "[160]": [0.015613459899480035, 8.650226930277697e-05], "[180]": [0.010408188382622441, 7.5111755372478595e-06], "[200]": [0.008873231758095219, 6.519690910187993e-07], "[220]": [0.007732389455131456, 5.658538412974588e-08], "[240]": [0.0031193484640560437, 5.881360775961885e-09], "[260]": [0.0030561229359913986, 5.17637658040919e-10], "[280]": [0.007657550581590752, 3.7108640696644835e-11]}