{"[20]": [2.2723349400571267, 2.076484879058746], "[40]": [105.91072599310777, 7.406147017768099], "[60]": [343.94989257027055, 808.3478218875717], "[80]": [403.6590056864963, 972.0738151187863], "[100]": [11.549863394204845, 377.38194150696495], "[120]": [16.036848059156974, 400.3626828501156], "[140]": [3546.5315932192634, 1380.7505516211897], "[160]": [2411.9798899572406, 8255.053908346319], "[180]": [8892.807183578423, 190.16707576642938], "[200]": [2969.730513258787, 498.5295072453775], "[220]": [211.25284240892276, 309.0587435420028], "[240]": [228.63649589072458, 308.76244365181884], "[260]": [259.8169026834286, 95.41610869266403], "[280]": [726.2889282153858, 9.239748255391305]}