{"[20]": [2.2212470590999445, 0.23136222881744217], "[40]": [16.191551927181024, 54.15881720417963], "[60]": [91.50856476182707, 3266.9523063615507], "[80]": [1254.0955305957905, 4010.1746659890778], "[100]": [6902.212105499479, 1082.4587303356748], "[120]": [648.5298854733255, 542.4771110009833], "[140]": [31.901398237339663, 238.25563550846596], "[160]": [143.4624590430831, 62.27830836698578], "[180]": [137.1375774795848, 28.010534291224403], "[200]": [111.96455099382946, 6.699026268633727], "[220]": [94.73196296503905, 1.9559305896813144], "[240]": [91.07384511978626, 0.007794158550761154], "[260]": [99.85747445250465, 0.0003279640325029199], "[280]": [117.01294487803743, 0.00010345962548982207]}