{"[20]": [3.0, 3.000001266604183], "[40]": [28.388640183095262, 10.091448326171687], "[60]": [27.731639435435966, 227.40922119661485], "[80]": [1363.9170143896727, 1402.8628192008766], "[100]": [46.55929834908966, 3583.471613388787], "[120]": [2891.428396056286, 1505.8307329409872], "[140]": [2300.387375255883, 555.2854154827655], "[160]": [470.4383249390403, 328.4515130367413], "[180]": [269.47537666405185, 132.8547845370499], "[200]": [334.8292174404721, 65.85299673307387], "[220]": [327.9862621106339, 24.38792661110962], "[240]": [312.810241362839, 1.052021660658209], "[260]": [277.40024613676405, 4.839933686739812], "[280]": [251.76830015946723, 1.9729744698811498]}