{"[20]": [0.0, 1.266604183032739e-06], "[40]": [1.8327602735498711, 7.617627227827075], "[60]": [5.810815236977273, 9.100082998838834], "[80]": [2.182718258115881, 1.1383655346664714], "[100]": [0.9909145303602969, 1.4069112871683873], "[120]": [0.3367149046640714, 0.03905791471995122], "[140]": [0.69691977719842, 0.003508927393738047], "[160]": [0.45225014685531584, 0.00031173358742388755], "[180]": [0.28684185033433973, 2.763335037364939e-05], "[200]": [0.24193868782619815, 2.448483540072257e-06], "[220]": [0.20918844940114426, 2.169328402607031e-07], "[240]": [0.08025316552004219, 1.921907780142863e-08], "[260]": [0.0786205885490452, 2.7035342743131355e-09], "[280]": [0.20205489262715817, 1.5119325613843027e-10]}