{"[20]": [0.20925959403502725, 6.745148368420848], "[40]": [108.60090845489816, 96.30773343973999], "[60]": [320.2391246672519, 1428.3256314112448], "[80]": [8098.850458606161, 1696.5632121794588], "[100]": [17672.00310612465, 409.49241677198734], "[120]": [7243.745942930667, 731.3597763126527], "[140]": [549.2002359443304, 292.1532208060844], "[160]": [1838.6655112146514, 144.49399848097391], "[180]": [1515.7298785180851, 43.40676009764658], "[200]": [1241.3360308147421, 15.011109874515654], "[220]": [916.294870466877, 0.7465499081383999], "[240]": [878.5948812821507, 2.9677062252820363], "[260]": [870.8502268676475, 0.9958853044192202], "[280]": [1123.5041338220706, 0.0005242705365200737]}