{"[20]": [1.2683082097918401, 3.3668430460695333], "[40]": [44.71159143983601, 51.86172750836141], "[60]": [427.2452607527316, 841.6190764328712], "[80]": [292.44067521881334, 816.7785202544101], "[100]": [25.350903732884944, 630.6473790289501], "[120]": [109.56583396342285, 692.7599809213802], "[140]": [2556.6319546106824, 4986.7176506251635], "[160]": [5982.228493035858, 22.573883914068574], "[180]": [29891.395523450257, 1748.7672770744139], "[200]": [15910.754230329298, 445.88997760160146], "[220]": [1250.8204908421076, 215.2165972876578], "[240]": [329.65195035529746, 113.30953682089682], "[260]": [1402.5796415165405, 10.254073861905681], "[280]": [1106.2390092684905, 0.6749356124592332]}