{"[20]": [5.566020758080905, 8.626437378254103], "[40]": [27.812380373985, 4.740931534745414], "[60]": [19.65861307861684, 114.42854530537605], "[80]": [9.373209845414522, 95.10313401875169], "[100]": [3.3840875622885846, 81.80797740015862], "[120]": [3.7164011927331444, 56.91948263884035], "[140]": [765.1197976226028, 1104.1452990027228], "[160]": [2377.8872676626197, 716.3789622601798], "[180]": [2199.907777626533, 1250.354850272386], "[200]": [790.6458855868177, 370.37853408113097], "[220]": [534.6722963973061, 21.3101524507739], "[240]": [38.90577641367281, 33.02107199962913], "[260]": [81.31180295672212, 3.7917248010941442], "[280]": [211.97256785730718, 1.645022421698882]}