{"[20]": [3.651044603342548, 7.033879212384081], "[40]": [0.13731202871406367, 5.153492148871308], "[60]": [24.348865872002932, 58.289190852953936], "[80]": [94.01080417877887, 199.59543466500318], "[100]": [39.58122512726254, 147.1932480990563], "[120]": [81.53257688421763, 511.2454444429527], "[140]": [124.6734825670701, 1081.450597268331], "[160]": [548.0580342317444, 984.9940297296907], "[180]": [581.9237002960726, 1866.2281584844986], "[200]": [195.30594283145183, 745.0183886854538], "[220]": [2207.326285798292, 341.3049766365275], "[240]": [2678.6547405894526, 84.60389195628522], "[260]": [3013.8943407571933, 94.37465578799402], "[280]": [168.73752505688185, 74.76066335994938]}