{"[20]": [0.0, 1.8309127437880168e-05], "[40]": [3.4939953895947173, 6.203791752455642], "[60]": [2.776500443025002, 1.7543162610055192], "[80]": [0.20724882033428332, 0.247469583250101], "[100]": [0.19139493648825323, 0.028997700707598283], "[120]": [0.17337005013776127, 0.003168035627592492], "[140]": [0.15577121242710235, 0.0003550430090577523], "[160]": [0.14433409294392038, 3.973232967948621e-05], "[180]": [0.13599505999578462, 4.291959413232562e-06], "[200]": [0.12902909972477117, 4.627557905167414e-07], "[220]": [0.12256414002651722, 5.211173160766481e-08], "[240]": [0.1169926008086508, 6.096984374522226e-09], "[260]": [0.11189793303852234, 7.218012925622037e-10], "[280]": [0.10758072460622185, 8.497396401872939e-11]}