{"[20]": [9.458975510823285, 50.73162462410433], "[40]": [8.20684502347794, 1.972695482834686], "[60]": [234.31623489479122, 109.8800111776812], "[80]": [64.0087358669709, 142.77217633110868], "[100]": [10.555199300012161, 121.6601105180572], "[120]": [16.56052723827567, 186.28350432135238], "[140]": [2475.523032537779, 2616.736907207471], "[160]": [2958.7708898071573, 1588.3026114029878], "[180]": [10048.723836606465, 386.59488121375585], "[200]": [7108.726406976407, 542.9706973184666], "[220]": [295.08235887219655, 99.74022255460787], "[240]": [187.31580928107908, 39.67981938888364], "[260]": [603.6150536446984, 10.583206429355958], "[280]": [457.5946371296854, 1.6134998663338762]}