{"[20]": [2877.057836605687, 1.06738185485165], "[40]": [22.298231317219688, 26.932336306232116], "[60]": [68.08658809132066, 4048.4304857616034], "[80]": [5508.327496800717, 14655.061523602693], "[100]": [2172.111685717813, 1063.2773463380508], "[120]": [1427.6993250301584, 1211.2691364607826], "[140]": [717.5145735359665, 300.5692328987602], "[160]": [411.0193436618622, 113.16654945454331], "[180]": [277.78432366157756, 19.84066384777917], "[200]": [210.78782251827673, 4.228287278885222], "[220]": [178.23472684677347, 0.9482750564656621], "[240]": [173.97769504605327, 1.993167583015544], "[260]": [194.75721556892339, 0.0009910818081215744], "[280]": [234.27202409091706, 0.9999146634914506]}