{"[20]": [0.8236287431050223, 8.535460734428948], "[40]": [10.076649088084888, 6.000780046459119], "[60]": [206.91186838280586, 1735.9986047066088], "[80]": [2031.2252043478502, 5700.546570975166], "[100]": [9024.21677909882, 870.5901067609572], "[120]": [4639.621814582653, 469.5850533203579], "[140]": [974.0103260125222, 336.36575769026337], "[160]": [304.49213080281777, 138.878423417474], "[180]": [279.7664436496931, 74.52590507062054], "[200]": [309.5958738433366, 34.67199512922903], "[220]": [305.05721594080825, 13.831763816867769], "[240]": [290.72044321052243, 2.021093539359317], "[260]": [274.19121993612805, 11.002673090670667], "[280]": [260.71580312947435, 16.00033873620844]}