{"[20]": [15.325574063288109, 9.298537628505642], "[40]": [24.409183171463354, 11.282146341589566], "[60]": [14.549735813660448, 51.90581422413254], "[80]": [53.74646849513945, 122.97517232429533], "[100]": [59.591063191439844, 226.1042477871274], "[120]": [6.785072263818847, 279.48258810004927], "[140]": [46.520044261581916, 711.2039513995637], "[160]": [305.1058280016423, 1056.5070939409688], "[180]": [908.601575222774, 2235.535383761745], "[200]": [745.4548063330003, 463.15281017905727], "[220]": [361.75900630459, 659.6606062774554], "[240]": [4293.564497304746, 93.9101204188155], "[260]": [5622.667926722766, 831.9878563055481], "[280]": [2260.316987387232, 174.66689444604708]}