{"[20]": [12.067597075418046, 1.8099414351002685], "[40]": [150.06450681004483, 32.99255802954968], "[60]": [44.10603083101475, 2653.586012795079], "[80]": [20253.153154858206, 11749.402118494034], "[100]": [438.1269916149763, 8886.734144746079], "[120]": [370.8581681369031, 1199.2633956201437], "[140]": [1778.3206235523824, 1211.3478685356836], "[160]": [734.01723019689, 563.409803367561], "[180]": [150.40291197250409, 234.8386372730369], "[200]": [130.65611586633122, 72.25794788166567], "[220]": [122.48540086375067, 20.792279942152565], "[240]": [111.52110619519932, 5.164396528670708], "[260]": [107.12848058202896, 2.0227193238303385], "[280]": [103.44430270017266, 6.996817760417263]}