{"[20]": [0.21634748454429847], "[40]": [1.4983962421589538], "[60]": [0.7710261405750434], "[80]": [1.6230092400277218], "[100]": [0.44150337332132533], "[120]": [0.4530716661124485], "[140]": [0.9307959526157716], "[160]": [1.0937494899699403], "[180]": [0.8443790035995032], "[200]": [6.544626663302977], "[220]": [20.218909283767474], "[240]": [80.86206820965931], "[260]": [75.1819885506713], "[280]": [20.680067990066426]}