{"[20]": [1.0, 1.000001266604183], "[40]": [20.2848799820284, 13.461840312658637], "[60]": [139.99463474399724, 200.09433695047807], "[80]": [731.1941717542145, 1172.5711532457292], "[100]": [535.7351492869366, 3703.329318526283], "[120]": [3124.3567364072733, 5140.341611694632], "[140]": [7537.160689638069, 696.3294351709228], "[160]": [3413.4637768254215, 782.9193974068603], "[180]": [412.27537219505393, 542.2239980502673], "[200]": [392.8898428764827, 314.5456247203633], "[220]": [556.6740900611849, 114.71460963494769], "[240]": [512.0570614166484, 39.76048293774356], "[260]": [498.7200306837503, 18.4340334024414], "[280]": [460.1923537890908, 2.702475059943552]}