{"[20]": [14.013151974511972, 9.99459228084931], "[40]": [40.380249630867695, 42.67882962539363], "[60]": [196.02897238826336, 4953.963838729896], "[80]": [554.8543017716875, 4500.579431148966], "[100]": [1808.1451967849061, 1295.3812724769523], "[120]": [4227.929640664528, 445.6461207896027], "[140]": [624.7847439006441, 196.45504606096608], "[160]": [78.12168191525348, 54.57396738484093], "[180]": [12.429563263121437, 26.939444064637037], "[200]": [2.237811668071835, 0.34083519486752323], "[220]": [6.753997033824646, 2.0379451959444173], "[240]": [7.740226191268107, 1.0042242598311146], "[260]": [3.9146511536334145, 0.0004702639211847659], "[280]": [4.161109586679842, 5.234968198257714e-05]}