{"[20]": [6.573766509753461, 6.537851350105082], "[40]": [14.411101445405208, 2.639653508439011], "[60]": [137.78618859205017, 1643.1701721022177], "[80]": [8352.145938827583, 1574.0206196971703], "[100]": [9184.670909049604, 585.1391826992713], "[120]": [4229.08925504748, 189.38558919753177], "[140]": [562.3852153122333, 127.70620856042888], "[160]": [307.6597283984648, 34.65120674270551], "[180]": [212.7982267593457, 5.140069823518836], "[200]": [147.79585945173224, 3.6650977809082805], "[220]": [103.62723588323959, 0.03920022186328542], "[240]": [99.58942752493111, 0.004588093671096972], "[260]": [99.21960406967938, 0.9994630022529672], "[280]": [126.29518127951121, 6.284972639274956e-05]}