{"[20]": [1.0, 1.0000010490286289], "[40]": [29.3705208976104, 21.65066501108083], "[60]": [1.4245082466056427, 58.2598871612332], "[80]": [2.39338676523768, 103.19267062158815], "[100]": [3.1762378780582954, 252.15594940891714], "[120]": [151.2683945137944, 955.3151112408231], "[140]": [111.25940474491911, 1148.715390591316], "[160]": [370.7961728008257, 653.8349240775696], "[180]": [523.3142899632542, 8.112907220280487], "[200]": [417.17543714275945, 318.2390723015323], "[220]": [340.35590825421883, 17.774491276339333], "[240]": [155.69029856255992, 196.53924236798647], "[260]": [47.073135181126645, 34.77731410870086], "[280]": [23.52346470891001, 133.3029597257385]}