{"[20]": [15.243645440278407, 16.958864944358183], "[40]": [2.652505361265135, 13.664504147317821], "[60]": [3.8683432295966185, 15.7474254576723], "[80]": [31.3607843135116, 48.302873704920074], "[100]": [39.946726761988145, 67.77165219662345], "[120]": [152.84910471222395, 112.05955190401119], "[140]": [79.40749486239338, 171.2049048271656], "[160]": [42.27816721906879, 242.6669710503238], "[180]": [130.5774211631565, 505.7703230355762], "[200]": [391.1110572603984, 431.16388839357023], "[220]": [534.1610903168676, 123.77763121435055], "[240]": [959.8634755435723, 561.7949526629018], "[260]": [3681.9039915604935, 709.4125361077658], "[280]": [357.1739796410234, 57.43954681179093]}