{"[20]": [2.0, 2.0000018974962757], "[40]": [2.6906332444496117, 1.2592726017663267], "[60]": [19.867379248431405, 24.32572416675269], "[80]": [7.623453530406131, 11.085864498721758], "[100]": [4.522107003191522, 0.13230205741173506], "[120]": [8.478880505282781, 7.147684416036338], "[140]": [45.88251741453591, 40.162095542484536], "[160]": [61.31157150890476, 130.97104306109236], "[180]": [440.2560616649498, 84.03291378490758], "[200]": [1087.0073148423562, 312.0591216844441], "[220]": [2228.8089074696773, 355.0617500973103], "[240]": [677.8268872570432, 166.85583274450914], "[260]": [55.929382283536285, 52.04278750450007], "[280]": [72.95171400962748, 11.805359231165411]}