{"[20]": [1.5325738087233505, 3.19325567099721], "[40]": [34.7428533822498, 27.989203335268147], "[60]": [240.11285130935752, 254.41279620906488], "[80]": [37.4144158819726, 218.50589311675535], "[100]": [6.963678700297152, 136.03298713062614], "[120]": [14.859341165035996, 131.07294079803833], "[140]": [51.85414665822771, 1805.7375978500363], "[160]": [50.21185699241553, 4036.3861588575314], "[180]": [1518.552218382076, 1595.5870424725008], "[200]": [68.01033935870038, 104.12778830551424], "[220]": [179.17878470653753, 23.55447240458578], "[240]": [70.26338444010436, 45.86482095338978], "[260]": [81.15260655634067, 7.434467399599284], "[280]": [182.24863553496925, 1.2695964893836582]}