{"[20]": [1.357235016695574, 5.822265649389932], "[40]": [11.188295605825402, 3.454688436282723], "[60]": [131.85062580398267, 85.65285469651684], "[80]": [15.270511653797087, 88.29838017477323], "[100]": [10.775974549346813, 81.83723218767483], "[120]": [6.87475126203725, 59.77561065430075], "[140]": [640.2448461012134, 1198.9432053340136], "[160]": [2185.2986035345257, 2752.1540596399645], "[180]": [5766.611548079305, 449.7817018458991], "[200]": [3418.6329423098223, 288.8632237438442], "[220]": [96.59522352533338, 42.29989099071031], "[240]": [203.45169032072872, 16.899337835564992], "[260]": [205.1784910639843, 1.8053509961789924], "[280]": [547.9596763622525, 1.4267790197991919]}