{"[20]": [2.0, 2.000001049028629], "[40]": [18.00009751970504, 5.9446061055940325], "[60]": [92.59195262956068, 159.4041237171752], "[80]": [46.33625152275169, 146.78061435882418], "[100]": [5.83746097864753, 73.20542354473925], "[120]": [38.77686582092078, 63.852220498673866], "[140]": [1072.93406741798, 74.56189545601985], "[160]": [1349.028858521451, 1705.859241626882], "[180]": [2635.763959356716, 356.31761700202185], "[200]": [487.2260215805594, 109.43374471361038], "[220]": [56.41402338165653, 20.062042111722313], "[240]": [46.62349042490071, 36.34379288551377], "[260]": [62.09027838975213, 12.19425214114432], "[280]": [171.6628338715011, 0.31187023851606244]}