{"[20]": [0.30611628664880763], "[40]": [3.2026662654785043], "[60]": [0.5889214421930148], "[80]": [2.235417846541061], "[100]": [18.203009058147824], "[120]": [27.121478583460767], "[140]": [1.2771719975862663], "[160]": [14.155895160867413], "[180]": [11.61348637165853], "[200]": [23.42171513867502], "[220]": [15.160408286632315], "[240]": [32.87098830055284], "[260]": [55.259951837152265], "[280]": [47.82669152910563]}