{"[20]": [1.5428680967635469, 15.385820583221626], "[40]": [10.869842597363913, 6.190419780228922], "[60]": [419.27157582039854, 555.5015348583491], "[80]": [101.80427384024324, 1010.4969183322753], "[100]": [250.7330694934617, 637.4440728316276], "[120]": [300.7625436307826, 20.57597000826445], "[140]": [6303.985128307806, 2835.435229312876], "[160]": [9518.675188682282, 53.96163743802026], "[180]": [5928.871853620254, 544.8334876590998], "[200]": [2134.2840463844896, 197.90433524413947], "[220]": [525.1831358356554, 121.50526785021634], "[240]": [38.216712065464506, 73.3022108224865], "[260]": [256.7919743350013, 16.833237852260126], "[280]": [709.5313947572768, 1.1335712074790707]}