{"[20]": [0.0, 1.2527752120030813e-06], "[40]": [0.70014258865581, 49.037804079960544], "[60]": [313.13915130695665, 237.15775241128705], "[80]": [5223.321228218636, 2547.1013044977803], "[100]": [9565.505264204634, 1076.4365128385712], "[120]": [2864.5018042589973, 344.6303243749884], "[140]": [234.8244658105462, 155.45558783211112], "[160]": [369.01883253452615, 136.20733718682558], "[180]": [343.083972423559, 46.97415034278679], "[200]": [293.9876984621972, 13.746204642352904], "[220]": [258.6392953414866, 4.843368933605532], "[240]": [240.97516638171953, 0.9804348704499045], "[260]": [252.59630529213487, 0.002433784313987593], "[280]": [281.36366646496305, 0.0003040559620355248]}