{"[20]": [0.0, 1.0757718549574329e-05], "[40]": [0.13876715086981714, 1.973159237575905], "[60]": [0.8273529281378967, 1.5816284506494382], "[80]": [1.9047277959231237, 0.6424800728338111], "[100]": [0.46319370321910963, 1.7044709886945386], "[120]": [0.17477549881807272, 0.03163484584109822], "[140]": [0.15469480481497508, 0.003570379928646891], "[160]": [0.14061864627743698, 0.0005876473592095728], "[180]": [0.12997824626775553, 0.0001105292109714488], "[200]": [0.12102562268654682, 2.1340162340437963e-05], "[220]": [0.11513546156657432, 3.7768485190232908e-06], "[240]": [0.11004326180722313, 6.421901047493598e-07], "[260]": [0.10444353958452639, 1.139385564825145e-07], "[280]": [0.10215696390723242, 1.514229565307227e-08]}