{"[20]": [3.888576751153505, 97.64481830465802], "[40]": [15.675417034269264, 10.566143563786813], "[60]": [7.598193469232604, 47.505194254122095], "[80]": [20.47693117812314, 100.47950686223092], "[100]": [3.62861956355706, 82.35506571027773], "[120]": [10.273087021145392, 393.97534621918163], "[140]": [115.72799583595086, 550.3102118879456], "[160]": [114.2979788517386, 414.32317372340185], "[180]": [547.40170110624, 1294.0032717310326], "[200]": [1153.4642318482154, 625.6262983805127], "[220]": [567.4114823491357, 613.4628852750697], "[240]": [3698.6385327562493, 425.5010416961337], "[260]": [785.2298579201375, 717.3213722051877], "[280]": [4947.089278360695, 74.14610105268802]}