{"[20]": [6.955151696972668], "[40]": [42.9219219814669], "[60]": [101.84472400337836], "[80]": [595.9508687496747], "[100]": [4104.770017616946], "[120]": [174.4365042671816], "[140]": [239.1995006020386], "[160]": [210.9693091254534], "[180]": [185.3668928581777], "[200]": [164.09262885587313], "[220]": [151.95487449293358], "[240]": [146.78357483382055], "[260]": [147.39074390040085], "[280]": [156.10941222240552]}