{"[20]": [110.70739511136046, 15.313460279763175], "[40]": [166.99835693595767, 69.68233902205561], "[60]": [817.6521733423793, 5648.109225618673], "[80]": [35288.45255515098, 2422.8316948453908], "[100]": [7142.390646532172, 2259.7339966372274], "[120]": [9151.024347751458, 370.44863305912094], "[140]": [972.9050334077364, 285.7224733943038], "[160]": [1900.6404066746852, 161.39065329957864], "[180]": [1498.884196768819, 53.77789623606302], "[200]": [1313.6398109839633, 26.416143763591943], "[220]": [1072.2441728217398, 7.934743318831296], "[240]": [1025.0013983062706, 1.9927066577528256], "[260]": [1001.9840732036004, 1.0008113334043336], "[280]": [1178.5503431161271, 0.999908904046997]}