{"[20]": [6.531106707000233, 6.123252268311015], "[40]": [2.2098498040773067, 1.972695482834686], "[60]": [106.2818305751263, 211.02685026510275], "[80]": [2.6901227199082056, 278.84169280347834], "[100]": [12.993616295716588, 93.90777462650087], "[120]": [22.1320870884092, 141.29615097230348], "[140]": [2734.1783384817377, 918.5290975321036], "[160]": [236.4323666053395, 274.8296333025849], "[180]": [5439.901938660724, 657.8221328120535], "[200]": [1161.0852056147698, 491.716532443805], "[220]": [86.48823653477771, 100.22009616617869], "[240]": [73.81997562036145, 38.21102467031578], "[260]": [69.14921118101225, 5.052136886052473], "[280]": [120.56246876538488, 1.9877159235730075]}