{"[20]": [2.9225825078541745, 2.076484879058746], "[40]": [69.20750452029549, 8.329008636780973], "[60]": [221.7830899437534, 754.480739149367], "[80]": [402.44465123753804, 949.4950240029623], "[100]": [93.43042493757119, 378.1585020903318], "[120]": [103.7675314010462, 365.70162282121726], "[140]": [5227.058301960284, 2208.1902033717574], "[160]": [3985.898083172034, 11691.625607244276], "[180]": [12190.06179077051, 479.0262426989822], "[200]": [3111.2562171185705, 705.8438825687607], "[220]": [256.62828757323194, 173.65044083561682], "[240]": [203.42988145173197, 254.105371889755], "[260]": [272.9817502492566, 80.4540732762043], "[280]": [796.6951216556927, 4.793383184115808]}