{"[20]": [19.413955344516076, 0.42948901117817684], "[40]": [2.39728506324478, 14.13052189931011], "[60]": [156.46567523520514, 241.98050464469662], "[80]": [8.143547629478235, 248.61793380671884], "[100]": [7.064012203075777, 200.098207036801], "[120]": [38.351160781235535, 144.3472971022412], "[140]": [181.09621610186423, 3245.07286578986], "[160]": [5453.402455137912, 844.3057077706908], "[180]": [18653.263669040745, 1584.9504834244071], "[200]": [12382.387270371266, 804.7315070570021], "[220]": [256.28970259535527, 82.62289343690827], "[240]": [70.22874036636335, 107.0896987336111], "[260]": [594.3271955312503, 12.584306332800814], "[280]": [1682.8289725737222, 1.51293250723029]}