{"[20]": [5.274057260586249], "[40]": [8.246838906381953], "[60]": [18.44712346132022], "[80]": [121.12883640337576], "[100]": [217.00221338814418], "[120]": [231.75733566471618], "[140]": [19.743214621099302], "[160]": [50.260724381326305], "[180]": [23.83907821056766], "[200]": [26.14277655509212], "[220]": [22.25315541087367], "[240]": [21.265585071631453], "[260]": [19.539067867263363], "[280]": [18.714324812062188]}