{"[20]": [4.720582477925889, 10.211679347728813], "[40]": [38.090722930796666, 2.6967018947100563], "[60]": [30.661663936809738, 133.65365871085356], "[80]": [18.548052032594136, 207.40125682742917], "[100]": [20.081837008036988, 88.45389015450526], "[120]": [3.0688650917916003, 44.66295953045515], "[140]": [2065.034036748116, 815.9788052380616], "[160]": [1346.70221601077, 599.5049943793871], "[180]": [1751.1402933664592, 358.2175770433931], "[200]": [270.5434568415359, 49.5845634185555], "[220]": [55.27836948163839, 63.81879900972371], "[240]": [34.98883568961996, 19.005436681426133], "[260]": [31.741698326822757, 8.380022719845746], "[280]": [61.828956439982825, 0.7029725504195187]}