{"[20]": [6.340871507262545], "[40]": [2.895338190493163], "[60]": [13.432080882561195], "[80]": [35.494206640967036], "[100]": [36.16764275681794], "[120]": [25.233506643882265], "[140]": [105.34195350027221], "[160]": [597.1325938065456], "[180]": [1087.2196554013426], "[200]": [647.9809735318213], "[220]": [125.30824074050065], "[240]": [5.101555634154977], "[260]": [32.52956691429229], "[280]": [49.60194149128047]}