{"[20]": [1.0, 1.0000010490286289], "[40]": [20.221222806342833, 13.000425113280965], "[60]": [1.786617724339609, 110.68862730035576], "[80]": [10.898098612948276, 109.19769419566592], "[100]": [2.1930696807778784, 54.410007728040355], "[120]": [11.350508220532712, 19.200882623696167], "[140]": [460.8456738001038, 404.16861028159155], "[160]": [998.5222401782015, 1256.0984362964978], "[180]": [6131.532793883828, 493.4678271517074], "[200]": [4932.369519773752, 1087.9169271185], "[220]": [886.3645877789402, 76.1372666759732], "[240]": [105.94744417714301, 58.222577709733606], "[260]": [130.83966200017878, 22.22706397107343], "[280]": [370.41781821796735, 4.038754648853993]}