{"[20]": [0.0], "[40]": [0.0843898486635003], "[60]": [0.9690112698110025], "[80]": [0.7862957975101156], "[100]": [0.00797818546451935], "[120]": [0.005574474152781184], "[140]": [0.004298656843480216], "[160]": [0.003971320094624619], "[180]": [0.0045709182388083995], "[200]": [0.004129262894799989], "[220]": [0.0036036985941846123], "[240]": [0.003145814242602372], "[260]": [0.0023467250158120947], "[280]": [0.0020880616084047884]}