{"[20]": [4.371957347454106, 0.7745525552740188], "[40]": [33.39683624682819, 9.588501210268827], "[60]": [10.260761467733438, 390.3793163518064], "[80]": [2077.8281851180473, 1857.2508835016558], "[100]": [822.5645727976873, 2352.168712802616], "[120]": [120.06976852933495, 182.5285991674284], "[140]": [236.54990139740394, 345.3283518500611], "[160]": [88.65078395398356, 126.00069828822025], "[180]": [39.48124820374252, 44.84932748681608], "[200]": [34.58337917219249, 6.870466770369979], "[220]": [33.37496159641056, 6.39615693265406], "[240]": [29.855885708397988, 0.9117431416720033], "[260]": [27.74383708447283, 0.012753253037292621], "[280]": [25.761725701433672, 0.001864724830605706]}