{"[20]": [2.9225825078541745, 2.076484879058746], "[40]": [67.20750452029549, 7.406147017768099], "[60]": [201.64906070290766, 980.7083225615883], "[80]": [621.9859660893976, 6270.7548447122945], "[100]": [6375.33360226146, 9131.88486955291], "[120]": [14471.614134175734, 1167.716880037151], "[140]": [5335.080380438751, 1043.0295343543683], "[160]": [350.74761933662325, 1026.7276214950998], "[180]": [492.05114399648045, 379.4927012948177], "[200]": [587.3403258899782, 167.96755085298193], "[220]": [562.1077104026547, 63.89465931192035], "[240]": [484.44089443316807, 29.211624768877968], "[260]": [444.51427478223724, 12.878270066071376], "[280]": [409.44280817440995, 3.018565460370414]}