{"[20]": [1.0], "[40]": [0.24754807197889067], "[60]": [1.105780821940197], "[80]": [5.292198463596877], "[100]": [106.10326470426884], "[120]": [2233.79437151437], "[140]": [3900.068903047438], "[160]": [1543.986146966138], "[180]": [118.00845186548572], "[200]": [196.42100999524718], "[220]": [265.2834323508267], "[240]": [260.4904282745425], "[260]": [241.28610131836749], "[280]": [220.7438900450547]}