{"[20]": [0.4683988275759767, 10.363392417273705], "[40]": [2.374427905153494, 8.838051105428812], "[60]": [268.55581781049585, 156.42390840829805], "[80]": [35.51990133390026, 283.71444866451964], "[100]": [90.65379933500714, 53.81469625395628], "[120]": [63.52539739318759, 80.70019627592302], "[140]": [1374.0501371372475, 225.9404863422553], "[160]": [2201.4922318009662, 245.12799212429604], "[180]": [1219.3887221915234, 308.7151106393848], "[200]": [199.18632145015323, 57.23295827683349], "[220]": [40.49235797763946, 71.38295557317706], "[240]": [43.5432299687597, 53.26521300963295], "[260]": [49.44723263490046, 12.558661227452102], "[280]": [114.28118226241536, 2.7103677223027156]}