{"[20]": [0.37910514763571435, 3.745639043375972], "[40]": [9.003522865757532, 11.189958878959374], "[60]": [1.6928901357119912, 266.30627288556406], "[80]": [71.71769720338534, 256.56316462913844], "[100]": [26.460057760005384, 148.78963138493953], "[120]": [2.890323192899359, 173.61313161657597], "[140]": [364.77951761635904, 1041.039254099177], "[160]": [363.19277685005363, 269.0287781519328], "[180]": [5554.660379692257, 2454.849428399568], "[200]": [2716.864119721904, 586.6693100677749], "[220]": [25.319087694293785, 103.19013850990632], "[240]": [89.53222942948793, 147.43221296414202], "[260]": [250.43422941408957, 11.570475771264505], "[280]": [668.2881467734915, 2.0803951047677636]}