{"[20]": [3.019699619899266, 22.112020035840697], "[40]": [11.957702972471022, 2.769877317578704], "[60]": [28.92537736597103, 94.41269562077267], "[80]": [449.21280048575136, 580.0373291696798], "[100]": [127.29008988304668, 2283.528640757644], "[120]": [289.2588966179319, 2658.97540895394], "[140]": [1131.0465708887587, 174.5507150831363], "[160]": [1003.67919560069, 314.3253079708011], "[180]": [13.383610111605549, 193.2165772629619], "[200]": [90.26421396540985, 80.27310662549019], "[220]": [83.50439019509966, 32.64116264288708], "[240]": [57.203405242444816, 10.915700459709363], "[260]": [57.802603371918664, 6.220274199592794], "[280]": [51.65307494958763, 0.8511882127954542]}