{"[20]": [3.1200844568738835, 0.4231442774209686], "[40]": [2.7446954912933847, 2.908676320646123], "[60]": [86.0665768178278, 90.54409569062], "[80]": [4.241873920393203, 70.24022514682991], "[100]": [13.914054819678341, 25.231691901934852], "[120]": [0.2655769481284267, 32.801977164997425], "[140]": [17.320793881207692, 435.38609499670906], "[160]": [94.89023507190723, 143.09195688513864], "[180]": [223.0520929691029, 707.2089575510581], "[200]": [449.3757031966197, 356.1053244118257], "[220]": [101.25669957839989, 55.728290321171244], "[240]": [5.902336635739189, 23.835080676930517], "[260]": [8.129677662817649, 6.6707861358102924], "[280]": [26.408842351571618, 1.8590986144587558]}