{"[20]": [3.0, 2.9999985674950995], "[40]": [7.4878471544497085, 14.87465362746971], "[60]": [146.48907413136854, 346.2856180667184], "[80]": [1064.6756376922447, 550.3545322940797], "[100]": [9555.619234752972, 3479.003414954641], "[120]": [16507.71141723732, 1534.4914262106154], "[140]": [5660.821909698224, 531.7344999782302], "[160]": [371.27378193523947, 229.37078549403992], "[180]": [474.43938970912967, 62.36027268507049], "[200]": [427.8230398240658, 28.792598268544186], "[220]": [384.32887664563793, 0.1019579049482074], "[240]": [354.0999246184584, 0.5708626725729236], "[260]": [368.93619166448116, 0.05861334994872637], "[280]": [401.7081564771317, 0.008000444522903176]}