{"[20]": [7.087371989906672, 3.19325567099721], "[40]": [46.05387186341153, 22.16597061837218], "[60]": [18.803374309622587, 711.3635675906406], "[80]": [603.922255181397, 4150.867525335751], "[100]": [135.61248470712783, 4496.333527158216], "[120]": [8727.61295465899, 90.24727585162707], "[140]": [5815.192715363726, 630.3952975089377], "[160]": [104.42659370006362, 294.3764334306631], "[180]": [108.95532224712487, 79.11757681645092], "[200]": [109.04099839900337, 26.85556531277367], "[220]": [108.37868871493276, 17.65339997612687], "[240]": [110.6261172605039, 8.801800068325564], "[260]": [105.32855852746734, 0.9708291421053061], "[280]": [97.21679310070998, 3.9957066041826628]}