{"[20]": [3.3260618190733924, 3.8671701204747455], "[40]": [10.55359926446366, 7.069947188660879], "[60]": [1.8540212896590709, 56.19392190309877], "[80]": [69.42207795398409, 173.72888474727085], "[100]": [148.0190075105905, 69.29134049736368], "[120]": [18.894358993920214, 39.16111064256198], "[140]": [628.3179728232067, 1920.1283230775596], "[160]": [75.0464643495778, 1398.4074772464173], "[180]": [160.8752751298679, 2982.4465771406008], "[200]": [610.8143909998696, 445.315400692262], "[220]": [542.9676939600351, 375.1608172414344], "[240]": [3119.7181162178485, 9.731263798883159], "[260]": [2001.9210124809567, 202.7896838000872], "[280]": [513.6937057259158, 71.12169027850405]}