{"[20]": [0.7203664856086153, 32.91164838241867], "[40]": [8.59941105321016, 1.9067746061857658], "[60]": [112.02357397412435, 43.9121684156779], "[80]": [11.579732635427737, 68.28428352336844], "[100]": [35.02408977852043, 28.520177844070027], "[120]": [6.0096434711669255, 76.09686889418049], "[140]": [825.5095032857053, 888.8499252304485], "[160]": [432.22458227296477, 440.2031684134745], "[180]": [5323.419722935119, 40.25569850617703], "[200]": [4062.0840072543074, 341.3428238717516], "[220]": [213.70279724497465, 60.43481093378017], "[240]": [108.69936510649671, 32.180779797472894], "[260]": [312.14531003118844, 1.4314270983685973], "[280]": [239.76959433791336, 0.4139381951112417]}