{"[20]": [2.922582507854175, 6.989538306630391], "[40]": [10.697596127347094, 4.912637566311432], "[60]": [11.512927287316781, 6.565245895305323], "[80]": [0.8553310663032176, 19.412221815828797], "[100]": [1.7911710515793755, 50.92272915930067], "[120]": [43.469346911189305, 94.47492256173443], "[140]": [33.802384495224885, 165.07407773241968], "[160]": [49.45763392920957, 201.10749114634606], "[180]": [34.33613357005873, 213.03369192874206], "[200]": [209.5106315314403, 394.40457638769374], "[220]": [19.491378359469298, 211.61873767997633], "[240]": [459.60760114544973, 174.51414315936285], "[260]": [1605.6571791820227, 425.6740544408171], "[280]": [869.6422720505074, 266.5007019570754]}