{"[20]": [5.348073516893588, 5.023265593046965], "[40]": [36.53648852458473, 3.5318156505263034], "[60]": [27.614278520532263, 109.05094000493219], "[80]": [7.8896104184787825, 90.39178488305888], "[100]": [2.637203528184864, 50.1972817124607], "[120]": [4.52428386179291, 35.625029842912575], "[140]": [1361.161237060601, 524.4332663099035], "[160]": [785.8375064793764, 733.8680372127144], "[180]": [5214.163884599065, 900.2572594305112], "[200]": [603.9097764045694, 374.1093342293392], "[220]": [67.58910863927824, 20.01428177487652], "[240]": [100.93666971587007, 32.022713752950146], "[260]": [59.64762873200928, 3.047028309403076], "[280]": [62.425906065259014, 1.5350371783888122]}