{"[20]": [7.566323087708726, 1.5033573170648076], "[40]": [7.54052650113772, 26.34425417969976], "[60]": [901.0279317722561, 878.3073260598919], "[80]": [7.64211375196146, 1107.2684560391122], "[100]": [50.89065492651298, 946.9560468323757], "[120]": [188.12855065246004, 674.91159302301], "[140]": [74.11112554651118, 10552.221170677987], "[160]": [9522.387821894372, 8490.626216062876], "[180]": [23423.78377170734, 1941.3972804123914], "[200]": [8893.382100857078, 381.13225020810023], "[220]": [422.0063450813743, 219.22360191212215], "[240]": [25.41990812185452, 140.50073954048867], "[260]": [493.20546536072004, 6.413119347835611], "[280]": [1420.356871014255, 1.5870451445515634]}