{"[20]": [1.0, 1.0000014025321624], "[40]": [2.3351744594880977, 0.1893553193913622], "[60]": [2.1223693867397113, 1.7772704822616312], "[80]": [8.152880051273527, 12.887412034676105], "[100]": [2.707232593559411, 6.532735265726934], "[120]": [6.6637825627932585, 2.096313763475436], "[140]": [1.2672298515735747, 11.17638895268258], "[160]": [2.5854824823176585, 7.845516763562728], "[180]": [0.7260601833334874, 9.40830899855169], "[200]": [4.205349786570309, 15.404205491497692], "[220]": [1.5250236999978029, 55.908980735642956], "[240]": [52.52145372466555, 130.48345671883396], "[260]": [72.83359553936862, 137.6238962346697], "[280]": [40.15915341675873, 189.8347551912443]}