{"[20]": [1.6038953192900502, 1.4742702062473223], "[40]": [14.661979818319399, 7.231441218174864], "[60]": [17.351560874011323, 97.55415466563466], "[80]": [123.74574227938162, 772.6580273293432], "[100]": [822.8240145042886, 1551.0172046933135], "[120]": [3037.024564838902, 759.8236104121594], "[140]": [2794.0132063012347, 434.87944061418506], "[160]": [365.1749179390076, 124.05467281235106], "[180]": [77.12095078124693, 91.01965860141718], "[200]": [153.31151034287865, 35.26955488598265], "[220]": [153.3355658138544, 25.138901391678502], "[240]": [147.19652021936756, 0.3456940122934838], "[260]": [129.15845483256567, 3.8891635638872417], "[280]": [120.60437420019626, 6.018632762430343]}