{"[20]": [0.6050792557004527], "[40]": [0.4451394810148824], "[60]": [1.098609150025457], "[80]": [0.9596994389795641], "[100]": [21.983290280594762], "[120]": [9.69905832605308], "[140]": [177.612046905331], "[160]": [20.122377024085637], "[180]": [189.55296058074742], "[200]": [610.8825305387677], "[220]": [418.7931075150072], "[240]": [304.8475013980779], "[260]": [146.12745339037684], "[280]": [26.988579592503523]}