{"[20]": [3.0], "[40]": [10.732023666771408], "[60]": [153.1044620641569], "[80]": [43.732952264103325], "[100]": [30.067099502807956], "[120]": [11.519098541196461], "[140]": [195.45507743790262], "[160]": [565.4856366618009], "[180]": [2664.6989088791665], "[200]": [3223.2443952438744], "[220]": [438.1043736483116], "[240]": [84.02191731136803], "[260]": [190.82343099406512], "[280]": [271.0155318114829]}