{"[20]": [2.0, 2.000001049028629], "[40]": [16.77008425793465, 5.9446061055940325], "[60]": [73.98172000146141, 159.40307646448295], "[80]": [41.421022975217404, 178.29162724563594], "[100]": [5.736776073853961, 102.33839324220146], "[120]": [49.03741251909354, 56.0634552541775], "[140]": [1144.7445107568747, 479.861477085542], "[160]": [2185.535674998665, 1403.497617907574], "[180]": [2630.9370753934236, 613.4584670353879], "[200]": [841.9825895229664, 108.46439571100483], "[220]": [60.55895865817242, 22.943502064483315], "[240]": [64.86771426225006, 36.80257739406223], "[260]": [72.03080191925808, 12.259223371660804], "[280]": [209.99927729394986, 0.3028143821673973]}