{"[20]": [2.784428236236684, 6.722718372180228], "[40]": [2.226740101501387, 4.548139341432548], "[60]": [1.0163455745408763, 12.328722627054493], "[80]": [1.7563941795707876, 15.67952103222196], "[100]": [9.246398865436571, 28.03409825369493], "[120]": [43.340442585616024, 76.06711509831122], "[140]": [39.799754203476006, 18.53805049379287], "[160]": [45.440631134672074, 16.22013698704845], "[180]": [52.39457512687002, 115.99584990208565], "[200]": [283.3269160711262, 54.59311660572338], "[220]": [15.124541154555365, 104.90028289981365], "[240]": [390.9666032031441, 74.89507150036971], "[260]": [523.5194018551043, 148.34934456146263], "[280]": [631.1409775106594, 98.90597590055441]}