{"[20]": [2.423457809168596, 36.16287941007559], "[40]": [92.74992286888607, 28.464557913095632], "[60]": [1032.6459233136666, 9236.12746014591], "[80]": [26839.144742655815, 8374.585134345616], "[100]": [15740.767718813993, 2279.254548711011], "[120]": [9436.30690441696, 993.4301030975639], "[140]": [2526.0723979263107, 459.3065432833837], "[160]": [650.6651884019828, 152.79150272633944], "[180]": [481.26778708122265, 54.226631127056265], "[200]": [412.19089361153556, 6.260277808359877], "[220]": [336.06288146008626, 8.94858221994898], "[240]": [313.54149568748653, 1.0095740759503133], "[260]": [339.22904606811994, 0.001074314895151085], "[280]": [385.3592204949374, 0.00012054571493136379]}