{"[20]": [2.899128443703233, 1.744700299766273], "[40]": [36.702100218045345, 0.23454190903692052], "[60]": [79.56005071990052, 164.9125795410975], "[80]": [3.9138573227254483, 93.88726323983235], "[100]": [7.283753995418749, 59.638754067022774], "[120]": [19.527394360821518, 16.65908540548685], "[140]": [656.0872215996652, 666.5692803303446], "[160]": [1944.740881541662, 724.6243801502769], "[180]": [2498.144475478941, 647.9855582212185], "[200]": [4687.814542824912, 258.70457482269194], "[220]": [1103.4234170751715, 844.8370326412896], "[240]": [1341.3279141504008, 343.91166978372235], "[260]": [26.25496298177484, 13.979204408790707], "[280]": [230.56246340594208, 7.221723153990702]}