{"[20]": [6.545622924202938, 5.275672548019447], "[40]": [13.025876043721453, 4.200134148286267], "[60]": [2.8131158748012837, 21.003999915415136], "[80]": [3.1074679915088126, 29.409634123528463], "[100]": [36.68231752365244, 82.94254285541584], "[120]": [11.558718494322022, 134.96786073819823], "[140]": [86.93156373045076, 249.3640825469529], "[160]": [5.941681318865449, 219.90458605713638], "[180]": [4.54313799701049, 520.0710451911821], "[200]": [293.8723202907822, 1021.2772600070771], "[220]": [641.5477493018116, 473.56394288632873], "[240]": [114.25099764773222, 51.732158206566965], "[260]": [544.1218670932412, 459.7375561938734], "[280]": [667.3682783261938, 208.02147114003583]}