{"[20]": [1.7724216371797572, 1.4742702062473223], "[40]": [14.505431537852658, 7.231441218174864], "[60]": [34.5522839820487, 97.55415466563466], "[80]": [371.7053128775507, 772.6580273293432], "[100]": [141.25187268512585, 1551.0172046933135], "[120]": [3332.6300839298924, 759.8236104121594], "[140]": [2540.8088370708556, 434.87944061418506], "[160]": [70.96211774476248, 124.05467281235106], "[180]": [103.86238570087326, 91.01965860141718], "[200]": [140.60468576387774, 35.26955488598265], "[220]": [134.0499378031223, 25.138901391678502], "[240]": [133.54842696487754, 0.3456940122934838], "[260]": [116.8680968178768, 3.8891635638872417], "[280]": [109.69583677688568, 6.018632762430343]}