{"[20]": [2.284476869595649], "[40]": [1.3713332851762345], "[60]": [16.76516793325783], "[80]": [204.0106400333143], "[100]": [48.669973539886996], "[120]": [244.9580286316832], "[140]": [195.24686071439385], "[160]": [47.58697724095208], "[180]": [4.670028248241465], "[200]": [16.822989488506774], "[220]": [20.47125350729331], "[240]": [18.94390702834253], "[260]": [13.47649627391652], "[280]": [12.175325143545702]}