{"[20]": [7.087371989906672, 3.19325567099721], "[40]": [40.05387186341153, 27.989203335268147], "[60]": [122.24134550775959, 254.41279620906488], "[80]": [66.32914700954397, 205.830188601336], "[100]": [4.32524298759198, 186.27861521061715], "[120]": [12.649153896948519, 111.51892185170102], "[140]": [282.8430744788818, 1891.2196360597188], "[160]": [5071.200319183199, 6850.883308768126], "[180]": [6883.682979298458, 1928.5220181993195], "[200]": [3380.8675167397982, 11.026323597084552], "[220]": [766.3480376029046, 44.51167993167887], "[240]": [108.01106134967534, 27.597123480154693], "[260]": [99.9302489589529, 4.360766021858088], "[280]": [124.22063312915007, 1.6614424640379581]}