{"[20]": [9.727695271327988, 3.006295712084847], "[40]": [0.5958957412647795, 4.81447244640102], "[60]": [632.8532392394488, 476.6809455686753], "[80]": [22.15172490183275, 739.7293561394856], "[100]": [43.46821158469804, 374.0600428594979], "[120]": [81.14856756835611, 533.7139035386393], "[140]": [2662.0222264222894, 5007.604016169365], "[160]": [3609.3011947371656, 14204.594821347739], "[180]": [1595.6444566641146, 1143.2548241908298], "[200]": [1410.902997522289, 739.4587411686755], "[220]": [513.2525296153697, 114.75187438726168], "[240]": [145.03115852081876, 53.12388224285398], "[260]": [134.7797099485508, 1.323206306627345], "[280]": [143.85928338499986, 2.2675485097867245]}