{"[20]": [1.3572350166955705, 5.822231203581712], "[40]": [11.188295605825402, 3.454688436282723], "[60]": [81.23615128560499, 183.72278087661167], "[80]": [221.61852468658026, 1223.8666162119162], "[100]": [1607.0987334293077, 2327.273738022119], "[120]": [4157.164340589843, 431.4502726385581], "[140]": [3191.957623460391, 351.57594555358355], "[160]": [43.02902806942052, 173.6823686970024], "[180]": [36.155443745286846, 54.409257596945224], "[200]": [359.46158362667853, 14.2306550233128], "[220]": [351.87991648127394, 4.46072139914633], "[240]": [308.0752739859363, 2.757729609472781], "[260]": [279.61292841487045, 2.96187510342617], "[280]": [251.13533151932072, 2.9940006350537605]}