{"[20]": [6.3937562471254825, 6.8479796602821335], "[40]": [1.555218882857318, 20.180134379576174], "[60]": [94.91084493446829, 210.42902560605984], "[80]": [19.427735507103307, 452.1506064092234], "[100]": [11.542788626187075, 132.4415066193692], "[120]": [82.85839006439028, 8.161580276148015], "[140]": [1619.8736318590327, 742.0053943536186], "[160]": [452.5656448081627, 1925.1444231520745], "[180]": [563.2377531564894, 41.26605741477579], "[200]": [532.7856587933957, 157.08318248159435], "[220]": [303.5616040031505, 25.572879861785395], "[240]": [37.18165106455595, 4.811450067354087], "[260]": [23.05103270321358, 8.104937572141825], "[280]": [80.74206468332554, 2.3734762629712014]}