{"[20]": [0.05364819439829989, 2.902949886688776], "[40]": [3.546598821097601, 1.6837628429397118], "[60]": [1.1723896735520465, 17.30891991429264], "[80]": [1.6550829882256737, 59.474470560165805], "[100]": [22.704918962851366, 125.11312526347092], "[120]": [17.997749859502328, 93.49572820034135], "[140]": [88.54044077457247, 602.5371541997298], "[160]": [29.964253531436018, 257.22002570489354], "[180]": [195.75312188007783, 19.50465934331809], "[200]": [284.51230847645775, 191.85765669072262], "[220]": [221.44689689862793, 26.036114823885693], "[240]": [93.59076327626593, 53.79466716757865], "[260]": [77.26568399958215, 182.83489402581816], "[280]": [25.905456437554953, 68.23759663089923]}