{"[20]": [16.832992593127173, 11.896107197805708], "[40]": [31.32599716972345, 22.876970942848573], "[60]": [781.4346068455343, 1185.2041747592875], "[80]": [15731.848709378624, 5086.899326308863], "[100]": [15310.507727019474, 2413.8643270315733], "[120]": [9301.290944143586, 412.29569936932603], "[140]": [2745.011918569915, 337.3731404963828], "[160]": [928.5671889922999, 182.9970477251161], "[180]": [888.3512071140794, 81.22192541892366], "[200]": [805.4683728348641, 41.977278188613155], "[220]": [722.4211049645211, 8.880526723758184], "[240]": [680.0294229654379, 0.013934352816298068], "[260]": [735.728527139617, 0.0016251719777545803], "[280]": [835.8449637692357, 0.00018954061855019468]}