{"[20]": [5.0, 0.4231442774209686], "[40]": [15.831168192066603, 2.908676320646123], "[60]": [13.781344540528323, 90.54409569062], "[80]": [7.542071044201748, 70.24020989085605], "[100]": [15.381192067415668, 23.573740140110715], "[120]": [11.382265814074515, 31.07816918237077], "[140]": [434.42370439742905, 436.16036415371264], "[160]": [604.0165801694056, 649.0514819490127], "[180]": [3261.7033807764074, 443.1351305110038], "[200]": [1959.1155158781803, 376.2450673240128], "[220]": [638.3271056593157, 50.331584168773134], "[240]": [36.91311145979225, 23.625544360546087], "[260]": [52.292150853752815, 10.985634006340735], "[280]": [142.42444331823367, 1.8975063488048933]}