{"[20]": [0.0, 1.266604183032739e-06], "[40]": [1.1486667167636755, 0.49764175791144627], "[60]": [12.104814709287982, 15.127875985495065], "[80]": [2.2582048298293813, 14.979531818807327], "[100]": [10.10908364674129, 3.935601300521224], "[120]": [2.492054450778733, 0.32677753091829764], "[140]": [9.544987726366465, 17.49107937269713], "[160]": [29.47133968425186, 95.33605793816346], "[180]": [220.3903773740417, 349.16843224925674], "[200]": [88.16045893655973, 486.5209044131898], "[220]": [1490.7795274925556, 634.8220447493586], "[240]": [835.9702509931458, 423.24489028994776], "[260]": [216.72221588169577, 30.207220156597486], "[280]": [59.12083187825114, 33.88439288490571]}