{"[20]": [0.0, 9.761921106394878e-06], "[40]": [9.603998230785269, 22.678908159006706], "[60]": [82.93858986242557, 210.91480013230392], "[80]": [660.8639878212571, 331.29241359357263], "[100]": [2756.561329860742, 30.933419960867088], "[120]": [1967.1412533273015, 249.38637857313282], "[140]": [49.41375297477543, 12.971492535238735], "[160]": [180.06306687346608, 7.730688014745065], "[180]": [156.1793380613338, 1.5677180345621509], "[200]": [111.07589131695134, 0.39303249108571175], "[220]": [80.50501378092399, 0.08014661874512764], "[240]": [77.82143205535199, 0.01060784162941226], "[260]": [76.95933411259023, 0.0014039796874578847], "[280]": [102.07539768608355, 0.00018582117624778814]}