{"[20]": [0.15357955051611702, 11.835929951959764], "[40]": [6.8291700439475145, 26.831475825849633], "[60]": [140.3715747496753, 3188.4565245275508], "[80]": [6614.104831547155, 19654.67493577621], "[100]": [19922.291324663696, 1487.1352050335845], "[120]": [3451.5575244863044, 1178.6080932316604], "[140]": [550.9119738445148, 1084.997358756181], "[160]": [754.0490605465578, 435.82017018336666], "[180]": [666.7294861638445, 144.00210399310853], "[200]": [566.8720219821342, 43.25079219317955], "[220]": [511.903400466489, 2.7482621296174305], "[240]": [492.9760786302814, 0.974337970689737], "[260]": [513.3523842040786, 0.9978966330091734], "[280]": [576.6529810554243, 0.9997531340256031]}