{"[20]": [75.96085212249281, 16.664740319907757], "[40]": [186.8264550563015, 69.50360641667501], "[60]": [867.1379032996341, 5614.754675549967], "[80]": [22420.657931884598, 2423.7634183207083], "[100]": [17046.210021585346, 2253.82579155016], "[120]": [11361.085402832467, 370.42657889609916], "[140]": [2713.8939418843006, 285.85743360641516], "[160]": [588.9774219013742, 161.39342037362547], "[180]": [578.4946900565803, 53.7781469512415], "[200]": [537.8283863091731, 26.416185553084674], "[220]": [499.0076831284031, 7.934748168604251], "[240]": [476.4599460521881, 1.9927072136370843], "[260]": [489.6144768179866, 1.0008113921544695], "[280]": [527.108175676627, 0.9999089099513931]}