{"[20]": [2817.990390116391, 20.25062611710934], "[40]": [19.998078267191705, 37.05746003933327], "[60]": [58.70102496513283, 3817.6885461908037], "[80]": [5431.8859330102205, 12533.406784681692], "[100]": [1436.8600465579525, 913.0016936100446], "[120]": [802.9349119510671, 1187.5736508909413], "[140]": [386.7943247851255, 298.40421559342656], "[160]": [267.43872346573215, 112.84597740398209], "[180]": [225.82562959293776, 19.814104256369653], "[200]": [203.90456286785994, 4.22523268950476], "[220]": [191.5711476071472, 0.9480312545044249], "[240]": [183.9367092838501, 1.99314008815597], "[260]": [180.48103138077062, 0.000988823278869617], "[280]": [184.23231981246823, 0.9999144383356589]}