{"[20]": [2.0, 2.000001266604183], "[40]": [3.4465047933844595, 3.9538453844124], "[60]": [4.849087659706228, 26.039880519378585], "[80]": [12.431891026804465, 103.20957672903646], "[100]": [26.529914467562435, 339.91499461831484], "[120]": [32.202419001136604, 965.3307979025176], "[140]": [217.39725774260387, 1908.0329043762886], "[160]": [18.46667489077663, 1229.0950961466533], "[180]": [96.12232532162307, 307.67736501637773], "[200]": [53.78573471299387, 210.52900093331755], "[220]": [4.311258457374606, 162.04389679922906], "[240]": [21.382674349705212, 98.66496479583975], "[260]": [6.913871560127973, 48.26509123024323], "[280]": [17.32910694732614, 29.61665459040168]}