{"[20]": [0.3057116930258914, 3.366252080404216], "[40]": [75.94487171990642, 51.86172750836141], "[60]": [604.8016696489642, 918.6036079855994], "[80]": [76.74104588666569, 956.3684163802554], "[100]": [16.75014199183215, 751.2885889150107], "[120]": [139.35798000093746, 669.247724234554], "[140]": [1270.8241509966647, 8754.13698226033], "[160]": [2510.1797524856374, 11667.76911678839], "[180]": [959.6313311662852, 2627.6748121183264], "[200]": [840.8817784075536, 15.570607733498946], "[220]": [757.4023251007693, 79.63845379282748], "[240]": [214.73699414884396, 95.75662145058686], "[260]": [242.74704889305036, 8.47604402452857], "[280]": [618.3931654940436, 7.305561679352891]}