{"[20]": [1.452456727031329], "[40]": [33.24138784124462], "[60]": [11.637172295858136], "[80]": [446.5487736859759], "[100]": [1977.2780226856194], "[120]": [852.0110812087987], "[140]": [68.28617867753383], "[160]": [265.0919087639993], "[180]": [220.53934855218654], "[200]": [186.6616144676641], "[220]": [163.00152740503867], "[240]": [141.99474653274711], "[260]": [128.29082565653528], "[280]": [117.15559117838558]}