{"[20]": [3.2277764116200336, 2.076484879058746], "[40]": [5.04081907940767, 6.683440105487485], "[60]": [67.25287569060649, 323.1107703903888], "[80]": [50.8198723530088, 1778.300719469526], "[100]": [957.6047717730454, 3357.659845040196], "[120]": [6835.530497789487, 1514.8653566656033], "[140]": [4680.592767680115, 532.4743756785111], "[160]": [152.3445999695032, 408.81106588498494], "[180]": [198.9923489893441, 251.11207729529454], "[200]": [287.0791872613692, 62.19329875976834], "[220]": [287.6937878721525, 15.881750741006611], "[240]": [265.86948816157013, 17.98491807587056], "[260]": [235.31903428006103, 9.83163701724426], "[280]": [215.88675999114525, 1.0276535990471336]}