{"[20]": [0.10821824761188648], "[40]": [8.313704034069005], "[60]": [12.60658106599351], "[80]": [12.913191527302388], "[100]": [438.2745228182448], "[120]": [2024.8383966417168], "[140]": [1303.7585186932665], "[160]": [171.96801808257715], "[180]": [169.88716768293222], "[200]": [245.94241573338178], "[220]": [207.73265297925678], "[240]": [190.19088005159438], "[260]": [174.27371862872792], "[280]": [156.77212530710995]}