{"[20]": [0.0, 1.4398603732758724e-06], "[40]": [45.6282709729403, 34.641806821152926], "[60]": [14.49560198926406, 895.8258712208033], "[80]": [4026.4426998669005, 1456.081194429571], "[100]": [12296.639656551284, 103.90031831284432], "[120]": [7223.315806236211, 619.7891569839721], "[140]": [678.7491084254336, 135.94591484421494], "[160]": [1383.4573119658191, 54.64750802298818], "[180]": [1124.8207318558116, 32.58529165416938], "[200]": [924.4034234692333, 0.9899852284566588], "[220]": [680.5363855810294, 0.2618106932766433], "[240]": [656.832511289835, 0.03409633791947897], "[260]": [649.2646417385945, 0.004440366053248439], "[280]": [840.0294096863412, 0.0005782668503096117]}