{"[20]": [7.646539420520096, 72.89988216091821], "[40]": [54.38100107804889, 21.645117032066786], "[60]": [213.4721972170741, 1489.564641160955], "[80]": [4618.392688525062, 1842.5811441085912], "[100]": [22944.35127353023, 655.5149157809045], "[120]": [10231.966588449332, 1219.7299231409145], "[140]": [1324.4065997659031, 245.52886548976534], "[160]": [711.8682119305389, 67.60902153283891], "[180]": [662.9838873353871, 26.510290957441185], "[200]": [637.9634204996324, 11.012250290975874], "[220]": [586.4579333179263, 1.4790327739078932], "[240]": [555.9215383583488, 0.9319510598995694], "[260]": [544.9611034988314, 0.008866590627209186], "[280]": [524.6450066617999, 0.0011582436888315354]}