{"[20]": [6.524580490185521, 5.279680867106414], "[40]": [15.980492573626197, 7.6257190223588935], "[60]": [0.8521729157332771, 22.085327940174082], "[80]": [8.153469484562137, 39.370006862310106], "[100]": [18.616054193131276, 73.13502805906893], "[120]": [123.67921369725525, 105.01195243746548], "[140]": [17.008399256533266, 251.21899304319027], "[160]": [62.39015760050779, 296.515825295048], "[180]": [265.4249786272467, 588.7813044408631], "[200]": [109.30676408478121, 528.7741122223006], "[220]": [238.7923270909123, 18.285451274761726], "[240]": [1459.7243845392968, 122.39534184433069], "[260]": [420.07197996260766, 377.0026636553457], "[280]": [2791.009610398217, 232.57185506917722]}