{"[20]": [4.590411586392294, 0.28616272210047633], "[40]": [1.3129288749282537, 4.193021883708802], "[60]": [1.4854293442012931, 6.35131448286117], "[80]": [3.1915769025360845, 16.29320203105644], "[100]": [13.325444423066315, 23.799516160666187], "[120]": [66.14955919470435, 5.199932645157958], "[140]": [6.281589281901574, 66.58664275045703], "[160]": [1.9032985587331268, 67.3166955742742], "[180]": [122.05962642132886, 207.8959066936294], "[200]": [199.51845753724865, 188.07915983367502], "[220]": [137.32645434377991, 384.365735333713], "[240]": [269.5643016074191, 37.152192133002245], "[260]": [531.409737078724, 379.36129330926815], "[280]": [1612.9511083203402, 98.61134843214177]}