{"[20]": [3.1831209890211305, 3.366252080404216], "[40]": [72.4211037435038, 51.86172750836141], "[60]": [237.04413756140048, 894.7937800208224], "[80]": [28.74377870462331, 962.0694877426727], "[100]": [149.88084287338097, 652.7186508963705], "[120]": [231.00170584439502, 611.2484782956308], "[140]": [10085.656246761464, 5099.833297360783], "[160]": [1287.1103125851805, 3242.388881763094], "[180]": [11286.004302253066, 2038.4065783011902], "[200]": [1653.1837175020219, 297.77682353280943], "[220]": [124.96336835705529, 186.09458269172637], "[240]": [390.0099868024354, 100.17108421105911], "[260]": [57.323830872562255, 9.34464354458656], "[280]": [85.49860390128592, 0.6314622807820403]}