{"[20]": [2.423457809168596, 36.16287941007559], "[40]": [92.74992286888607, 28.464557913095632], "[60]": [314.4892283089648, 9405.770354672899], "[80]": [27257.896499544615, 7986.832376292106], "[100]": [16716.252294149628, 2231.812459857807], "[120]": [10528.127191633292, 875.433570250023], "[140]": [3106.594504708606, 613.322726088661], "[160]": [778.5933301187308, 184.65075577280095], "[180]": [631.139212510602, 45.33078545813211], "[200]": [513.0496447340206, 19.252192634874213], "[220]": [446.5263232812474, 1.9161763786236659], "[240]": [406.8579427988617, 1.9906044199514983], "[260]": [437.8569600199149, 0.998946880497954], "[280]": [498.8114187025265, 0.00011803670023246147]}