{"[20]": [0.0, 9.038012055642936e-07], "[40]": [0.4656052722082692, 2.8014930267113636], "[60]": [0.6691008988701593, 2.67539482956444], "[80]": [1.9479972550044105, 5.867590250858676], "[100]": [0.423276547107119, 5.153656181191726], "[120]": [1.0933030660657062, 4.019359487210217], "[140]": [7.01721354358208, 16.648329400279074], "[160]": [4.771635645032501, 1.3483205862458472], "[180]": [0.791647416808128, 13.191533588043725], "[200]": [14.45202721864997, 44.356114350250074], "[220]": [5.293925015724938, 69.90274466622913], "[240]": [45.477633884062136, 10.847542207783095], "[260]": [15.569223649724032, 39.965641796317215], "[280]": [191.27013190733538, 39.86548152520646]}