{"[20]": [0.879910674384643], "[40]": [13.874274398593357], "[60]": [153.03535361056706], "[80]": [9.332035740638656], "[100]": [55.11297082721004], "[120]": [4.896973971571732], "[140]": [251.9298528495485], "[160]": [679.4750919728008], "[180]": [1648.2305601581807], "[200]": [69.68171255223096], "[220]": [109.74595689848456], "[240]": [75.26744044710426], "[260]": [145.85425929178834], "[280]": [193.32835783942772]}