{"[20]": [33.423321083451754, 19.474863005843353], "[40]": [70.49323481652715, 99.75741409485818], "[60]": [750.4454060479038, 7624.930930762004], "[80]": [13097.541670076098, 8432.888596253586], "[100]": [2524.1261757652755, 2233.080398686452], "[120]": [4658.546272358368, 523.9209523214759], "[140]": [1533.0906844211008, 402.7465790582437], "[160]": [200.16494127135627, 176.00796748258358], "[180]": [140.57989241172316, 55.525253128671096], "[200]": [191.2790008063847, 26.698423538183476], "[220]": [193.0268274051591, 7.998370344253566], "[240]": [199.21787648521894, 1.9969497698333996], "[260]": [232.79260725119656, 1.0003526430789709], "[280]": [277.4031931333848, 0.9999757402559936]}