{"[20]": [14.0], "[40]": [98.00169372917631], "[60]": [536.7634457086067], "[80]": [6263.811139998534], "[100]": [779.8499419362861], "[120]": [1305.8283195886017], "[140]": [390.13840731552756], "[160]": [156.5128166945712], "[180]": [134.9348044419691], "[200]": [129.71840645056744], "[220]": [123.8972785028366], "[240]": [118.71178970050181], "[260]": [115.01886493545368], "[280]": [113.04804557812952]}