{"[20]": [209.30661920092135, 2.998497763668789], "[40]": [7.9077306849788584, 24.7815338054114], "[60]": [2.472409685442557, 42.80276255193668], "[80]": [10.019423954866681, 138.62460204644378], "[100]": [7.417243374822192, 2.3901591545218253], "[120]": [142.89815068003372, 127.12620900226193], "[140]": [25.731761273376833, 946.2768259754685], "[160]": [143.21339594012443, 910.3289240032964], "[180]": [221.36836643200695, 1023.8943047937337], "[200]": [108.9702357899314, 547.1070201307211], "[220]": [1500.195892417235, 137.39106293301666], "[240]": [1716.923775639424, 41.16255358787885], "[260]": [1557.122166449382, 173.183409873968], "[280]": [627.4398051450096, 107.07190042196464]}