{"[20]": [2.0, 1.9999644134491577], "[40]": [1.002854144175957, 4.2133097468537315], "[60]": [92.40330260650383, 93.51841781141562], "[80]": [8.897746479556881, 60.6120825445457], "[100]": [3.126233082510674, 29.26906210612617], "[120]": [2.440342514785026, 17.670969415065663], "[140]": [513.5469466009697, 587.0898584728349], "[160]": [454.3281369146516, 176.59704041065007], "[180]": [4393.32175638194, 60.9927271246341], "[200]": [3123.6143364328304, 349.52401407889636], "[220]": [104.76685823599745, 1.1085642667537832], "[240]": [95.03067876566043, 4.382393068724757], "[260]": [107.53445405826209, 3.007180650890476], "[280]": [211.3310670936363, 1.5459215717477428]}