{"[20]": [3.0, 3.000001266604183], "[40]": [5.8312365079905994, 2.758667483473694], "[60]": [19.83815609153902, 50.02185352726879], "[80]": [17.155730770888198, 30.87882224900291], "[100]": [10.113498438847571, 17.614182258917566], "[120]": [3.01391327722213, 0.6245617109849491], "[140]": [54.51379077237604, 158.6995138102515], "[160]": [908.4448204757384, 302.65426593962775], "[180]": [732.0244008685804, 95.73962536075851], "[200]": [2139.2744822341774, 303.00992324918843], "[220]": [1738.0221395271892, 569.3275697657073], "[240]": [134.86720415217837, 199.73626864710468], "[260]": [25.734204601828367, 56.07289791773616], "[280]": [38.109329610226645, 29.475986412820816]}