{"[20]": [14.001487622088575, 36.93395804141084], "[40]": [14.718818290720057, 55.578292329019305], "[60]": [12.279417398043293, 5811.31774072723], "[80]": [30450.023433312053, 4989.096534742903], "[100]": [38359.60672718352, 1708.1440916687063], "[120]": [18985.364987235887, 998.9755230342339], "[140]": [2128.285007406172, 709.7238363070901], "[160]": [480.06550409911586, 268.8924565391094], "[180]": [685.718010515825, 70.95893747672602], "[200]": [597.192354843243, 17.58448449083146], "[220]": [499.81051851911917, 2.8336700235979926], "[240]": [459.80237675798884, 0.01937807606823552], "[260]": [476.2289379091197, 0.0022776027669471864], "[280]": [552.3980920438051, 0.00026769515527611453]}