{"[20]": [10.530991825867524, 1.5131818104712134], "[40]": [2.8034545254569707, 4.098530509784991], "[60]": [12.419602406887762, 9.422436787171009], "[80]": [3.653387176577722, 30.040286030975523], "[100]": [0.9691813776466064, 27.40197999853578], "[120]": [54.24794992289582, 86.9075357509133], "[140]": [12.844811128839734, 36.73418396577072], "[160]": [82.31250866540249, 10.480991514684181], "[180]": [198.83026911558105, 329.9658431257158], "[200]": [649.1119901981574, 266.47402074819], "[220]": [261.01597359005194, 552.056678391791], "[240]": [831.199942362536, 157.49866658857286], "[260]": [2275.045413542511, 1904.124704704257], "[280]": [3214.495299422085, 692.8000146882472]}