{"[20]": [0.0, 1.9333297632306143e-06], "[40]": [0.9053424018727299, 10.232983187588005], "[60]": [38.60095434944992, 974.4641440126188], "[80]": [1323.623542901245, 6242.064769559143], "[100]": [7984.997397687694, 2996.9423521059725], "[120]": [2755.938300406484, 771.7625983086418], "[140]": [203.62346466811186, 286.83030724196806], "[160]": [558.1421799734486, 84.07910882367503], "[180]": [457.4065237034756, 38.99832768855795], "[200]": [369.30177859683204, 0.9899852196583518], "[220]": [308.9075676132475, 0.09703959803594286], "[240]": [299.3547679460803, 0.030943851216581608], "[260]": [335.2549657750757, 0.0015585379536074], "[280]": [402.16172322977627, 0.00013850929217999587]}