{"[20]": [6.0, 6.000001439860373], "[40]": [42.06328923503401, 21.995462079791082], "[60]": [207.42970029858407, 286.3706336490568], "[80]": [11775.444187978406, 2231.04151130456], "[100]": [15971.093997565331, 1414.4584235832772], "[120]": [2839.0755171055316, 154.66064227714014], "[140]": [795.8123221197848, 141.95140259266327], "[160]": [938.3435595962744, 151.79312597634987], "[180]": [787.5230197702608, 66.78392543930636], "[200]": [813.0166660017001, 44.12413124529134], "[220]": [676.0122771222922, 1.893752665893377], "[240]": [639.3204670256631, 6.987112721348677], "[260]": [644.8141585324248, 1.9984368531774699], "[280]": [829.0485146883783, 0.0001895987167165325]}