{"[20]": [0.0, 1.9346537236060167e-06], "[40]": [3.697302923003009, 9.929193535921264], "[60]": [11.912573611213048, 89.54710847898156], "[80]": [1546.5204401483632, 408.04954179480046], "[100]": [2609.832584573236, 505.1019900293286], "[120]": [2744.281206884012, 314.48019941622806], "[140]": [739.2345087148924, 259.9243315340518], "[160]": [117.32256104168295, 3.8716488654798127], "[180]": [176.13818899086533, 5.4109111353576225], "[200]": [150.87886672839556, 2.968503785001964], "[220]": [126.49272914744023, 0.6084637466848344], "[240]": [119.97876832678938, 0.051171279222243155], "[260]": [132.07453539474616, 0.01113606533909786], "[280]": [154.24868925268368, 0.0015698213946471293]}