{"[20]": [0.0, 1.6575032016945218e-06], "[40]": [4.951053972049692, 14.214664025256326], "[60]": [19.802102293944472, 285.4761978411278], "[80]": [1044.9353570031872, 617.5123592003238], "[100]": [6676.024188078525, 1.008602140689618], "[120]": [3618.45270240023, 464.6372531650377], "[140]": [17.068085070583265, 29.04923657521249], "[160]": [430.1231962998093, 20.7792402825536], "[180]": [430.11238760977153, 0.23352151021769707], "[200]": [332.97483293614556, 0.4279249798868854], "[220]": [245.8782241902932, 1.8113698705566108], "[240]": [218.29106314939813, 0.024845608847458803], "[260]": [247.39291709875528, 0.0032690812933709617], "[280]": [237.9035323537844, 0.00042990345453744407]}