{"[20]": [0.11280809902703041, 40.12817823006486], "[40]": [3.2322153234759115, 6.908232901901708], "[60]": [68.35295953132987, 410.8314985549241], "[80]": [1128.0598308574408, 1213.6124720794003], "[100]": [7924.250667493467, 398.032284111925], "[120]": [3502.7855393469627, 434.9527553626777], "[140]": [176.3804368690052, 43.285006771242536], "[160]": [301.4923793599505, 38.23194375712279], "[180]": [293.2364272920154, 14.1160119596798], "[200]": [235.0002487844905, 6.282505792381781], "[220]": [191.81777088786282, 0.7713242472283386], "[240]": [176.52533762487187, 0.03020636685961795], "[260]": [185.6187080981715, 0.004036606492723301], "[280]": [178.71163904501233, 0.0005382036540161329]}