{"[20]": [6.198663275133581, 6.537677578743416], "[40]": [26.598982359310384, 10.124752017369275], "[60]": [62.681950812748255, 1490.861895756276], "[80]": [2406.6550634300656, 1432.4886676442147], "[100]": [878.8241284056112, 742.1514307515281], "[120]": [2398.9313914322984, 277.2262242985944], "[140]": [339.2563987278577, 122.12939202166854], "[160]": [59.888625072030266, 34.47868112216797], "[180]": [29.426361283582217, 6.243044169897736], "[200]": [22.02354210095917, 2.6778167636670007], "[220]": [16.96605669122229, 0.03763459871416175], "[240]": [16.903294752381463, 0.004395874530943549], "[260]": [18.07760251704302, 0.0001612009786025935], "[280]": [21.669111005179076, 5.9971480667116677e-05]}