{"[20]": [0.32532326114000815, 0.7745525552740188], "[40]": [4.263248053020987, 9.588501210268827], "[60]": [35.87519100575896, 471.1433152531317], "[80]": [89.38150427023633, 2344.7787624187526], "[100]": [999.4459902803432, 2521.432423185378], "[120]": [189.1951170206434, 211.40500187884672], "[140]": [31.208012595101604, 330.4699995967698], "[160]": [67.41877695992999, 158.31432765857954], "[180]": [67.22397857682705, 69.90603193112398], "[200]": [48.5587785066337, 16.517721872542673], "[220]": [42.075712721710865, 8.49811217909666], "[240]": [38.77068000527781, 1.9276934229899205], "[260]": [34.19306094754469, 0.010277898439256687], "[280]": [31.866250162268255, 0.9984992133459202]}