{"[20]": [4.879382265885715, 0.2313625837710882], "[40]": [36.32767069496947, 54.1588237096895], "[60]": [82.86642985752496, 3435.411773775485], "[80]": [1720.9778906454376, 4619.964141019649], "[100]": [4026.315854803961, 807.4824089220201], "[120]": [3633.436105753114, 580.2338328488431], "[140]": [208.1201916754453, 246.50973423424534], "[160]": [255.44670176198213, 82.93483440527638], "[180]": [260.6412677810097, 18.356839654027418], "[200]": [202.5789347747413, 3.339454944313654], "[220]": [167.7793071814367, 0.9227157706384181], "[240]": [159.5722320206945, 0.00904175664159327], "[260]": [171.34446818664526, 0.0010578189357808476], "[280]": [206.99708984133133, 0.00012375400984813306]}