{"[20]": [6.57873255523974, 3.0717597413194304], "[40]": [18.356720804843555, 3.6027888849679406], "[60]": [9.541122467658008, 393.4754227487242], "[80]": [3208.4843652390764, 2317.836225143105], "[100]": [848.0851549186912, 4027.3291018672603], "[120]": [602.1942887609467, 725.4213351147125], "[140]": [792.5040230254317, 550.3598644723032], "[160]": [201.7089439328435, 336.54652642133027], "[180]": [49.465395516603294, 53.066340664374586], "[200]": [48.869351784435864, 37.48674873625679], "[220]": [50.25499924698332, 5.888003385335353], "[240]": [47.18852575035192, 5.670229102318563], "[260]": [44.93635099382395, 2.050824178739478], "[280]": [41.46011794167583, 1.9919620175961354]}