{"[20]": [2.9999999999999964, 1.5767361826048933], "[40]": [8.277539995139115, 3.027425266270342], "[60]": [2.306357196461306, 16.778074990599947], "[80]": [1.8352984352332413, 14.065992463900727], "[100]": [17.997688962805924, 36.04672129627109], "[120]": [19.132798251360555, 56.97489182735919], "[140]": [6.042926920873185, 85.11906116204119], "[160]": [1.4195364115628308, 78.73803240678842], "[180]": [52.410141463647676, 123.10494470946304], "[200]": [179.37610651878026, 267.012622145509], "[220]": [244.23536753041344, 545.618892197248], "[240]": [226.61924365618142, 248.66386068089014], "[260]": [654.3197455068621, 199.23807199578005], "[280]": [1050.6230326538134, 220.87911177367914]}