{"[20]": [1.6038953192900471, 1.4742702062473223], "[40]": [14.570336084956026, 7.231441218174864], "[60]": [5.8084525771667765, 103.90165593780446], "[80]": [103.56942213172577, 616.1542603286397], "[100]": [958.458625972326, 1853.002673499857], "[120]": [4007.5231206985527, 588.5938732784152], "[140]": [3042.177814542007, 398.4383945036571], "[160]": [152.0662092401345, 194.838868447662], "[180]": [96.17936028084512, 78.29490689909655], "[200]": [214.73308516287034, 3.8526981773022073], "[220]": [198.50833746210748, 16.430976996939865], "[240]": [175.4678775507559, 4.39898669508663], "[260]": [160.22161125301463, 0.10036057989740559], "[280]": [145.20264348617937, 0.016898654379054485]}