{"[20]": [5.0], "[40]": [15.59763695153677], "[60]": [10.372672978583921], "[80]": [11.005348703212007], "[100]": [0.07449075780164094], "[120]": [3.934396630031415], "[140]": [78.84815821777556], "[160]": [32.76348997459172], "[180]": [189.50782548929237], "[200]": [238.3044316586347], "[220]": [298.48694503149454], "[240]": [69.68830319635344], "[260]": [5.340804463188306], "[280]": [14.165603410011045]}