{"[20]": [6.0, 5.999998573665661], "[40]": [16.25235412583131, 12.416906836060187], "[60]": [74.96176350186151, 496.58165933936607], "[80]": [1288.0312011289436, 782.1585146296858], "[100]": [3925.356735233602, 1922.158511756275], "[120]": [974.495627106062, 959.3614997845365], "[140]": [237.85363113828734, 200.2872765127891], "[160]": [69.05949924732701, 4.705025132979691], "[180]": [69.39724561282607, 23.327180436304374], "[200]": [65.81067645466506, 1.5304235341565806], "[220]": [61.788445401519176, 0.33819328894411316], "[240]": [59.17451890047162, 0.03128970981912788], "[260]": [57.80090339259914, 0.0035921991137658807], "[280]": [57.307310572957505, 0.0003785038917257352]}