{"[20]": [3.9134521422787336, 3.19325567099721], "[40]": [74.96978140337383, 27.989203335268147], "[60]": [116.82851159201842, 254.41841879418646], "[80]": [44.46636639867615, 214.83623472594059], "[100]": [5.946912564113547, 139.48955659779858], "[120]": [22.248943840692917, 130.62847969304093], "[140]": [3766.8401269632386, 1599.7348811871334], "[160]": [433.69205348360805, 815.5435843744592], "[180]": [5709.8474208106245, 1200.6718088712018], "[200]": [428.1962675908198, 218.00476533873388], "[220]": [79.66323909695133, 45.01073611822706], "[240]": [94.21761478970114, 52.33418663358411], "[260]": [71.6440727643801, 9.097546386117353], "[280]": [72.04956552618795, 1.0891024204705608]}