{"[20]": [6.121853943351236, 6.123252268311015], "[40]": [2.5627101196129245, 1.972695482834686], "[60]": [2.84607599040052, 556.5474156528794], "[80]": [152.28634459797686, 3202.1645901988923], "[100]": [94.77681732692689, 4170.918437370081], "[120]": [606.5237951187037, 200.75300548663301], "[140]": [300.0612692063045, 713.5563835833591], "[160]": [60.19684411635202, 332.39914883791573], "[180]": [45.83042352066132, 113.17646380764529], "[200]": [45.994943475914305, 41.90774176052104], "[220]": [46.4229654005255, 12.012037809382264], "[240]": [44.106045215561, 6.698352768911563], "[260]": [42.18624468062411, 4.9542327589380015], "[280]": [40.32948824620614, 0.9930559330365978]}