{"[20]": [1.0, 1.0000019232466324], "[40]": [33.16438725009185, 4.59634636998193], "[60]": [5.340327063455504, 33.76748325591279], "[80]": [26.067540846175177, 84.03258930736175], "[100]": [1.7418965357293246, 140.99881575205586], "[120]": [127.35796710429213, 340.46589808168346], "[140]": [107.2050960244701, 344.1918655610307], "[160]": [109.15279189617286, 555.017104020576], "[180]": [66.2000904026263, 581.539300620143], "[200]": [287.4137550203586, 509.97011540910535], "[220]": [673.3687613196125, 247.57355957427262], "[240]": [650.9601054331879, 74.85390439434195], "[260]": [71.77956476770805, 149.35202640231546], "[280]": [926.2721525066763, 209.42185355763468]}