{"[20]": [0.0, 2.3861955114991072e-05], "[40]": [1.260280203052604, 19.461436524706293], "[60]": [2.5491340220448317, 5.501654327868684], "[80]": [1.94018800987115, 12.187714074127511], "[100]": [11.509641385534348, 29.506525976386076], "[120]": [48.926933513481295, 121.05226204473765], "[140]": [22.1206925818133, 14.255765391161628], "[160]": [5.155260297545523, 58.9318840421379], "[180]": [54.0704211667321, 178.76553542803643], "[200]": [237.29682365466536, 287.4656995317681], "[220]": [186.25253901754593, 95.21370464156875], "[240]": [444.9930954827181, 32.42275272253186], "[260]": [48.403104881590856, 68.21468389378975], "[280]": [493.88789665159396, 90.47577004770095]}