{"[20]": [5.0, 5.000001923246632], "[40]": [12.08892691551069, 19.858625729079407], "[60]": [3.6404816531284325, 12.903142042303713], "[80]": [4.636850148766868, 18.427095729367082], "[100]": [28.344340103144972, 39.76656271476455], "[120]": [4.867267346781659, 51.87431289821711], "[140]": [37.951588540160344, 92.29635075779714], "[160]": [23.820411148283085, 107.43803002759722], "[180]": [131.52635687483644, 211.34811788006346], "[200]": [169.75773991432425, 186.29343270432105], "[220]": [83.19068818001779, 284.94735917356047], "[240]": [207.56157460095164, 203.5818077860131], "[260]": [1507.5962327144189, 847.4529549843319], "[280]": [2510.7136347200876, 257.9148956664685]}