{"[20]": [1.2683082097918046, 3.3668430460695333], "[40]": [43.349077584889244, 51.86172750836141], "[60]": [626.1348590761759, 894.7713105734128], "[80]": [184.27580571104136, 962.0759417581967], "[100]": [264.8040622923145, 738.6281429480814], "[120]": [392.1489717887089, 628.7173614910907], "[140]": [7884.4172425178185, 6133.545925559429], "[160]": [12494.671388728384, 5452.477154026565], "[180]": [26316.1101974399, 2040.915565891246], "[200]": [9690.450882805626, 282.12307586368934], "[220]": [768.1301933386999, 165.55265564750243], "[240]": [184.1070232050694, 103.49610646961366], "[260]": [495.71657577108726, 8.80122619652542], "[280]": [1328.025499854266, 0.7285703511178134]}