{"[20]": [1.0, 0.9999184300386981], "[40]": [0.45726867621090095, 2.175422792562021], "[60]": [1.8610844795871035, 1.5025189846743876], "[80]": [6.130640305298124, 12.615279402545093], "[100]": [0.6740639334489835, 4.92361586141705], "[120]": [3.296772723654132, 0.6746510021633189], "[140]": [1.0718162846087431, 10.292611629990727], "[160]": [1.4744648874174222, 6.51105983241128], "[180]": [3.4016834266143214, 6.515402233370604], "[200]": [7.841828594129753, 9.505410323488933], "[220]": [8.141823052589485, 25.628086777986912], "[240]": [2.2101654719551367, 64.88527411302105], "[260]": [71.53438387838021, 51.448260445402134], "[280]": [3.714620048877548, 98.17729542359574]}