{"[20]": [0.6345842922495667, 3.364836224855799], "[40]": [0.9874435854211248, 0.6222935527534542], "[60]": [5.500911587501139, 49.164975350549234], "[80]": [142.11381566045634, 245.40663202869814], "[100]": [523.1982759250512, 777.5837502844566], "[120]": [175.61269106844696, 1120.3766094483622], "[140]": [470.93049559629634, 41.07026998461651], "[160]": [453.6925361521013, 291.3442401366742], "[180]": [14.263149394010004, 111.36129783576875], "[200]": [20.721408811010054, 26.678993214869134], "[220]": [18.74829791259391, 13.163361039029473], "[240]": [14.952162348777053, 7.129836954418976], "[260]": [14.631766805396339, 0.6449800029521018], "[280]": [13.720494581654698, 1.93262316526674]}