{"[20]": [3.0, 3.0000019333297634], "[40]": [28.84887829629389, 22.12552347557019], "[60]": [118.15061189654034, 891.1694264191136], "[80]": [2311.2670071653993, 870.2080168552147], "[100]": [3864.737710108351, 216.6261291210085], "[120]": [800.3961889062643, 103.4840466012306], "[140]": [121.72822180997372, 140.72637260702572], "[160]": [251.5119998796991, 76.26293196705905], "[180]": [251.3224393906387, 24.397852470901526], "[200]": [207.17667410277605, 16.803669196048453], "[220]": [187.31186847157147, 0.021948906366601406], "[240]": [182.39136906203737, 3.9976295603305942], "[260]": [206.48300317672135, 0.00024039853925861276], "[280]": [250.54239082895276, 2.0000214237669924]}