{"[20]": [2.086012935307596, 100.63032206819868], "[40]": [42.562902439813364, 26.701505953624945], "[60]": [438.23432279914476, 2857.2995035355852], "[80]": [17080.188443767875, 3721.5763067927915], "[100]": [28566.35409603391, 1064.8753134330354], "[120]": [13994.716833457183, 768.3262795580549], "[140]": [711.9316745923019, 601.9842624230062], "[160]": [926.3058544310737, 425.4906659077688], "[180]": [1034.5819890235864, 150.28042992323952], "[200]": [845.1424778585803, 23.50343177880688], "[220]": [678.1745522775652, 13.559297764774435], "[240]": [616.8864611158551, 1.055250979688447], "[260]": [647.4696599948114, 0.006964384400022404], "[280]": [773.6910513484197, 0.0008778524114770951]}