{"[20]": [0.6341570221504957, 3.744700299766273], "[40]": [8.877218937720695, 8.422923122232994], "[60]": [3.6781937619689415, 62.73375623248313], "[80]": [1.6951974745805956, 171.26477776886816], "[100]": [1.425260212485, 5.082949559387771], "[120]": [16.44070401836484, 22.707095302378775], "[140]": [652.3280721756387, 19.485240237039307], "[160]": [1001.1833832595112, 133.2732728173114], "[180]": [667.4862852318179, 143.13274837839435], "[200]": [201.45438360336846, 74.02447152428192], "[220]": [3.006340046853211, 39.89844254478902], "[240]": [34.51539063692883, 14.180827757219149], "[260]": [36.93544710195201, 9.554352286184265], "[280]": [108.93735912294724, 0.8376473346304847]}