{"[20]": [10.000306399880545, 6.537669521370294], "[40]": [6.2559634262419195, 1.3731787908504316], "[60]": [36.96095267879946, 1601.235971591745], "[80]": [3118.473019873589, 3071.075979332447], "[100]": [810.7665015574112, 345.123322529651], "[120]": [148.32653057791003, 346.5684064038578], "[140]": [249.59802792138703, 122.07298529534472], "[160]": [195.19279889492947, 19.30051194191735], "[180]": [151.29221336204247, 5.212045048579185], "[200]": [115.49888773816902, 1.1855286687491067], "[220]": [96.31907084768888, 0.02574657066688013], "[240]": [94.42597348048591, 0.002220290361711874], "[260]": [106.05875108426822, 0.0001660619604939653], "[280]": [127.4990624553651, 1.6353262929861068e-05]}