{"[20]": [3263.621826579558, 20.25098744895083], "[40]": [19.885083427476214, 37.05257163102227], "[60]": [298.83428162201386, 3497.0071577019567], "[80]": [27876.572706753574, 3418.1845642029934], "[100]": [11944.121906008726, 1106.9717931982848], "[120]": [738.2722333888191, 1162.387193242743], "[140]": [441.7246889613446, 192.1844689008557], "[160]": [257.2388528171089, 86.71059932670323], "[180]": [207.53209263464242, 19.16086000876938], "[200]": [193.59179566092664, 4.284999943417461], "[220]": [183.89310385692946, 0.8888267984564273], "[240]": [176.0443427921112, 1.9931744829895677], "[260]": [169.96347211510704, 0.0022548841551192377], "[280]": [166.5575606942923, 0.9999331282905749]}