{"[20]": [3.0, 2.999998574761777], "[40]": [2.89855774675631, 13.44927566114009], "[60]": [40.288053455845954, 781.5036012865462], "[80]": [907.0811025565567, 3102.491953350416], "[100]": [726.0190260390235, 92.07199641600319], "[120]": [304.3453443005912, 426.70056040465084], "[140]": [43.04280388222251, 90.85421989453671], "[160]": [43.23386359351854, 14.910376696970854], "[180]": [40.01931398193502, 5.122399193327282], "[200]": [37.34616397398788, 1.6892351497937097], "[220]": [34.99455562344948, 0.9713153421259287], "[240]": [33.62528652445843, 0.0027402833927386537], "[260]": [32.78004165981214, 0.0003024714954578707], "[280]": [32.37577682218103, 0.00012062402296078169]}