{"[20]": [4.526315789473674, 0.9059540214133097], "[40]": [4.351437316564386, 14.26677566404991], "[60]": [88.20449105480833, 145.06894229814026], "[80]": [34.48230229859422, 93.9011385038163], "[100]": [47.82276916868898, 57.16486840572577], "[120]": [2.4615427565007053, 70.9069964950479], "[140]": [295.961673024206, 1192.6395430018936], "[160]": [3033.9342519350976, 958.3887758732417], "[180]": [6929.880600030672, 663.8304951436457], "[200]": [3115.3027160471283, 241.4641239544153], "[220]": [319.2045419356077, 16.197694547840342], "[240]": [2.598558918134728, 15.286590374128515], "[260]": [58.152558248006, 0.3286144392725481], "[280]": [162.57250831152513, 0.7027553277071066]}