{"[20]": [1.0], "[40]": [1.0766190091354146], "[60]": [0.6467221047671144], "[80]": [0.7414023796646012], "[100]": [58.47437592297123], "[120]": [180.7914313713597], "[140]": [239.23820842029906], "[160]": [37.58252449483641], "[180]": [11.245461328556114], "[200]": [10.009850213569155], "[220]": [9.637864426218986], "[240]": [9.255344526207882], "[260]": [9.005883763795588], "[280]": [8.87710771843558]}