{"[20]": [1.9149333929756283, 1.3570214072462905], "[40]": [27.05032707371884, 11.05001741267364], "[60]": [207.18464963546978, 167.31149043642375], "[80]": [1.1017176255716095, 406.33352119114875], "[100]": [160.90031056945622, 409.5269335750104], "[120]": [199.7559211421035, 2.2553132142302275], "[140]": [2295.755720656234, 1441.5945416192108], "[160]": [1567.1345238984359, 2208.752807680503], "[180]": [1733.8825710565416, 112.7593139060773], "[200]": [809.2142904326477, 94.49316340581208], "[220]": [277.91316821205305, 3.1766545658272207], "[240]": [50.967470557921885, 20.82345792234969], "[260]": [65.0277118058552, 6.145203341164315], "[280]": [190.2305196678738, 1.7149973865646988]}