{"[20]": [0.9473684210526317, 3.744700299766273], "[40]": [13.747384510413355, 14.734542636731192], "[60]": [60.49611769001626, 213.3016833825966], "[80]": [38.407529693333345, 1379.1809793608627], "[100]": [3872.653576651781, 1301.3744175731645], "[120]": [4977.008120482349, 333.97908392385216], "[140]": [1107.379983097418, 151.06140008087823], "[160]": [230.5412348262156, 53.86461192683396], "[180]": [138.14027315941257, 40.77592210025307], "[200]": [350.926588140602, 19.815633986124183], "[220]": [362.3378030483872, 12.381894204349834], "[240]": [323.9615359021227, 14.908745868153794], "[260]": [300.5687628361624, 5.013471182358089], "[280]": [274.4787131414286, 9.001988629641325]}