{"[20]": [2.2685751596015487, 13.285078132163303], "[40]": [82.30239382942591, 33.928531672661855], "[60]": [38.77768582645798, 1096.500487341796], "[80]": [2264.8420348755944, 5225.862670322804], "[100]": [6323.511839872002, 1721.4296824818025], "[120]": [6340.682923534364, 604.1817783806745], "[140]": [3921.6949130656353, 281.1419451914563], "[160]": [140.71072889768223, 142.80968407155444], "[180]": [131.1256736461905, 66.01202594705347], "[200]": [288.8390628086774, 39.75050261049176], "[220]": [343.9134527954748, 14.702501762554453], "[240]": [292.0778408778418, 0.96066157852017], "[260]": [276.6328429677873, 7.005153320780731], "[280]": [238.11341909816272, 5.999312157104448]}