{"[20]": [7.422727924241726, 9.14352711507211], "[40]": [42.50245225759889, 68.91806146405406], "[60]": [21.51479014768256, 1754.7976208149573], "[80]": [201.00765094282542, 17863.377263317965], "[100]": [4504.668341430588, 1927.7977398727671], "[120]": [32.05894310537042, 1685.1866203811187], "[140]": [415.2076650827462, 468.0854883841989], "[160]": [355.9113218601535, 129.64062740476322], "[180]": [292.6710751549825, 37.71635903972938], "[200]": [225.2723008006964, 12.774361656041755], "[220]": [192.10821365601282, 1.6981839135418255], "[240]": [189.50922544997536, 0.978951111867356], "[260]": [211.59816088934278, 0.0045255759214085645], "[280]": [255.14230705261227, 8.612761716229617e-05]}