{"[20]": [0.9380601732163742, 55.72281014282773], "[40]": [4.686497224004094, 10.341594357501087], "[60]": [238.74680369868562, 896.491252357208], "[80]": [842.5365260933206, 5815.665934655071], "[100]": [8535.08841273171, 5747.40327481042], "[120]": [17844.83926127684, 1019.8877029955058], "[140]": [8821.824217026115, 773.2798328594489], "[160]": [305.998725377514, 393.6531620576229], "[180]": [300.54874566859723, 158.8716117574004], "[200]": [673.691220846304, 66.76641522504515], "[220]": [722.1254733978102, 37.920905796860225], "[240]": [621.689085426068, 1.6964502188609003], "[260]": [585.6211674198822, 3.043959079356335], "[280]": [535.8620947892516, 1.0064196758917299]}