{"[20]": [0.0, 1.0490286287641973e-06], "[40]": [6.887173203138887, 7.407577055714152], "[60]": [9.132298199433341, 24.740931771258044], "[80]": [38.13792270760149, 233.56342298172623], "[100]": [7.5823230974804305, 664.3216251888751], "[120]": [1248.9038704215727, 411.68560959862117], "[140]": [1424.3682232608105, 94.70762674904324], "[160]": [103.55981182166714, 80.34589491774477], "[180]": [49.8596232242511, 50.35551190844393], "[200]": [79.18618333631333, 3.0205960784870745], "[220]": [75.81371774118136, 6.281981859368602], "[240]": [68.80000172891513, 1.4815294773193495], "[260]": [60.69345618522552, 0.9133560362851323], "[280]": [55.08987934792258, 0.0153464413041388]}