{"[20]": [3.4232793237731407, 3.3700883683473073], "[40]": [11.57186749677415, 6.1265642176844075], "[60]": [14.805976203849823, 9.1259541442991], "[80]": [16.285759252444436, 35.03431513999453], "[100]": [4.835500251311288, 48.883225018461815], "[120]": [20.003056185913067, 95.57092075802234], "[140]": [74.48005733623415, 186.87025538597481], "[160]": [62.63654385350537, 219.38853973144148], "[180]": [74.24996719355977, 367.8167262777715], "[200]": [325.56053771953566, 590.3079825238724], "[220]": [28.332791012458983, 509.0075282783946], "[240]": [517.8912860642358, 127.84726277873051], "[260]": [1405.3352802725403, 406.40780857676145], "[280]": [1031.8749373126002, 313.82792193792557]}