{"[20]": [5.000000000000003, 0.42371982833282384], "[40]": [10.785278109588926, 2.908676320646123], "[60]": [11.214536202100902, 86.8198549221782], "[80]": [25.667859420597438, 57.802946083757234], "[100]": [34.38694770009431, 24.80863630798723], "[120]": [11.883777171582437, 32.63438216210233], "[140]": [414.1756051001361, 440.00849037323735], "[160]": [464.8461096937135, 1207.8413215175906], "[180]": [4402.938293257179, 135.10919676995218], "[200]": [3953.4617742426053, 386.50707207125106], "[220]": [642.5968698367587, 42.88189244240937], "[240]": [80.18069653428486, 24.899183012644215], "[260]": [427.7435146340209, 7.221202625627065], "[280]": [341.1360051689637, 2.1172221229641286]}