{"[20]": [13.40782919636949, 1.5046805952892406], "[40]": [6.106304644117358, 25.34425417969976], "[60]": [52.27874191563478, 1917.685296873663], "[80]": [2835.59770870952, 9694.840585337352], "[100]": [7323.695100818382, 9918.99627377277], "[120]": [14631.06191646064, 563.4143546041159], "[140]": [8542.284396648265, 1430.7418783292796], "[160]": [523.6800016456982, 649.907769670559], "[180]": [545.5279806170015, 279.19600631507785], "[200]": [631.3271160374593, 78.51557419193472], "[220]": [590.0704874137774, 24.0668664804611], "[240]": [581.3536126856168, 13.722977062607619], "[260]": [529.3450116700537, 2.960304440947837], "[280]": [478.8457083140062, 3.9943119315213362]}