{"[20]": [1.0, 0.9999988315983426], "[40]": [29.003529463182836, 16.878230986604393], "[60]": [3.460921671266457, 31.986719696241448], "[80]": [10.841736061490057, 74.87818333164984], "[100]": [75.07797284156514, 102.09484476532832], "[120]": [178.8217611500229, 341.4994268194831], "[140]": [92.15530016106368, 66.09166084953145], "[160]": [63.540107752437784, 166.53405362695827], "[180]": [17.94880686865544, 536.7118000147381], "[200]": [11.01411049015564, 221.84184008583262], "[220]": [604.8440922491512, 113.44416843503886], "[240]": [176.27091097030745, 56.304878252773854], "[260]": [280.2251241500992, 124.85887926957173], "[280]": [330.6628352408498, 175.0517752875558]}