{"[20]": [3.20925959403502, 3.745639043375972], "[40]": [2.2202870415032194, 11.189958878959374], "[60]": [3.7971145370991053, 277.98027951460347], "[80]": [175.94218399825058, 1765.9363587353191], "[100]": [3498.7851642688256, 3323.4014500998746], "[120]": [7426.526128676836, 1363.8897238622922], "[140]": [5433.381939632038, 565.2470819064492], "[160]": [1027.2733867005809, 404.79483691682526], "[180]": [302.67357027873925, 213.72915908192908], "[200]": [594.6710534933266, 56.149682118973715], "[220]": [581.2451947002129, 32.58668588883317], "[240]": [538.8762498911449, 11.109518242182332], "[260]": [491.5493512518408, 1.853559966622063], "[280]": [442.8075422001823, 3.9759189509723374]}