{"[20]": [2.7342328873046005, 7.9410057617833445], "[40]": [7.529182282103636, 1.2396263438936774], "[60]": [41.97508207119369, 26.164342735019112], "[80]": [25.650353131392215, 4.384391015771845], "[100]": [6.864534288371513, 1.752130127271559], "[120]": [5.8758479028899915, 7.789674330520468], "[140]": [162.87571327530011, 132.97677963042403], "[160]": [294.2969076784304, 711.0181471165066], "[180]": [1614.353828626605, 502.25142871860584], "[200]": [1218.8676495505583, 169.5865242178167], "[220]": [429.6520046203496, 12.577175128168163], "[240]": [20.386609858360163, 7.817442865841715], "[260]": [17.573051584279778, 4.868453012750254], "[280]": [18.019670527425056, 0.21527941399317105]}