{"[20]": [1.5543122344752192e-15, 3.3570214072462905], "[40]": [2.712566886199806, 0.6947829931658447], "[60]": [93.37153840060569, 96.39352794880708], "[80]": [33.8284911529899, 192.1498806319961], "[100]": [64.24843691040837, 77.43845635411833], "[120]": [80.08363460407918, 59.28769314569786], "[140]": [972.4417472227515, 166.91927748324724], "[160]": [1284.6638427996231, 453.64439425892033], "[180]": [878.5416548114354, 105.93620686110467], "[200]": [197.7042929418684, 10.307801336646321], "[220]": [64.35582915704364, 6.89838869255567], "[240]": [32.458789675566294, 15.572163225044392], "[260]": [20.9122637263052, 5.02832092345664], "[280]": [64.97846365604265, 1.8841609043150402]}