{"[20]": [0.9999999999999973, 13.58521212499545], "[40]": [17.45679069376893, 21.63361326186601], "[60]": [31.44794457826538, 644.4070233867221], "[80]": [1681.7198951163118, 1013.9075385820224], "[100]": [1760.2651940588075, 374.66877033881974], "[120]": [700.2389937526584, 113.85306372020898], "[140]": [106.50870615658414, 5.841525216361148], "[160]": [52.16666851986525, 9.903489485441035], "[180]": [34.42952354114508, 4.9338980431140875], "[200]": [27.568959425934466, 0.12457469080515557], "[220]": [23.174767687249116, 0.014550310635988523], "[240]": [20.973573880867235, 0.001699371790959416], "[260]": [22.697421750293312, 0.00019847280883135193], "[280]": [25.853405007706286, 2.317950473895934e-05]}