{"[20]": [1.8965888369503894], "[40]": [3.682324137731655], "[60]": [120.5114655249049], "[80]": [33.07009577457393], "[100]": [61.65599176093474], "[120]": [70.81439230322758], "[140]": [438.5372567366394], "[160]": [724.350229106567], "[180]": [2099.9714434589623], "[200]": [923.361634658404], "[220]": [245.11589019467488], "[240]": [28.863321567631033], "[260]": [63.12792808736208], "[280]": [83.72676417027859]}