{"[20]": [2.9326902694172374, 3.745639043375972], "[40]": [17.82334984288244, 11.189958878959374], "[60]": [48.72423344192157, 230.9802795146035], "[80]": [91.41549898267681, 265.0849324458836], "[100]": [49.098265593021324, 135.61072363933886], "[120]": [29.794860740718377, 138.5381669496877], "[140]": [769.8617205728015, 939.8702327081053], "[160]": [1955.662409133769, 2783.284805805997], "[180]": [5720.962768169331, 148.60737981603597], "[200]": [3343.044368713612, 703.2172886801673], "[220]": [257.8433863985606, 89.01231255190487], "[240]": [91.94623767034051, 142.95472388570738], "[260]": [231.84339640089598, 38.53163954891107], "[280]": [692.8911735196706, 2.6559238753310295]}