{"[20]": [5.0, 9.585990284825792], "[40]": [6.432117246230106, 3.902597407188125], "[60]": [76.76987771719905, 1191.0451063147823], "[80]": [5110.88351226825, 1897.7824558923458], "[100]": [8295.14078685335, 623.7696774433261], "[120]": [3821.1193939733384, 111.55173768070699], "[140]": [472.5349942375574, 32.832241007410346], "[160]": [41.85504265345253, 16.67475986374066], "[180]": [81.15872944265125, 5.59330298910298], "[200]": [65.91562151527054, 0.7159411224164756], "[220]": [52.582432719843595, 0.03351127529536894], "[240]": [47.33406722362603, 0.003953166577990888], "[260]": [50.43005186211397, 0.0004663324422301199], "[280]": [60.04140848971163, 5.500918025002357e-05]}