{"[20]": [1.7653487350339665, 45.62211295155179], "[40]": [7.705357413867432, 19.464285216774556], "[60]": [583.6302316653605, 383.26397096360245], "[80]": [149.09999492892985, 716.9472650421524], "[100]": [170.57180309411706, 586.2071042146677], "[120]": [32.201397756307415, 43.16489442783404], "[140]": [6261.55087116978, 9021.651211488199], "[160]": [10948.778083494573, 3022.745995944584], "[180]": [22145.908462325802, 1605.4347560581336], "[200]": [8568.862794445751, 228.82057943499967], "[220]": [248.23557918194092, 97.83207394875308], "[240]": [427.4252744273849, 147.44485736438213], "[260]": [404.9788743889319, 16.85000446276438], "[280]": [1292.0130089467402, 1.2611021903008002]}