{"[20]": [0.0], "[40]": [3.043695510156695], "[60]": [54.47523396550514], "[80]": [1289.0936150337548], "[100]": [7993.535255555791], "[120]": [2759.5523554787233], "[140]": [206.90025911246562], "[160]": [560.6672916118249], "[180]": [459.44415607394893], "[200]": [370.64167302102237], "[220]": [310.05036657299866], "[240]": [300.45753087209675], "[260]": [336.4666141685054], "[280]": [403.5774694376379]}