{"[20]": [1.697170578735941, 1.5589130432780653], "[40]": [11.60351071948942, 49.770400791690996], "[60]": [59.367694612639326, 2965.7627404053624], "[80]": [1124.7683004933265, 3548.848461615917], "[100]": [6496.531640964123, 978.7262264703867], "[120]": [348.2816375319995, 526.7457042928863], "[140]": [124.34691833346864, 236.32500089952765], "[160]": [128.8143845599954, 62.10681688280432], "[180]": [122.12892304928864, 27.991803515358622], "[200]": [113.03167660430326, 6.696752228735227], "[220]": [106.26627110683975, 1.9557242815034648], "[240]": [101.8352248717106, 0.0077682927574654], "[260]": [99.51481417506506, 0.00032620860858871055], "[280]": [99.79563445433429, 0.00010310999697833849]}