{"[20]": [23.098227295388355, 19.642655827870573], "[40]": [88.44800372938167, 85.33238771665162], "[60]": [944.7160579830521, 9387.58132125552], "[80]": [14245.121409849486, 15936.923121302803], "[100]": [417.5430086626897, 2289.5686657063884], "[120]": [1187.624061377208, 1851.79285149609], "[140]": [543.6960142017626, 712.8031024133414], "[160]": [349.9267911070755, 197.15151751392304], "[180]": [297.5056429293671, 48.46755266875662], "[200]": [275.97276762371837, 19.632506938678013], "[220]": [258.4650954691741, 1.946593397913343], "[240]": [248.49677254632127, 1.9921173023191823], "[260]": [243.1100036873829, 0.9995782423649267], "[280]": [241.70094135119055, 2.1488815389302463e-05]}