{"[20]": [4.670141157201717, 10.860650575305236], "[40]": [2.336337952187016, 1.3448281992852174], "[60]": [2.7038390603512994, 20.757003226395533], "[80]": [0.8072118408103819, 15.51164689309401], "[100]": [5.367127015643334, 18.51297195175303], "[120]": [10.545521121320775, 45.88327514711989], "[140]": [0.6371552736951003, 90.13804622416635], "[160]": [35.00805501909349, 89.10736232913717], "[180]": [85.9249370105291, 268.848041117771], "[200]": [78.89722906595125, 478.1738138586493], "[220]": [46.60840339379138, 1393.5410924590024], "[240]": [606.5357947954362, 1392.047574783428], "[260]": [1306.7882406765748, 2507.991643354344], "[280]": [238.44532769465695, 3458.9999999014763]}