{"[20]": [1.0], "[40]": [11.075741445624795], "[60]": [5.1246272427042445], "[80]": [4.6279196693876505], "[100]": [701.7614314100106], "[120]": [2700.9924846900617], "[140]": [2111.594904513259], "[160]": [312.1157664482034], "[180]": [120.62606361093994], "[200]": [183.54783411278572], "[220]": [184.81357357178678], "[240]": [164.90511122156738], "[260]": [148.04182135287243], "[280]": [133.3572779345531]}