{"[20]": [3.8692617937024436], "[40]": [1.0208648140622911], "[60]": [340.7830032109212], "[80]": [1467.4409796292236], "[100]": [224.8425664725646], "[120]": [429.31545443528677], "[140]": [139.57803114902268], "[160]": [58.33504874337811], "[180]": [38.930214087875534], "[200]": [37.48225511815057], "[220]": [35.92885034405774], "[240]": [34.425360495140005], "[260]": [33.77451227947558], "[280]": [33.39466775515253]}