{"[20]": [2.720582477925889, Infinity], "[40]": [1.39002349492156, 4.193030102305488], "[60]": [13.098417690437037, 1.8199867034370738], "[80]": [0.9408024551303403, 7.558215336016998], "[100]": [0.8684043355377378, 1.4506116229643624], "[120]": [0.9346171688841195, 0.25052909318239064], "[140]": [0.7145248752882902, 12.702768123897846], "[160]": [1.6875104218727233, 18.12339952157439], "[180]": [8.847885629973266, 27.833143343242906], "[200]": [5.085252967129381, 39.414992446017436], "[220]": [49.98041987929078, 64.08373722809972], "[240]": [148.2912731712573, 77.78155056870786], "[260]": [79.6343605496808, 75.82705528481469], "[280]": [286.82830883370445, 654.9999997531869]}