{"[20]": [1.0, 1.0000019232466324], "[40]": [1.4951580401272153, 1.787658628643534], "[60]": [0.6751921666078156, 1.3242678130227024], "[80]": [1.7413275269746538, 0.4935875202853697], "[100]": [3.433795564608749, 4.830081068968988], "[120]": [1.263396870952823, 1.0207362298207894], "[140]": [0.9356591502014124, 0.007125838109739213], "[160]": [0.5677856081214001, 0.6067646919144414], "[180]": [0.070615076619307, 1.1752597864041903], "[200]": [0.5897551521001557, 0.0394013214167737], "[220]": [0.7027285876888341, 0.010584989211704254], "[240]": [1.2890159450576366, 0.9968521502712049], "[260]": [11.130006048083562, 14.000840338359232], "[280]": [1.7498215848212055, 10.000273713544217]}