{"[20]": [0.11827957798679263], "[40]": [1.0312419011698082], "[60]": [400.3062363670504], "[80]": [448.84445820991414], "[100]": [42.62499242745725], "[120]": [15.615351082257398], "[140]": [2294.3432789426383], "[160]": [1486.1989501412227], "[180]": [8831.677399890066], "[200]": [2313.2249914577083], "[220]": [212.3682667308727], "[240]": [226.43495881425105], "[260]": [504.8852149722866], "[280]": [691.2708930892416]}