{"[20]": [0.0, 1.0490286287641973e-06], "[40]": [0.45991858007231334, 1.3680173042848742], "[60]": [3.117672639791154, 1.6292216317323873], "[80]": [1.0189961710399884, 16.983320643041523], "[100]": [44.953285846450214, 61.450326809737874], "[120]": [39.30807855126651, 113.33555809477315], "[140]": [158.58391988951212, 184.24455180789363], "[160]": [75.70802896582757, 381.189217089238], "[180]": [542.0163096840532, 259.9134940094401], "[200]": [912.3642812660736, 56.972674642737886], "[220]": [273.64211311677207, 57.7149303661377], "[240]": [440.2313922057189, 94.85114401820208], "[260]": [16.56958188189669, 12.436070089633043], "[280]": [31.442471663799516, 20.871716712492038]}