{"[20]": [0.3501723181778413, 5.974988990625828], "[40]": [18.05613587313703, 9.878559443514973], "[60]": [43.79227304081294, 441.3609076865171], "[80]": [257.26722405534895, 1778.250473025885], "[100]": [6032.718208709793, 707.6764154192912], "[120]": [1592.1370294095057, 536.616323739371], "[140]": [122.01074003442271, 50.514552458193066], "[160]": [187.16107649447684, 91.80863824438063], "[180]": [165.65137112149196, 33.46035244420891], "[200]": [142.9358490755094, 8.260193688070046], "[220]": [128.30672345762167, 2.9325114327014377], "[240]": [122.9945531523284, 0.027748694600807113], "[260]": [126.99165288150826, 0.001861515970624136], "[280]": [139.78843509189286, 0.0004855851789468057]}