{"[20]": [1.54286809676357, 15.385820583221626], "[40]": [15.017945916516624, 6.190419780228922], "[60]": [229.56169268919757, 504.7257000870345], "[80]": [11.338367091325836, 811.6893615212973], "[100]": [103.54443566361351, 445.9118615023217], "[120]": [498.78248606754914, 586.5168753604385], "[140]": [5057.616399005867, 4245.6141262500605], "[160]": [9039.73278864081, 1876.8873799121902], "[180]": [4913.151813657631, 0.991637205895131], "[200]": [486.571399906206, 31.93828058947338], "[220]": [202.5772002838877, 74.38010562627073], "[240]": [124.81855340507278, 64.34644830782958], "[260]": [181.00590921726604, 15.519214026860269], "[280]": [111.98887378389469, 1.3150784492921885]}