{"[20]": [0.0, 1.3556092060802985e-05], "[40]": [8.943089052779184, 16.936900006159593], "[60]": [64.03587230460863, 294.6657540881667], "[80]": [1193.117384521069, 1424.0483133668663], "[100]": [13139.817300350865, 810.998157377858], "[120]": [7946.88726166727, 996.930084940289], "[140]": [367.60649011582814, 24.563174923157693], "[160]": [438.2877331668185, 74.47094753243775], "[180]": [436.8712259463959, 23.77416217596898], "[200]": [378.911720548078, 3.4335167670039954], "[220]": [315.4147261581851, 3.538187807233036], "[240]": [291.3610906137727, 0.0591325701940712], "[260]": [303.06939411724596, 0.0075686386419617935], "[280]": [291.6802344638971, 0.0009659893506373956]}