{"[20]": [4.294233077868825, 2.9230589781527416], "[40]": [13.29280222575, 1.8104309908668514], "[60]": [42.921360028878915, 88.12833604564995], "[80]": [5.587837072872809, 67.26046444980162], "[100]": [8.742983465589942, 13.703570289108587], "[120]": [3.633509392617153, 26.20462108149839], "[140]": [378.69270517902254, 409.5188860673904], "[160]": [841.2022967295658, 154.24841727385902], "[180]": [2457.4232796065817, 31.905037432451298], "[200]": [676.7545182764595, 348.9620190776567], "[220]": [51.95202023982278, 51.399232120333735], "[240]": [36.56964219508006, 23.649468828132946], "[260]": [26.13457288774177, 5.68587172261386], "[280]": [43.033753444953774, 1.6918840931656327]}