{"[20]": [3.055974190701784, 15.385584241249457], "[40]": [0.8877122763317686, 6.190419780228922], "[60]": [354.0383012256175, 1775.1298971660044], "[80]": [4175.3642030345545, 6039.372289524777], "[100]": [3596.8194927424884, 972.1778772351099], "[120]": [11380.567066534455, 495.6837017242633], "[140]": [3451.389811590996, 340.4259071508293], "[160]": [638.6727500238878, 139.3884414876286], "[180]": [20.795508712534712, 74.58748279576054], "[200]": [235.14218797447074, 34.679409531398534], "[220]": [298.50709835125815, 13.832659606551275], "[240]": [258.88361435987883, 2.0212021792566333], "[260]": [241.71389229598856, 11.002686312686691], "[280]": [208.3025665720196, 16.000340350432225]}