{"[20]": [2.9473684210526314, 1.7448283905118736], "[40]": [1.782291355692326, 5.088950613558566], "[60]": [14.494599010257033, 2.628556353983697], "[80]": [0.8651884774692711, 7.924615040949879], "[100]": [0.4970532837388504, 1.768595090201039], "[120]": [0.04768398248712913, 0.6621629262338331], "[140]": [3.328970454475723, 15.34801095946662], "[160]": [1.2726216049671848, 18.82547824879186], "[180]": [21.43259045465416, 28.76470549510512], "[200]": [42.40110423129687, 48.41149619685788], "[220]": [76.06011729822177, 102.14581732668881], "[240]": [154.6167453045698, 142.818878430925], "[260]": [114.23251529865183, 122.30430498153873], "[280]": [256.6572748717099, 170.78080260110073]}