{"[20]": [1.2855807261517995], "[40]": [1.6834427256320623], "[60]": [19.586032425853546], "[80]": [10.466490103820036], "[100]": [8.818081939092394], "[120]": [7.743677635593372], "[140]": [164.42423200342182], "[160]": [369.06570489740625], "[180]": [287.1351035674361], "[200]": [386.7537774185289], "[220]": [71.90347277300941], "[240]": [6.57610194147496], "[260]": [15.565749148040169], "[280]": [24.79102737004429]}