{"[20]": [2.161876046737793, 3.1311397668615735], "[40]": [12.957238089161542, 1.9067746061857658], "[60]": [48.75635636509911, 175.99378745454743], "[80]": [2129.9257858019237, 1123.7911514016653], "[100]": [778.1746406047301, 2176.4365474333977], "[120]": [272.9139078944477, 386.69727833028116], "[140]": [442.07630211378967, 337.56204238980644], "[160]": [117.06639171631085, 171.0956600908612], "[180]": [26.58494853752403, 54.012600267949864], "[200]": [26.423274885181307, 14.171176059133478], "[220]": [25.6545453981781, 4.4517975312288245], "[240]": [25.58099368821689, 2.756385773972974], "[260]": [24.186024225725355, 2.9616720252331055], "[280]": [22.688680812616504, 2.993969853571841]}