{"[20]": [1.5543122344752192e-15, 4.635878351477516], "[40]": [9.843377733879048, 2.9094731311428035], "[60]": [43.189404621934614, 464.43898706845533], "[80]": [1978.3937042587313, 956.3428409723856], "[100]": [7404.362081036361, 437.88445629974376], "[120]": [5849.724915174904, 477.7887386360162], "[140]": [549.6761041937402, 51.65704321378439], "[160]": [789.3525021796881, 64.25283066604766], "[180]": [622.720264857468, 30.010766741599014], "[200]": [535.9838619116351, 7.411778842358855], "[220]": [400.00890548715796, 2.7898730055841248], "[240]": [387.3101140253362, 0.027795466928742782], "[260]": [384.60037197847237, 0.0036766737613492546], "[280]": [498.8729595787813, 0.00048633386055567406]}