{"[20]": [0.2701383062764009, 4.622132679511882], "[40]": [8.85703405010031, 47.857959824567104], "[60]": [115.55983753505916, 3105.828337030266], "[80]": [6175.6330800344, 12142.378590931025], "[100]": [20978.618676382364, 960.4245882381801], "[120]": [5502.638410805033, 1948.1647193955068], "[140]": [704.8304586662125, 1186.275598608523], "[160]": [1276.1702801097795, 594.6585142630429], "[180]": [1206.0605751536166, 172.31399544920941], "[200]": [979.5658275234499, 55.61457407947796], "[220]": [835.4870252026365, 14.852056392002531], "[240]": [816.3746140788592, 2.976970081050494], "[260]": [917.3846073475866, 0.9982984622548443], "[280]": [1100.0802592330097, 8.826543471029957e-05]}