{"[20]": [8.0, 8.000001657503201], "[40]": [48.329293479266624, 44.71737372003514], "[60]": [262.3294293661329, 2902.539036952574], "[80]": [11311.14054920587, 4757.380837675599], "[100]": [25174.981417470655, 1790.6810097337147], "[120]": [12844.75779855805, 713.4268941998907], "[140]": [303.71477847367805, 272.2335255289581], "[160]": [1710.4303922034323, 104.09999220447651], "[180]": [1507.5473782786155, 23.88109487861172], "[200]": [1242.7239727619121, 8.148173425224378], "[220]": [939.0714263093279, 0.2266750236212598], "[240]": [829.8278820810826, 0.027743960949563058], "[260]": [942.1916666183117, 0.003395691912814269], "[280]": [907.6372556293661, 0.0004156091674757718]}