{"[20]": [0.0], "[40]": [7.103504592107227], "[60]": [1.2764976856039167], "[80]": [1370.0552793077381], "[100]": [3972.891406170275], "[120]": [739.2497727850333], "[140]": [104.35157208274177], "[160]": [147.31156214804693], "[180]": [136.32384815787051], "[200]": [120.13231288921001], "[220]": [106.98997346556754], "[240]": [103.58322037642972], "[260]": [109.35052378189145], "[280]": [123.65839623139665]}