{"[20]": [0.11280809902703041, 40.12817823006486], "[40]": [2.9631926912080946, 10.202591467016692], "[60]": [114.46917044176145, 423.35002704460084], "[80]": [1374.5472568178416, 1514.8062585845157], "[100]": [7863.780186933607, 19.50846010670441], "[120]": [3347.183529359953, 508.1014273497308], "[140]": [168.19129454494836, 80.79166336218253], "[160]": [288.1849175252923, 55.31367748361132], "[180]": [286.17263789454313, 11.452102606017524], "[200]": [228.72684031597814, 4.473881039600907], "[220]": [185.60393562417048, 1.200903701112925], "[240]": [169.9525369174581, 0.9734313285350072], "[260]": [180.0880080695344, 0.003498631319716509], "[280]": [173.4165350063188, 0.0004615772617756749]}