{"[20]": [1.0], "[40]": [29.032616016836226], "[60]": [1.3124278083510585], "[80]": [2.072586451201658], "[100]": [2.6517217651640497], "[120]": [151.05007618745213], "[140]": [106.47246425122513], "[160]": [370.5900606946684], "[180]": [530.5787695733646], "[200]": [418.20338511688436], "[220]": [339.0659454142097], "[240]": [156.82403622459464], "[260]": [45.60575109368479], "[280]": [23.546012042005735]}