{"[20]": [6.340871507262545], "[40]": [2.895338190493163], "[60]": [5.056396500175083], "[80]": [30.977081554865435], "[100]": [39.860625309316674], "[120]": [920.4105221182908], "[140]": [863.8169066278906], "[160]": [102.595161260341], "[180]": [47.22092342218025], "[200]": [100.27902186706262], "[220]": [106.65402974496155], "[240]": [94.49531873144585], "[260]": [89.81939317621713], "[280]": [82.96724301660093]}