{"[20]": [2.0, 2.000001049028629], "[40]": [0.9681266382119965, 2.33266704932859], "[60]": [5.0552582661184, 24.939031352427012], "[80]": [16.22219712067774, 100.57753521528848], "[100]": [42.35915482952223, 324.6488273769166], "[120]": [91.80008045041312, 917.2201878945267], "[140]": [251.57156974361988, 1813.8425249420777], "[160]": [251.507340068365, 1143.029737563372], "[180]": [2557.6866771744126, 272.7085204090506], "[200]": [2032.223461191509, 195.20623681647083], "[220]": [688.0182627706714, 157.18725313879048], "[240]": [145.30208532981743, 97.38471904270908], "[260]": [23.183214547982892, 47.94540812659263], "[280]": [29.859724417450707, 29.537527609937317]}