{"[20]": [1.0, 0.999964413449158], "[40]": [0.6184379972468909, 0.4739493060636328], "[60]": [1.761706730265702, 1.062380245055757], "[80]": [0.20020044680211668, 0.7641063081415191], "[100]": [0.33786951218445677, 0.9641166497531558], "[120]": [0.20454159299882854, 0.002892719481821948], "[140]": [0.17095630220470848, 0.000251503637211539], "[160]": [0.13792474100246072, 2.3504969714099506e-05], "[180]": [0.12653413364143848, 2.417195595945549e-06], "[200]": [0.11698289351777562, 2.551405433355769e-07], "[220]": [0.11064074479239626, 2.6049078377585406e-08], "[240]": [0.10435273033682779, 2.682429498197819e-09], "[260]": [0.10262637477807743, 2.634998412845136e-10], "[280]": [0.09798265402082347, 2.3810460433899135e-11]}