{"[20]": [4.526315789473672, 0.9059540214133097], "[40]": [4.405913196220993, 14.26677566404991], "[60]": [64.50664608466371, 159.6369791220813], "[80]": [32.48188452936188, 168.41646699544413], "[100]": [21.989707961674185, 79.53839916611514], "[120]": [8.476324230609634, 56.04595878937181], "[140]": [107.33371851187712, 1707.7618091617305], "[160]": [1822.3993619309476, 1559.692614740421], "[180]": [5806.3376181923195, 675.4476902625265], "[200]": [3365.9836360567824, 209.03961230629739], "[220]": [170.1495000892926, 11.738601426764092], "[240]": [138.97270326401159, 25.681641255474304], "[260]": [200.96732137474964, 2.7433243313559856], "[280]": [531.1954001372582, 3.0952807678901495]}