{"[20]": [1.0, 1.0000016280145343], "[40]": [0.32775154451732647, 0.1328017253072602], "[60]": [1.7887351818198045, 1.7163620089002176], "[80]": [10.222015430725108, 12.918254205254428], "[100]": [3.570606273345021, 7.000024840905297], "[120]": [4.569731026567666, 0.4296826179660549], "[140]": [3.4795883988091916, 11.12549510902631], "[160]": [3.352339294484402, 7.467839016951999], "[180]": [4.203622729680333, 8.658079949313915], "[200]": [7.315755589765672, 19.526111581569836], "[220]": [24.65690224502447, 44.13134678902418], "[240]": [50.98627793799358, 128.35414826190527], "[260]": [49.18806160693839, 22.616493174176867], "[280]": [32.349270473002434, 119.05358151505106]}