{"[20]": [72.07239326778658, 81.55547465393819], "[40]": [194.42716218395205, 52.379801577383816], "[60]": [907.0211166986055, 4651.5500724408075], "[80]": [17408.285746158494, 1393.6885022194424], "[100]": [7838.7694537851785, 731.395600223136], "[120]": [5082.512771373986, 230.76373585133132], "[140]": [1292.2255429645056, 207.21024823480903], "[160]": [357.06430807028505, 131.90092007710862], "[180]": [363.93481156215523, 42.60451801820899], "[200]": [358.20160903145813, 14.851554898981565], "[220]": [337.80423444937185, 10.984212340431808], "[240]": [331.5836661295854, 0.9983209672823016], "[260]": [348.4727552110321, 1.0001772669081082], "[280]": [383.19988691145335, 2.0000188570368036]}