{"[20]": [5.0, 5.000001961822545], "[40]": [0.35345120748275605, 0.8553318711981248], "[60]": [19.066891774493683, 562.8190275818505], "[80]": [2793.1248969598055, 515.917470976161], "[100]": [5101.90931947924, 365.7074532413171], "[120]": [3300.081229830309, 348.8625252569791], "[140]": [295.8157392357988, 1.537135851151504], "[160]": [171.17185157391168, 6.531211523523602], "[180]": [183.2674461527374, 1.5989849519461536], "[200]": [141.87962899069976, 0.3169474990296248], "[220]": [112.78226174557295, 0.0863101735663459], "[240]": [101.1546201742855, 0.01090437308121878], "[260]": [107.6326003117421, 0.001377744790935084], "[280]": [127.88092136834936, 0.00017406703137634559]}