{"[20]": [16.716814231974013, 19.37045041437419], "[40]": [35.32255444210682, 73.54043957858511], "[60]": [43.31718790391642, 6078.273011538347], "[80]": [18664.573828621098, 7068.519262937072], "[100]": [33062.782262441295, 1629.2919183560953], "[120]": [14064.211219442634, 1044.7192766113476], "[140]": [112.23367506092563, 578.8115742881128], "[160]": [1723.322240131343, 258.66898460583195], "[180]": [1464.6659280182548, 59.90710963860113], "[200]": [1301.8439166923304, 7.576231894544865], "[220]": [991.5164491772044, 0.8324486443072863], "[240]": [880.69627603756, 0.980283547978996], "[260]": [1001.0932383290499, 0.9976799044753567], "[280]": [965.6953077307918, 0.0002730068956019785]}