{"[20]": [0.0, 2.3861955114991072e-05], "[40]": [0.5702112988163581, 4.954564897333888], "[60]": [0.414606988921261, 2.7135336232343734], "[80]": [2.7060745452725112, 6.120628440685282], "[100]": [0.4483748320757004, 5.224254889425254], "[120]": [0.6665642532237092, 3.821807095117939], "[140]": [9.149533303841055, 15.876983129966408], "[160]": [6.380371036854453, 0.665596630399315], "[180]": [2.7690612779013377, 10.54525281366977], "[200]": [28.126723573326807, 40.09023942864179], "[220]": [31.055037706760498, 65.83582405621563], "[240]": [8.980101024905718, 12.786333556524754], "[260]": [36.460291954812604, 55.09514146677265], "[280]": [238.3019905086199, 162.26001661784522]}