{"[20]": [0.08786845734730989, 5.975014783051073], "[40]": [8.999695617205628, 10.178478099405726], "[60]": [243.78758374529147, 423.08224736353225], "[80]": [189.68111615284712, 1512.4440200725032], "[100]": [5491.633590098255, 15.282489861377334], "[120]": [2511.811931333005, 508.02946645783896], "[140]": [120.13066678961751, 101.30807046789505], "[160]": [204.11353564492705, 55.29788557833429], "[180]": [186.79289954200036, 12.295485252063175], "[200]": [150.68120866681954, 4.669357643351847], "[220]": [132.79541975291534, 1.2009394496864163], "[240]": [126.10691935725647, 0.9734275198613319], "[260]": [128.73941533339834, 0.003498697711951605], "[280]": [144.9954832018855, 0.0004615867878991926]}