{"[20]": [8.426838029193888, 16.958599483722985], "[40]": [5.300344728264264, 22.23854954283351], "[60]": [3.066227141804518, 15.426857707092687], "[80]": [3.807783827088585, 22.934170094058786], "[100]": [13.316852856839802, 59.93652071162131], "[120]": [27.392861238950672, 128.3660908319963], "[140]": [22.19431225950632, 180.50862746669225], "[160]": [23.114212623595904, 185.20617864278438], "[180]": [54.76869485052657, 621.4227966343094], "[200]": [16.35940599143487, 393.4110702271346], "[220]": [202.42352571222, 20.920989183190613], "[240]": [94.3520474327961, 136.60842094973668], "[260]": [440.39407912335446, 971.0105048092591], "[280]": [163.35788574645676, 142.70518117819165]}