{"[20]": [1.0, 1.0000010490286289], "[40]": [2.013456742649731, 7.181667785179511], "[60]": [117.14864105232137, 168.3773389090542], "[80]": [56.84900169327779, 136.22364636231134], "[100]": [3.4953347382305116, 56.18824016827158], "[120]": [16.367729130205365, 33.68690605910846], "[140]": [111.22470118541477, 471.46582003914324], "[160]": [457.8302880081377, 246.68042890911443], "[180]": [2725.57314366373, 2417.627674287602], "[200]": [7073.409808794822, 996.4442626240656], "[220]": [1710.8055387666568, 209.59266074151884], "[240]": [276.272014139, 359.66296765523333], "[260]": [154.11459598218474, 72.46086065011337], "[280]": [366.33894213729684, 3.4923488705187795]}