{"[20]": [0.0, 1.0490286287641973e-06], "[40]": [1.3529150681777131, 0.525272179238046], "[60]": [10.273676436391792, 16.911494219124396], "[80]": [37.645228372356485, 11.088258099754043], "[100]": [16.561562743386258, 400.92012084626936], "[120]": [410.0141098397457, 548.6023569675853], "[140]": [1129.6220449170025, 579.2228091500173], "[160]": [1737.4855123481855, 168.38784547535923], "[180]": [512.8047523523178, 142.35411715498037], "[200]": [32.218910865789674, 55.1789274767416], "[220]": [60.89807433786518, 14.169357897587524], "[240]": [77.15872575456565, 2.188857728882271], "[260]": [73.57891437674506, 0.8745221476118339], "[280]": [64.37064503030327, 1.5953075320302388]}