{"[20]": [7.304646331045015, 5.118384414932284], "[40]": [58.865042897002624, 14.494606505735824], "[60]": [113.47282172270323, 1558.470084354748], "[80]": [6229.616824327099, 1317.4004619976192], "[100]": [2753.6037526491714, 535.9857764080318], "[120]": [166.25585166058656, 184.14613250704235], "[140]": [135.60715730404073, 139.0844196867809], "[160]": [95.32469458954337, 38.12639190137353], "[180]": [68.30955071171309, 5.723428894548984], "[200]": [64.4109519866752, 3.6904789847974997], "[220]": [60.43434712477471, 0.018767021822940436], "[240]": [57.9112417947321, 0.004575639232653595], "[260]": [56.60869473616592, 0.9994616032369316], "[280]": [56.61735333516365, 6.200414034789295e-05]}