{"[20]": [2.244249500639624, 4.636158921115427], "[40]": [1.7944081827216962, 0.008618592429883165], "[60]": [45.245031799806384, 465.36889592543355], "[80]": [123.97082653666075, 2647.773082414249], "[100]": [5248.113707811139, 1040.594636867063], "[120]": [2063.5613537583195, 532.5402490947326], "[140]": [94.55683497860355, 125.17070505198103], "[160]": [337.63010602113184, 133.95622507706105], "[180]": [292.5606461345929, 20.54402547223001], "[200]": [228.26290732129854, 6.489282611536011], "[220]": [194.11517335397141, 0.7796824902200106], "[240]": [188.97397307647554, 0.02108866651585629], "[260]": [212.07700463534647, 0.000731950724228192], "[280]": [254.57016840133826, 0.0001387938458609692]}