{"[20]": [5.48222396052663, 53.92237981244978], "[40]": [6.903265780026941, 12.719787069921505], "[60]": [337.30580251147245, 181.10294352749264], "[80]": [33.69498095219864, 164.21891540427498], "[100]": [66.15950514813662, 45.02398283821741], "[120]": [69.7150361502047, 33.95979609227333], "[140]": [818.4248266416181, 1478.2103985216245], "[160]": [1271.3101260050985, 1524.562864620253], "[180]": [8543.956431826724, 1280.6169482333376], "[200]": [5609.145197272238, 406.6951943924535], "[220]": [277.8797465641841, 79.5512271565257], "[240]": [212.31469760831297, 40.490702333568905], "[260]": [205.0207307033835, 0.9439258494923833], "[280]": [306.0050359425182, 0.5677270790031299]}