{"[20]": [91.98016491604989], "[40]": [17.599532200228538], "[60]": [5.081737221803806], "[80]": [36.30237269727638], "[100]": [18.211498393987767], "[120]": [52.64838123476056], "[140]": [128.2097225760399], "[160]": [90.21645562746016], "[180]": [49.929415839755166], "[200]": [576.5800838816958], "[220]": [658.4091700024792], "[240]": [497.13236317720566], "[260]": [307.693726837198], "[280]": [46.45230859407229]}