{"[20]": [10.31046300724459, 3.8003590427214675], "[40]": [0.6379515096988655, 1.5721634549813075], "[60]": [656.7640024878698, 492.79427775800366], "[80]": [37.66729749128308, 760.3819979513364], "[100]": [63.04849971844715, 92.53852111561537], "[120]": [102.200083604248, 140.27479391937413], "[140]": [2782.195996733819, 9288.939079093368], "[160]": [3922.842391694103, 17362.33359030771], "[180]": [2054.0546052079007, 1355.1315912386126], "[200]": [1911.852603998569, 784.0240917371857], "[220]": [904.8475689539027, 122.82295035095137], "[240]": [112.7433940603317, 54.55739806347509], "[260]": [63.65065434711616, 1.5264001050597429], "[280]": [164.2424532618037, 2.2967811570087804]}