{"[20]": [1.0, 1.0000016280145343], "[40]": [39.86187977620223, 26.440624241255826], "[60]": [3.071539117549179, 48.845426522948344], "[80]": [41.32050606576405, 83.76332510850753], "[100]": [77.65253426717004, 79.57194540706689], "[120]": [112.95505500595891, 736.0523421684711], "[140]": [185.92524117657194, 911.111163055758], "[160]": [728.3985491289732, 403.6999497202505], "[180]": [1267.1630963946718, 643.4134108857143], "[200]": [981.0156676006382, 86.91325474234418], "[220]": [897.4825325629017, 47.09359805266649], "[240]": [530.8276457299185, 1.3339500745059922], "[260]": [283.0390965396648, 75.5883323058556], "[280]": [94.66484647999062, 136.7088154499544]}