{"[20]": [3.0, 2.9999644134491583], "[40]": [23.736282816602547, 5.3497291692662206], "[60]": [10.17837485743692, 185.43610421576662], "[80]": [42.28976360273476, 133.24424769534625], "[100]": [36.740506139790234, 50.59517937269985], "[120]": [22.220933333872217, 49.09058191784508], "[140]": [505.0404554469033, 503.15360121928927], "[160]": [539.2953487399959, 554.5194469796314], "[180]": [7295.308611914942, 525.5128440305771], "[200]": [7204.674952513662, 1066.1678582306713], "[220]": [458.6358828675986, 127.44157762111526], "[240]": [183.1802372984019, 80.80387133094527], "[260]": [197.024074014104, 11.34673738334843], "[280]": [484.8457527101339, 1.7914024884787294]}