{"[20]": [16.628510132650483, 6.991197191037785], "[40]": [1.0002067216704642, 7.720618381580083], "[60]": [131.54248955927815, 235.35264531753563], "[80]": [27.820354501128964, 248.73547214105946], "[100]": [43.69406577694431, 113.17983302410823], "[120]": [20.418727395823133, 73.18533274125225], "[140]": [564.3538958239129, 1221.010898550206], "[160]": [6487.7641568261215, 1414.9200829746208], "[180]": [14668.415157224892, 948.8288140279398], "[200]": [10227.798272486352, 719.2004098583876], "[220]": [1356.5998602943646, 143.4061614714205], "[240]": [154.49057487054333, 109.80800165020416], "[260]": [192.38226989616984, 17.365219335601466], "[280]": [517.0688319862865, 0.4366780387056605]}