{"[20]": [2.9473684210526314, 1.7450066873980594], "[40]": [5.129629880172466, 3.232237889210852], "[60]": [3.630803879059787, 12.533681467161106], "[80]": [8.961957775458075, 29.26876750031427], "[100]": [33.77622220505884, 86.14035977357199], "[120]": [114.46906132238087, 30.705078849772917], "[140]": [176.40433636192938, 101.44814794237573], "[160]": [302.49659156636426, 102.97954357416984], "[180]": [421.62923435084076, 196.70991590064773], "[200]": [399.98662650743745, 61.984427223963394], "[220]": [331.09064203542493, 20.289681464372052], "[240]": [256.44728931668885, 21.424509404975424], "[260]": [198.75122028965455, 2.2650004762342064], "[280]": [19.44992314025245, 52.689581244026584]}