{"[20]": [1.357235016695566, 5.822231203581712], "[40]": [10.308583273459021, 2.454688436282723], "[60]": [61.90341398704129, 230.48942384561656], "[80]": [69.40531113909856, 1162.2700121869575], "[100]": [1938.1368786354924, 2647.781944470169], "[120]": [3345.497069922041, 534.1238651551685], "[140]": [2062.81402804535, 404.0259856264647], "[160]": [31.544016849597938, 108.97486856491048], "[180]": [241.03947564162826, 40.22790675516751], "[200]": [137.34976296946027, 23.954837023400472], "[220]": [171.72960316020598, 7.239191689604606], "[240]": [161.47220162572717, 0.7196363866921249], "[260]": [141.44503697877414, 3.955368081233077], "[280]": [128.93950300866626, 0.9928951357568534]}