{"[20]": [0.0, 6.20191358582531e-06], "[40]": [0.7446347339941073, 1.2317737794217194], "[60]": [0.7359042974812615, 7.671262442263123], "[80]": [106.51735355353023, 62.49392942259378], "[100]": [319.2855687129228, 341.97094753246785], "[120]": [1427.9575913760982, 515.286590863587], "[140]": [3503.536911949208, 470.73507697846196], "[160]": [1240.5785148938253, 225.3763835824597], "[180]": [81.05823875234097, 12.028491807244514], "[200]": [65.63906896145572, 18.3330026568514], "[220]": [65.93802164578868, 3.8538896663545867], "[240]": [62.68359241046094, 1.763145582206324], "[260]": [63.4100147834855, 0.28648561542379464], "[280]": [69.99590073503018, 0.04817779863710987]}