{"[20]": [1.0, 1.000001266604183], "[40]": [0.8780445835904347, 0.8362656573810554], "[60]": [0.5344478055666215, 0.12982635197832382], "[80]": [8.340224190853956, 12.924883804596728], "[100]": [2.7796506879913494, 20.815098983965015], "[120]": [52.703287494140625, 103.80695507475173], "[140]": [32.34658131943843, 144.24684775529659], "[160]": [40.89956839860338, 328.4274507882451], "[180]": [58.43819344620533, 218.37144591948254], "[200]": [374.8766477152485, 55.98540004604615], "[220]": [286.49368818999574, 64.33861991629556], "[240]": [90.92157599583516, 27.764998542001024], "[260]": [23.16799936984961, 10.260113284293283], "[280]": [0.44302472788608327, 16.22671745613802]}