{"[20]": [4.999999999999996, 9.585360914070199], "[40]": [13.88680502927464, 3.902591417284924], "[60]": [346.5811979214677, 1191.045098945715], "[80]": [2793.943714847297, 1897.7816236558174], "[100]": [842.5594657954916, 623.7697468679726], "[120]": [2071.9205665343184, 123.75201340765284], "[140]": [214.8941528315254, 32.832247701337565], "[160]": [15.01541193973614, 16.74766088112392], "[180]": [0.2861547666326949, 5.593302646385638], "[200]": [0.3194439318550373, 0.7159411128991224], "[220]": [0.5971935659501426, 0.03243128444956865], "[240]": [0.5453927051609284, 0.003953167252359379], "[260]": [0.5360913324400478, 0.0004663324029562186], "[280]": [0.5202092943938688, 5.4957495341803974e-05]}