{"[20]": [0.0, 1.9346537236060167e-06], "[40]": [1.8664716975747204, 1.7684823706116148], "[60]": [21.983106635454533, 239.31080507467234], "[80]": [502.4228612056577, 1063.5192723897617], "[100]": [5058.9050590809675, 474.39839490353734], "[120]": [1982.4501733253383, 630.2806590980535], "[140]": [15.122983103311299, 36.73091416776458], "[160]": [268.4658108119656, 24.398403996433686], "[180]": [231.99229442205592, 8.078442964994792], "[200]": [187.32955098876457, 0.8026574094160104], "[220]": [157.174266150197, 0.1094979676071314], "[240]": [149.36443027338058, 0.021309966288911145], "[260]": [164.36943542405837, 0.003435814981427223], "[280]": [191.8811735852567, 0.0001783805605113977]}