{"[20]": [2.6342023458189976, 14.3703235101452], "[40]": [10.31753707865854, 5.126292312993428], "[60]": [69.24596348596734, 224.61375919657166], "[80]": [1894.3364319758516, 205.24018148061774], "[100]": [1316.2998192634266, 166.26729378257423], "[120]": [140.31617221232446, 365.3604150391258], "[140]": [62.241316300031656, 83.24761438972241], "[160]": [61.91209572432114, 1.594543272584677], "[180]": [45.3285250177472, 2.804410378726341], "[200]": [40.60292984630895, 0.8472738431116622], "[220]": [37.45090695163722, 1.1025087229778123], "[240]": [36.00685326827864, 0.972700853860103], "[260]": [35.934682238226024, 0.0011225470773952079], "[280]": [36.90839266421474, 0.0004642403363598077]}