{"[20]": [14.00148762208863, 59.48989302202528], "[40]": [24.88466472074113, 56.05481141233675], "[60]": [80.94849087942839, 5474.944314466207], "[80]": [17732.0090947663, 6518.518421923935], "[100]": [31783.448261152706, 1652.1308661344694], "[120]": [12100.524559021002, 1141.5651708560797], "[140]": [434.2058919691385, 607.8244068110231], "[160]": [937.9933835607031, 217.582253244755], "[180]": [778.088990772944, 84.04641946844364], "[200]": [687.7052873598767, 13.595387690696604], "[220]": [550.0547372149372, 1.8350276924230098], "[240]": [499.2991465117967, 0.9806252595300309], "[260]": [540.5641455301577, 0.0022584310102316298], "[280]": [521.4989070978253, 0.0002653094690297319]}