{"[20]": [2.0, 2.000001266604183], "[40]": [0.924135507339372, 1.2592726017663267], "[60]": [10.749204515188673, 24.32572416675269], "[80]": [2.309569057844435, 11.08586661107368], "[100]": [1.9458276590723749, 0.2365295738897757], "[120]": [6.016443141978954, 6.04686825282279], "[140]": [17.74444799223251, 39.7853347166172], "[160]": [168.0388941777436, 103.25851526462293], "[180]": [255.74196514028336, 386.0882350396678], "[200]": [837.9041415775228, 116.26671992060437], "[220]": [975.5635385907044, 420.2340342577045], "[240]": [35.77120411556075, 128.2270757613776], "[260]": [23.788294098117575, 51.830661733308006], "[280]": [4.917863629622419, 11.52615176401271]}