{"[20]": [3.000000000000001, 11.584367533086585], "[40]": [6.717855739926316, 2.3422817814650987], "[60]": [54.32493898061318, 29.644005877938568], "[80]": [33.00779855763271, 6.107818735800919], "[100]": [22.34302241493897, 1.2529946171263049], "[120]": [7.961186123045195, 10.919029172134614], "[140]": [141.38806569581456, 175.9173235995341], "[160]": [172.63039579013866, 154.44479172435967], "[180]": [1555.5481148992149, 422.50818484389674], "[200]": [1868.1670039942883, 161.81592139364557], "[220]": [352.3948561717524, 14.40709023715499], "[240]": [25.00638446046723, 17.439104679294132], "[260]": [31.82159485947802, 4.456816192251748], "[280]": [81.77108428546013, 0.2627447465445856]}