{"[20]": [0.16860733062418742, 2.525774363028041], "[40]": [8.31136919470677, 7.723185350000006], "[60]": [7.029774035657456, 57.40107295700603], "[80]": [6.44094522097945, 108.96237531206563], "[100]": [39.65246824495757, 191.445830678329], "[120]": [3.0453536330789506, 412.05324609505846], "[140]": [203.02920847105358, 675.6110838276717], "[160]": [66.9067314107959, 982.1036620299892], "[180]": [112.04720058273081, 1007.0561492736402], "[200]": [512.2196658431461, 2382.708179667919], "[220]": [524.1708940724684, 1197.3433792520714], "[240]": [989.6581475521563, 206.33292454852716], "[260]": [420.77926565089, 352.0711003606799], "[280]": [277.28815645560127, 314.2334864740523]}