{"[20]": [7.0000000000000036, 2.4231442774209686], "[40]": [83.5595526565287, 5.420251380455426], "[60]": [116.69614372411809, 407.3415221930451], "[80]": [213.03828101047293, 2422.372643356285], "[100]": [16.900740399516508, 4266.714196643476], "[120]": [5211.345678828111, 803.1930020499822], "[140]": [3978.1560604293227, 574.4512666843402], "[160]": [24.757041357700018, 340.92203780540126], "[180]": [187.5933079067956, 53.732001573955245], "[200]": [204.98104209541975, 37.58573708674331], "[220]": [206.81121334561237, 5.902742132881457], "[240]": [201.38635116281336, 5.6724316446355925], "[260]": [184.27702546622504, 2.0511544771459054], "[280]": [165.5253753030929, 1.9920117000632667]}