{"[20]": [6.27553035018517, 1.0431722376914363], "[40]": [2.63471510094373, 12.647506016478024], "[60]": [7.554817000048934, 1991.333354404768], "[80]": [1705.1987662171553, 10162.204660248666], "[100]": [8345.986260863552, 9365.758172546553], "[120]": [21437.507028320077, 439.4928385083511], "[140]": [9544.24757167854, 1249.330240679201], "[160]": [268.5741038945431, 730.7193186426637], "[180]": [261.63267519666863, 262.6616638670156], "[200]": [681.874968742336, 93.92601123769641], "[220]": [720.1139178956664, 57.13344244565536], "[240]": [618.21623708454, 8.733605846990018], "[260]": [569.0311740420216, 9.961981058756939], "[280]": [517.7092128698741, 2.0053542810395153]}