{"[20]": [0.3202856009049856, 3.364836224855799], "[40]": [1.185607668215787, 0.6222935527534542], "[60]": [4.314565226066196, 5.764231763739496], "[80]": [2.2543878479347588, 4.730193705811504], "[100]": [2.003994075268008, 3.6754400339609834], "[120]": [5.012761112159802, 6.9212883146142685], "[140]": [22.433441945420643, 51.11670760776661], "[160]": [5.817532605431473, 48.63533656239113], "[180]": [28.61433374436916, 148.74153436928032], "[200]": [446.7987190218021, 378.62601287945955], "[220]": [77.28273211222667, 374.75967426593127], "[240]": [125.20448129617014, 92.16974166496358], "[260]": [13.70442399418801, 81.64311466271629], "[280]": [25.544125099738995, 18.70200969422816]}