{"[20]": [3.5987570393676496, 3.745639043375972], "[40]": [57.228816509501726, 13.581234739108865], "[60]": [91.60311547362403, 1002.7446135116527], "[80]": [238.93588096118583, 6525.941260797717], "[100]": [6833.366343431073, 9687.506930186079], "[120]": [14445.047839974948, 1328.4889073485683], "[140]": [8257.49846048659, 1096.5839144118472], "[160]": [303.6659767487931, 1037.176441322139], "[180]": [1069.2266272823315, 381.11262212115594], "[200]": [1134.349934437428, 168.20719560714326], "[220]": [1090.911923856141, 63.92998340367495], "[240]": [1033.2317029103124, 29.216846685773504], "[260]": [929.0395903585168, 12.879044590179106], "[280]": [851.4278182361691, 3.0186806829467514]}