{"[20]": [0.7653198230140198, 10.35716653604062], "[40]": [10.047889243082574, 8.838051105428812], "[60]": [76.43816986019216, 156.42390840829805], "[80]": [59.35866064838039, 174.0502991819483], "[100]": [88.42254308557006, 68.01730980283314], "[120]": [91.10192950532378, 79.62561279899298], "[140]": [1655.9490728873116, 2269.194418250961], "[160]": [2270.7067583176686, 320.7198388001055], "[180]": [4358.780943679749, 384.4290708249872], "[200]": [1102.7618203458314, 38.467608225646416], "[220]": [54.91098113021462, 25.86769384399015], "[240]": [37.11120120605354, 41.044285825230524], "[260]": [53.11768189860827, 9.79110991294453], "[280]": [182.28373326278688, 2.1841497681970585]}