{"[20]": [3.0, 3.000001266604183], "[40]": [12.466348826148455, 2.96479933858474], "[60]": [22.692651352248447, 184.57200293080493], "[80]": [88.19865404209224, 223.04167782059272], "[100]": [40.316564096552156, 100.92686809598104], "[120]": [7.93537156812522, 141.82511481493498], "[140]": [1205.8747123699363, 783.7727108372183], "[160]": [2376.5016999715554, 3156.0855760919876], "[180]": [8893.003834395524, 462.95815504575876], "[200]": [6337.997541847082, 1541.4806353930908], "[220]": [620.3851129432373, 72.42747501960139], "[240]": [176.736673270884, 213.69013334577187], "[260]": [394.50285723780183, 33.56557035071094], "[280]": [1116.0297919765744, 3.3280688594332517]}