{"[20]": [2.0, 1.9999644134491577], "[40]": [2.0600820133805806, 0.7625988591564562], "[60]": [17.232197400232554, 23.171914149289833], "[80]": [5.4171193338726065, 10.47621801205905], "[100]": [2.6442405428670464, 0.37989245028009044], "[120]": [6.165795831907764, 6.3597509788196245], "[140]": [43.15964927712821, 38.42853464339733], "[160]": [49.4641912615538, 72.01257112419917], "[180]": [421.49407050898867, 83.3210973119581], "[200]": [1054.402047079075, 242.27900214885486], "[220]": [2144.6963762364676, 349.2581019581462], "[240]": [594.0426586280455, 163.92643936556388], "[260]": [32.72075289018205, 51.33146185814195], "[280]": [39.26956956200797, 11.7464508704047]}