{"[20]": [3.4378091449165185, 5.822231203581712], "[40]": [8.951682013365271, 3.454688436282723], "[60]": [56.71945288034232, 183.72278087661167], "[80]": [615.4420230287483, 1223.8666162119162], "[100]": [558.5301935681491, 2327.273738022119], "[120]": [3439.988473655212, 431.4502726385581], "[140]": [1526.4379299238317, 351.57594555358355], "[160]": [238.2052088353372, 173.6823686970024], "[180]": [43.404878643945096, 54.409257596945224], "[200]": [70.55531752069129, 14.2306550233128], "[220]": [69.36119836986572, 4.46072139914633], "[240]": [64.12508306278603, 2.757729609472781], "[260]": [58.80035780548022, 2.96187510342617], "[280]": [52.53513687893627, 2.9940006350537605]}