{"[20]": [0.9473684210526319, 3.744700299766273], "[40]": [14.378008560783414, 14.734542636731192], "[60]": [40.961475519408566, 213.3016833825966], "[80]": [76.47812933194655, 1379.1809793608627], "[100]": [3112.051489872916, 1301.3744175731645], "[120]": [4631.439541453101, 333.97908392385216], "[140]": [1438.4538070901526, 151.06140008087823], "[160]": [54.589948892887946, 53.86461192683396], "[180]": [243.85483326998155, 40.77592210025307], "[200]": [305.6518688070968, 19.815633986124183], "[220]": [295.78441045263094, 12.381894204349834], "[240]": [260.94520898127564, 14.908745868153794], "[260]": [248.8325221260166, 5.013471182358089], "[280]": [222.10467792916137, 9.001988629641325]}