{"[20]": [0.9358052952406307, 5.489979330346462], "[40]": [11.676897777013101, 41.70365373723154], "[60]": [1.3312079144841984, 48.927181388229876], "[80]": [25.383595661996978, 127.75758653774321], "[100]": [31.17980484836904, 247.4855316108541], "[120]": [140.65846423904185, 82.92489470667688], "[140]": [23.267163114332348, 851.6783260539444], "[160]": [20.53712827637341, 733.5525965579828], "[180]": [119.33696918064189, 1605.4228057394146], "[200]": [407.2951503680805, 373.0549323561028], "[220]": [428.99472152561566, 180.83057833364495], "[240]": [329.57223022270443, 52.33846856387685], "[260]": [617.3707560278145, 910.5669738067526], "[280]": [50.20873005741226, 251.12839281202375]}