{"[20]": [2.0], "[40]": [0.5596154160668623], "[60]": [3.9309438170150566], "[80]": [1.6722256866448788], "[100]": [4.147600221780067], "[120]": [5.773935859354765], "[140]": [5.041506099854587], "[160]": [46.70050827560135], "[180]": [31.546156286317], "[200]": [51.8605490909606], "[220]": [70.51305612063845], "[240]": [11.980278234192497], "[260]": [5.644125281494198], "[280]": [11.661584900249402]}