{"[20]": [0.20925959403502725, 6.746290236786091], "[40]": [113.84814819518186, 94.20041136893397], "[60]": [329.0051792839199, 1428.3251255365349], "[80]": [7805.897414082785, 1665.5529229776912], "[100]": [14418.295712582905, 409.4925235322735], "[120]": [6754.777851012101, 731.359775868952], "[140]": [215.0861375029276, 292.15323694413155], "[160]": [952.7014102359211, 144.49418224362853], "[180]": [922.209448449612, 43.40676028384627], "[200]": [730.3738887326081, 15.011109843425324], "[220]": [583.8428478143077, 0.7465498959736552], "[240]": [521.5664055564588, 2.9677064046873545], "[260]": [554.8881353176437, 0.9958853044195564], "[280]": [657.670820322046, 0.000524270536825591]}