{"[20]": [0.4715733870108999, 3.1311397668615735], "[40]": [1.7475582540179517, 1.9067746061857658], "[60]": [5.013761933740822, 87.10944191051557], "[80]": [10.900701088740917, 122.60660579730599], "[100]": [30.691637162899873, 22.93386372255492], "[120]": [5.207709494959465, 69.23091785640595], "[140]": [77.59294752622145, 835.8926904051772], "[160]": [26.48402857265393, 1577.1506143067732], "[180]": [127.88386724490267, 649.1644165410897], "[200]": [367.0012770406505, 315.6291496156809], "[220]": [56.079445087705516, 69.87871498115237], "[240]": [27.661382235215925, 33.312268721213606], "[260]": [26.679824575163554, 2.002987923826805], "[280]": [28.182174218231694, 0.6216049991824991]}