{"[20]": [2.6184134125372216], "[40]": [80.93604934980848], "[60]": [651.4340975888753], "[80]": [16.171809266600373], "[100]": [110.81384298757759], "[120]": [33.41072215983549], "[140]": [1098.8186913341958], "[160]": [2541.4788534284594], "[180]": [995.6066870412642], "[200]": [276.55432779233956], "[220]": [262.1693473256202], "[240]": [144.90277966988012], "[260]": [290.0754927340343], "[280]": [371.0032870766402]}