{"[20]": [3.2092595940350304, 3.745639043375972], "[40]": [52.24961402899332, 24.581234739108865], "[60]": [51.175453697504736, 980.5301860520395], "[80]": [562.0398592386991, 6559.538781578107], "[100]": [12678.207405640132, 10083.201196515744], "[120]": [19607.493310768725, 1162.9420451430196], "[140]": [7128.222012514041, 1230.0603818987292], "[160]": [720.6908847338527, 817.0709705945765], "[180]": [88.39957778412281, 388.3955336805177], "[200]": [1474.9655731559153, 156.5236313658878], "[220]": [1565.5748591471968, 56.65270272210293], "[240]": [1448.3948921610681, 19.336886332731183], "[260]": [1296.4857933011226, 13.898864564485145], "[280]": [1161.6024953131384, 5.984575402088343]}