{"[20]": [2.0], "[40]": [7.873114819865879], "[60]": [89.73086605169058], "[80]": [66.46005909923417], "[100]": [15.789208914315509], "[120]": [10.980419085157337], "[140]": [609.7163469833527], "[160]": [913.574248775356], "[180]": [2054.0652692681742], "[200]": [579.647374806143], "[220]": [18.344213493298355], "[240]": [71.15852109413622], "[260]": [204.77139434994294], "[280]": [259.17692546288913]}