{"[20]": [2.578414424819263, 2.9732203453335266], "[40]": [0.5979832981009358, 4.930125896674382], "[60]": [4.124103073477911, 16.25203653840579], "[80]": [8.06214267991298, 11.392252701493842], "[100]": [8.440092188992361, 34.216100398786054], "[120]": [6.323783041974409, 58.32458407861059], "[140]": [2.6616580185992063, 65.35233801019974], "[160]": [4.497372468781601, 72.23766177008523], "[180]": [2.377581491928053, 114.92242943010318], "[200]": [58.16857103042484, 255.79255453949935], "[220]": [438.6099132685348, 414.87058285332387], "[240]": [5.533673042971928, 142.07644030688084], "[260]": [215.98860343503807, 215.23566104105268], "[280]": [563.3497991721541, 162.02113203294775]}