{"[20]": [3.0], "[40]": [0.24881086816758824], "[60]": [16.6266030332325], "[80]": [43.841705129189904], "[100]": [565.2214845673298], "[120]": [78.60470906800401], "[140]": [315.4996426208909], "[160]": [381.6646291202687], "[180]": [49.69861787605123], "[200]": [4.536853521775072], "[220]": [48.26964781765518], "[240]": [51.61412639172974], "[260]": [48.18194621551334], "[280]": [47.13938101361299]}