{"[20]": [4.7909909693017, 12.505400627218789], "[40]": [11.470846883133119, 26.602620739469696], "[60]": [321.78293659853045, 1454.302725122861], "[80]": [3044.694878983189, 2522.601934418043], "[100]": [249.13127553199817, 505.9917551424579], "[120]": [657.8833969615704, 186.94547824999844], "[140]": [180.50115907553297, 79.13411294262414], "[160]": [75.52740040721169, 25.247241178784606], "[180]": [64.63439041791504, 26.305813151568866], "[200]": [62.13908889670956, 2.926314844616608], "[220]": [59.477000617765654, 1.0065863687775596], "[240]": [56.91246745922307, 0.9983718573732517], "[260]": [54.82059600994365, 6.774472339221746e-05], "[280]": [53.164748703131224, 5.984922491816791e-06]}