{"[20]": [3.0, 3.000001049028629], "[40]": [0.26125508098299194, 1.4972247346347003], "[60]": [3.5187283416503634, 47.46642314010551], "[80]": [11.768643371117813, 29.660664524200776], "[100]": [1.4514975810104591, 15.908373585431066], "[120]": [2.419918902645466, 0.8146521930189033], "[140]": [1.746477014584067, 158.5359845628341], "[160]": [42.16700252000912, 158.14222445624543], "[180]": [52.13349089504237, 158.19351212645515], "[200]": [934.9301919400119, 144.1044988938073], "[220]": [573.1020213649499, 557.0174956319585], "[240]": [67.36607334746839, 232.54426388886841], "[260]": [29.289205683292607, 55.85064043423078], "[280]": [28.535897907584673, 28.857610806080405]}