{"[20]": [0.0, 1.266604183032739e-06], "[40]": [0.5334105491041545, 0.49764175791144627], "[60]": [11.454787325904034, 15.127875985495065], "[80]": [2.210447262671039, 14.979531291167895], "[100]": [10.050340054176047, 4.425921026167888], "[120]": [3.1534366305483275, 0.24906755784768286], "[140]": [7.390239252521926, 17.768598059323807], "[160]": [40.24765911429452, 92.9214339827021], "[180]": [210.58960899432554, 317.6676966945065], "[200]": [48.56472522510467, 298.00822800718197], "[220]": [1038.593078884358, 538.7386857067959], "[240]": [827.4105605599098, 424.0532125629975], "[260]": [207.03584853940447, 24.448066677721727], "[280]": [58.0681318913218, 26.959669888344038]}