{"[20]": [3.227776411620033, 6.873174802577642], "[40]": [11.369253446371955, 5.445921099733994], "[60]": [10.448181362734545, 6.234895388455692], "[80]": [1.2668630491068669, 18.347854657820616], "[100]": [11.952912106050936, 43.65652822073064], "[120]": [43.420612271391725, 110.97607174877935], "[140]": [8.242551055936303, 33.799661078059984], "[160]": [2.1655539692030037, 65.73534757456899], "[180]": [40.737963359254564, 83.82519885155565], "[200]": [391.0798387458371, 51.64303756320647], "[220]": [241.61093404607914, 169.26135533190572], "[240]": [565.7371920675662, 88.37641636438981], "[260]": [1308.291296227552, 552.7309848746597], "[280]": [1178.924966461942, 262.7859598679734]}