{"[20]": [2.0, 2.000001266604183], "[40]": [0.9425262090298956, 1.2592726017663267], "[60]": [6.90255752033837, 24.32572416675269], "[80]": [1.9843555510547972, 11.085866734328626], "[100]": [1.4831983556906785, 0.1283549389939651], "[120]": [6.688805030891153, 5.9696907014665115], "[140]": [8.357405963064664, 40.79241153068764], "[160]": [57.77713043900019, 73.82671528832384], "[180]": [339.48186550860737, 276.2997870521658], "[200]": [460.43366422206054, 90.29422705258912], "[220]": [276.9342084099335, 412.9769024818497], "[240]": [24.84064847654554, 130.49407986897904], "[260]": [19.91116616482215, 56.1956556329863], "[280]": [2.4377948190844307, 11.181947731462358]}