{"[20]": [6.144510144730747, 11.836566182312561], "[40]": [50.79288400566628, 26.768056413516316], "[60]": [380.328809365285, 2712.186118228366], "[80]": [12294.270157788447, 3850.3562722306056], "[100]": [23023.192832181103, 832.4133634620792], "[120]": [7887.090321827066, 602.473617124497], "[140]": [620.3415996049281, 633.9108077533664], "[160]": [919.5815198508448, 522.7634739151271], "[180]": [836.6656890207466, 161.51044857616992], "[200]": [710.0756073402474, 53.52691510183699], "[220]": [619.6798749755299, 14.562463106137121], "[240]": [574.1554371525041, 2.9448861146617813], "[260]": [599.2976000636974, 0.9930578447381386], "[280]": [665.0906317894138, 0.0008681326700945831]}