{"[20]": [2.0, 2.000001049028629], "[40]": [2.162992438249373, 0.7625988591564562], "[60]": [22.083211249683178, 23.171914149289833], "[80]": [1.2883367912838632, 10.39745957500672], "[100]": [1.0490334133466492, 0.35873551696594985], "[120]": [4.806838387383386, 8.792469652935768], "[140]": [40.153144045781914, 39.066020028084075], "[160]": [66.78721679706322, 99.19035411003638], "[180]": [295.3881741456004, 197.82010348085302], "[200]": [1211.2434193057318, 28.866363931137037], "[220]": [2325.2538533017364, 402.22384445121594], "[240]": [39.82642325619488, 112.17583524958819], "[260]": [21.161104761116736, 65.88735250920095], "[280]": [26.422218706472496, 8.12390796548643]}