{"[20]": [2.539042601432823, 31.645414484074944], "[40]": [1.4209849786246758, 6.683440105487485], "[60]": [10.79045505538221, 270.1107703903888], "[80]": [18.855246793734025, 241.60012728652245], "[100]": [7.498724791461319, 109.49612722496332], "[120]": [29.900074558061746, 85.84459089049118], "[140]": [1381.107804618198, 840.195466673567], "[160]": [1869.4312450584605, 2003.5831010536783], "[180]": [9561.139978157284, 47.97986142177143], "[200]": [4860.817697879479, 611.9944538476267], "[220]": [306.97924040755566, 101.85292579040389], "[240]": [123.58577037906284, 130.55366113036985], "[260]": [183.03103864571648, 33.820938964376175], "[280]": [581.5433419927803, 0.9922903458159426]}