{"[20]": [0.4485293471013579, 6.860547420486791], "[40]": [14.928510674185656, 8.283056360874511], "[60]": [0.7928527410287818, 17.788811545141577], "[80]": [2.9006294695900814, 22.134791059967903], "[100]": [36.50390003164529, 72.45748245326061], "[120]": [16.617996442595796, 114.77211684809882], "[140]": [52.79884830751345, 205.26153150374236], "[160]": [42.71060739863271, 83.28939694209191], "[180]": [162.366584993562, 309.40772823297834], "[200]": [591.2610740611328, 97.32573587994325], "[220]": [25.073755451518963, 135.32750788629426], "[240]": [584.0477087289939, 35.62974478324152], "[260]": [1226.167938681343, 609.2712571994399], "[280]": [1280.063799820916, 148.12182077324215]}