{"[20]": [2.0, 1.9999985674951], "[40]": [7.522357600860634, 6.536027733256155], "[60]": [135.2381251539718, 384.2646759425605], "[80]": [2057.8890701032624, 903.6740134700715], "[100]": [2050.6261195412953, 387.2778636778514], "[120]": [367.48629115275895, 13.22159846518603], "[140]": [47.60094813038962, 50.47491511335794], "[160]": [101.01155222517869, 23.28669996434644], "[180]": [85.450292501767, 21.343830207995495], "[200]": [77.14059085956777, 7.8000603644390925], "[220]": [69.05529693654549, 0.02394016342187073], "[240]": [65.1678203400745, 0.002883531816650342], "[260]": [68.75429858773374, 0.9996508039478332], "[280]": [78.25969711059271, 4.1834193844003254e-05]}