{"[20]": [1.0, 0.9999985712758503], "[40]": [5.130126196627589, 1.954534580383788], "[60]": [2.575923525617895, 33.041159518885046], "[80]": [137.2843444613952, 267.42110296567336], "[100]": [1200.244083440993, 433.204092858174], "[120]": [912.9780632712631, 118.81471649001814], "[140]": [2282.0566425850966, 414.85842870409374], "[160]": [255.36603196365738, 101.97295092234151], "[180]": [29.280674449549586, 9.703793236973981], "[200]": [23.719957582455553, 11.223674693703842], "[220]": [22.780825525036803, 1.9159415690425923], "[240]": [21.7758605572126, 1.371434063907215], "[260]": [20.949971696732952, 0.09131140946065566], "[280]": [20.273518189680047, 0.01228385926230545]}