{"[20]": [7.748171704330221, 5.575202246623011], "[40]": [54.309003885480024, 33.37689490853833], "[60]": [28.662550030294142, 729.3625711265469], "[80]": [644.6468165484148, 4325.80799287829], "[100]": [248.53265698359974, 4765.483803627245], "[120]": [9097.95916984864, 154.75430357601726], "[140]": [6254.642421183087, 649.9945605259863], "[160]": [101.88820913141444, 297.4996503403099], "[180]": [148.8568257941447, 79.56105696709483], "[200]": [163.6031790477482, 26.91767781153942], "[220]": [170.15807332106328, 17.66211685344294], "[240]": [185.18220738718406, 8.803028080991186], "[260]": [174.57792301247088, 0.9710027476460006], "[280]": [154.00159405428104, 3.9957312214761327]}