{"[20]": [1.6038953192900443, 1.4742702062473223], "[40]": [14.661979818319399, 7.231441218174864], "[60]": [14.678385642259162, 103.90165593780446], "[80]": [87.59160898213236, 616.1542603286397], "[100]": [1120.4392606122587, 1853.002673499857], "[120]": [3205.631169065156, 588.5938732784152], "[140]": [2589.287263749232, 398.4383945036571], "[160]": [348.0016988129738, 194.838868447662], "[180]": [87.74560153131576, 78.29490689909655], "[200]": [171.59417155357076, 3.8526981773022073], "[220]": [153.6425293786285, 16.430976996939865], "[240]": [139.29888732355892, 4.39898669508663], "[260]": [125.68436324858361, 0.10036057989740559], "[280]": [111.62965014522413, 0.016898654379054485]}