{"[20]": [11.524580490185567, 10.275672548019447], "[40]": [10.734591844161073, 2.8581515158809765], "[60]": [63.22369799714045, 528.7081724096416], "[80]": [506.185879132081, 3281.5460680159067], "[100]": [3542.6243204139464, 5027.1690204933075], "[120]": [8789.336368311036, 467.56591736843257], "[140]": [6034.549338741726, 776.197073764708], "[160]": [7.5605828380162166, 352.66241401834327], "[180]": [0.5448196139193442, 144.09034756889673], "[200]": [711.8356427748324, 45.1878570983736], "[220]": [705.4172103602502, 16.72444600077364], "[240]": [608.8809898919171, 11.650701676684005], "[260]": [557.5139590647034, 5.946389728594697], "[280]": [510.85170369333355, 1.008227934722451]}