{"[20]": [0.8780196732543761, 6.123252268311015], "[40]": [29.125663686412903, 1.972695482834686], "[60]": [78.56937498867441, 207.48086279750996], "[80]": [21.13729120320676, 234.9933190258607], "[100]": [3.989483065843992, 92.19093452224378], "[120]": [13.789588089459377, 93.72670905624561], "[140]": [1475.9927744702713, 1017.160842456151], "[160]": [1398.0493512067965, 1138.5720389746996], "[180]": [867.8458816292849, 929.8418003997822], "[200]": [874.6112691653728, 286.4226150727925], "[220]": [156.4803968677945, 77.38927586084792], "[240]": [55.60893790371971, 21.281138296214248], "[260]": [52.394888373675485, 6.371788787466397], "[280]": [62.66849883357766, 0.346240922319028]}