{"[20]": [14.055014353873958, 1.5046805952892406], "[40]": [68.7157589494893, 26.34425417969976], "[60]": [53.60505340462487, 2087.294245652859], "[80]": [13820.803329958748, 10930.575124568466], "[100]": [2512.2624328089296, 9909.72139692265], "[120]": [2597.6377439788266, 718.2997607403377], "[140]": [1831.9011763371382, 1545.2555115499417], "[160]": [548.0940720120789, 749.1962307552176], "[180]": [213.21100028470926, 244.0824690776983], "[200]": [221.00367846363577, 77.75133777563519], "[220]": [223.13573879845544, 24.25823025005903], "[240]": [232.3211292263515, 2.752409623856636], "[260]": [203.37102550875787, 5.964807672469103], "[280]": [185.56129145593087, 0.9949976996275236]}