{"[20]": [0.0, 1.4025321624993491e-06], "[40]": [1.316477093356605, 1.0601092551629065], "[60]": [11.403186099857422, 2.323583700302599], "[80]": [6.018638880415537, 3.9432187660454403], "[100]": [0.016661773193650475, 8.471135832385215], "[120]": [16.695601810630727, 30.04528662406915], "[140]": [0.9904408378550045, 24.27163924377544], "[160]": [11.94931456314913, 31.582758896204695], "[180]": [18.133139416554684, 65.14847237152344], "[200]": [55.452235521582566, 161.4376637065006], "[220]": [25.15063257019824, 286.2237365395986], "[240]": [138.86426033315865, 180.83240084072395], "[260]": [463.4453643398101, 276.15985284895123], "[280]": [504.389045490484, 247.8357752217903]}