{"[20]": [0.120527826917193, 1.2361776033439429], "[40]": [43.89551687855039, 10.568262537230606], "[60]": [102.30266659503792, 89.68020094267851], "[80]": [1.9373780658690156, 176.788026686929], "[100]": [83.66189875472813, 189.58973610686374], "[120]": [165.13353958180983, 103.86164762437329], "[140]": [1709.7676703213742, 1514.5486491322633], "[160]": [994.6655281391653, 1080.1808423990456], "[180]": [1196.2356934428115, 79.85077272371696], "[200]": [512.7495515101795, 60.46120612604391], "[220]": [112.21229719333108, 9.98374337997981], "[240]": [33.485463228013856, 0.1754971913662331], "[260]": [35.83986652865742, 0.2594345569100927], "[280]": [68.65336562284784, 1.2687806977511102]}