{"[20]": [3.2023719582228476, 0.7745525552740188], "[40]": [1.7161942391920728, 9.588501210268827], "[60]": [137.8298500370943, 471.1433152531317], "[80]": [149.50744449175133, 2344.7787624187526], "[100]": [3280.8680231165276, 2521.432423185378], "[120]": [5471.536705562911, 211.40500187884672], "[140]": [1806.7586579755134, 330.4699995967698], "[160]": [90.3356795596279, 158.31432765857954], "[180]": [173.88555543345737, 69.90603193112398], "[200]": [106.97164209114351, 16.517721872542673], "[220]": [127.14297704540432, 8.49811217909666], "[240]": [118.49569608203058, 1.9276934229899205], "[260]": [110.15627507235862, 0.010277898439256687], "[280]": [100.45460198405533, 0.9984992133459202]}