{"[20]": [2.0, 1.9999988315983424], "[40]": [3.6370221672302976, 15.076945530928297], "[60]": [5.881513417769754, 10.965435774399722], "[80]": [7.755060849784081, 9.073213901750675], "[100]": [1.2359869604886788, 21.883934520892698], "[120]": [8.036624709926746, 45.67423506426435], "[140]": [37.457671175784505, 94.42196551385688], "[160]": [1.9610941318166453, 40.4387802293067], "[180]": [2.186775346508244, 73.01121811152123], "[200]": [171.0412144997658, 237.9955320742459], "[220]": [167.26072582407068, 85.1781746423065], "[240]": [158.7907162928058, 178.33501075600273], "[260]": [550.2438281666941, 45.079927998677725], "[280]": [958.251376497406, 251.10044470548524]}