{"[20]": [0.4910460461308875], "[40]": [2.3775728260732105], "[60]": [3.5506935921436], "[80]": [9.902341777684152], "[100]": [3.761675736969677], "[120]": [6.411825715699712], "[140]": [2.1483486274128616], "[160]": [7.242638272816763], "[180]": [1.506723753506266], "[200]": [8.867779483469423], "[220]": [130.07268224749728], "[240]": [5.7969133724344255], "[260]": [9.873434302367269], "[280]": [53.45217682011293]}