{"[20]": [2.0, 2.000001049028629], "[40]": [4.984509749069642, 4.495800698854228], "[60]": [8.964758190971759, 400.1067503887447], "[80]": [252.6086230666909, 2297.5518024134735], "[100]": [3622.1544351940597, 2996.255116205213], "[120]": [7839.2226350272185, 70.01626838521771], "[140]": [3128.509608664521, 318.2392700025436], "[160]": [147.85018878392762, 260.69091048364936], "[180]": [153.67222567825473, 74.52567204104007], "[200]": [345.3335575597388, 31.44314949700014], "[220]": [350.0620537738495, 33.23906127994846], "[240]": [308.06340378921396, 2.2660092221198123], "[260]": [277.11818849343535, 10.959181998448285], "[280]": [254.9395785252863, 2.006169010162313]}