{"[20]": [1.0366688989365276, 52.242227398159514], "[40]": [2.455466809196983, 10.565771774303956], "[60]": [149.2751482369551, 122.87637732942366], "[80]": [79.21469355980747, 155.05118400758715], "[100]": [70.78451118564378, 63.38182633610644], "[120]": [13.885145007720665, 91.4555614352388], "[140]": [1948.198742920147, 1238.5410547975277], "[160]": [2969.4227696410785, 575.8970437540191], "[180]": [11741.893155754286, 1285.1262964842667], "[200]": [7438.584251238818, 361.2459891303353], "[220]": [236.29029785498471, 71.39371668731755], "[240]": [202.99249838692927, 42.18070658716902], "[260]": [578.2498530656068, 6.146443398165953], "[280]": [439.02888141091773, 2.7057959755946555]}