{"[20]": [1.0, 0.9999989686064662], "[40]": [0.09391891958274654, 0.3108932785117248], "[60]": [0.14882298068163563, 0.1051748046768842], "[80]": [0.08687562852885429, 0.05200914345289181], "[100]": [0.08219600943136948, 0.005254512080772445], "[120]": [0.07363476136223697, 0.0005208967619640736], "[140]": [0.06634911056972405, 4.727173752817596e-05], "[160]": [0.06181724199130311, 4.462884964553786e-06], "[180]": [0.05847911556349489, 4.792354344053645e-07], "[200]": [0.055407396807089115, 4.424109343566532e-08], "[220]": [0.052705888014560956, 4.472261810046747e-09], "[240]": [0.05034038398457772, 4.4183462224989396e-10], "[260]": [0.04817664950333731, 4.5066609958009986e-11], "[280]": [0.04633193367733061, 4.5798482030731665e-12]}