{"[20]": [5.000000000000006, 0.4231442774209686], "[40]": [14.716291329278043, 2.908676320646123], "[60]": [127.84093427902366, 212.84111329795815], "[80]": [187.71447617613057, 1077.4942924954455], "[100]": [603.7442252573728, 1922.4490605158835], "[120]": [2220.866710772001, 565.8476185798718], "[140]": [1228.7039979970486, 290.9157068735649], "[160]": [214.06917957846122, 150.98906207285245], "[180]": [35.43324655511198, 17.34401786662187], "[200]": [59.96641828658619, 16.68822359587834], "[220]": [53.82452958578817, 4.672670307353645], "[240]": [47.27287844919651, 5.788300408169808], "[260]": [44.88223247418182, 1.9662421099304013], "[280]": [43.75127970576366, 1.0053828937307663]}