{"[20]": [1.3960537350271003], "[40]": [2.024510685608306], "[60]": [5.991659132824544], "[80]": [395.49296164795226], "[100]": [466.2537334675376], "[120]": [2073.527108307027], "[140]": [579.6537986968949], "[160]": [118.21040871353306], "[180]": [115.6343163923968], "[200]": [119.00105534196206], "[220]": [118.0739282634827], "[240]": [116.08904857211797], "[260]": [107.49046539842462], "[280]": [102.25592292316637]}