{"[20]": [0.0, 1.0490286287641973e-06], "[40]": [0.17768487545721257, 1.973159237575905], "[60]": [0.4705382135083995, 1.5816284506494382], "[80]": [8.105206003284133, 10.216255023495687], "[100]": [10.456847242513257, 26.41937984328671], "[120]": [2.5760607490617455, 46.19204155380557], "[140]": [48.6097419347047, 68.9671600900843], "[160]": [170.90838412041205, 11.31970753622684], "[180]": [258.6326017627248, 356.55338811935223], "[200]": [363.59700356999804, 52.77247886584873], "[220]": [329.4238984793739, 62.00958604502476], "[240]": [37.29788108043072, 1.7056132092665852], "[260]": [7.4334612081729565, 22.146342449582978], "[280]": [7.332883277862252, 1.8588482421823282]}