{"[20]": [0.6752170954266554, 14.161730494727186], "[40]": [2.6746138712207057, 0.9244054022513515], "[60]": [0.22328155819929557, 1.7204346087686306], "[80]": [2.978567935539571, 2.666638253405691], "[100]": [0.24159470960145796, 0.03040043831981964], "[120]": [0.7023074447125599, 1.002834988371574], "[140]": [0.2210518198004838, 0.00026420320390619197], "[160]": [0.4858168891055222, 1.0000246422737162], "[180]": [0.2267816866210583, 0.9999975933079317], "[200]": [0.22654954139990793, 2.0688678320523913e-07], "[220]": [0.205746636695479, 1.93630783124369e-08], "[240]": [0.1862069762303116, 1.839477901651439e-09], "[260]": [0.16791714871124477, 1.7563132625957387e-10], "[280]": [0.15697591749150314, 1.6951905239292438e-11]}