{"[20]": [1.0, 0.9999985747617768], "[40]": [3.975284671391334, 3.8384551540261573], "[60]": [14.8198039966161, 63.78264893458847], "[80]": [42.21389963949209, 489.94216615811155], "[100]": [738.4215579600638, 6339.240145908419], "[120]": [583.8987628408206, 1237.5625358774046], "[140]": [623.9234380244451, 481.8527792339401], "[160]": [169.72839001618257, 279.6302263653593], "[180]": [39.394992305101965, 39.048558906675154], "[200]": [38.187076840681605, 8.899742225331346], "[220]": [36.8697839985886, 2.274164698353128], "[240]": [35.53332420787249, 0.010993586548081146], "[260]": [34.6868913916989, 0.13118432452912462], "[280]": [34.33720750530716, 0.010008927057146379]}