{"[20]": [5.0, 5.000001402532162], "[40]": [1.3284898335441397, 14.636270807999765], "[60]": [0.6746164341055518, 12.955177043535386], "[80]": [7.281559997458849, 18.416350968618616], "[100]": [12.176150339285542, 39.78810361086756], "[120]": [31.568988759202114, 49.0278450501265], "[140]": [59.96384945668177, 103.61752674571244], "[160]": [59.162157722187885, 129.62292902947377], "[180]": [76.84211584748004, 204.5326564108817], "[200]": [219.46794631104103, 142.34311816346985], "[220]": [118.06986389399026, 217.2559066511285], "[240]": [271.389174156011, 458.36200656450274], "[260]": [1533.722559816826, 942.5018097698121], "[280]": [825.0631382144993, 229.17891853742822]}