{"[20]": [0.531104241011042, 3.6357458270494876], "[40]": [8.716387931353545, 2.743077595171062], "[60]": [0.5667549929590194, 11.820452574465573], "[80]": [2.291125283402515, 11.72906894560682], "[100]": [16.539719629598494, 35.6414101791586], "[120]": [12.131360987060873, 37.388529956234606], "[140]": [15.790024277520502, 85.33574117448507], "[160]": [72.11995576318304, 146.19673933476247], "[180]": [19.093293711241017, 137.44164833408854], "[200]": [72.95305148514171, 265.2644609479671], "[220]": [236.88928402081729, 155.84560041648456], "[240]": [5.4252887344955525, 150.68089406387298], "[260]": [468.91398856503656, 299.9168971134741], "[280]": [492.8891556413587, 314.35032019121354]}