{"[20]": [2.0], "[40]": [0.7703804752005254], "[60]": [2.5497675868727283], "[80]": [1.125680483806863], "[100]": [0.2803452357000145], "[120]": [0.2518543633762376], "[140]": [0.23659820268691176], "[160]": [10.404514213758508], "[180]": [14.401225260637982], "[200]": [18.889878707077173], "[220]": [127.03025379436056], "[240]": [20.968920962878595], "[260]": [22.03173917477551], "[280]": [11.145523054950052]}