{"[20]": [5.437408362866977, 10.275672548019447], "[40]": [9.663603781967765, 2.8581515158809765], "[60]": [50.528826653443275, 572.5691955095162], "[80]": [329.6682204635581, 3386.3407777906723], "[100]": [905.1786314779711, 4423.207229481803], "[120]": [7362.834663114838, 278.98426604710767], "[140]": [4526.879862169189, 736.5379621172051], "[160]": [141.61312985679615, 336.37383891542686], "[180]": [225.12972738733515, 113.76145716670646], "[200]": [245.49677845404034, 41.992218633438625], "[220]": [248.93489085483213, 12.024258944084664], "[240]": [238.71448377181792, 6.70012760337444], "[260]": [214.7581109839999, 4.954491413239355], "[280]": [195.17437782435792, 0.9930937421148194]}