{"[20]": [0.13470427883415756], "[40]": [5.118001244582066], "[60]": [8.934976465363036], "[80]": [1.358541351751429], "[100]": [8.882458179705974], "[120]": [41.52345606474478], "[140]": [15.155866936506825], "[160]": [50.83269159877427], "[180]": [129.4964939445387], "[200]": [136.90899158836513], "[220]": [179.32851100583557], "[240]": [266.538496004651], "[260]": [379.8844529507077], "[280]": [432.07413693685777]}