{"[20]": [0.0, 1.266604183032739e-06], "[40]": [4.354978455500181, 5.047401569473436], "[60]": [18.874601254583723, 62.714332430275874], "[80]": [146.6412801768596, 463.08812428955076], "[100]": [288.24722442078837, 1551.7233391447835], "[120]": [650.2589821966176, 2592.310378869737], "[140]": [3690.260217464809, 863.8273571960999], "[160]": [1144.2092475572272, 379.45156764366766], "[180]": [351.12348921224475, 345.96364736332], "[200]": [117.41766812700797, 112.05735013252888], "[220]": [241.43196256965555, 38.27768077422692], "[240]": [272.7868582393726, 23.08224203808726], "[260]": [245.64102357253867, 11.625430082393788], "[280]": [227.00817243219424, 5.727013925832171]}