{"[20]": [3.0, 2.9999673825055972], "[40]": [8.893058895235601, 14.921688772025474], "[60]": [122.91021981734497, 346.600477531827], "[80]": [431.80764206227343, 527.7409929339257], "[100]": [12440.033082953894, 3318.529174988401], "[120]": [20576.519071465427, 1993.1689613062942], "[140]": [6326.55285483977, 528.2941712141392], "[160]": [441.8837632450975, 230.84800554322595], "[180]": [494.159465930807, 62.92135878983552], "[200]": [578.4179839805402, 28.870294451237445], "[220]": [482.5834113755387, 0.08447203196106702], "[240]": [464.51136665284196, 0.5736159258585187], "[260]": [458.1181199205989, 0.05813013971360889], "[280]": [553.5143276614438, 0.007930023232990269]}