{"[20]": [1.0, 1.0000015874364736], "[40]": [2.251880462598919, 1.1198006346285556], "[60]": [2.083955707757413, 1.7658824960638206], "[80]": [6.676076769278339, 12.934000741569145], "[100]": [2.2362054747673312, 6.149815885270243], "[120]": [7.756280044137817, 1.4377761809581315], "[140]": [2.3515707781174555, 10.35143211870917], "[160]": [2.395813137455278, 7.550158032893819], "[180]": [0.10858385755685163, 7.995054258167016], "[200]": [13.42347422039461, 14.309917990227149], "[220]": [13.16045108923521, 55.23140650733495], "[240]": [15.606361892475661, 133.47055606648007], "[260]": [40.74638021958526, 12.995310630903305], "[280]": [63.3949790409406, 197.95558407693943]}