{"[20]": [2.0, 1.9999988315983424], "[40]": [0.09386706969043464, 1.1992985536182352], "[60]": [1.2664962023392476, 1.2868626815352069], "[80]": [0.867455301776215, 2.0804203474915095], "[100]": [1.0192391013460902, 3.672652358190789], "[120]": [1.4351107039810302, 4.767945715455829], "[140]": [9.33467489094222, 9.350319707766293], "[160]": [5.246286183446917, 1.327667213414841], "[180]": [1.9043170702989034, 9.199663229648538], "[200]": [20.030522828217578, 27.66107647362518], "[220]": [46.30096800756888, 33.82326126172779], "[240]": [15.342504351813998, 26.93040046446688], "[260]": [47.8398011589647, 60.605013689452484], "[280]": [129.7562143039807, 4.2927440245898465]}