{"[20]": [2.0, 1.9999644134491577], "[40]": [1.792124340961344, 4.495800698854228], "[60]": [60.235310449942794, 330.1067503887447], "[80]": [147.16965216817266, 258.9880386232378], "[100]": [71.96614702149556, 204.2963151823422], "[120]": [123.42673639333199, 130.49047562634823], "[140]": [2285.3203714310353, 629.1804213265548], "[160]": [4447.9352163486765, 2602.5845254981896], "[180]": [7194.054120852222, 465.5028304452394], "[200]": [2043.8327037428683, 190.1389534438364], "[220]": [126.07330025641937, 48.469057483133085], "[240]": [124.7680439086205, 70.9585386684065], "[260]": [151.21564823866416, 25.971215449695958], "[280]": [382.50686260426863, 2.6296342260160293]}