{"[20]": [0.0, 1.0490286287641973e-06], "[40]": [5.772921467814995, 2.232764648962848], "[60]": [2.7734905730927157, 1.7801000784200525], "[80]": [0.22116838895916804, 0.2179586332616419], "[100]": [0.19338772087588385, 0.022727129884128637], "[120]": [0.1716473659949374, 0.0019292383676764266], "[140]": [0.15708674676179693, 0.00012028256229025593], "[160]": [0.14639517430348303, 1.5111556166897101e-05], "[180]": [0.13825977992157365, 1.1894025299558146e-06], "[200]": [0.1307478768655853, 8.946572097986811e-08], "[220]": [0.12423773887362842, 2.724937044252371e-08], "[240]": [0.11859387489726483, 2.382524593978265e-09], "[260]": [0.11334466482505255, 6.177627672737318e-11], "[280]": [0.10904865428876133, 5.78377197396457e-12]}