{"[20]": [6.006180516459883, 3.19325567099721], "[40]": [36.76290750465261, 27.989203335268147], "[60]": [5.820551123046407, 804.6554973686548], "[80]": [1610.9540451553823, 4493.179903699446], "[100]": [3461.065918808025, 4924.730928275689], "[120]": [447.3112474029531, 74.90524529473484], "[140]": [542.4013146267898, 700.4044875004502], "[160]": [359.706828646728, 316.4391875814602], "[180]": [93.41922528021193, 102.05206193236043], "[200]": [84.6923553324971, 27.332162833581137], "[220]": [76.28097839097383, 15.729613067754746], "[240]": [66.84422312935695, 0.8139031360270832], "[260]": [62.67206832444023, 2.9727387990099983], "[280]": [58.96021697128894, 1.9960066395702887]}