{"[20]": [15.243645440278357, 16.958864944358183], "[40]": [2.652505361265135, 13.664504147317821], "[60]": [1.8371969853675125, 15.913793123240808], "[80]": [14.479389886300098, 32.28398291094737], "[100]": [33.098176672692944, 60.36400286963229], "[120]": [34.28837584509063, 116.28478752999354], "[140]": [66.4645287536905, 133.46536597584463], "[160]": [8.298939663610327, 146.05007432039247], "[180]": [156.09068353290968, 510.5635198315954], "[200]": [189.19578444187027, 498.6165599097858], "[220]": [460.49087287915245, 35.10150617637373], "[240]": [1002.8878284283874, 591.3204487890525], "[260]": [3895.3279411546137, 820.6029640301786], "[280]": [423.5784431593347, 220.38343687349607]}