{"[20]": [10.448493858553224, 1.0431722376914363], "[40]": [2.9270760281318737, 13.951853842564981], "[60]": [262.0118792084823, 852.67689632031], "[80]": [9.569022906022361, 1065.277959463183], "[100]": [8.557802878685852, 431.9498298536867], "[120]": [119.65767714946723, 336.8933222675172], "[140]": [9454.471508786122, 2925.063949561922], "[160]": [2851.4624757066863, 936.4140952118943], "[180]": [9202.567954012193, 1638.8945737911408], "[200]": [1128.985146693621, 390.51590573464085], "[220]": [136.0664282768155, 203.3304595114665], "[240]": [137.8865912626752, 125.34131100147474], "[260]": [134.25640407104513, 20.100013282736263], "[280]": [230.28620374342154, 3.58928485384742]}