{"[20]": [2.598613728578746, 166.33535798064736], "[40]": [9.182862667404308, 4.436180892666488], "[60]": [56.12198817791075, 69.07782324299522], "[80]": [4.367885148330555, 60.81468937325374], "[100]": [9.621007774088133, 16.07523929783067], "[120]": [3.5785389565599672, 16.403838803780197], "[140]": [180.97365635252584, 603.630554516071], "[160]": [1233.9636454292963, 574.5079711016499], "[180]": [3003.2917714367177, 411.79399383732016], "[200]": [2908.380645954776, 181.43020043474888], "[220]": [368.74032748570886, 32.70793875431734], "[240]": [39.36420775422579, 9.125676613960682], "[260]": [40.24700101152869, 7.598708908187287], "[280]": [63.452718365132974, 0.7974485628413429]}