{"[20]": [5.0, 0.42371982833282384], "[40]": [12.23863878070437, 2.908676320646123], "[60]": [42.16676550046154, 90.54409569062], "[80]": [11.412277544370056, 66.95577219966412], "[100]": [20.298654836254514, 26.231487817101197], "[120]": [23.04795120627199, 31.50415632244696], "[140]": [401.1602905133691, 439.4278371299254], "[160]": [187.89819444329078, 430.66901657528433], "[180]": [4611.837767972011, 322.59952694236745], "[200]": [3786.421794692873, 390.7137409769275], "[220]": [282.3059783876636, 41.607152975568056], "[240]": [150.82827839311022, 26.93844090247032], "[260]": [121.4164106368261, 14.187240732033175], "[280]": [343.92049715063666, 2.303444709104128]}