{"[20]": [0.841738649410706], "[40]": [18.859374778953594], "[60]": [242.33047722442734], "[80]": [32.30364928741278], "[100]": [30.365859143631496], "[120]": [18.013629229099934], "[140]": [206.36851542379736], "[160]": [467.0602059900848], "[180]": [3020.907344134237], "[200]": [1433.7959076980533], "[220]": [364.7890776835188], "[240]": [31.66120320937614], "[260]": [210.22304385774805], "[280]": [258.58046099173737]}