{"[20]": [0.5996857279569903, 1.3570214072462905], "[40]": [3.8414192015353095, 11.05001741267364], "[60]": [0.3845700044341811, 462.4918502620864], "[80]": [280.54547133177675, 2406.637589137157], "[100]": [287.0532542075998, 1197.248778350604], "[120]": [561.3952566039507, 390.8148320742175], "[140]": [354.3657690415041, 132.00463566844746], "[160]": [94.32750548681202, 65.50127857756337], "[180]": [13.710799260941485, 40.96086740087992], "[200]": [32.69046326887592, 14.502165052352296], "[220]": [46.996947092719225, 7.79709114379547], "[240]": [50.04942290392178, 5.02748090643167], "[260]": [53.258632033597394, 0.0037218021866394224], "[280]": [30.488439123523104, 11.999495959070494]}