{"[20]": [1.0, 1.0000010490286289], "[40]": [4.2727827214321215, 1.058809020088482], "[60]": [3.3769150303286297, 7.854518541820839], "[80]": [9.687916240722666, 22.493707155127456], "[100]": [14.23487079009996, 56.679670538633495], "[120]": [4.311342769515908, 250.32492440046178], "[140]": [178.45395196938432, 344.500150878766], "[160]": [22.14755870328974, 577.74718431685], "[180]": [38.751811226161315, 412.5631849118219], "[200]": [70.20465484529875, 127.99311262136835], "[220]": [29.870942192040175, 152.2704110670406], "[240]": [95.72170167845533, 143.41682741057537], "[260]": [48.26099013679611, 94.00603237905742], "[280]": [12.065500073427625, 6.75269334930953]}