{"[20]": [8.764587797550353, 14.256421779329845], "[40]": [40.54418012574296, 14.356230622015396], "[60]": [25.786523851017122, 663.3589521462947], "[80]": [525.5400838869078, 506.111695369705], "[100]": [7829.128993788057, 325.39100079564844], "[120]": [6092.299259783809, 913.7590478248516], "[140]": [1757.061259658802, 176.93897579023277], "[160]": [138.42855605356846, 19.786251968611065], "[180]": [123.18091204723551, 2.7757986168567426], "[200]": [115.5171464083878, 1.2822648591651729], "[220]": [107.76936261229133, 2.6355515444452915], "[240]": [102.9819067530809, 1.0487904896932254], "[260]": [99.99458171041658, 0.00654376225924653], "[280]": [97.91479194638316, 0.0008776474165022478]}