{"[20]": [16.23880464627581, 36.16272699495022], "[40]": [117.76928412637369, 28.46455801271395], "[60]": [265.482280480388, 9405.773161526959], "[80]": [21568.688294746302, 7986.830965569025], "[100]": [40900.65511348241, 2231.814066948318], "[120]": [16790.525063160967, 875.4333273414313], "[140]": [431.1728531105123, 613.2180821036118], "[160]": [1565.8887679906807, 184.6506027151445], "[180]": [1188.619619949119, 45.33078511378912], "[200]": [1158.6653464463493, 19.25219261058109], "[220]": [912.6025527415397, 1.916176378805389], "[240]": [809.9109661178454, 1.9906044201187139], "[260]": [921.6953967048902, 0.9989468804459314], "[280]": [888.7782881331082, 0.00011803671830000828]}