{"[20]": [1.0], "[40]": [1.3845790842956354], "[60]": [1.572515721651108], "[80]": [5.399354150659895], "[100]": [0.7127329443511662], "[120]": [9.519178668172087], "[140]": [2.5784630083928546], "[160]": [0.9815582294282691], "[180]": [1.4055373868451957], "[200]": [14.850947631539176], "[220]": [1.4842013327998946], "[240]": [2.2257173050773047], "[260]": [10.81815409687746], "[280]": [8.21080970440815]}