{"[20]": [7.566323087708803, 1.5033573170648076], "[40]": [5.452590347523255, 23.34425417969976], "[60]": [783.7846512545311, 860.1630720788519], "[80]": [197.14576604452532, 1226.8255335804233], "[100]": [245.78409165609628, 901.1402286848916], "[120]": [290.45564470474164, 640.4816725020773], "[140]": [2724.6529331195125, 4206.037192664833], "[160]": [10994.284558987187, 1046.0953518208407], "[180]": [21982.285584473422, 1248.3918511806187], "[200]": [8276.893665814805, 524.2871570870957], "[220]": [834.0452448447422, 293.72073567076177], "[240]": [108.97609507765168, 173.4444902718178], "[260]": [504.5172162543641, 18.36631411053159], "[280]": [1390.9072845446462, 1.4810650652892985]}