{"[20]": [9.314085239414275], "[40]": [1.9615056751174735], "[60]": [39.652473360441675], "[80]": [436.0871310822503], "[100]": [3850.8560717978894], "[120]": [334.2621833425848], "[140]": [2050.63647575644], "[160]": [604.2083241550197], "[180]": [171.689651204841], "[200]": [136.92026303575992], "[220]": [139.74119208457037], "[240]": [141.9755677029506], "[260]": [140.6619272937972], "[280]": [134.91689277174973]}