{"[20]": [0.0], "[40]": [3.6802945277251524], "[60]": [22.374661746568393], "[80]": [46.9711933564779], "[100]": [417.90171423899756], "[120]": [1274.3065413411477], "[140]": [993.123349930167], "[160]": [189.41297415364534], "[180]": [137.3961691478503], "[200]": [173.77051275198968], "[220]": [166.93770477045177], "[240]": [148.92010291402184], "[260]": [132.72061320033217], "[280]": [119.58043555461177]}