{"[20]": [6.275530350185162, 1.0431722376914363], "[40]": [3.487849475179124, 13.951853842564981], "[60]": [92.96840954453606, 1875.7605716303094], "[80]": [3171.9871830326047, 9155.919814379437], "[100]": [7974.6086917009015, 9472.305692153745], "[120]": [21023.16140787945, 409.05801498063266], "[140]": [9122.875359669983, 1393.9711927333565], "[160]": [289.8455785201132, 644.2885986874461], "[180]": [240.15951905038864, 278.42184685468527], "[200]": [685.7164028935598, 78.41015060500028], "[220]": [692.5241019944633, 24.052467546830396], "[240]": [586.7744685876249, 13.721002673326565], "[260]": [539.4705857103363, 2.9600327551726777], "[280]": [486.2316288990336, 3.994274432767662]}