{"[20]": [9.487423069930664], "[40]": [6.544920006273699], "[60]": [2.5095614688623513], "[80]": [1.791848134862093], "[100]": [16.404854139959156], "[120]": [29.82251452096267], "[140]": [21.68973477345014], "[160]": [32.76290910434636], "[180]": [54.213889907003704], "[200]": [29.30803358108733], "[220]": [185.95165554973755], "[240]": [85.80820769361708], "[260]": [422.7064567251691], "[280]": [163.7256240628767]}