{"[20]": [0.0, 1.4025321624993491e-06], "[40]": [3.8452770601043724, 1.7001317136209853], "[60]": [1.4136212954710583, 5.3453082167002055], "[80]": [2.926757533487198, 3.6043177619199014], "[100]": [5.307084513127734, 42.825448948133186], "[120]": [84.08548249441401, 13.075112743082514], "[140]": [112.63713806717169, 23.65159612537218], "[160]": [158.75777595336285, 168.23496257239822], "[180]": [138.88681069501172, 202.89740065773321], "[200]": [140.58603005115856, 59.64275530863574], "[220]": [136.9979873529469, 7.217225048854743], "[240]": [183.74860878037282, 21.92197604512785], "[260]": [87.32812695033692, 29.189658599238555], "[280]": [38.42671339249992, 59.49275463689051]}