{"[20]": [8.53063964602804, 20.41982836755954], "[40]": [42.68716746947365, 17.332200300507633], "[60]": [81.48473517053965, 1043.2234636087596], "[80]": [3176.555576247745, 2395.150683421824], "[100]": [14874.270084718308, 723.2737262098733], "[120]": [21420.40762413623, 1695.6640733168922], "[140]": [4904.043325004611, 334.0351522827122], "[160]": [427.7121544687147, 114.38344719563015], "[180]": [325.25389982271184, 18.01162117278133], "[200]": [416.9854855380307, 2.1641572033044922], "[220]": [330.4761694714298, 0.06716471655575719], "[240]": [319.8003729193439, 0.1270542510576924], "[260]": [315.47315454212134, 0.01734864998953968], "[280]": [393.18153263233944, 0.0023670260166048585]}