{"[20]": [5.0, 5.000001266604183], "[40]": [9.839740274017885, 34.74415705444119], "[60]": [10.701465526661494, 37.289232287749186], "[80]": [38.47342022419397, 84.75350315674419], "[100]": [112.86767396031769, 190.45339944707212], "[120]": [22.673368997975786, 549.6542130661599], "[140]": [240.50066664141696, 866.6825019708772], "[160]": [225.68166546054545, 889.5446902629274], "[180]": [188.32171584638945, 1341.1151002805163], "[200]": [130.4904356047664, 1140.2528772322985], "[220]": [774.4111029840442, 20.72281808740354], "[240]": [70.70303406004314, 0.9921729901088838], "[260]": [280.20108756078207, 314.39576023562313], "[280]": [220.56366964918243, 58.290705505225446]}