{"[20]": [5.0, 5.000001937864623], "[40]": [62.74158755357658, 37.11111089792189], "[60]": [653.6023166396722, 2281.2833487498265], "[80]": [1870.5710520056382, 3617.8019135135582], "[100]": [3469.841955693155, 695.3170154211912], "[120]": [3102.364251699036, 374.32178116638033], "[140]": [141.95811963153471, 151.7114646240476], "[160]": [228.54758669830983, 42.93452480604677], "[180]": [212.70918824842948, 5.618873892448406], "[200]": [162.83298200681867, 2.6305505453181315], "[220]": [133.38676442311402, 0.07663003470607029], "[240]": [127.06004520066597, 0.009132011272126041], "[260]": [136.42421877075088, 0.0010863943018552939], "[280]": [164.80021414495832, 1.657548077375964e-05]}