{"[20]": [1.0, 1.0000010490286289], "[40]": [1.1433354323372076, 0.5974984746273845], "[60]": [3.0577874564179637, 4.646529034977765], "[80]": [2.927861205692179, 1.3320237111895423], "[100]": [1.0176420885900221, 2.24441464287797], "[120]": [1.1817591129424518, 4.901832792786419], "[140]": [0.3018875278106478, 0.009079697073217185], "[160]": [0.8381075439640735, 2.000963985613143], "[180]": [5.5911361962064134, 10.000093504273968], "[200]": [10.35828058087898, 45.00000862665486], "[220]": [128.0798459922781, 179.99999972234755], "[240]": [99.88103290277488, 139.99999948466447], "[260]": [48.40270867940278, 127.9999999416862], "[280]": [49.84435851021405, 110.99999999599761]}