{"[20]": [0.0, 1.923246632497935e-06], "[40]": [3.60102203082093, 2.5803215386756193], "[60]": [11.677774673171335, 2.402458735067519], "[80]": [5.57083134688591, 4.1361914390388606], "[100]": [2.0005749966741817, 8.346233784887012], "[120]": [18.933727282183312, 30.049056338345004], "[140]": [2.3645786718146837, 15.160062975149685], "[160]": [16.03761013489219, 10.659892613552302], "[180]": [37.61406646939923, 66.25349878953125], "[200]": [99.36896138270322, 129.21023916139188], "[220]": [31.798326514497376, 265.7813299134293], "[240]": [162.44404491286832, 160.10403760364034], "[260]": [557.5657370189165, 201.99494617973323], "[280]": [1046.5714298568405, 222.2016710044254]}