{"[20]": [4.0, 4.000001439860373], "[40]": [17.24501644928064, 6.824022408852883], "[60]": [138.79787037298388, 967.5960278640879], "[80]": [5943.990262231586, 1329.0339015919963], "[100]": [12288.041965200493, 979.453236820169], "[120]": [961.027085153939, 555.369145093282], "[140]": [2313.318688143387, 61.345616233776354], "[160]": [850.7102369184761, 28.48693462827063], "[180]": [620.0092662045805, 3.8611811595207897], "[200]": [594.2851397870758, 5.450411063797423], "[220]": [442.66036384487853, 0.19763438374152908], "[240]": [428.284195266994, 0.02520303461562412], "[260]": [426.8637078187999, 0.003213262504159303], "[280]": [556.1573209928043, 0.0004098419884039957]}