{"[20]": [7.771561172376096e-16, 2.1520201197973097], "[40]": [51.545453763741136, 19.68573582455197], "[60]": [133.71276485542813, 94.50005218326629], "[80]": [16.404739476907025, 171.78603707747084], "[100]": [17.346406311065493, 97.81817042784803], "[120]": [97.35756496681074, 67.92925089327991], "[140]": [1479.6415684173853, 541.2955036791236], "[160]": [2908.555901172698, 30.01093508822305], "[180]": [1508.7436645820449, 161.7582993987321], "[200]": [581.9651180223888, 62.1022453850681], "[220]": [36.638916995840106, 33.851501520064886], "[240]": [70.49713002160172, 10.434155557887848], "[260]": [26.682289733834587, 2.617661240373872], "[280]": [90.81102579317833, 1.9592613227423672]}