{"[20]": [1.0366688989365236, 52.242227398159514], "[40]": [10.683583895086066, 22.16597061837218], "[60]": [133.79619170378658, 120.7688305933434], "[80]": [52.46202941252829, 174.8709457132428], "[100]": [6.473196674735315, 122.15126131722819], "[120]": [14.106683420808293, 122.38035498716546], "[140]": [2129.2003378968234, 1446.806948222882], "[160]": [2328.703347363092, 738.5857328645712], "[180]": [11328.7901196728, 1051.5993009808935], "[200]": [7710.886993583455, 318.2103839952315], "[220]": [329.20763987464744, 55.3036909688975], "[240]": [206.90234646160448, 38.56076071514317], "[260]": [602.9770834182993, 3.610302351800939], "[280]": [454.4809762898496, 0.4830769960045254]}