{"[20]": [0.7653198230140198, 10.35716653604062], "[40]": [11.573345029412135, 8.838051105428812], "[60]": [114.51120964977623, 71.93302845815548], "[80]": [56.755303931903875, 31.460158886586367], "[100]": [97.35312533650574, 107.00417691481763], "[120]": [148.17657031967937, 82.98915971176507], "[140]": [1549.3273962714707, 1179.9188193582804], "[160]": [2884.8403161845767, 1081.651750429387], "[180]": [4151.164142327444, 292.6285228724387], "[200]": [1430.4804928976453, 30.933061562123612], "[220]": [40.262285189828255, 55.07555105840273], "[240]": [58.48740162666539, 48.15059375242948], "[260]": [318.7767716122224, 11.588048641353332], "[280]": [213.54989972036333, 2.5451440116137833]}