{"[20]": [0.22464109188557546, 2.076484879058746], "[40]": [15.194659016396852, 13.52630873863893], "[60]": [37.2972073921311, 953.1833153899825], "[80]": [15.125558067037604, 6194.71068921083], "[100]": [4443.973871473606, 9572.467770393496], "[120]": [7632.466378443358, 997.8714296727529], "[140]": [2038.4831851899678, 1179.442916469853], "[160]": [246.02438355769965, 807.7320644894584], "[180]": [504.50911709071914, 386.97512150168404], "[200]": [523.3855359908116, 156.31638208173553], "[220]": [485.06423906297766, 56.62254493626594], "[240]": [440.91874099901105, 19.33248421100279], "[260]": [391.4264589697448, 13.898219805765606], "[280]": [356.7184799452702, 5.98448068285021]}