{"[20]": [4.658927784166905, 10.211679347728813], "[40]": [37.87435855816259, 2.6967018947100563], "[60]": [60.46131497481405, 133.6500832162727], "[80]": [4.631376888506132, 214.30633868079977], "[100]": [3.215222061181038, 159.66132906829122], "[120]": [2.972667498417295, 88.33936756587441], "[140]": [211.0922957683127, 1061.642021064899], "[160]": [3058.113116613764, 3304.011336165774], "[180]": [1867.1473792599165, 491.3217585691635], "[200]": [836.59777768449, 98.28214279189513], "[220]": [168.24165203437124, 5.4911332796026935], "[240]": [50.8022023047792, 7.0807148921384515], "[260]": [50.63614586488616, 5.595174287465075], "[280]": [115.15657763332656, 0.34073799863903514]}