{"[20]": [1.0, 1.000001266604183], "[40]": [26.74418332759226, 21.47797055669006], "[60]": [25.63000619716857, 132.49543057861206], "[80]": [99.78691369783996, 810.0351172912167], "[100]": [1241.6831671648215, 24.101942873963708], "[120]": [4217.141510311532, 1036.954203640944], "[140]": [5401.2745669107135, 448.23866769740926], "[160]": [1540.6003432404987, 300.9235045419782], "[180]": [86.43016804406284, 108.47335522901301], "[200]": [407.63326453466505, 56.33325714300611], "[220]": [439.1631680888591, 18.31988816288093], "[240]": [403.76455454180257, 8.2921802558891], "[260]": [367.83537536779966, 0.6988945449148307], "[280]": [332.03094824977256, 1.053081920270328]}