{"[20]": [9.0, 8.999998573665662], "[40]": [62.874855240239214, 39.11842395314541], "[60]": [52.05058332037007, 1971.5601906831967], "[80]": [827.1924973520473, 2448.84958533055], "[100]": [5729.21518817002, 1004.1148373584357], "[120]": [838.4430424513499, 217.76940783958761], "[140]": [186.75757872020836, 165.0309864228415], "[160]": [123.84951432443896, 99.81798062674078], "[180]": [143.06448371266077, 34.77726943698846], "[200]": [131.13061930850841, 15.642258888576375], "[220]": [122.41283225902292, 5.960865986225201], "[240]": [118.61223141828866, 0.003986554688256818], "[260]": [121.49182186852107, 0.0005774023274066263], "[280]": [129.2456472131393, 6.596350755045634e-05]}