{"[20]": [6.64203887112256, 8.535460734428948], "[40]": [54.59991019663996, 6.000780046459119], "[60]": [107.89598104485349, 535.3480286931659], "[80]": [238.55931832093313, 1081.8113249678747], "[100]": [381.94432541416927, 474.01028455584407], "[120]": [73.96881931654312, 678.7873548276564], "[140]": [711.0049784109148, 3849.3659418536777], "[160]": [5338.5165807375515, 2209.4131719396523], "[180]": [1664.2908907338215, 22.886550416224207], "[200]": [1183.2806998106323, 137.73053893818604], "[220]": [464.0226067810537, 28.75383324873626], "[240]": [94.56852038501782, 49.68272800870892], "[260]": [90.11704214596003, 12.998085402849275], "[280]": [88.20585306951408, 1.7053472604196782]}