{"[20]": [3.0, 2.999954310848676], "[40]": [8.797563606343019, 14.921651795200118], "[60]": [146.47513589639547, 346.42150258373124], "[80]": [624.7730179002473, 549.8750557551509], "[100]": [16539.980193217703, 3522.7166286904617], "[120]": [21413.440858494057, 1993.6450039606311], "[140]": [5044.790886234586, 514.3391888760871], "[160]": [540.5933114760825, 229.085967452541], "[180]": [402.45928027106265, 62.409989759933126], "[200]": [658.4479385894151, 28.758580777129026], "[220]": [542.5363723947808, 0.10590965654081941], "[240]": [485.6326292170023, 0.5699636004255217], "[260]": [545.5147479838588, 0.0587923292278849], "[280]": [524.8753944575161, 0.008040970825088022]}