{"[20]": [2.146409633046125], "[40]": [0.8351339704286094], "[60]": [8.839811766048513], "[80]": [66.43476340666007], "[100]": [195.80013703329223], "[120]": [191.1209545124775], "[140]": [24.631417429981184], "[160]": [26.747155716924624], "[180]": [33.905423770192314], "[200]": [17.299622868900933], "[220]": [30.000835844502745], "[240]": [18.215646929804652], "[260]": [20.823296155116022], "[280]": [19.048807082850832]}