{"[20]": [8.426838029193888, 16.958599483722985], "[40]": [5.544205938472608, 22.23854954283351], "[60]": [0.6379274117830747, 13.48670219510641], "[80]": [8.561258619767926, 49.29746231499297], "[100]": [0.4670162485580249, 66.83363819626766], "[120]": [5.847887960073649, 71.44927704600076], "[140]": [19.022455062221752, 246.90556612134912], "[160]": [5.634018701312698, 272.9981138600019], "[180]": [53.608681368039925, 636.6188129418392], "[200]": [140.94402881162205, 353.48322098545214], "[220]": [229.90965828008848, 546.1620138148901], "[240]": [236.16006502058735, 385.70208019815436], "[260]": [416.52527923126036, 722.9385819888903], "[280]": [139.79387411418338, 6.17337372027896]}