{"[20]": [1.4568771172762585, 10.275672548019447], "[40]": [30.59379836696315, 2.8581515158809765], "[60]": [14.030130837677802, 528.7081724096416], "[80]": [650.0523376477113, 3281.5460680159067], "[100]": [965.0370688639632, 5027.1690204933075], "[120]": [1139.9821488162488, 467.56591736843257], "[140]": [1131.1408076861871, 776.197073764708], "[160]": [331.5263659479913, 352.66241401834327], "[180]": [55.03520061663892, 144.09034756889673], "[200]": [107.19483869202536, 45.1878570983736], "[220]": [106.42377066773794, 16.72444600077364], "[240]": [96.65008288921898, 11.650701676684005], "[260]": [87.44445659446276, 5.946389728594697], "[280]": [85.2147722429093, 1.008227934722451]}