{"[20]": [1.0, 0.9999804844585414], "[40]": [1.7983245821444904, 1.2112157134550743], "[60]": [7.788468676613393, 17.749592853464527], "[80]": [25.869703450413873, 127.6275954183055], "[100]": [70.3548759488078, 202.25042827258412], "[120]": [1060.515038364164, 24.63728769653287], "[140]": [1752.9794190405769, 279.18818611594827], "[160]": [383.59452523328486, 41.402199920104415], "[180]": [25.976693394473237, 3.8109385171933132], "[200]": [27.804585294535414, 5.061467613546331], "[220]": [26.51073948025881, 1.6060979768888557], "[240]": [25.087335621680985, 0.44174343238660624], "[260]": [24.857778963094628, 0.07468854601393507], "[280]": [26.28079378856604, 0.012598580533092582]}