{"[20]": [0.7203664856086157, 3.1311397668615735], "[40]": [7.975009122447887, 1.9067746061857658], "[60]": [82.93780872395689, 175.99378745454743], "[80]": [209.25034756294642, 1123.7911514016653], "[100]": [2045.2583525740654, 2176.4365474333977], "[120]": [3799.5441868431885, 386.69727833028116], "[140]": [2743.2534706379547, 337.56204238980644], "[160]": [452.2540190377989, 171.0956600908612], "[180]": [43.35287169669955, 54.012600267949864], "[200]": [74.43890491411022, 14.171176059133478], "[220]": [78.99278672091224, 4.4517975312288245], "[240]": [75.11009079497292, 2.756385773972974], "[260]": [68.26724509750466, 2.9616720252331055], "[280]": [61.680821865782875, 2.993969853571841]}