{"[20]": [0.20269813153291782, 2.076484879058746], "[40]": [7.9871128738849615, 6.683440105487485], "[60]": [0.8578229227493351, 272.24567581529396], "[80]": [71.56460881799832, 1668.5552943888222], "[100]": [1318.8249020673693, 3005.547853521444], "[120]": [3830.955739104931, 1280.2564142716622], "[140]": [1834.0788223761015, 533.4518464501438], "[160]": [121.83310733757779, 397.85994456902097], "[180]": [186.6279194074809, 212.53928344472067], "[200]": [252.63261981709013, 55.961194718231255], "[220]": [227.89097947412577, 32.557079072046655], "[240]": [205.84799102954446, 11.104858112764132], "[260]": [187.2164582692268, 1.8528240361407637], "[280]": [168.12291277182433, 3.9758023823988453]}