{"[20]": [3.000000000000003, 11.5844600500253], "[40]": [4.315652189624485, 2.3422817814650987], "[60]": [0.8682461587626591, 29.644005877938568], "[80]": [26.626017835964717, 6.107813251386432], "[100]": [9.839009919297425, 1.5724688431610758], "[120]": [11.078849911379535, 14.576993920915008], "[140]": [108.27102615589507, 180.75886160075237], "[160]": [815.0991258752492, 339.3680128314886], "[180]": [105.22189386515038, 447.18909928371704], "[200]": [251.9078135907489, 170.59652383007187], "[220]": [117.43351698744141, 18.25662120829662], "[240]": [1.588856995863388, 16.342637279107123], "[260]": [13.813054289219895, 4.9067673573080475], "[280]": [46.634445375041395, 0.22189663861325104]}