{"[20]": [6.198663275133581, 6.537677578743416], "[40]": [24.69051766264178, 1.3731781552713471], "[60]": [480.2474913637493, 1601.2427321843359], "[80]": [3303.298917991935, 1582.6917969821225], "[100]": [788.7893220713086, 696.8309162304158], "[120]": [2343.1172323006995, 197.9166434684712], "[140]": [316.45359225120217, 54.22187917079685], "[160]": [62.60986659367855, 19.30051141913046], "[180]": [30.40559046701992, 4.093824564614604], "[200]": [20.9900556602292, 1.3408982296977168], "[220]": [17.03090058173348, 0.03996991828246965], "[240]": [17.06224849135506, 0.00468613402362487], "[260]": [18.195537179183663, 0.0005494048130706333], "[280]": [21.81593942346788, 6.441109795012179e-05]}