{"[20]": [1.0, 1.0000010490286289], "[40]": [0.46664076000327115, 0.4739493060636328], "[60]": [2.2472798654402952, 1.067799493625831], "[80]": [0.16034954622029038, 0.6959856443128684], "[100]": [0.1947621372634279, 0.9700972573334923], "[120]": [0.18053028245206715, 0.002035599774035685], "[140]": [0.20745890200855133, 0.00019016663743252717], "[160]": [0.16932740121040976, 1.5770350801088265e-05], "[180]": [0.14488075802898512, 1.328099238340489e-06], "[200]": [0.1356265250852431, 1.1385124640187066e-07], "[220]": [0.12797707468900124, 9.564079886212353e-09], "[240]": [0.11581645738068333, 7.529886736158808e-10], "[260]": [0.11126027941448452, 6.293656160812774e-11], "[280]": [0.11482413622474731, 4.706244389196175e-12]}