{"[20]": [4.734232887304602, 51.552776957747525], "[40]": [6.190781515129508, 11.189465879672278], "[60]": [123.87765466723506, 1131.9833424415233], "[80]": [1909.835374239719, 1550.7819408734656], "[100]": [3602.7447207346027, 589.0770181194434], "[120]": [1254.8723613355883, 107.61817093525833], "[140]": [140.14945654786285, 32.376788264547415], "[160]": [84.56853296157837, 16.62292640690931], "[180]": [74.65772849640015, 5.58743418923616], "[200]": [68.37942624643514, 0.7152729204719578], "[220]": [64.0498463898912, 0.033435223726711656], "[240]": [60.890260190732526, 0.003944524683929455], "[260]": [59.29761940729772, 0.00046535379807481473], "[280]": [58.4320899175241, 5.489887043511158e-05]}