{"[20]": [7.64653942052007, 43.73431924724498], "[40]": [52.87240604354472, 21.56344976077008], "[60]": [203.90253436744104, 1488.195518486201], "[80]": [6254.710570897697, 1840.7570025052496], "[100]": [17747.70487896933, 656.5185640217817], "[120]": [18766.87329446733, 1220.3298894512675], "[140]": [2923.7268133577095, 245.5337203354339], "[160]": [441.24013559880103, 67.609575932865], "[180]": [533.3122005639907, 26.510059229349846], "[200]": [474.8790859113965, 11.012259808947942], "[220]": [421.9660876252322, 1.4790340934329216], "[240]": [396.24071585086983, 0.9319511871801952], "[260]": [392.7757738042366, 0.008866611570397628], "[280]": [415.24826316702433, 0.0011582496285184964]}