{"[20]": [1.0, 1.0000019429504663], "[40]": [5.703390048848741, 3.497833473601945], "[60]": [6.186578759970118, 34.81582366296385], "[80]": [114.79744463670829, 310.3209582044657], "[100]": [9.456490844582731, 588.2764069017321], "[120]": [989.4520636641482, 163.40175938487118], "[140]": [3771.2597913047284, 398.38493767779437], "[160]": [26.285221356909688, 119.37901634787181], "[180]": [8.173984981858709, 10.022885626037464], "[200]": [23.181122305253997, 11.186619274746242], "[220]": [19.4172179942613, 1.5521412981764948], "[240]": [20.224282598845846, 1.5682117317163375], "[260]": [21.629209606609336, 0.09243547718003708], "[280]": [23.848347534937883, 0.008263973597853734]}