{"[20]": [5.0, 4.999998968606467], "[40]": [0.7688971220296618, 11.597903633401575], "[60]": [0.6148551771464332, 12.255093221293457], "[80]": [5.092562532110895, 17.251936356256476], "[100]": [9.634518950654359, 37.552726908239066], "[120]": [28.01097477284879, 35.93632834162254], "[140]": [56.088652217901554, 94.03621353807338], "[160]": [54.794163720235225, 123.00100904167948], "[180]": [69.81215482554559, 186.6614416835104], "[200]": [208.88675365407454, 88.15313758767637], "[220]": [106.33166083453528, 248.42170803339712], "[240]": [248.67730091150605, 342.4024994638283], "[260]": [1498.377098828956, 838.0967419471853], "[280]": [779.8768461592641, 212.9688207096178]}