{"[20]": [48.60699785089193, 65.37361881405178], "[40]": [7.000073525697935, 8.242671448120722], "[60]": [7.417609252868601, 59.39522948698164], "[80]": [64.61294635711639, 144.38884184703295], "[100]": [66.91870174463989, 290.92620793582824], "[120]": [402.3005970058687, 346.58601608808493], "[140]": [8.313451899219437, 1231.0041424686294], "[160]": [643.6594649028741, 1393.3339683412366], "[180]": [1485.3881917544875, 2393.981465529169], "[200]": [515.6645630602648, 354.67451210880677], "[220]": [4085.0108646165595, 390.02389710230995], "[240]": [5497.074660789571, 96.30001203531401], "[260]": [4373.0241605825795, 304.9471014972097], "[280]": [1580.1088268218812, 65.58234288846465]}