{"[20]": [0.20925959403502725, 6.746290236786091], "[40]": [113.84814819518186, 94.20041136893397], "[60]": [280.28763530474544, 1416.7081585058713], "[80]": [7414.120019171234, 2324.9106212865845], "[100]": [14506.354629101166, 395.94206712966115], "[120]": [7096.672038308909, 569.4543903221329], "[140]": [443.5708771924724, 309.1808796446335], "[160]": [865.8731183487969, 186.82492940927284], "[180]": [943.3008113989699, 40.62286236129472], "[200]": [761.8261929054829, 4.904275367442644], "[220]": [604.2642635732313, 2.7320670101240614], "[240]": [542.7771190771462, 0.9657499512133184], "[260]": [576.7067734526968, 0.004378120268442552], "[280]": [682.6528483872728, 0.000559645164443831]}