{"[20]": [8.623983476511562, 529.9105756010921], "[40]": [3.8690381035531765, 12.052471935840018], "[60]": [193.00225355027166, 201.2446026553387], "[80]": [68.41127584267902, 408.0399314841976], "[100]": [167.30298915172096, 244.36392926942347], "[120]": [139.47054542193897, 247.75937522067983], "[140]": [4283.732893051337, 1057.55971071662], "[160]": [3917.846576215237, 1293.961212888208], "[180]": [4681.646311917213, 13.162196169336948], "[200]": [1542.1192748769886, 108.68101387370177], "[220]": [197.77120813757148, 2.3748279958882255], "[240]": [66.59724409678199, 4.443155325933614], "[260]": [64.46143354416186, 9.394955634753154], "[280]": [131.4240446426054, 2.58627295727738]}