{"[20]": [14.041100955571457, 19.654872410587817], "[40]": [16.41802950104841, 41.54153683776631], "[60]": [478.47702105091537, 3438.081616204221], "[80]": [17751.450652694486, 1723.3932904834664], "[100]": [10525.86030187292, 809.3716164548177], "[120]": [519.6544715117269, 239.50135361626303], "[140]": [516.5349069758356, 193.29784077822066], "[160]": [435.37834035495064, 103.86585124787315], "[180]": [411.8826810315718, 32.89374637111464], "[200]": [392.47850994791185, 11.7685715698744], "[220]": [373.4022503371951, 0.025225452379306786], "[240]": [357.05209738422707, 3.9972077319658412], "[260]": [343.34948902835816, 0.00030451725176321875], "[280]": [332.71414404800043, 3.345643246020479e-05]}