{"[20]": [3.3158177751721993, 11.773064355406001], "[40]": [22.966648016649316, 2.695737520961302], "[60]": [225.53826714297884, 1995.6508397804855], "[80]": [7936.478199614157, 1053.2475701335788], "[100]": [6773.872197950999, 390.3368019630616], "[120]": [3413.234244297809, 184.28396052018184], "[140]": [445.7251498937874, 114.55483484053968], "[160]": [229.79312648459967, 68.6206340489999], "[180]": [399.2435122546496, 12.849497814851503], "[200]": [384.5892172180203, 10.87272384248875], "[220]": [336.2909977223433, 4.985923954253704], "[240]": [317.84660664677006, 0.9984433303124365], "[260]": [341.6477144450771, 0.00017215081801025267], "[280]": [402.5229698788984, 1.9037165509269885e-05]}