{"[20]": [12.822483071534883, 7.874459367632156], "[40]": [0.7957607608054502, 28.13697397242541], "[60]": [20.085836251223668, 52.2588302941613], "[80]": [55.87213452081022, 131.3015754787519], "[100]": [94.46214805300497, 250.03060963124966], "[120]": [17.859439276643116, 132.70233482898448], "[140]": [63.239413291434175, 983.0958377502348], "[160]": [591.6421551316289, 1229.1229098319736], "[180]": [992.7686279805002, 2603.4542241896415], "[200]": [1034.8293482800582, 801.5553509974525], "[220]": [509.5394454326597, 1489.0210878795442], "[240]": [3923.053874993435, 70.33433368973783], "[260]": [4853.380635996247, 761.7998007185397], "[280]": [1568.2188704373975, 151.78558269568975]}