{"[20]": [1.0, 0.9999543108486759], "[40]": [12.433652272952687, 12.52979472501355], "[60]": [27.017226018261404, 109.31051373118451], "[80]": [125.18562919731868, 586.8886840722491], "[100]": [2401.478339276259, 252.30131299814366], "[120]": [5252.04681922224, 9.932774585317672], "[140]": [6009.273098808818, 742.0279828398606], "[160]": [342.5033847643883, 114.90983413610996], "[180]": [400.73284117490255, 9.212255285776328], "[200]": [144.31618196786735, 10.678078260206231], "[220]": [140.6795753665034, 1.280850667703541], "[240]": [132.10018248802885, 1.117588854483585], "[260]": [134.69303072986253, 0.1466934353641509], "[280]": [129.92054126786942, 0.024447157811766786]}