{"[20]": [3.000000000000001, 1.4397984873884582], "[40]": [44.86085580387143, 21.504076665463884], "[60]": [133.6712098330911, 1095.3797812030218], "[80]": [3828.544409521106, 1305.975671093387], "[100]": [7618.594097162295, 244.43322887989598], "[120]": [3574.693218941882, 429.1227524585029], "[140]": [165.92034378624032, 71.42044325481197], "[160]": [472.7580867876889, 51.992271133442216], "[180]": [436.0348832222011, 8.068859649948056], "[200]": [357.77834984985896, 1.394891491160969], "[220]": [269.41415961133396, 0.9257941755285537], "[240]": [238.719166420648, 0.00909920768786216], "[260]": [271.1391659754103, 0.0011157426599015612], "[280]": [261.3225968498577, 0.00013681106977031133]}