{"[20]": [24.683331581847323, 16.71369448322314], "[40]": [281.3708594705675, 69.90947193539347], "[60]": [719.8278573507534, 5614.854390036021], "[80]": [14779.54208035796, 3852.5677549184957], "[100]": [15427.59289634218, 2225.8267713372916], "[120]": [3344.635572181895, 428.10992381582724], "[140]": [964.3845172354045, 351.6916490824275], "[160]": [342.0261301707689, 161.39195867035423], "[180]": [328.42280704300117, 53.935711170329384], "[200]": [313.7908878748361, 26.416161408498358], "[220]": [299.39377264966913, 7.965117330856343], "[240]": [290.07842907816104, 1.9970081436716758], "[260]": [290.51755597813496, 1.000545589574895], "[280]": [295.6813381773466, 0.9999089062696913]}