{"[20]": [2.220446049250313e-16, 4.635856207058199], "[40]": [4.766309983290821, 0.08633415689175195], "[60]": [76.30599231163478, 436.3354336215939], "[80]": [1162.9815889735237, 1523.526791018412], "[100]": [8254.859654451597, 445.43580308499077], "[120]": [4161.710520891895, 441.53016033728363], "[140]": [113.0529786268512, 44.153926448839684], "[160]": [564.1033237446566, 38.35593719405273], "[180]": [550.4159742426347, 14.132694177234043], "[200]": [426.90101631800184, 6.2844582708983925], "[220]": [321.08245560322837, 0.7715879519756683], "[240]": [283.83353279938086, 0.030241742370618448], "[260]": [321.7621752053379, 0.004041112808955001], "[280]": [309.51704647412765, 0.0005387542431666317]}