{"[20]": [5.897780417988969, 6.305102001358442], "[40]": [7.28891926366839, 42.895226113073505], "[60]": [11.707663004503672, 51.71123209418059], "[80]": [41.49039100223911, 133.42822473478256], "[100]": [135.9552702963009, 188.09944254747592], "[120]": [17.68295129942112, 234.51070768228897], "[140]": [175.9518266224345, 794.0199373165428], "[160]": [43.654244740675495, 617.0219855756959], "[180]": [919.8272702410059, 1378.3658728947066], "[200]": [608.3398359150378, 186.81743570629988], "[220]": [231.22275060729953, 343.7979523373542], "[240]": [859.5617253950586, 61.17467146804847], "[260]": [2748.9474352188063, 898.7422626774696], "[280]": [2621.683222077668, 207.3840561546076]}