{"[20]": [1.6872197183302688, 9.296601342980068], "[40]": [14.474773715842304, 44.09050724662893], "[60]": [1.4584391856489844, 51.19460810090999], "[80]": [30.331302086090773, 130.2953056915547], "[100]": [38.00713179443369, 264.6990188248262], "[120]": [151.74739928508916, 156.55768571602857], "[140]": [37.44143478699971, 916.6689933974958], "[160]": [35.37508094657187, 997.7580292281518], "[180]": [141.02569739983846, 1729.5635892389037], "[200]": [438.81405865323177, 541.6458488048265], "[220]": [484.94577331223627, 298.48567330552396], "[240]": [394.91348837747137, 48.40056287707921], "[260]": [690.4153452162445, 939.1903254811623], "[280]": [94.80175453089123, 269.09557606127237]}