{"[20]": [0.6872904771712918], "[40]": [7.1490060380232485], "[60]": [0.6176218682421037], "[80]": [4.001993471731957], "[100]": [10.937512668733632], "[120]": [13.48291874411558], "[140]": [3.7889330078991748], "[160]": [46.591396505773616], "[180]": [14.883892280545865], "[200]": [2.4080026042065583], "[220]": [33.766160632033916], "[240]": [7.547695576998194], "[260]": [310.5407416570306], "[280]": [335.1101250940296]}