{"[20]": [10.999999999999996, 8.71068175666414], "[40]": [6.62065639910638, 1.1296167315555543], "[60]": [2.6831016515639448, 11.977519201939863], "[80]": [7.351231349881637, 29.913077767010662], "[100]": [48.15330204846734, 50.59865892721507], "[120]": [55.35322568722552, 80.76179506206779], "[140]": [63.336495157326226, 12.983012442366771], "[160]": [0.4287115896636351, 118.3993008695445], "[180]": [314.4378125323219, 347.3825105321803], "[200]": [195.7187938316356, 71.62297112073702], "[220]": [544.3268866062526, 299.92211334235253], "[240]": [312.9730186274837, 139.4844240421903], "[260]": [700.6060853406593, 103.15539629122509], "[280]": [460.2393580791785, 18.1871703325441]}