{"[20]": [0.08186791209976856, 1.8494592135354946], "[40]": [1.5497789994903404, 2.428339926416667], "[60]": [89.598567798837, 92.3379010855862], "[80]": [28.720331453568534, 175.09110878596854], "[100]": [57.641298463258785, 46.14119061208353], "[120]": [70.41237810197778, 65.14742971311101], "[140]": [921.6283734889859, 605.3608374555039], "[160]": [1241.5040443030723, 408.92128520657934], "[180]": [819.249260177672, 96.90758639560322], "[200]": [133.68049996384633, 8.388924316107515], "[220]": [34.29951837665909, 6.636974679811182], "[240]": [21.56856367763795, 15.533226177482554], "[260]": [18.351528183186577, 5.023477660695581], "[280]": [34.43391520633203, 1.8835661183207744]}