{"[20]": [3.0, 3.000001266604183], "[40]": [3.333044357829362, 2.96479933858474], "[60]": [21.58195117006221, 225.57200293080493], "[80]": [213.86871713550318, 1682.1107933720627], "[100]": [360.92991195998184, 4466.864287620432], "[120]": [5647.286486115743, 2249.1410637264053], "[140]": [5197.689168063003, 1153.9303299667154], "[160]": [946.6772492283835, 396.4040296224284], "[180]": [418.52037021008823, 294.04271988923347], "[200]": [661.9738618653034, 159.0790354541016], "[220]": [687.1420145083689, 64.15975554299905], "[240]": [641.1161872514886, 16.691856477804166], "[260]": [571.5578617432336, 16.419487511231523], "[280]": [528.3637386520098, 2.8981424318933886]}