{"[20]": [2.0, 2.000001266604183], "[40]": [5.99613817919196, 1.1042190019632017], "[60]": [10.015576099686267, 19.056078997698094], "[80]": [8.4972346535328, 24.264981603997462], "[100]": [68.47566515016248, 48.618558389215366], "[120]": [27.790247805228546, 170.47388563789946], "[140]": [152.73130925018654, 247.0889909241505], "[160]": [101.72238404850987, 658.0918051568005], "[180]": [65.63320053255711, 194.82430372702402], "[200]": [176.98734620878986, 109.35207894329983], "[220]": [220.65429413333527, 18.509952792853255], "[240]": [104.30237491490584, 120.69186292262123], "[260]": [58.695532214313914, 54.610100715935175], "[280]": [27.423232420141346, 12.921777347904367]}