{"[20]": [0.876163737190474], "[40]": [0.28015891039747487], "[60]": [31.11256366151835], "[80]": [28.22581436514669], "[100]": [13.300674570625517], "[120]": [3.85730968935448], "[140]": [11.55450042180587], "[160]": [76.48540872988406], "[180]": [1082.4321630536688], "[200]": [632.1167492164568], "[220]": [214.5934530188506], "[240]": [300.6607043991926], "[260]": [54.527134524616486], "[280]": [94.80495772343585]}