{"[20]": [0.11827957798679263], "[40]": [15.384146316192325], "[60]": [69.3038189571596], "[80]": [11.289848172228146], "[100]": [4437.774135334223], "[120]": [7647.170836198899], "[140]": [2037.8441849766832], "[160]": [245.5227576303609], "[180]": [505.36625779536814], "[200]": [523.6740021249647], "[220]": [487.0502477469567], "[240]": [442.39512595565395], "[260]": [392.36891607056486], "[280]": [357.7247472775357]}