{"[20]": [36.32046179247207], "[40]": [56.863086699487965], "[60]": [811.2600790811072], "[80]": [13311.962157377973], "[100]": [1671.3675718999195], "[120]": [3494.7917182901742], "[140]": [805.4231129359307], "[160]": [316.0687164398767], "[180]": [297.20128974114186], "[200]": [287.822456259461], "[220]": [275.6932861435695], "[240]": [265.767955439446], "[260]": [260.9718025791466], "[280]": [259.9961503683319]}