{"[20]": [5.008389588294893, 5.575202246623011], "[40]": [91.26496964922163, 33.37689490853833], "[60]": [82.11925554680704, 223.40938809073646], "[80]": [22.768166860119322, 269.2255597636881], "[100]": [8.387617394741028, 174.95479607427148], "[120]": [5.6661836552428895, 139.10699676492402], "[140]": [3551.720350996988, 2252.4145151698076], "[160]": [1654.890527037267, 802.9844199149884], "[180]": [6317.973717178207, 1332.5663854446175], "[200]": [999.8994364886903, 277.54425036251087], "[220]": [37.50293042859187, 50.28225670971142], "[240]": [205.72865159845338, 36.07604919101158], "[260]": [5.81983070340943, 4.176658102260156], "[280]": [19.613467330672037, 0.6867410641146936]}