{"[20]": [5.0, 5.000001439860373], "[40]": [1.9717513728887752, 0.8552786319726522], "[60]": [21.81614691707216, 562.8194901625557], "[80]": [2896.8991381813175, 519.6133515773563], "[100]": [6394.868806999722, 365.70745496177915], "[120]": [300.37289882317964, 348.86255141159245], "[140]": [851.2366928772456, 1.537293871743202], "[160]": [474.96139669486206, 6.531211567926086], "[180]": [365.8384188797471, 1.5988897540048868], "[200]": [316.69570330746615, 0.3169474983255176], "[220]": [233.04372446595357, 0.08631017386679471], "[240]": [225.94634690919514, 0.01090482754743717], "[260]": [224.5741201696274, 0.0013777447857465592], "[280]": [292.37810494998166, 0.0001740670301042313]}