{"[20]": [3.4232793237731425, 3.745639043375972], "[40]": [15.78449218732677, 11.189958878959374], "[60]": [12.303855941045981, 230.9830688483364], "[80]": [93.59928987253011, 265.084909158307], "[100]": [54.74720757374553, 133.7785181427589], "[120]": [11.613220807057587, 141.4878648656346], "[140]": [1099.4837693889233, 929.5470751945584], "[160]": [1195.920675091209, 3934.482965486597], "[180]": [7870.190815941343, 7.961654741033271], "[200]": [3287.9205512733843, 720.24962263409], "[220]": [426.93109184600553, 82.96289913655528], "[240]": [18.31631824434271, 136.92756624396884], "[260]": [246.12164793317675, 39.92648915615203], "[280]": [737.395468609911, 2.8906769713672764]}