{"[20]": [0.11280809902703041, 4.434843977958841], "[40]": [2.3190523710743642, 9.953315505092714], "[60]": [89.93026888195887, 423.1433636392063], "[80]": [2029.1530209251362, 1472.6316281072543], "[100]": [6496.221254706552, 16.55281148234223], "[120]": [3271.0929514305935, 508.36424719318785], "[140]": [116.39692222636003, 80.74110187770441], "[160]": [217.74446261820583, 55.30148548133589], "[180]": [217.9995150187662, 11.450555216333639], "[200]": [169.7162165362691, 4.473963116528204], "[220]": [139.60270759758413, 1.2009086617622686], "[240]": [126.79723232251425, 0.9734352506764045], "[260]": [131.1886882533288, 0.0034981685849679975], "[280]": [151.85299002497771, 0.0004615920027765635]}