{"[20]": [1.9225825078541843, 7.062084121334739], "[40]": [15.448985121228517, 10.909270850835693], "[60]": [9.975347422753991, 46.84870639577636], "[80]": [20.588675150200807, 86.37194445555363], "[100]": [13.983176290166492, 137.44958366956288], "[120]": [7.540669888044101, 332.830868200945], "[140]": [88.39193706280666, 605.848625551275], "[160]": [139.626824750389, 845.478809528543], "[180]": [382.3621358607484, 1177.741815008507], "[200]": [577.2437667549056, 504.25063643484623], "[220]": [842.8878277194243, 524.3180286472365], "[240]": [2812.7820071089554, 38.5025908101053], "[260]": [2337.347274307975, 282.5393072746436], "[280]": [991.1704451515288, 283.47254069480414]}