{"[20]": [181.4206056086505, 15.343781585968463], "[40]": [1.6511730049838607, 62.01837196587651], "[60]": [371.181433189262, 2638.2454508765127], "[80]": [6525.529614405755, 3532.8848041733545], "[100]": [5792.378055906313, 879.7338831237101], "[120]": [2493.106988017367, 407.1196693926977], "[140]": [376.10120986697365, 119.17980920839817], "[160]": [154.6760767778643, 26.23828093410509], "[180]": [140.2993915561206, 9.325062863522476], "[200]": [128.70571921740174, 1.5759318711910602], "[220]": [120.57058092668072, 0.9510836026252762], "[240]": [114.8505350352767, 1.005606448365587], "[260]": [111.58002585348804, 0.0006468250288770746], "[280]": [109.86295149488704, 7.462373655053677e-05]}