{"[20]": [0.5442274679087621, 37.58134820562652], "[40]": [45.83303051177255, 26.39266531907042], "[60]": [287.1087281934762, 1370.5933897768173], "[80]": [4324.266380217524, 317.8851968847473], "[100]": [1988.7948466582907, 168.548418686483], "[120]": [141.77835149153435, 84.91647607355875], "[140]": [138.19050345472016, 51.84510967191831], "[160]": [117.25010831240117, 20.111319634160967], "[180]": [109.86045912135594, 12.695398990207917], "[200]": [103.48198120243575, 9.967923044210075], "[220]": [98.05562093177866, 1.996622797653282], "[240]": [93.72748037232553, 0.0003526383945203787], "[260]": [89.98518400850722, 3.7137897836327244e-05], "[280]": [86.76579927773734, 3.910935942599975e-06]}