{"[20]": [9.342565294075985, 9.143227119317572], "[40]": [73.3124961734262, 38.330251200776985], "[60]": [391.14576683490486, 1621.4943557118527], "[80]": [863.4641623156422, 2329.290604915004], "[100]": [7965.4553838938955, 716.2792470200511], "[120]": [17966.390791085232, 1238.0913173346798], "[140]": [2731.8986089780547, 248.07213728185252], "[160]": [209.3929876649745, 67.94699566676792], "[180]": [45.61620779791829, 26.552927717351764], "[200]": [50.90490239479071, 11.017786408908002], "[220]": [39.06197201164572, 1.4797411851295443], "[240]": [34.112640941353476, 0.9483639790520232], "[260]": [39.05125740429851, 0.0015723424801326047], "[280]": [46.6782742643875, 0.0010022199108331179]}