{"[20]": [8.565403210495383, 20.313060436219256], "[40]": [1.9879132649643543, 3.7618972578835472], "[60]": [11.41426704530158, 682.3595285891323], "[80]": [698.4073784739137, 4152.3055150762475], "[100]": [3079.3396632367285, 7552.441251180512], "[120]": [13753.220170028066, 539.182168332867], "[140]": [13322.899578567898, 892.7605890349013], "[160]": [171.50677271441413, 424.8951510612413], "[180]": [163.34759921133536, 171.25571176422815], "[200]": [186.7141652631648, 67.86155531735622], "[220]": [193.18240003748969, 32.433105405807204], "[240]": [202.54252954702105, 0.7086313296043819], "[260]": [189.95702818091243, 2.8880556146642724], "[280]": [174.32893362850177, 2.982474898007444]}