{"[20]": [1.6914662374224314, 1.4742702062473223], "[40]": [14.680420430155253, 7.231441218174864], "[60]": [54.99383112096365, 75.55477220405713], "[80]": [42.2667269173569, 65.38745257914489], "[100]": [24.479021974132444, 23.136609180559653], "[120]": [3.260041262463501, 32.211438694150075], "[140]": [306.0954566948011, 244.1879870166769], "[160]": [1049.0214006644258, 126.02277642351582], "[180]": [3542.1259509773804, 419.6656852058262], "[200]": [2175.833849844388, 759.9586631428853], "[220]": [237.123017828356, 75.65658623217682], "[240]": [59.79977047044105, 32.62283241423343], "[260]": [79.62270779109033, 1.2341602107834346], "[280]": [209.98222281073595, 1.249556964576086]}