{"[20]": [1.8593208576514406, 1.8099414351002685], "[40]": [65.98397935452503, 32.99255802954968], "[60]": [212.09673744397372, 866.3286942660368], "[80]": [15.238331657043338, 925.2093693727063], "[100]": [121.9118443145446, 349.1237495030024], "[120]": [201.7783885943433, 340.2773848534131], "[140]": [9807.006058433439, 4222.72431175284], "[160]": [935.426129399216, 2135.4604780004806], "[180]": [10665.933018002148, 1898.5204322234804], "[200]": [1100.2384695961027, 280.67549614294734], "[220]": [161.18367283420451, 183.11211905541947], "[240]": [221.92496032085393, 99.75735695113204], "[260]": [142.99472544188228, 9.302373069019525], "[280]": [140.42157424589087, 0.6269317736690379]}