{"[20]": [2.2723349400571267, 2.076484879058746], "[40]": [107.91072599310777, 8.329008636780973], "[60]": [127.05808223807242, 938.2115303787767], "[80]": [1398.8873114659143, 6311.553969480667], "[100]": [6060.643151469606, 8761.473635186236], "[120]": [7945.116275110589, 1160.7121463369147], "[140]": [2664.25252453053, 798.2634036204944], "[160]": [261.1766194794839, 915.4357072183869], "[180]": [491.42725690133375, 429.75168216975527], "[200]": [536.0421285825898, 176.75246856615115], "[220]": [512.8641489536338, 54.36262305535147], "[240]": [471.07285900988893, 28.289587061437032], "[260]": [426.47208804360844, 16.891180115914654], "[280]": [384.1059946369248, 10.98333096009131]}