{"[20]": [3.0, 2.999980484458541], "[40]": [10.33856339210295, 14.760144942213513], "[60]": [130.73216187229542, 346.3405336424722], "[80]": [452.75530741404634, 553.160975757474], "[100]": [14493.65239334243, 3389.5004283960125], "[120]": [21079.336316539742, 1969.3641354588917], "[140]": [6635.580784281427, 524.5594919220227], "[160]": [401.8703161969839, 229.24197108878596], "[180]": [584.3612505003978, 62.400111427625404], "[200]": [552.4066313446194, 28.785303796631712], "[220]": [481.04127988128783, 0.10304101808707496], "[240]": [442.59755305059747, 0.5704888813201141], "[260]": [453.7727347587629, 0.05875837717136525], "[280]": [507.82168053261563, 0.008014162427572401]}