{"[20]": [0.0, 1.0490286287641973e-06], "[40]": [1.0622749238148748, 2.669642666584196], "[60]": [7.459074362226068, 46.94664184224162], "[80]": [9.466320874989256, 56.288480627561334], "[100]": [2.9639019622418554, 24.040380186685248], "[120]": [2.6883431242165123, 12.859120097594982], "[140]": [15.733730576308584, 93.13287813586714], "[160]": [32.80615642932328, 941.5201046219514], "[180]": [161.84375729430866, 309.5457984819768], "[200]": [3146.177502493099, 182.2498443663823], "[220]": [1571.476881633143, 437.74812132587124], "[240]": [280.1840064055359, 134.1078423080519], "[260]": [64.79319771866487, 4.52382370835155], "[280]": [112.58033738812325, 13.069444765857938]}