{"[20]": [0.6273190487194552, 21.15926131427899], "[40]": [2.9079690535122515, 2.531588428053903], "[60]": [1.0375004139201867, 13.848042426514168], "[80]": [3.311245298767146, 4.958999895085054], "[100]": [2.0713147582316056, 7.723139499717668], "[120]": [12.86384472727227, 48.96343228200128], "[140]": [20.037018679414746, 20.245200467054786], "[160]": [12.797957954794894, 34.751403214051535], "[180]": [69.58455231700579, 92.41870841555698], "[200]": [66.53386393631745, 222.20510762165787], "[220]": [225.5150020290631, 78.27452420048701], "[240]": [409.5276948175754, 66.81448115252611], "[260]": [931.2182295010325, 142.84945967639024], "[280]": [250.05355580624808, 262.06236837718103]}