{"[20]": [2.0000000000000018, 1.3570214072462905], "[40]": [21.280505334587595, 11.05001741267364], "[60]": [37.175554307031916, 462.4918502620864], "[80]": [843.5547232290264, 2406.637589137157], "[100]": [2734.645933168522, 1197.248778350604], "[120]": [5399.097492207036, 390.8148320742175], "[140]": [2063.9597022282865, 132.00463566844746], "[160]": [71.85312966443445, 65.50127857756337], "[180]": [92.57979917050261, 40.96086740087992], "[200]": [234.25516638439058, 14.502165052352296], "[220]": [271.7301101936714, 7.79709114379547], "[240]": [238.14144439226664, 5.02748090643167], "[260]": [234.0035786178803, 0.0037218021866394224], "[280]": [196.70612651070635, 11.999495959070494]}