{"[20]": [5.0, 5.000001933329763], "[40]": [0.658448498050582, 0.8553419770636879], "[60]": [58.70276283070257, 587.3539822364189], "[80]": [383.4030533184159, 2954.273004624549], "[100]": [830.3727197105181, 325.3698906973332], "[120]": [553.8438056989753, 503.0925355275758], "[140]": [36.688570923504756, 0.019197310364802433], "[160]": [33.607177909157315, 18.399483469213436], "[180]": [35.514233369761016, 2.3747650958712363], "[200]": [25.561626443962236, 0.6140424082715984], "[220]": [21.71544115778728, 0.03101400144557767], "[240]": [21.108130663366342, 0.0017810985607960425], "[260]": [23.79452301801234, 0.0003513971821402954], "[280]": [28.76320531087109, 4.818544219892145e-05]}