{"[20]": [5.9999999999999964, 8.626437378254103], "[40]": [30.910091024241297, 4.740931534745414], "[60]": [67.97850114657365, 388.8357481483372], "[80]": [391.0345047828059, 1961.5034679267878], "[100]": [2400.1677788292654, 4084.85945722372], "[120]": [6721.033998040348, 377.51611193365534], "[140]": [5657.343997307138, 526.4196199228727], "[160]": [201.35874418948515, 199.8963502404581], "[180]": [136.2529015947161, 60.045013888120536], "[200]": [531.1286090959768, 24.845190093310038], "[220]": [533.6036043892202, 4.9510483401647765], "[240]": [466.87752496694725, 1.6811667983615006], "[260]": [423.26796383639555, 0.049605406971579225], "[280]": [381.3394087171251, 0.007717648123110266]}