{"[20]": [4.985002651382932, 3.866804956810371], "[40]": [5.286839292370106, 12.065418652342375], "[60]": [1.3412995630946891, 53.924958057277806], "[80]": [54.6242297591608, 170.76658282956345], "[100]": [176.0407782097166, 63.31428689615614], "[120]": [17.34575218048765, 462.36670338337376], "[140]": [309.63080984738866, 758.3716482973412], "[160]": [445.29821438989205, 112.42019794778587], "[180]": [108.11629801722509, 1064.9411772007293], "[200]": [213.7805354304834, 59.1720982953341], "[220]": [3219.41626486986, 318.4717177630603], "[240]": [540.7119715235344, 188.53965670937802], "[260]": [1223.8792525819094, 126.45368689726386], "[280]": [905.8930378369337, 7.994931173650919]}