{"[20]": [0.8977624120092381], "[40]": [0.3485562637715736], "[60]": [37.02340473029279], "[80]": [25.740378142045024], "[100]": [2.750093713237033], "[120]": [21.87317119881145], "[140]": [124.89909464632986], "[160]": [117.74124626957088], "[180]": [284.4139601757549], "[200]": [373.1956694296829], "[220]": [50.01950099103862], "[240]": [26.48026984993503], "[260]": [26.252106215082993], "[280]": [26.17707194881323]}