{"[20]": [0.5987570393676527, 6.746382102822199], "[40]": [99.01685621238673, 96.09593841286639], "[60]": [336.24038528596793, 1428.3273630939734], "[80]": [5916.736568744389, 1682.84137579886], "[100]": [12202.240012321046, 409.49245952718775], "[120]": [4407.105111831635, 731.359792341289], "[140]": [77.11026122392991, 292.15323578578545], "[160]": [897.0576962751913, 144.49399870207128], "[180]": [774.8948961975242, 43.406760346784324], "[200]": [630.2526314393999, 15.011109879798163], "[220]": [527.8464033078867, 0.7465499166547191], "[240]": [473.38213910492914, 2.9677062162420027], "[260]": [511.8633135534332, 0.9958853043976074], "[280]": [580.7640670174667, 0.0005242706360378606]}