{"[20]": [1.0, 1.0000014025321624], "[40]": [0.6723822308606136, 2.0333763260731903], "[60]": [1.0157812115396219, 0.1694841674337153], "[80]": [0.2597535487184833, 0.09257261205168942], "[100]": [0.20995449787463705, 0.008394447640502865], "[120]": [0.1580345054724916, 0.0007331890117637969], "[140]": [0.10734025587311083, 6.381905016387545e-05], "[160]": [0.08706063576520826, 5.559822934736768e-06], "[180]": [0.0951620246258721, 4.807951813503869e-07], "[200]": [0.08579870305768064, 4.148028372125702e-08], "[220]": [0.07408427309958951, 3.6172604810382486e-09], "[240]": [0.06351873921133516, 3.1747333762306676e-10], "[260]": [0.049511416411131874, 2.804202671693047e-11], "[280]": [0.04259621526790261, 2.4822814326609743e-12]}