{"[20]": [2.605562725905602, 3.745639043375972], "[40]": [121.8765871740779, 24.581234739108865], "[60]": [50.076495965609865, 980.5301860520395], "[80]": [2533.9490062427813, 6559.538781578107], "[100]": [5648.908881790994, 10083.201196515744], "[120]": [8263.262829297833, 1162.9420451430196], "[140]": [3493.1722134211414, 1230.0603818987292], "[160]": [78.56886284075608, 817.0709705945765], "[180]": [984.5677552671375, 388.3955336805177], "[200]": [991.6085672187473, 156.5236313658878], "[220]": [927.962374258873, 56.65270272210293], "[240]": [857.470451090582, 19.336886332731183], "[260]": [763.2351255051091, 13.898864564485145], "[280]": [697.9734371477515, 5.984575402088343]}