{"[20]": [0.0, 1.266604183032739e-06], "[40]": [0.531186730676658, 3.5848445397125985], "[60]": [1.4678972268933848, 1.6155786194579327], "[80]": [4.8146014659008, 10.630574784488644], "[100]": [1.328712303796678, 26.9217968210998], "[120]": [14.16927843661199, 48.10988962362215], "[140]": [16.065801758505472, 87.63396273289231], "[160]": [114.43189866287435, 10.063741825136503], "[180]": [154.74354236451563, 493.5967677022245], "[200]": [117.77938173695247, 58.486919799522184], "[220]": [150.14908535198992, 64.38006067536503], "[240]": [26.590097842001796, 2.5756526261369572], "[260]": [8.554111314959528, 22.4441039839177], "[280]": [19.318021056824804, 1.9501712416502244]}