{"[20]": [3.1889053474238818, 4.6215808756832715], "[40]": [51.14792808241572, 47.857978403856464], "[60]": [428.09444025221455, 3039.9804164730426], "[80]": [18045.881026711402, 4281.377412356982], "[100]": [36171.775019324195, 1276.0035835177114], "[120]": [10530.063262387801, 800.3949303068002], "[140]": [2698.519461748786, 608.2316483956238], "[160]": [3500.9353912570423, 426.1601966590192], "[180]": [2752.9271131803353, 150.36227614099005], "[200]": [2503.6979416614195, 23.513301651848565], "[220]": [1874.7104863291079, 13.560490252834153], "[240]": [1803.5795021076729, 1.055395256474994], "[260]": [1784.9822599498057, 0.006981841708883243], "[280]": [2295.9345159368418, 0.0008799639128562909]}