{"[20]": [12.833368635332091, 70.53538877286331], "[40]": [0.7590286767497535, 6.77732015814099], "[60]": [1.2231472727896966, 14.590139544040118], "[80]": [21.622677895838176, 34.05943621678767], "[100]": [30.05148715782612, 58.105360746290415], "[120]": [8.924173837343076, 117.68768110254712], "[140]": [92.75161810686278, 197.64675337690366], "[160]": [9.423361475639005, 229.77764079566793], "[180]": [276.1142352644523, 422.92733569946705], "[200]": [112.49029986582521, 148.68388465685535], "[220]": [114.90996038487494, 75.99420331742526], "[240]": [504.9340038784887, 30.598373664800764], "[260]": [2957.4303216134767, 682.2000384518299], "[280]": [1333.1851545296374, 61.29178486225727]}