{"[20]": [3.593863819407582, 7.723614457435518], "[40]": [76.95083937538965, 43.45289045590693], "[60]": [83.5125535170517, 488.83754034061775], "[80]": [663.0257136035041, 2533.376364403644], "[100]": [2978.5202067773885, 1157.3034562151008], "[120]": [4174.325882027743, 251.7601874901824], "[140]": [1934.2160236556495, 148.64655174944681], "[160]": [198.55468427946124, 86.10501695174507], "[180]": [103.38163637380875, 52.150119109928035], "[200]": [143.5911333962319, 1.458424682686677], "[220]": [139.369459252938, 8.799516512945544], "[240]": [132.1326214031444, 2.9727746465887956], "[260]": [121.15905296281437, 2.0036584295206983], "[280]": [110.28272841514635, 2.999497932517623]}