{"[20]": [0.0, 1.0490286287641973e-06], "[40]": [4.594613429335901, 2.669642666584196], "[60]": [1.1000873547069998, 46.94664184224162], "[80]": [9.529507921300164, 56.784582361031106], "[100]": [2.350542119487409, 24.954222802051905], "[120]": [1.7651186620697144, 11.913815605647194], "[140]": [13.74027890908734, 84.45665242880186], "[160]": [547.0138866462045, 1102.3229893329744], "[180]": [375.88621898334475, 338.49768609241016], "[200]": [3698.6573263791392, 269.0644316172619], "[220]": [2100.1943424672245, 448.15564067335396], "[240]": [282.47914698648367, 125.77319809213552], "[260]": [66.32869340736224, 3.101438376304437], "[280]": [118.74182146323119, 11.995977365891868]}