{"[20]": [0.0, 1.0757718549574329e-05], "[40]": [7.382701623419961, 7.407577055714152], "[60]": [33.74146539278122, 6.18477703215274], "[80]": [4.396490315175539, 8.173796168683403], "[100]": [21.53886178399064, 6.3086360266152886], "[120]": [7.398300333072052, 0.8140552884708142], "[140]": [41.37732386539942, 53.306258082819234], "[160]": [314.43013797579056, 169.31735523175615], "[180]": [1286.096155675997, 235.09883603808953], "[200]": [2028.9235682302558, 224.33198048527174], "[220]": [415.5350340353141, 105.70149362208213], "[240]": [22.325232208504747, 15.899241667209077], "[260]": [141.0451369579626, 0.2571552596451866], "[280]": [112.41056831256597, 1.0408560483136555]}