{"[20]": [0.0, 1.266604183032739e-06], "[40]": [1.8036658279449607, 0.49764175791144627], "[60]": [11.21261490451753, 15.127875985495065], "[80]": [0.5945686221887101, 14.979531208201234], "[100]": [9.336943402989732, 2.117953375956983], "[120]": [4.0479019530165665, 0.7922529099331861], "[140]": [16.79265859477351, 17.741893259222756], "[160]": [3.0232019917287687, 90.98258030518397], "[180]": [293.1409607453397, 354.2375860239499], "[200]": [1.432719526317669, 237.41386904787214], "[220]": [2008.266539162374, 730.5905517620395], "[240]": [826.4250158652089, 379.2223813840883], "[260]": [216.65462700764886, 10.287010312098914], "[280]": [81.65422188944406, 35.0338702897929]}