{"[20]": [1.0, 1.0000010490286289], "[40]": [24.271183359295794, 13.000425113280965], "[60]": [21.465411764807335, 129.68862730035573], "[80]": [89.09118636993097, 772.1224920804067], "[100]": [1216.8118469438996, 55.72360925881226], "[120]": [4107.863931759152, 982.8759542146404], "[140]": [5043.55247239295, 426.2169715250402], "[160]": [1197.4631975733373, 294.6940200591647], "[180]": [96.97089929303583, 107.301159726303], "[200]": [217.91951296847472, 56.13145868110761], "[220]": [239.31242158027263, 18.28580189804992], "[240]": [217.89486245171366, 8.286424198877492], "[260]": [196.71532291500142, 0.6979199748894177], "[280]": [176.83409582232193, 1.0529164310857009]}