{"[20]": [4.52631578947368, 0.9059540214133097], "[40]": [5.351437316564386, 15.26677566404991], "[60]": [77.69339811659046, 155.25185627071448], "[80]": [26.207327179669107, 97.31964031206036], "[100]": [15.752821212340223, 55.1681988249137], "[120]": [21.885384035313677, 85.05497802721311], "[140]": [230.57403107706568, 1150.0463444747568], "[160]": [3200.9433255018193, 981.2792258978079], "[180]": [7177.330549716917, 719.141440081552], "[200]": [3040.6307778457694, 109.51543206232145], "[220]": [382.8985919196364, 32.24501366330793], "[240]": [11.32328914988409, 18.373800133000998], "[260]": [45.134650577281306, 0.9207652887017082], "[280]": [125.71778974222076, 1.6828425232540516]}