{"[20]": [1.6038953192900474, 21.15737953617189], "[40]": [14.661979818319399, 7.231441218174864], "[60]": [31.678385642259162, 86.90165593780448], "[80]": [43.11665802039793, 71.58972912329328], "[100]": [13.328242593205859, 33.96147666487521], "[120]": [16.443462400783975, 61.922475336272704], "[140]": [362.2876897969698, 284.2300532370156], "[160]": [48.55985922031116, 332.03270157220794], "[180]": [3748.7376290740185, 287.917465594631], "[200]": [3055.3093884484842, 552.9421062398238], "[220]": [266.6863574382728, 97.03758775231736], "[240]": [62.724891065702046, 7.98342012733641], "[260]": [88.37797720435938, 3.062300298040731], "[280]": [262.5195897062747, 0.5288978583301065]}