{"[20]": [9.000000000000002, 6.8479796602821335], "[40]": [33.464530555406824, 20.180134379576174], "[60]": [45.709555326555574, 653.8619019888337], "[80]": [494.93568241447247, 2706.375091432319], "[100]": [1836.543925562568, 781.7565125823385], "[120]": [5954.102513287073, 386.6184482508879], "[140]": [1841.0559866478666, 221.63556876635312], "[160]": [391.1550231601261, 46.40669428448933], "[180]": [22.44574690323833, 25.112814962093523], "[200]": [91.68454715538061, 14.104703087674224], "[220]": [110.70836292759805, 8.116257647637212], "[240]": [109.30160391895797, 3.984905854821349], "[260]": [108.9836108711981, 10.001959677084912], "[280]": [81.19557254083657, 0.0002544256135124101]}