{"[20]": [1.0, 1.0000019232466324], "[40]": [0.1242173867302403, 0.366630304933953], "[60]": [2.143449644315522, 1.5461299831118622], "[80]": [0.1022666237227107, 0.14582380876423173], "[100]": [0.04413634470334076, 0.015918463112730586], "[120]": [0.033664170405236955, 0.001589461103745541], "[140]": [0.028317710624400423, 0.00015640093981054683], "[160]": [0.022043179623036976, 1.532801478746101e-05], "[180]": [0.019681045420337297, 1.4828132035937288e-06], "[200]": [0.021941415207251916, 1.433945553343275e-07], "[220]": [0.01961049114180093, 1.3244705861284775e-08], "[240]": [0.016995101521050868, 1.4063290031516385e-09], "[260]": [0.013385334646168073, 1.4144511083172997e-10], "[280]": [0.01186039949394386, 1.4162687074666947e-11]}