{"[20]": [0.0, 1.266604183032739e-06], "[40]": [0.15092414221409323, 3.5848445397125985], "[60]": [1.19677775542046, 1.6155786194579327], "[80]": [6.638124436520396, 10.630574784488644], "[100]": [16.464843742935678, 26.9217968210998], "[120]": [10.728274153489423, 48.10988962362215], "[140]": [55.84885988901874, 87.63396273289231], "[160]": [89.03827840784493, 10.063741825136503], "[180]": [204.2391532855754, 493.5967677022245], "[200]": [283.75040494068935, 58.486919799522184], "[220]": [346.73377290649887, 64.38006067536503], "[240]": [24.902737355756813, 2.5756526261369572], "[260]": [13.91548833323725, 22.4441039839177], "[280]": [17.546962907969238, 1.9501712416502244]}