{"[20]": [6.720077678383918, 4.622183800553353], "[40]": [55.082364468030875, 47.85797498743665], "[60]": [151.5072997511188, 2766.5608524942763], "[80]": [12615.378131622943, 5337.955802035271], "[100]": [24164.5032760498, 971.9659053100331], "[120]": [9158.326440521607, 592.1895991754882], "[140]": [764.6325898704044, 700.8577366982427], "[160]": [1823.2775301560473, 376.8464415669059], "[180]": [1553.2405464185433, 132.1727097028031], "[200]": [1284.4791835793335, 41.6000845897663], "[220]": [1089.2678916130815, 2.5567982901085102], "[240]": [985.8525359220587, 0.9441006340117788], "[260]": [1060.8074476472038, 0.9929481018746084], "[280]": [1200.930345748795, 0.9991105078329401]}