{"[20]": [2.604137610274181], "[40]": [2.505878502580209], "[60]": [44.356714515437154], "[80]": [17.687739400032125], "[100]": [654.2500468622794], "[120]": [1153.743572877127], "[140]": [1306.7693014615124], "[160]": [178.42303232952108], "[180]": [83.63824015016883], "[200]": [93.39091755539069], "[220]": [95.16125015421622], "[240]": [95.18062432754692], "[260]": [89.45405508728123], "[280]": [84.22935762876381]}