{"[20]": [8.0], "[40]": [8.97561410555707], "[60]": [157.08128469266376], "[80]": [2169.5068444805293], "[100]": [4675.994716807734], "[120]": [1986.772052835966], "[140]": [36.870972330535324], "[160]": [237.31284851814337], "[180]": [213.73035075694196], "[200]": [173.4625189090035], "[220]": [147.44236124373987], "[240]": [142.28873690214357], "[260]": [160.32787787694875], "[280]": [193.35483078015247]}