{"[20]": [1.0, 1.0000010490286289], "[40]": [1.0608392190483371, 0.4761220077829801], "[60]": [0.17338281372344402, 0.5444380033571095], "[80]": [0.19343540236537027, 0.1177407454183707], "[100]": [0.13273464354837874, 0.015054703015807455], "[120]": [0.1200774503986544, 0.0016280553739835262], "[140]": [0.1108342325802448, 0.0001564294782180242], "[160]": [0.10345651272460771, 7.5050696997683485e-06], "[180]": [0.09737699137923553, 6.891689542393588e-07], "[200]": [0.09224955174861271, 5.305381504206378e-08], "[220]": [0.08785867251976134, 4.589525403807251e-09], "[240]": [0.0840424513791655, 4.548228545504178e-10], "[260]": [0.08068766173274347, 2.7208614114459733e-10], "[280]": [0.07770549219801373, 3.119332723524885e-11]}