{"[20]": [0.26018983431626985, 2.6357458270494876], "[40]": [9.076910561163508, 10.516915314937705], "[60]": [20.71316566347076, 84.01256625935567], "[80]": [44.22577381577571, 94.04147444062471], "[100]": [0.8580975040292174, 64.65084822263248], "[120]": [50.42212369664122, 3.391590550368335], "[140]": [155.18730938337205, 460.4303032918924], "[160]": [624.9662247582419, 233.07376930880127], "[180]": [2592.0027561907737, 375.88403410436877], "[200]": [1729.6175922004522, 470.8161158886305], "[220]": [83.63398651803072, 10.370495539544208], "[240]": [84.77703506719163, 2.4929308634373797], "[260]": [118.98516513583631, 9.278260481101256], "[280]": [334.7897333849252, 0.49746132588841707]}