{"[20]": [1.5986137285787456, 55.27113354364183], "[40]": [2.216088300591298, 2.198932397449768], "[60]": [6.273784252619133, 16.284434394799092], "[80]": [34.094939242308875, 47.61496368611039], "[100]": [13.46118688877835, 26.028684066234035], "[120]": [155.76605488101765, 67.24584383111394], "[140]": [117.1771161700227, 377.69700237588944], "[160]": [189.8225588857189, 178.5347155915413], "[180]": [360.4443311153385, 186.06212273219668], "[200]": [638.9114695271023, 5.6900542512404675], "[220]": [938.4884484757798, 70.94776064102827], "[240]": [392.312627275897, 26.670647685862214], "[260]": [67.5963235551529, 83.41828280424909], "[280]": [389.3814408469477, 49.34363603027928]}