{"[20]": [3.0, 3.0000016280145343], "[40]": [15.10673070775691, 4.305557808173759], "[60]": [10.094958799769614, 44.93114066729666], "[80]": [28.71881310976761, 97.001718238726], "[100]": [24.37319123126349, 139.10885138480103], "[120]": [106.71259776535999, 96.0098741743941], "[140]": [41.908970373276134, 885.7148556972297], "[160]": [114.437072802888, 1094.5447483305543], "[180]": [238.14101061349902, 412.9683114551008], "[200]": [415.48025032077567, 834.0684855634354], "[220]": [1901.0484585571176, 128.8332881461647], "[240]": [2267.3852796877436, 66.20533124125905], "[260]": [1476.9070273939124, 198.20638077692456], "[280]": [576.7287301077304, 222.92536690083307]}