{"[20]": [2.492280916264768, 2.076484879058746], "[40]": [8.698573004187267, 5.141495946031243], "[60]": [10.785104049376496, 5.094490797622354], "[80]": [11.597035926272495, 33.176938666113486], "[100]": [8.400208929522657, 42.558329246181856], "[120]": [12.003155053837805, 96.57414269339115], "[140]": [46.40063735800449, 158.9745404953977], "[160]": [41.691952881852615, 180.78785738544394], "[180]": [18.055127526963556, 275.90011711169217], "[200]": [292.36721166307683, 892.7660717739229], "[220]": [329.87547305127146, 136.756253233302], "[240]": [343.50430077625936, 91.99590702129579], "[260]": [648.6599016743689, 371.4934012298828], "[280]": [867.0570487281216, 416.08565783138584]}