{"[20]": [0.6589277841669057, 10.363392417273705], "[40]": [8.586779821841166, 8.02853322407131], "[60]": [3.9192555780876743, 80.99724995636674], "[80]": [447.2495268466444, 772.8656383944266], "[100]": [1357.5382466243918, 498.31384063976986], "[120]": [1446.955468278749, 30.169464726974844], "[140]": [622.5059325518706, 188.08966553809748], "[160]": [50.735990849773245, 25.976783008986217], "[180]": [68.77322234276107, 26.57973743952476], "[200]": [74.7680221200937, 7.700836150471077], "[220]": [72.1016940858855, 1.6584979540258924], "[240]": [68.82642586055792, 0.050421715171362895], "[260]": [60.033148338677854, 0.9924750609305093], "[280]": [54.53765901862052, 2.001111372042735]}