{"[20]": [0.0], "[40]": [0.36539441141511253], "[60]": [9.69293598574067], "[80]": [32.03094987429086], "[100]": [273.6261328998172], "[120]": [503.2890767312128], "[140]": [1877.2857830632654], "[160]": [609.1169535600833], "[180]": [52.111210771256005], "[200]": [47.3893236768061], "[220]": [46.95581850475696], "[240]": [45.91682963365859], "[260]": [47.339840693192066], "[280]": [51.54320171596709]}