{"[20]": [2.539042601432815, 171.00022613695438], "[40]": [10.167883509599937, 5.149146333193408], "[60]": [11.300582849204135, 6.527861878289289], "[80]": [0.8797168706916796, 19.78067721620332], "[100]": [18.170768962390827, 44.34750389687536], "[120]": [28.8268296524453, 98.92376643816934], "[140]": [11.694821381010597, 73.6277421778847], "[160]": [27.394203041715055, 111.58491711378326], "[180]": [32.75361530922223, 172.31558300498534], "[200]": [96.3041914331349, 79.1129876220164], "[220]": [279.77469854779173, 98.33011372749485], "[240]": [842.0777471903978, 48.77707153134253], "[260]": [1009.5305960389802, 613.8452999977865], "[280]": [2462.465125637625, 333.18724520091]}