{"[20]": [13.40782919636949, 1.5046805952892406], "[40]": [7.106304644117358, 26.34425417969976], "[60]": [723.0664385105197, 878.3073260598919], "[80]": [64.63976415603202, 1207.8385146704468], "[100]": [64.68865599860146, 1066.6550207000296], "[120]": [149.2753619565774, 594.8037710976914], "[140]": [3567.0929757774175, 7776.471654782868], "[160]": [12309.569738192746, 15650.212043202322], "[180]": [10248.518544491839, 2445.0818482047034], "[200]": [5431.768360406892, 37.133806697389446], "[220]": [1471.1455622997123, 139.95767061979814], "[240]": [316.7836577007887, 117.3194852103494], "[260]": [328.7994765616719, 5.880315039860392], "[280]": [856.6723660977495, 1.3786774190990094]}