{"[20]": [3.0482801682840783], "[40]": [61.52681945418425], "[60]": [4.46834112538545], "[80]": [886.7703393420161], "[100]": [2514.697310939373], "[120]": [717.5196645518381], "[140]": [12.906722389172955], "[160]": [94.0577196832221], "[180]": [99.72789522951427], "[200]": [78.83251718766664], "[220]": [67.52542341262611], "[240]": [65.42804012673614], "[260]": [73.67824332275585], "[280]": [88.92698178280392]}