{"[20]": [15.325574063288045, 9.297387939407727], "[40]": [21.241020641010067, 22.23321428561067], "[60]": [3.546544116040309, 52.03827428378469], "[80]": [52.9641569046135, 136.5230560267052], "[100]": [46.56399965405603, 196.95930120808413], "[120]": [204.15104964829402, 187.60208656274722], "[140]": [208.10266277813616, 717.4175586941251], "[160]": [199.13729046058688, 783.286664432927], "[180]": [695.2483438380214, 1930.5406179558486], "[200]": [1242.4777504939375, 926.0211384407594], "[220]": [385.5942999579347, 435.33236306101026], "[240]": [4297.659786194807, 234.25419325930852], "[260]": [829.8827049136817, 860.0206366621387], "[280]": [5982.043571332493, 247.23866076825743]}