{"[20]": [0.0, 1.0490286287641973e-06], "[40]": [1.446100222324062, 0.525272179238046], "[60]": [12.489610105494695, 16.911494219124396], "[80]": [13.914454584662273, 11.088258099754043], "[100]": [5.143353969940797, 400.92012084626936], "[120]": [464.03996566565655, 548.6023569675853], "[140]": [1272.1295751973846, 579.2228091500173], "[160]": [962.8015825736559, 168.38784547535923], "[180]": [1182.4428164840197, 142.35411715498037], "[200]": [74.38207614956097, 55.1789274767416], "[220]": [67.78246445647156, 14.169357897587524], "[240]": [91.42772969658971, 2.188857728882271], "[260]": [86.06477332833522, 0.8745221476118339], "[280]": [73.11068719465534, 1.5953075320302388]}