{"[20]": [1.9439468804903797, 5.57507037575364], "[40]": [9.98402987830056, 18.955225747376403], "[60]": [228.5157882567397, 223.02295848414286], "[80]": [26.0499565147976, 242.49173362514807], "[100]": [35.87162580261452, 118.67926786118096], "[120]": [33.65058298366512, 113.05788693985642], "[140]": [491.68685973242464, 2420.5012456865406], "[160]": [6147.956636406241, 3459.762262932767], "[180]": [15558.779565114855, 1496.7429091919148], "[200]": [6325.260343052021, 309.09395928521735], "[220]": [741.4026506982964, 51.674213537997844], "[240]": [30.52490883418517, 40.309127484417246], "[260]": [172.86372061774767, 5.974656205124489], "[280]": [450.96845381638275, 2.8122445014309765]}