{"[20]": [9.0, 9.000001934653724], "[40]": [66.77530562486663, 18.327932658881082], "[60]": [86.15318902435956, 2414.764249598562], "[80]": [967.8440712490919, 2688.551184693759], "[100]": [6117.797055605075, 1059.9060412799954], "[120]": [1285.0521466508508, 225.92012193289747], "[140]": [325.7401935184282, 166.0801865411022], "[160]": [95.4532010800402, 99.93538936349961], "[180]": [219.34862078274145, 34.789483422691816], "[200]": [192.71097742025296, 15.643441942208433], "[220]": [172.28208366950702, 5.9609813379144185], "[240]": [171.23252639002195, 0.003999382971881668], "[260]": [189.890820142751, 0.0005793249109329757], "[280]": [222.070168375182, 6.617341398939802e-05]}