{"[20]": [0.0, 2.3861955114991072e-05], "[40]": [0.6660461884872843, 3.4815852224557347], "[60]": [2.4283583016501584, 1.2008065315915972], "[80]": [0.33852013412192883, 1.314025088492051], "[100]": [0.9273936904453836, 1.038132832157171], "[120]": [1.606127785742813, 2.995249122351279], "[140]": [0.31998444044380714, 0.9995151933094395], "[160]": [0.3590496867284938, 0.9999507049886855], "[180]": [0.9220068541417757, 0.9999950878436475], "[200]": [0.40907480508195293, 1.000000408065098], "[220]": [0.6413629834932444, 0.9999999504152836], "[240]": [0.5359026240573562, 1.9999999947666667], "[260]": [5.222926675899663, 7.000000000453386], "[280]": [5.874113532603833, 10.000000000043622]}