{"[20]": [2.0, 2.000001266604183], "[40]": [3.3662060691872497, 7.873344314597588], "[60]": [1.173837557953334, 411.3740409179419], "[80]": [255.892604927928, 2438.3918265864736], "[100]": [4695.350310776092, 3189.518348298072], "[120]": [8557.805717333507, 112.9145427150288], "[140]": [3576.140417053248, 330.53995519241107], "[160]": [410.54592225651504, 262.8923620698638], "[180]": [450.3237758346485, 74.86407476993656], "[200]": [603.0801079151199, 31.49271422657796], "[220]": [584.5284386082291, 33.246278665950726], "[240]": [556.0026268384047, 2.2670617093546923], "[260]": [489.808767683238, 10.959335937897485], "[280]": [450.89994406526955, 2.0061915898816913]}