{"[20]": [3.0, 3.0000015874364734], "[40]": [4.994984444752674, 8.605708259793758], "[60]": [13.795365964651864, 47.41644488716392], "[80]": [10.156009954320666, 96.5678183894268], "[100]": [87.32585831575727, 107.18542586036858], "[120]": [18.33757317744903, 446.0861247883731], "[140]": [28.271115205330716, 456.5830615514169], "[160]": [126.64686199415337, 661.7043033750888], "[180]": [135.31930304535672, 1001.635395174857], "[200]": [179.49250355860931, 381.48368343311085], "[220]": [1936.8357728263, 178.3040702509461], "[240]": [668.5190355997129, 101.1698011368153], "[260]": [827.2480674829067, 168.10397378781818], "[280]": [676.4814270985921, 250.23459604672007]}