{"[20]": [1.0, 1.0000019232466324], "[40]": [0.4270861385371125, 2.422365274096621], "[60]": [1.437228543315923, 0.160279968009732], "[80]": [0.2970039235711163, 0.09463525383251224], "[100]": [0.21012819903954072, 0.008592460213275721], "[120]": [0.19671398580545885, 0.0007499858463658499], "[140]": [0.14356660639764873, 6.514197676953158e-05], "[160]": [0.11582431229082975, 5.644196699565446e-06], "[180]": [0.1020381702001683, 4.872042322604026e-07], "[200]": [0.11052399881107625, 4.19777804875952e-08], "[220]": [0.09626318967079635, 3.6505116644008837e-09], "[240]": [0.08398446336775986, 3.1934407394657645e-10], "[260]": [0.06334131505455848, 2.8089617412923507e-11], "[280]": [0.05810173370259801, 2.4813652075417514e-12]}