{"[20]": [8.999999999999998, 1.6868716741704262], "[40]": [31.637473439529053, 6.748118910357704], "[60]": [44.67811047684313, 706.9332551991298], "[80]": [1420.250959890036, 914.1371554159905], "[100]": [11465.149919625881, 373.9857772129981], "[120]": [6412.367945836433, 922.4717335710029], "[140]": [1442.5598059304039, 178.31002302412276], "[160]": [459.60194363854214, 19.964843531965187], "[180]": [395.13340218229104, 2.7918172570458424], "[200]": [393.2274818890745, 1.2852853366750665], "[220]": [293.84358070615417, 2.6358680481920413], "[240]": [262.365007086462, 1.048841362804956], "[260]": [296.5989196747898, 0.006550310275567961], "[280]": [284.4203452672019, 0.0008784841681734774]}