{"[20]": [0.0, 1.0490286287641973e-06], "[40]": [0.08679316225919055, 0.9563957752838089], "[60]": [0.7512569229212273, 0.846170045965831], "[80]": [0.5048755451036646, 0.9063252229386976], "[100]": [0.09416240551543807, 0.013621227189466217], "[120]": [0.08544795732772617, 0.0016471046381665896], "[140]": [0.07887974253309292, 0.00016905281082658604], "[160]": [0.07363560505563119, 1.9887954025872344e-06], "[180]": [0.06932433582802784, 2.4437794761988193e-06], "[200]": [0.06568145869911018, 2.9617232586718624e-07], "[220]": [0.06255680833670227, 3.038329299078945e-08], "[240]": [0.05984090189227209, 5.4778056617814885e-11], "[260]": [0.05744800095994163, 5.741535203218244e-12], "[280]": [0.05532392635185494, 4.7348255753196465e-11]}