{"[20]": [5.610211768468471], "[40]": [1.8583859186803733], "[60]": [2.698214895202928], "[80]": [18.50611428545344], "[100]": [21.262456931131123], "[120]": [798.1729559938489], "[140]": [680.1744570146437], "[160]": [67.8378492641086], "[180]": [54.046855348554345], "[200]": [63.67953335467708], "[220]": [64.28361605940123], "[240]": [59.39411460457877], "[260]": [56.895101106113344], "[280]": [53.83151485857214]}