{"[20]": [5.519191337596183], "[40]": [75.91656850420779], "[60]": [176.61282193455872], "[80]": [2807.578397817262], "[100]": [10385.058158422144], "[120]": [2983.534367027316], "[140]": [435.393572077101], "[160]": [722.2480989058604], "[180]": [611.6770955404207], "[200]": [481.654773992177], "[220]": [404.94537334176414], "[240]": [395.3016513437483], "[260]": [442.28212994721207], "[280]": [530.4512533977999]}