{"[20]": [4.595775686541236, 2.359699300669781], "[40]": [1.3546338410575252, 7.720618381580083], "[60]": [26.23038366808748, 235.35264531753563], "[80]": [2.7276329283917677, 260.79743277261105], "[100]": [10.374861174037779, 106.98927265641369], "[120]": [14.392459614670589, 75.13823632587179], "[140]": [69.01526865517438, 1456.6410671878143], "[160]": [36.101251123768506, 4842.1364905506625], "[180]": [941.3635367668147, 1233.0591781152946], "[200]": [1356.9607073277978, 659.6642178876486], "[220]": [186.04317668948767, 170.48656275138933], "[240]": [92.4321342019493, 107.47307250681324], "[260]": [89.87920855017961, 15.532066699024377], "[280]": [108.09410071927165, 0.5817628134223869]}