{"[20]": [2.0, 1.9999985747617763], "[40]": [17.03679344151367, 49.68919410722558], "[60]": [114.76172724562053, 1889.914084343079], "[80]": [2632.812090078725, 18668.453724297335], "[100]": [16978.957278097074, 386.8455644790587], "[120]": [4114.660894067063, 1154.1416285366915], "[140]": [412.862717866093, 303.02738031060926], "[160]": [560.0716844043844, 374.3291626771333], "[180]": [549.0639914806427, 149.97374967571903], "[200]": [488.1514662072226, 51.351474016501136], "[220]": [443.65474084447925, 13.826414534228118], "[240]": [431.85082750991626, 0.013543391117222863], "[260]": [456.20004492154624, 1.0023776966818783], "[280]": [516.8782173827188, 0.00027024680183163643]}