{"[20]": [0.30408290730725657], "[40]": [0.956260753410559], "[60]": [0.3584735778814928], "[80]": [1.1734248622535495], "[100]": [4.250185648187841], "[120]": [5.801331863978257], "[140]": [3.8326027955662787], "[160]": [10.123234080564254], "[180]": [4.313910344758993], "[200]": [6.149256137781842], "[220]": [49.09547019279949], "[240]": [94.2172152919934], "[260]": [275.88392905773117], "[280]": [102.7869978489184]}