{"[20]": [0.0, 1.2465379798559756e-06], "[40]": [0.9944392595304236, 17.074999982728283], "[60]": [13.17853134641464, 336.00530640571054], "[80]": [23.31897358346291, 3684.488379190548], "[100]": [7847.1617457421435, 4555.145257813013], "[120]": [3759.5316127500364, 968.6359135297889], "[140]": [198.68652619520586, 147.03134227408862], "[160]": [257.1168176975182, 126.18242852413056], "[180]": [247.33751744798542, 24.121657324041788], "[200]": [212.37045788421258, 3.056049571056769], "[220]": [189.81302868860143, 3.818617002199454], "[240]": [183.49882265323495, 0.06743166896891212], "[260]": [190.24990927107538, 0.00273370960672256], "[280]": [211.0916931676523, 0.0010113909784071646]}