{"[20]": [0.9914682464575167, 4.65490698643517], "[40]": [2.139432089150362, 5.899827549609142], "[60]": [6.041376763194698, 19.606514081935156], "[80]": [12.743356282887898, 28.78340183365697], "[100]": [17.243390105809656, 48.949236225447116], "[120]": [3.0991226826973435, 67.50176403919899], "[140]": [10.080669912470832, 79.39182473701192], "[160]": [11.223820255664823, 110.59186090690704], "[180]": [33.036939063556886, 164.37054146761824], "[200]": [5.770290143747309, 190.57201509528224], "[220]": [78.26447219893072, 922.9999966159298], "[240]": [117.93385922676636, 154.91265910305427], "[260]": [438.3036036021495, 258.1466899802703], "[280]": [95.36475651634656, 92.50512610372088]}