{"[20]": [51.50318179437154, 42.54093844389327], "[40]": [5.025908155807272, 10.687812659671522], "[60]": [1.6531770311712535, 64.25446537504054], "[80]": [69.98473057155769, 171.28199965462693], "[100]": [79.20019298178408, 387.2037533763314], "[120]": [431.33991459225626, 71.90439810875205], "[140]": [81.61256165350642, 797.7630412715816], "[160]": [240.4399873470138, 1104.1021471769454], "[180]": [964.0778202475158, 2290.2536971236023], "[200]": [129.77141690592543, 402.8454070736843], "[220]": [3321.2468727695195, 668.9575357120193], "[240]": [319.4685263275496, 258.632983638734], "[260]": [3393.754375176153, 232.69379536063843], "[280]": [488.60713953496816, 52.68736470196632]}