{"[20]": [2.0, 2.000001266604183], "[40]": [0.5150783999137412, 2.3995593912505244], "[60]": [3.147265059881711, 7.76747401670495], "[80]": [13.012250083482662, 28.38486724031466], "[100]": [35.96838956636407, 69.82207128585927], "[120]": [47.559170147221266, 221.17642309271957], "[140]": [132.19741774679142, 16.33952552948631], "[160]": [150.5144243938621, 564.6094067543386], "[180]": [395.1508224078134, 384.683584144158], "[200]": [1474.2243236473532, 44.16011614238914], "[220]": [782.740465276831, 63.987116939571706], "[240]": [123.15720347078627, 46.06959344574352], "[260]": [14.9287509591191, 40.25738636834001], "[280]": [31.295955999692694, 4.980789724592725]}