{"[20]": [1.6098018403375078, 37.52019688985844], "[40]": [19.47463050571204, 6.102655480745306], "[60]": [241.53019854182955, 157.5330105899473], "[80]": [21.14946348865825, 302.48721421368174], "[100]": [130.72904881201916, 173.51145572450352], "[120]": [24.30772648764949, 96.84012027965483], "[140]": [1869.9177961760377, 2104.464572353831], "[160]": [3609.3518098682703, 495.2101838296765], "[180]": [1388.701975094014, 257.6046642188222], "[200]": [2301.2484607264937, 104.79894093250246], "[220]": [66.23728860578727, 59.73414432716072], "[240]": [138.24302247572317, 38.093910198060925], "[260]": [77.32811514861528, 9.696967712157088], "[280]": [264.95748673516607, 1.2484605447378072]}