{"[20]": [8.565403210495383, 20.313060436219256], "[40]": [1.9879132649643543, 3.7618972578835472], "[60]": [283.3343768741553, 180.87660720078466], "[80]": [37.718240944648635, 195.955696022978], "[100]": [16.422918361311176, 97.49758459578017], "[120]": [7.095694401310078, 97.86066273261368], "[140]": [631.7872480977692, 1955.8579330181294], "[160]": [2704.159640781119, 2024.1511947537258], "[180]": [15971.577248427733, 3975.0345141530233], "[200]": [8848.356975159653, 287.9375609312533], "[220]": [2362.0134024760678, 45.680221161338245], "[240]": [219.07042599154474, 33.45765238954829], "[260]": [210.1514015163771, 4.2649905292085935], "[280]": [304.0273485221626, 0.843716144574135]}