{"[20]": [12.052867046387329, 2.359699300669781], "[40]": [4.928932720572871, 7.720618381580083], "[60]": [195.6609086506787, 452.84173228439505], "[80]": [129.25036866503314, 3039.5101225263898], "[100]": [56.73846023710308, 5790.940022348681], "[120]": [9083.831021726479, 1412.1979771178708], "[140]": [7489.016321950812, 1122.7803302971688], "[160]": [1160.99180540171, 532.8418688050242], "[180]": [102.8990045966675, 196.85722463670172], "[200]": [163.71032314968775, 82.74478430416627], "[220]": [172.65031526979448, 46.27067074499183], "[240]": [159.72663891665144, 8.737749007972619], "[260]": [149.34936219816677, 2.793915683000801], "[280]": [138.8961551038197, 2.9663539168800845]}