{"[20]": [0.08095489422749257], "[40]": [7.462960268134252], "[60]": [13.37597268475116], "[80]": [145.16513429160742], "[100]": [129.04849324786673], "[120]": [1883.784367593886], "[140]": [1274.9817938054214], "[160]": [82.83968848579701], "[180]": [87.39697034881233], "[200]": [122.72969190992863], "[220]": [113.65291917764114], "[240]": [109.4441146119853], "[260]": [95.91323902491943], "[280]": [91.08523197899483]}