{"[20]": [5.929450557738205, 18.101990042977263], "[40]": [8.679829726072995, 4.240331789568742], "[60]": [108.38262866067214, 76.00871929983703], "[80]": [22.69414389370837, 81.72163520705567], "[100]": [75.09785289712056, 2.4872194751822008], "[120]": [14.763070236800758, 35.876204183936494], "[140]": [628.3375093729338, 667.4520727174531], "[160]": [1.3575870520035096, 1949.852061101452], "[180]": [4318.903150162427, 400.82467249514593], "[200]": [2915.475701501031, 295.95419313239336], "[220]": [615.6704296970413, 45.102366055512334], "[240]": [65.83869096774137, 17.189565495030337], "[260]": [356.61454149629486, 2.9398519488685384], "[280]": [278.5046487744519, 1.7240439108958823]}