{"[20]": [5.9303624448152945, 2.7913804366691486], "[40]": [10.529186313046244, 10.222855627644515], "[60]": [20.233260371902944, 9.904590397864503], "[80]": [2.794162586873093, 44.88209971575497], "[100]": [26.85110039819662, 83.73922861993633], "[120]": [4.058805333516698, 53.68764018473911], "[140]": [61.00045959670757, 218.0582872806007], "[160]": [91.92182821941373, 348.1546200853453], "[180]": [49.26488070774468, 613.0613999354747], "[200]": [383.47119017838384, 546.0477363723842], "[220]": [384.53075430637324, 318.360911921843], "[240]": [80.45831807090778, 118.98678325092008], "[260]": [418.6500987205812, 376.7030114313206], "[280]": [392.47206420049406, 140.06517860336817]}