{"[20]": [4.458975510823274, 249.5446157695845], "[40]": [14.28502979119213, 6.067946855212898], "[60]": [20.762772807785712, 7.122771098129414], "[80]": [15.890038497844193, 45.05434868442969], "[100]": [46.435035525304784, 76.52380613884537], "[120]": [113.95483012889383, 42.42020812870062], "[140]": [66.5290543273019, 269.13351960727346], "[160]": [119.23100969987706, 293.8233564669519], "[180]": [269.9238950611309, 365.5234924577514], "[200]": [277.57535272122465, 688.8935891019572], "[220]": [41.449947729152605, 102.18722855276685], "[240]": [808.9792181816399, 277.79257107171327], "[260]": [1889.5585307418314, 253.94157906050893], "[280]": [794.5690452190352, 133.7588928438945]}