{"[20]": [3.2450503618235427, 1.0431722376914363], "[40]": [1.3604778944676732, 14.604027755608458], "[60]": [4.224337153647993, 2034.6885311849821], "[80]": [712.0550655354474, 10448.084693424942], "[100]": [459.7170405137982, 9469.298056273778], "[120]": [2020.7418964966719, 565.5462796074584], "[140]": [573.9595362255977, 1510.1119402904496], "[160]": [119.56301443241854, 743.8822365881397], "[180]": [113.13360158811392, 243.35732071870478], "[200]": [117.9018883085738, 77.65338650632229], "[220]": [115.51411624483994, 24.244960234986426], "[240]": [113.9546836908742, 2.750604672466335], "[260]": [106.08774566210539, 5.964561301634448], "[280]": [100.86986504704302, 0.9949639680843193]}