{"[20]": [0.0, 1.6575032016945218e-06], "[40]": [7.391519191574421, 13.291500615813383], "[60]": [181.08412306903847, 70.07517637531203], "[80]": [2669.552571046539, 1226.6420791561031], "[100]": [6638.970395605473, 308.22158722528184], "[120]": [2557.4870711583535, 122.86131130883632], "[140]": [76.34483774025102, 67.92412119388973], "[160]": [418.3007901788023, 52.756312368790475], "[180]": [374.9402543077636, 25.378979237434407], "[200]": [343.69453453259274, 2.290097750117475], "[220]": [264.9762273517345, 2.9103760588931333], "[240]": [237.8787279127767, 0.9886889929671145], "[260]": [271.32801835057427, 1.0014274758692892], "[280]": [260.4820642472228, 0.00018015020985284735]}