{"[20]": [2.0, 2.000001049028629], "[40]": [4.611569231343031, 4.2133097468537315], "[60]": [107.46348045218018, 205.32644808636584], "[80]": [104.38151109178267, 1002.4903938340666], "[100]": [831.2673047937196, 1710.0223312841479], "[120]": [2547.907200346369, 375.48492370271623], "[140]": [1840.29619414847, 331.03939045854423], "[160]": [30.678971200509658, 192.13308831098905], "[180]": [48.69296476451269, 27.51646308895876], "[200]": [53.91648789755189, 11.931290928591991], "[220]": [52.00472072021542, 5.719463346094172], "[240]": [49.336184303694836, 0.2007335278373487], "[260]": [44.31176499895666, 0.031830456362381444], "[280]": [41.57799301029054, 1.005047103476983]}