{"[20]": [61.77301647610696, 15.354160124164562], "[40]": [19.989285893869884, 62.618530599908446], "[60]": [47.552742479075825, 3094.819471560155], "[80]": [3827.0979564239583, 6055.969666347634], "[100]": [513.6063851467726, 695.1795882351682], "[120]": [234.73431571122978, 629.0839394940413], "[140]": [175.15888180137935, 160.81272965788102], "[160]": [137.82472069223294, 33.087082471868364], "[180]": [112.48678696586678, 10.483589060171509], "[200]": [100.06640577790463, 1.6291084829278641], "[220]": [92.30819420104122, 0.9734332467889458], "[240]": [88.54084715764012, 1.001681339525481], "[260]": [89.37356199427268, 0.0004566689205993816], "[280]": [93.83103520900633, 1.860315398719722e-05]}