{"[20]": [5.207919508503308, 45.622114783278256], "[40]": [63.307706228265715, 19.464285216774556], "[60]": [306.2718143171305, 383.26397096360245], "[80]": [122.31500254442994, 772.0053090963693], "[100]": [213.01730632445424, 185.71301046347435], "[120]": [19.557141094083818, 9.923572382716884], "[140]": [5538.299868140766, 6246.262847498809], "[160]": [4897.058194265337, 9932.536379027762], "[180]": [3189.2021362199666, 1613.2289996478758], "[200]": [2128.970897709022, 150.82154555596026], "[220]": [587.285395087097, 3.954338980242028], "[240]": [62.985780806918655, 125.93000646121084], "[260]": [132.745853979304, 13.813725880328022], "[280]": [364.4683243569346, 1.5668072647833213]}