{"[20]": [2.7660669879986086, 3.1311397668615735], "[40]": [5.363762226007776, 1.5525552186481242], "[60]": [3.35850986408569, 110.367213762696], "[80]": [24.890560807251603, 77.9676657468644], "[100]": [2.876728656472261, 47.13053310080065], "[120]": [20.769577492769752, 62.71987884818501], "[140]": [815.0919433259908, 590.9006271291202], "[160]": [248.66674652303035, 311.5254156997002], "[180]": [3234.007481589006, 302.867817537352], "[200]": [610.0257995995437, 347.74486976354007], "[220]": [45.10070282691585, 73.25140297904913], "[240]": [36.140117372246905, 19.021981928708534], "[260]": [35.294104650593184, 5.379441420072655], "[280]": [53.34899165711427, 1.281095720856077]}