{"[20]": [3.188905347423886, 4.622139947094864], "[40]": [47.001646387882886, 47.857975579542966], "[60]": [458.6207520750331, 3039.980851884913], "[80]": [17284.562018954486, 4224.828809986924], "[100]": [29930.912747576644, 1276.003132255515], "[120]": [15810.656078119351, 800.4923550446256], "[140]": [1318.1081376220136, 608.2316363955615], "[160]": [1738.1203506515442, 426.16019618977907], "[180]": [1908.7230389745964, 150.3622764339525], "[200]": [1585.8471209201196, 23.513301667780155], "[220]": [1277.1537625421659, 13.56049025578471], "[240]": [1154.5607382114517, 1.0553952565975173], "[260]": [1223.3490401706283, 0.0069818417125666575], "[280]": [1446.6565960562614, 0.0008799639090170078]}