{"[20]": [2.1081970031739807, 110.72631741216577], "[40]": [71.05073827302748, 49.016689344521694], "[60]": [259.00778069744416, 2811.391630761189], "[80]": [14731.907541200131, 3900.840995770423], "[100]": [18916.883765835333, 842.485053589245], "[120]": [7378.816616496753, 646.4399886734672], "[140]": [482.623542622638, 224.3991514940804], "[160]": [291.96075101752405, 106.89512071372646], "[180]": [332.673517072184, 26.361946083440078], "[200]": [276.6352046926557, 5.341153999231231], "[220]": [232.49301392826965, 3.9230418892809555], "[240]": [213.05709709202253, 0.008911923565224243], "[260]": [219.81194148840515, 0.001041254126226306], "[280]": [249.9612932650139, 0.9998773820402477]}