{"[20]": [5.610211768468471], "[40]": [1.8583859186803733], "[60]": [8.153474062373713], "[80]": [26.94589154579262], "[100]": [25.882470351381563], "[120]": [15.156384447450517], "[140]": [86.97511322598544], "[160]": [541.3797082580177], "[180]": [963.2745731251395], "[200]": [463.2516694866629], "[220]": [74.23328146125577], "[240]": [50.51077530343367], "[260]": [50.17233427564017], "[280]": [51.35117544671725]}