{"[20]": [1.0, 1.0000019232466324], "[40]": [0.17487017689927664, 0.2433964495942833], "[60]": [0.09728437953859959, 0.12556267510665775], "[80]": [0.4132292773268682, 0.05135759175259954], "[100]": [0.04442084521476296, 0.005049862019670333], "[120]": [0.03314755497354367, 0.0004756817588083504], "[140]": [0.033109329783786105, 4.4557322416870424e-05], "[160]": [0.02547488038295263, 4.150465553487307e-06], "[180]": [0.022559025086480534, 3.8380433861434696e-07], "[200]": [0.024872749381630112, 3.528599711419207e-08], "[220]": [0.022042997561218684, 3.304820983201761e-09], "[240]": [0.018979065881899137, 3.140806552973441e-10], "[260]": [0.014887220205439176, 3.001356515760233e-11], "[280]": [0.013150579420371802, 2.8645182270688577e-12]}