{"[20]": [1.4452013759420752, 2.902949886688776], "[40]": [6.9453546080186905, 1.8399323389421594], "[60]": [1.294370992220204, 16.311098403562468], "[80]": [17.934543071428415, 38.659774059793754], "[100]": [21.1350486950103, 49.18748520419741], "[120]": [12.851602562596359, 25.84626289297071], "[140]": [469.00208229914, 148.24833013242724], "[160]": [78.43960922805472, 519.1579206705892], "[180]": [212.40268587132164, 333.71893701871255], "[200]": [358.44028693767416, 204.9469484588429], "[220]": [494.41920166879436, 99.6146971929237], "[240]": [94.69296307335836, 23.508150855642636], "[260]": [146.74875332650805, 132.70066926857209], "[280]": [74.62121728688592, 84.81491574864502]}