{"[20]": [3.0, 3.000001266604183], "[40]": [2.602043085410334, 0.8011562833406884], "[60]": [15.216980090690626, 11.181859833060592], "[80]": [0.8260390587972495, 21.531897827742057], "[100]": [2.158112605084824, 13.294601634369727], "[120]": [4.981772854368074, 6.600646091706281], "[140]": [131.67641205668275, 143.3733009523466], "[160]": [332.252966146013, 80.60222696364553], "[180]": [751.0344341920054, 104.28867887002889], "[200]": [513.3619621961298, 228.22826566140247], "[220]": [101.94066814637767, 58.81788287897518], "[240]": [55.10300289783589, 5.507958369516302], "[260]": [8.377826422581236, 0.9725791231498384], "[280]": [31.891125610227242, 1.403626897966985]}