{"[20]": [1.5390426014328207, 171.04370439782397], "[40]": [4.611168804230437, 18.343486894070416], "[60]": [18.71341883979743, 57.02809597258297], "[80]": [21.135215310127588, 87.9049671143631], "[100]": [10.958851304419339, 126.98578472343321], "[120]": [95.57033806323413, 244.5848889228682], "[140]": [76.8909833691423, 148.7097974787927], "[160]": [48.06244660545762, 494.5361252647668], "[180]": [558.0940378972746, 1456.304252251982], "[200]": [671.4805080525488, 1545.296795237966], "[220]": [713.316821180242, 755.0181951696339], "[240]": [2638.705685451183, 76.93974473757902], "[260]": [690.0794442410848, 265.42140250311], "[280]": [3323.6056528367817, 285.50897565156566]}