{"[20]": [0.9999999999999971, 5.9952527675516], "[40]": [3.5035898509853762, 1.397336186691497], "[60]": [0.9895406843983459, 8.745953027751], "[80]": [3.6623829366667486, 9.403906451038237], "[100]": [0.9659153809500154, 6.572002815411771], "[120]": [3.271588183897137, 5.979836707902521], "[140]": [2.836419951684512, 3.3700875634175134], "[160]": [6.957397255159776, 11.343994766782277], "[180]": [2.010063078269148, 2.030114557525174], "[200]": [25.690214503756494, 29.827616161173054], "[220]": [12.384626621929328, 36.77735892727705], "[240]": [20.78943429648359, 49.07549763234084], "[260]": [40.39540129706086, 17.087851558662123], "[280]": [123.3733259366918, 163.6502175174537]}