{"[20]": [1.539042601432829, 171.04370439782397], "[40]": [7.207830593842533, 18.39243038009995], "[60]": [1.660925965863439, 45.04191219080588], "[80]": [45.84233892974695, 92.97794216748261], "[100]": [66.58335061153377, 146.1522267403887], "[120]": [38.31068549607185, 435.38886628649925], "[140]": [56.042048918309135, 28.198414537895843], "[160]": [23.187108231858662, 477.5671223153501], "[180]": [396.8165659079263, 926.4440020093541], "[200]": [198.90846397772108, 278.43046799174647], "[220]": [1639.027193985646, 159.34898308887534], "[240]": [3253.209242188503, 648.6985981957757], "[260]": [3863.3573612948153, 96.04796949486976], "[280]": [452.13750182434643, 352.11961986002797]}