{"[20]": [0.5793186976268296, 2.7913804366691486], "[40]": [9.358158720836885, 7.563990423495037], "[60]": [19.683317250779936, 14.261053970030037], "[80]": [1.2479225664623173, 45.19004045843031], "[100]": [4.043652159460442, 80.79132944900778], "[120]": [5.288215099005737, 110.19857611325995], "[140]": [19.870040907654403, 293.05971058027956], "[160]": [19.001224191823372, 303.6979176789154], "[180]": [40.97373432840573, 643.6223592162298], "[200]": [63.73589017184678, 907.6045878250117], "[220]": [68.60625446883631, 324.4685214385332], "[240]": [69.30480312115334, 122.10234971600858], "[260]": [40.10258298071313, 405.34900677315954], "[280]": [10.398403036474697, 136.9389783913058]}