{"[20]": [1.0, 0.9999184300386981], "[40]": [0.7495546494927366, 0.41055251504882284], "[60]": [0.202492263712941, 0.5329935889680315], "[80]": [0.3494643403380474, 0.11936524236635446], "[100]": [0.12152312379390037, 0.014521516354136387], "[120]": [0.09950533711313758, 0.0014965346390947763], "[140]": [0.0917226522897067, 0.00015390470308734305], "[160]": [0.08562273325874965, 1.571224063276233e-05], "[180]": [0.08060405281020104, 1.580472000796389e-06], "[200]": [0.07639225575096707, 1.575024311651083e-07], "[220]": [0.07276116262479851, 1.6311664374835236e-08], "[240]": [0.0696025826313812, 1.7255585484408646e-09], "[260]": [0.06681352862965718, 1.8392317267072585e-10], "[280]": [0.06434479319047391, 1.965184730411662e-11]}