{"[20]": [2.0, 2.0000018974962757], "[40]": [0.5150783999137412, 2.3995593912505244], "[60]": [0.9985165337087558, 5.795107706742151], "[80]": [0.5751980339161431, 3.203615023563645], "[100]": [1.8598548291856574, 0.33316828588795033], "[120]": [1.355699984471924, 1.0375561780609357], "[140]": [6.193409525524132, 4.003923822568343], "[160]": [15.543158194409678, 24.000492346192317], "[180]": [42.6759852553505, 124.0000748055304], "[200]": [67.97506321846367, 416.0000116251002], "[220]": [178.4170521317783, 770.0000016678327], "[240]": [1036.4725707089888, 833.9999997924574], "[260]": [122.2071083597366, 320.99999997804343], "[280]": [107.41528178055466, 119.00000000210429]}