{"[20]": [4.774882168582145, 10.66790281981449], "[40]": [11.470116411865632, 7.495227220839581], "[60]": [524.1275826578712, 2962.1606926061927], "[80]": [8240.72673986909, 821.3654135264551], "[100]": [486.5105295929634, 289.1535076815844], "[120]": [1927.7627966612677, 123.99375557680787], "[140]": [362.1163427945412, 72.36836762135562], "[160]": [82.275391690026, 43.062444609919226], "[180]": [187.88139693128528, 24.371896991431896], "[200]": [185.8183961147184, 18.933651498496623], "[220]": [174.73780182248325, 0.0070071096430179836], "[240]": [164.49141045852264, 0.0007400029140454123], "[260]": [173.12314579617066, 2.999921851790607], "[280]": [204.4007392972768, 0.9999917475929431]}