{"[20]": [2.6113675655675483, 2.076484879058746], "[40]": [15.750329319890595, 6.683440105487485], "[60]": [61.35179822431999, 323.9780502272161], "[80]": [2554.2975671578274, 1669.5013944751427], "[100]": [1240.504769301475, 3593.336863439105], "[120]": [3936.320267755346, 1254.172895050516], "[140]": [2224.4343297701444, 436.5373967271298], "[160]": [209.74353379132106, 324.3839533179858], "[180]": [198.9103581868178, 211.52432792981483], "[200]": [257.0434157268093, 68.42263183060446], "[220]": [245.57469094202074, 10.91783688747759], "[240]": [215.05799161586438, 14.990563217313294], "[260]": [193.9315096181406, 6.832516975991139], "[280]": [176.1078994347677, 1.972212533021824]}