{"[20]": [76.83335451340062, 11.116285052483075], "[40]": [2.366378323130681, 18.94326246538568], "[60]": [3.3185086287596737, 38.57828927368174], "[80]": [69.43907534546405, 168.72069046833244], "[100]": [143.40543526785805, 259.6358618714165], "[120]": [24.529054266194134, 628.9303632146862], "[140]": [318.65959540872626, 817.5518677155264], "[160]": [142.68132937750386, 715.941790159675], "[180]": [40.25073560550491, 1176.1076438536859], "[200]": [504.8152269458339, 506.65317056428734], "[220]": [1059.1747336446103, 182.9261493325426], "[240]": [419.61218279194065, 37.291609692911976], "[260]": [550.4124785923452, 273.1611529729144], "[280]": [280.88492953262715, 82.07354198668894]}