{"[20]": [3.0, 3.000001439860373], "[40]": [10.723358827237178, 9.169129355985099], "[60]": [128.38854953115862, 357.63864767252295], "[80]": [451.91664336203576, 891.8152390825826], "[100]": [12629.867838850143, 3467.4997487762885], "[120]": [21873.054397532957, 2050.278541659587], "[140]": [7847.842755768046, 535.9150856628439], "[160]": [502.05528965640156, 232.16082075088252], "[180]": [784.8063310802879, 63.124101184851156], "[200]": [1050.3007023057116, 28.89870090844525], "[220]": [823.2547683845448, 0.0882975953239793], "[240]": [795.514370427439, 0.5741241009135883], "[260]": [794.0758603678985, 0.0581966673195627], "[280]": [1032.5609415684683, 0.007938670835913215]}