{"[20]": [0.37910514763571435, 3.745639043375972], "[40]": [9.003522865757532, 11.189958878959374], "[60]": [81.72461017739244, 230.9802795146035], "[80]": [95.90458688545982, 265.0851487761529], "[100]": [56.50257947203727, 120.50797909257494], "[120]": [34.145714283751886, 138.66164112437832], "[140]": [396.00100699505765, 1126.3881908774258], "[160]": [1193.4582349472767, 745.4228043184739], "[180]": [5615.694724645291, 241.25994400482523], "[200]": [3008.9705683494794, 730.0763447141235], "[220]": [72.7224424338824, 84.04216625904519], "[240]": [86.05702093629691, 142.08719538090907], "[260]": [227.90939295156244, 38.05669936261461], "[280]": [659.8663774084828, 2.314209018881761]}