{"[20]": [1.0], "[40]": [0.5055165326133916], "[60]": [0.2169936676128844], "[80]": [0.19542763696504584], "[100]": [0.17255178287054984], "[120]": [0.15154410635863338], "[140]": [0.1374590914367477], "[160]": [0.12804977200596165], "[180]": [0.12234060249591065], "[200]": [0.1152871030117098], "[220]": [0.10895233720396262], "[240]": [0.10357452040961902], "[260]": [0.09889948685390035], "[280]": [0.09510092264104822]}