{"[20]": [0.4654615558503066], "[40]": [7.342425279125607], "[60]": [51.169902768499924], "[80]": [19.588730497547658], "[100]": [1422.4462443663906], "[120]": [4039.656688366693], "[140]": [2230.9191501409514], "[160]": [190.7285276122052], "[180]": [358.2670326543519], "[200]": [467.74521697794404], "[220]": [445.38107071603343], "[240]": [390.6905160774817], "[260]": [354.08220875085124], "[280]": [322.8932573580905]}