{"[20]": [0.0, 1.4398603732758724e-06], "[40]": [11.070158548970436, 3.1991653419811215], "[60]": [41.38544700707382, 324.7777005802275], "[80]": [1672.557212455109, 1824.998577571354], "[100]": [9832.660812647518, 835.5174273236807], "[120]": [12656.479799955796, 1010.2177709901225], "[140]": [1616.8335437782503, 25.602146493971304], "[160]": [751.538785811562, 74.60466771353856], "[180]": [623.0843657544377, 23.813592577302288], "[200]": [586.3137609460784, 3.4400378884901315], "[220]": [434.24206419348474, 3.53933031907893], "[240]": [421.499033080201, 0.059144057773709596], "[260]": [420.07825742664136, 0.0075523482133135495], "[280]": [547.4980887480693, 0.0009630467739168336]}