{"[20]": [5.658927784166906, 12.49654110551172], "[40]": [15.114001261350957, 26.320989509439023], "[60]": [558.315383121498, 1454.2891841101489], "[80]": [6035.994307660298, 983.8996197882609], "[100]": [3278.1064260614853, 499.953070456114], "[120]": [2260.6602817370117, 94.71214758873828], "[140]": [535.4184006330507, 61.068063994099475], "[160]": [123.5387134880815, 23.300267891617374], "[180]": [123.63026516055692, 25.809638048191], "[200]": [115.51311494345268, 2.867837412927593], "[220]": [107.15671458168465, 1.014582991536011], "[240]": [102.11817518328729, 0.9983718331539464], "[260]": [103.80176838444282, 0.000179725125024582], "[280]": [111.20475127922434, 1.995129801508173e-05]}