{"[20]": [5.9999999999999964, 8.626558102614865], "[40]": [29.61408109383806, 4.740931534745414], "[60]": [60.1976367776258, 106.92029834182799], "[80]": [54.75165559730385, 77.95488783428436], "[100]": [10.144742108011087, 79.85432172435463], "[120]": [0.7358631211049556, 59.26058625274959], "[140]": [889.8008473595976, 962.0627143451948], "[160]": [2368.236731909208, 1182.082791519635], "[180]": [9149.240751755347, 687.8645682454953], "[200]": [6037.597423197505, 425.109136936645], "[220]": [1032.0322703948118, 15.732395748161139], "[240]": [139.73409285900647, 32.15643237427517], "[260]": [723.4024521292897, 4.40810638002219], "[280]": [574.080422573296, 1.87698810004545]}