{"[20]": [3.2277764116200274, 2.076484879058746], "[40]": [65.67727476209569, 13.52630873863893], "[60]": [40.263752345477556, 953.1833153899825], "[80]": [95.89530700865595, 6194.71068921083], "[100]": [7524.155597032889, 9572.467770393496], "[120]": [13525.900232200567, 997.8714296727529], "[140]": [6940.401704927188, 1179.442916469853], "[160]": [346.74996970244143, 807.7320644894584], "[180]": [597.9080150259967, 386.97512150168404], "[200]": [635.2894744619039, 156.31638208173553], "[220]": [600.0229991039668, 56.62254493626594], "[240]": [568.1549841149007, 19.33248421100279], "[260]": [498.3518645510402, 13.898219805765606], "[280]": [452.6643203616218, 5.98448068285021]}