{"[20]": [1.910465804836496, 6.860534283139354], "[40]": [14.348619984034219, 8.318049405534383], "[60]": [17.76860376548141, 9.18735794099516], "[80]": [4.259040907523587, 44.454718334083346], "[100]": [15.42499571665429, 73.41900130415054], "[120]": [44.89185900382713, 57.341035357012444], "[140]": [133.10246627424667, 268.9274175008727], "[160]": [118.33787186743758, 373.7322363593521], "[180]": [120.94289267478258, 553.9358664294822], "[200]": [413.08188796698266, 474.8746384355632], "[220]": [141.0437215935067, 216.29065284551882], "[240]": [582.3441460112261, 225.5244813944144], "[260]": [1556.422821979891, 369.74685613127457], "[280]": [518.8257868777054, 107.40647597361303]}