{"[20]": [5.0950069083933744], "[40]": [3.9526435372716233], "[60]": [7.691859852076684], "[80]": [5.442772167718812], "[100]": [22.460640240262833], "[120]": [19.07656928618353], "[140]": [4.468484426038186], "[160]": [87.7676664419224], "[180]": [91.25498948634018], "[200]": [21.524243613364934], "[220]": [19.052330832427334], "[240]": [201.80551022794324], "[260]": [19.048394143676393], "[280]": [51.84066490223434]}