{"[20]": [4.0, 3.999918430038698], "[40]": [2.559952048844009, 8.932346999444913], "[60]": [2.8258387933854867, 1.189579420921816], "[80]": [1.0826925895415576, 0.6884444104289296], "[100]": [0.9376309266906098, 4.49665801879373], "[120]": [7.2479194139231735, 13.708977926114665], "[140]": [8.402411975824924, 4.1336259921347285], "[160]": [10.697095562695726, 36.30357564715574], "[180]": [4.680159166649278, 25.969436281297664], "[200]": [83.41740938970386, 99.64675027192607], "[220]": [55.93247760550869, 53.481199814731454], "[240]": [193.90119942660448, 57.62543417421205], "[260]": [688.2992658870676, 386.39977354837157], "[280]": [1173.7160449108485, 147.35400139675176]}