{"[20]": [1.0366688989365236, 3.19325567099721], "[40]": [17.33764633865552, 22.16597061837218], "[60]": [41.677504664540145, 711.3635675906406], "[80]": [273.97987859707933, 4150.867525335751], "[100]": [5938.259293842456, 4496.333527158216], "[120]": [11960.923149547967, 90.24727585162707], "[140]": [7213.736095513176, 630.3952975089377], "[160]": [1215.1336685029019, 294.3764334306631], "[180]": [129.97278131337242, 79.11757681645092], "[200]": [193.04072207576283, 26.85556531277367], "[220]": [201.04163590962528, 17.65339997612687], "[240]": [189.79270831279774, 8.801800068325564], "[260]": [180.0303927822772, 0.9708291421053061], "[280]": [165.32694740661, 3.9957066041826628]}