{"[20]": [2.7653198230140204, 10.27344422246533], "[40]": [0.5400569582625001, 6.582382470514998], "[60]": [12.467052631553303, 1.9191508641401622], "[80]": [0.8438191674096873, 7.548745270537603], "[100]": [3.0607343951988226, 1.2467427512181437], "[120]": [1.4736592843784713, 0.2893883990425448], "[140]": [1.0854625041829744, 12.831725883852199], "[160]": [2.2053878630742147, 16.541732204201658], "[180]": [16.944097950639616, 24.75992356191301], "[200]": [25.390666326621197, 37.981311585714096], "[220]": [49.82049555476969, 46.59999032019121], "[240]": [173.04062468960268, 37.57294181146969], "[260]": [22.715872256801614, 64.70176727415894], "[280]": [22.905403228738056, 117.53967503428743]}