{"[20]": [0.0, 1.6575032016945218e-06], "[40]": [10.197340170422262, 3.1991708622143165], "[60]": [70.88720706080858, 324.77753324162256], "[80]": [1231.6497186978704, 1863.6454343875012], "[100]": [13539.064145942437, 873.8195392710295], "[120]": [9071.038662347291, 1007.7865553961256], "[140]": [530.071244208963, 25.91771352476303], "[160]": [782.2168128351375, 74.61405589481774], "[180]": [797.4707535985751, 23.799759533860254], "[200]": [665.4337771620385, 3.436785970715082], "[220]": [497.29223880689904, 3.5385963081737994], "[240]": [441.10804585618064, 0.05917232632404365], "[260]": [499.64919558519904, 0.00757482578527051], "[280]": [480.005481676232, 0.0009667454190095573]}