{"[20]": [0.0, 6.20191358582531e-06], "[40]": [44.358095372038605, 97.43483150687607], "[60]": [3.0774516029343193, 837.9209874655141], "[80]": [3833.9037050494867, 1153.0209841920964], "[100]": [9855.954464978686, 62.721799030233264], "[120]": [5085.483841119086, 606.4387991301245], "[140]": [190.46018779744244, 134.18856642224372], "[160]": [383.17404235646524, 54.40463331493042], "[180]": [357.75566309146757, 32.55436726290891], "[200]": [283.4733803804185, 0.9860808453004836], "[220]": [228.36592413681504, 0.2613182165643483], "[240]": [206.3444525782194, 0.03403444599188508], "[260]": [216.29520226928443, 0.00443263150057087], "[280]": [254.1569568084246, 0.0005773061885290426]}