{"[20]": [0.0, 1.0490286287641973e-06], "[40]": [0.07645887591282127, 1.973159237575905], "[60]": [0.1320301511835607, 1.5816285434089838], "[80]": [0.5688304539094251, 0.7715167206674447], "[100]": [0.7272221909477179, 1.764386267630378], "[120]": [0.17927303575720274, 0.02167118719516168], "[140]": [0.16458532053411767, 0.0019968356738485453], "[160]": [0.15331513914497769, 0.0001838717815368712], "[180]": [0.14404138867418095, 1.686801551265297e-05], "[200]": [0.13641923822231034, 1.550523062076349e-06], "[220]": [0.12959560018174593, 1.4212268768999054e-07], "[240]": [0.12395776500755776, 1.3121170471615102e-08], "[260]": [0.11902236232271193, 1.2009305309092057e-09], "[280]": [0.11499605172071883, 1.0915885407784701e-10]}