{"[20]": [2.0000000000000027, 2.635625323507525], "[40]": [16.422469626619332, 10.516915314937705], "[60]": [15.892320350519071, 81.4905594432561], "[80]": [57.84818383261802, 22.708523989979767], "[100]": [0.5484386399109553, 64.11821036296556], "[120]": [50.55092992612583, 12.430819669561743], "[140]": [469.1039425869343, 495.650712299607], "[160]": [55.06245226386636, 664.5503855744464], "[180]": [5334.320925494947, 487.8731023275923], "[200]": [4356.668740027622, 510.2383408971682], "[220]": [313.498742198077, 12.220083897274435], "[240]": [148.97333512255574, 2.3473713033298225], "[260]": [630.103008543926, 8.534884667960732], "[280]": [512.7576673682624, 0.7628318306679733]}