{"[20]": [310.01373849546906, 8.048123620292131], "[40]": [20.20628251110236, 49.156410530442486], "[60]": [219.80927679991146, 2902.382005716641], "[80]": [12765.831854902332, 3976.683699026449], "[100]": [12533.16516404822, 945.7834563346842], "[120]": [5839.862435140116, 416.1073210116797], "[140]": [843.3199377822339, 120.23644513484135], "[160]": [620.0531509046405, 26.3555595045122], "[180]": [474.65803305746124, 9.338060247966489], "[200]": [327.99213511662697, 1.5773768925998262], "[220]": [235.74588084110758, 0.9512444677715168], "[240]": [224.48723627114998, 1.0056243274743026], "[260]": [222.05283252501732, 0.0006488048091018963], "[280]": [285.4859500061342, 7.48419463633721e-05]}