{"[20]": [2.7653198230140204, 10.27344422246533], "[40]": [4.259521192511341, 2.4635190370943945], "[60]": [1.9962508307324318, 12.130957730344836], "[80]": [5.756031432547746, 19.507936869661076], "[100]": [29.355346293989665, 74.4217037095189], "[120]": [105.62307975929663, 205.25050452923412], "[140]": [165.2211441180155, 60.01815398170318], "[160]": [281.0494439825599, 86.44022788617825], "[180]": [386.2638108867363, 188.79627145445687], "[200]": [361.5516069016817, 55.050576010402935], "[220]": [292.27436024000906, 14.80829652378042], "[240]": [205.93057961712537, 18.32586972193265], "[260]": [154.3443439042675, 1.2582553472425573], "[280]": [14.464894794135855, 52.166644203632714]}