{"[20]": [0.0, 1.266604183032739e-06], "[40]": [7.557876133515151, 10.867114286878575], "[60]": [2.008757166917732, 28.411725366397413], "[80]": [45.92252526074981, 239.85729056222252], "[100]": [142.3287897273117, 712.9645868609741], "[120]": [510.6031544049674, 432.7858307498509], "[140]": [567.2395574426669, 102.34318653386526], "[160]": [124.61120412622722, 82.42549793078672], "[180]": [25.451950919198694, 50.748609531280664], "[200]": [90.09295758567289, 3.088035990631127], "[220]": [77.91799548641615, 6.293482021474404], "[240]": [75.30563828795721, 1.483494472151368], "[260]": [65.25207487902608, 0.9136928634482024], "[280]": [59.08685359317956, 0.015404348131549044]}