{"[20]": [1.6098018403375098, 0.8249856519874913], "[40]": [19.47463050571204, 6.102655480745306], "[60]": [27.82467308372703, 449.3941186482169], "[80]": [823.3308200069367, 2238.0463143191746], "[100]": [2616.3489484076918, 1140.5145771070656], "[120]": [4918.011771420183, 372.9319027086464], "[140]": [1836.5591319044704, 128.73381722807676], "[160]": [61.183191025682085, 65.0462676617061], "[180]": [63.15201234568129, 40.901529918859346], "[200]": [125.33488613572258, 14.49451424715704], "[220]": [150.49762589708942, 7.796102562556307], "[240]": [129.53287643173505, 5.02735272080625], "[260]": [127.65555876012722, 0.003705123338815003], "[280]": [105.01714246254537, 11.99949378203488]}