{"[20]": [0.8236287431050335, 69.37363297583292], "[40]": [10.076649088084888, 6.000780046459119], "[60]": [212.3294683341798, 310.157532438229], "[80]": [8.874583112545038, 699.4466004747652], "[100]": [69.68076304396791, 260.06726916323464], "[120]": [468.72145138961264, 351.87861849228767], "[140]": [4751.719910004457, 2411.253286400629], "[160]": [8538.984909302482, 1689.9116830857004], "[180]": [4194.362511762059, 11.657376235807313], "[200]": [298.9522899748759, 25.07899614478216], "[220]": [224.84422434627658, 73.3348627526368], "[240]": [206.1313283182437, 64.19871279211203], "[260]": [205.9229079650199, 15.501541572371506], "[280]": [190.211445877875, 1.312539712924408]}