{"[20]": [2.0, 2.000001049028629], "[40]": [1.002854144175957, 4.2133097468537315], "[60]": [12.292356001331381, 205.32644808636584], "[80]": [58.80810706064399, 1002.4903938340666], "[100]": [1647.4404695831481, 1710.0223312841479], "[120]": [2920.6911009736737, 375.48492370271623], "[140]": [2297.0595057362248, 331.03939045854423], "[160]": [83.13315878667022, 192.13308831098905], "[180]": [68.83393650397413, 27.51646308895876], "[200]": [146.75704853184, 11.931290928591991], "[220]": [141.86612963581928, 5.719463346094172], "[240]": [124.32759160491003, 0.2007335278373487], "[260]": [112.38116932221882, 0.031830456362381444], "[280]": [103.2047580938301, 1.005047103476983]}