{"[20]": [2.539042601432813, 31.645414484074944], "[40]": [39.87565447240605, 8.329008636780973], "[60]": [333.31346722097425, 433.564607322516], "[80]": [567.0876796208149, 147.91428005029422], "[100]": [38.10269599959134, 554.9806472210313], "[120]": [93.93573864584367, 667.23029221427], "[140]": [5535.435682460896, 5196.936121265331], "[160]": [4403.928744885598, 12051.565774442826], "[180]": [17715.116274660857, 520.4102594116791], "[200]": [10812.887264494379, 765.317314743802], "[220]": [423.26881027856825, 152.8311435030145], "[240]": [275.30567425050606, 258.34247998037324], "[260]": [1428.4567123085333, 76.64739554445953], "[280]": [1038.6293493332905, 3.763454917845897]}