{"[20]": [0.0, 1.266604183032739e-06], "[40]": [0.39355991159358483, 3.5848445397125985], "[60]": [1.3571952903161524, 1.6155786194579327], "[80]": [9.587422047974849, 10.630574784488644], "[100]": [14.804442453322856, 26.9217968210998], "[120]": [3.3014554733935313, 48.10988962362215], "[140]": [60.174441733201434, 87.63396273289231], "[160]": [108.9736549112315, 10.063741825136503], "[180]": [187.0256262637431, 493.5967677022245], "[200]": [335.54945035028413, 58.486919799522184], "[220]": [316.116954781583, 64.38006067536503], "[240]": [88.4876106235688, 2.5756526261369572], "[260]": [25.59578044376974, 22.4441039839177], "[280]": [21.55198884673898, 1.9501712416502244]}