{"[20]": [1.0, 1.0000014025321624], "[40]": [1.618765154026363, 16.89874609330849], "[60]": [1.4370722707736547, 9.587196916047574], "[80]": [11.108933848752237, 20.41015642709617], "[100]": [15.477018937296748, 30.57171851495022], "[120]": [51.96582332963442, 77.88812747023877], "[140]": [6.35202005375902, 79.33461461306638], "[160]": [60.7515445090051, 132.06960232775356], "[180]": [55.682201782411425, 175.32570754511903], "[200]": [114.81587518025981, 94.3998344189888], "[220]": [8.7518067789415, 17.92407132869812], "[240]": [89.23031846734375, 42.177661099753095], "[260]": [1097.8749735855763, 628.2150790543128], "[280]": [719.9061648885227, 227.29110946366927]}