{"[20]": [14.0, 14.000001439860373], "[40]": [218.6703729707515, 57.10443304555508], "[60]": [589.3798008740287, 4185.355859392828], "[80]": [18764.599743383384, 1824.402180703495], "[100]": [8166.438735251955, 1080.7461176074794], "[120]": [4596.919971933648, 265.4362413661288], "[140]": [843.9179154928254, 188.7642985950547], "[160]": [1384.11655652443, 90.7868319897068], "[180]": [1062.0973844279945, 24.882543293969476], "[200]": [841.5425326528535, 5.767077068776679], "[220]": [627.6937087797452, 4.974385305083834], "[240]": [594.2081181710636, 0.0028167545054337663], "[260]": [587.853059426362, 1.0003097458958428], "[280]": [755.615615412102, 0.9999659404607583]}