{"[20]": [6.648676038950821, 5.575202246623011], "[40]": [24.06799203268082, 18.955225747376403], "[60]": [58.16721061532803, 223.02295848414286], "[80]": [18.921701119102295, 242.49200003524606], "[100]": [62.61745577143631, 107.06070054976794], "[120]": [12.822658533243157, 107.70041450224596], "[140]": [1997.6968622365512, 2378.7294321741865], "[160]": [5683.588210171762, 3991.1563332708247], "[180]": [1478.8116127356188, 1647.8160834747687], "[200]": [614.5157110647206, 284.4533250845534], "[220]": [509.0828736882422, 48.05851462724263], "[240]": [74.30677426577896, 24.878738751274454], "[260]": [102.07388660000971, 5.740628296260123], "[280]": [276.8985297718408, 2.7469009284154584]}