{"[20]": [3.951251997522636, 18.117031179424988], "[40]": [2.43291158107278, 4.8838161308355055], "[60]": [0.583265764642098, 3.590230241113048], "[80]": [1.8387106267343007, 2.985022418112383], "[100]": [6.856537437263178, 12.001133736490932], "[120]": [8.13508060130522, 8.389535974141182], "[140]": [4.745926307937168, 24.7497526939149], "[160]": [11.222653375927237, 34.70908210727734], "[180]": [2.788908994443773, 34.098604659310354], "[200]": [54.84369579177138, 130.29261908495596], "[220]": [49.96646338696496, 63.06198842147842], "[240]": [102.17388479156534, 644.0000000542532], "[260]": [14.864600133120803, 76.00000000232467], "[280]": [89.38358783907734, 62.89300341942908]}