{"[20]": [3.0000000000000004, 4.314586343997906], "[40]": [14.05677272175582, 1.941429008245727], "[60]": [106.92055527341142, 265.1492315099849], "[80]": [1003.8376206424045, 104.1451569403107], "[100]": [4658.991323148148, 51.59579327763822], "[120]": [5259.8901329343935, 367.92392744197787], "[140]": [986.9186794115001, 61.04734443084044], "[160]": [144.0092725057861, 1.6889000513925936], "[180]": [212.51833209943396, 2.843577043808068], "[200]": [169.01835784656345, 0.5415589697013923], "[220]": [133.9632210144528, 1.1959402444326468], "[240]": [118.83903671422804, 0.9737241684478878], "[260]": [126.89849288400305, 0.003521133690073461], "[280]": [151.12329353097113, 0.0004718567514269134]}