{"[20]": [1.3572350166955776, 5.816234112802764], "[40]": [0.6912721759519727, 6.568157332336675], "[60]": [0.7870061003363489, 13.004315768834537], "[80]": [13.14003404576151, 24.654893582182574], "[100]": [12.242838112192999, 36.00146811854766], "[120]": [0.9073342550616417, 83.89081913206988], "[140]": [7.28604667184544, 78.75905892809027], "[160]": [23.276518465685285, 84.68836282160157], "[180]": [148.29103559806902, 266.568195122534], "[200]": [10.722005831074057, 273.6613649215524], "[220]": [80.94455766178544, 2.509471799214225], "[240]": [238.78462284420493, 109.73867988193251], "[260]": [1318.8738916226002, 173.3020158212721], "[280]": [88.64905080350309, 131.08525544221538]}