{"[20]": [19.579693649937177, 20.313060436219256], "[40]": [5.494109616107302, 3.7618972578835472], "[60]": [3.7054954092685493, 682.3595285891323], "[80]": [352.4674185176535, 4152.3055150762475], "[100]": [5902.332397905418, 7552.441251180512], "[120]": [12542.530437129759, 539.182168332867], "[140]": [14608.843064710363, 892.7605890349013], "[160]": [3572.4153824674413, 424.8951510612413], "[180]": [232.55217940276324, 171.25571176422815], "[200]": [242.3424873010755, 67.86155531735622], "[220]": [282.56375295561537, 32.433105405807204], "[240]": [274.5646848564286, 0.7086313296043819], "[260]": [260.69356538534515, 2.8880556146642724], "[280]": [234.8625969702282, 2.982474898007444]}