{"[20]": [1.7308194074729482, 4.793413100441821], "[40]": [30.031889696596988, 7.86439619928637], "[60]": [142.3481086538448, 246.57981276245116], "[80]": [93.24940303726908, 202.9061482164055], "[100]": [74.77190606204672, 212.1924366892428], "[120]": [95.4146508599452, 255.3271454062361], "[140]": [1449.8813665646435, 891.2607589357007], "[160]": [3538.828432037277, 44.82457547436048], "[180]": [10538.948357132167, 590.6080051798863], "[200]": [5409.325186615605, 184.4284649547851], "[220]": [310.28553321114754, 61.73563678366501], "[240]": [90.94239711969581, 55.01917956549345], "[260]": [426.0926968879363, 9.571442275888048], "[280]": [309.58302360403894, 2.47217659233889]}