{"[20]": [4.0, 10.5844600500253], "[40]": [81.22407971376475, 53.97274546640196], "[60]": [101.90500256098176, 506.78296776569056], "[80]": [381.6036641927549, 2654.8901350001315], "[100]": [4153.690083969126, 1238.679764944607], "[120]": [2648.1781711123276, 271.7158008208289], "[140]": [1528.8903256894755, 152.44314860168424], "[160]": [51.02199404375847, 86.63027602469276], "[180]": [67.42348657736676, 52.21836054587396], "[200]": [245.590515394372, 1.4672313949772402], "[220]": [260.5857225383901, 8.800657097208344], "[240]": [245.0505492239728, 2.9729229221040754], "[260]": [218.19538146731824, 2.0036777714280856], "[280]": [190.82134726358643, 2.999500463141123]}