{"[20]": [1.9999999999999967, 5.314505432114743], "[40]": [3.7328638224846564, 2.758574326298863], "[60]": [1.1220668523670128, 17.1244391358135], "[80]": [29.61469822421695, 57.649545926490305], "[100]": [9.95874867439079, 62.05470735230631], "[120]": [140.31406035068585, 37.860391393900045], "[140]": [12.19510690767811, 288.2374524151992], "[160]": [226.97276654970574, 148.40025239655915], "[180]": [392.252555924847, 173.2575408524799], "[200]": [668.5975918780032, 205.50581145063597], "[220]": [530.8486630421257, 102.16386648930438], "[240]": [878.668634276416, 22.7323362480156], "[260]": [541.3567047771644, 72.62748838898221], "[280]": [36.25486677118573, 51.420561218660566]}