{"[20]": [1.0, 0.9999375874574534], "[40]": [0.6513439708518455, 3.141118362125752], "[60]": [4.341456688974034, 11.082375254715618], "[80]": [13.498099016666375, 22.420247160119022], "[100]": [4.48176920379276, 19.646984221264244], "[120]": [30.8469814511969, 26.481894406554606], "[140]": [88.7465127318111, 429.04910417510035], "[160]": [239.60160711958918, 56.62800528215443], "[180]": [184.34613568129546, 15.8912060509158], "[200]": [262.5611615931598, 52.78138012745011], "[220]": [557.340345751535, 95.96182266127892], "[240]": [384.2588981350382, 19.09615901934878], "[260]": [186.13068756202395, 34.01236592965876], "[280]": [49.04992079224487, 38.67727430373444]}