{"[20]": [6.994957971927356, 3.879751594224362], "[40]": [28.395042749604134, 9.7434491767493], "[60]": [1.1773002537405493, 69.09819761234094], "[80]": [30.01116906835952, 84.7114148291779], "[100]": [449.7092029450081, 539.7135730587538], "[120]": [392.5094337451329, 447.40194337037707], "[140]": [931.19994361087, 1112.2433369880418], "[160]": [417.5749493724614, 643.5900709422818], "[180]": [291.7812020381543, 561.4616934068156], "[200]": [1126.9897029845686, 14.622142996703802], "[220]": [1197.1168885655388, 106.35787207835183], "[240]": [545.0102892461545, 272.9383623743042], "[260]": [292.1925334333488, 109.80725637205651], "[280]": [89.01831948418786, 126.26821453181118]}