{"[20]": [2.0, 2.000001266604183], "[40]": [2.729924531546774, 1.2592726017663267], "[60]": [11.054992882338404, 43.26561077857138], "[80]": [90.95208883621694, 228.5066199922772], "[100]": [88.27306863148806, 725.740790157771], "[120]": [796.8723826605637, 1223.8155084754817], "[140]": [2048.475827392598, 334.72927894058284], "[160]": [564.5453765496441, 210.9370550589465], "[180]": [1479.7468086572017, 118.6638723612324], "[200]": [131.622224307343, 46.67748517830424], "[220]": [101.31793345386149, 2.938360431131258], "[240]": [112.71742084480158, 5.594199218273893], "[260]": [101.09353681138231, 5.321959905720122], "[280]": [92.94520193681257, 0.13491449067489159]}