{"[20]": [2.0, 2.000001049028629], "[40]": [3.976435039041383, 4.495800698854228], "[60]": [56.34264576803559, 400.1067503887447], "[80]": [33.04402306167062, 2297.5518024134735], "[100]": [1876.5128947514856, 2996.255116205213], "[120]": [3566.953655614262, 70.01626838521771], "[140]": [865.139165027006, 318.2392700025436], "[160]": [103.38871312431871, 260.69091048364936], "[180]": [214.55378801045967, 74.52567204104007], "[200]": [242.4387533097359, 31.44314949700014], "[220]": [219.34269459811296, 33.23906127994846], "[240]": [207.11872838977158, 2.2660092221198123], "[260]": [179.0968903215954, 10.959181998448285], "[280]": [164.2478281606588, 2.006169010162313]}