{"[20]": [0.0, 1.0490286287641973e-06], "[40]": [0.8357557878766282, 0.525272179238046], "[60]": [2.8214275809041824, 16.911494219124396], "[80]": [39.986899648889164, 11.088258099754043], "[100]": [106.3232560774921, 400.92012084626936], "[120]": [112.20946402931669, 548.6023569675853], "[140]": [838.9982359364294, 579.2228091500173], "[160]": [1018.7576524488669, 168.38784547535923], "[180]": [178.8509243128956, 142.35411715498037], "[200]": [22.846259978957477, 55.1789274767416], "[220]": [49.011288690942365, 14.169357897587524], "[240]": [59.76794987357024, 2.188857728882271], "[260]": [55.910596282720746, 0.8745221476118339], "[280]": [48.32006409541638, 1.5953075320302388]}