{"[20]": [3.514015412077473], "[40]": [3.8643072387290545], "[60]": [48.37578216734187], "[80]": [29.925293465556933], "[100]": [689.7139061662747], "[120]": [1294.2320081492871], "[140]": [1570.2956190343903], "[160]": [336.13355217364733], "[180]": [89.08888658610215], "[200]": [143.0122323966345], "[220]": [155.38474273403264], "[240]": [161.28558126678791], "[260]": [147.73004217625837], "[280]": [135.33997631612655]}