{"[20]": [2.0, 2.000001049028629], "[40]": [0.933089111025369, 3.63612176073723], "[60]": [26.63560786517571, 90.49158370849338], "[80]": [131.47993975179062, 438.2879215388065], "[100]": [920.8815738405367, 1414.7695077335368], "[120]": [1960.8690817091451, 844.1595307373431], "[140]": [1667.8005595396132, 299.05515960903267], "[160]": [89.33620628611884, 155.31602101597989], "[180]": [48.38136566143608, 66.27361903683887], "[200]": [107.73906063404512, 23.001399810013204], "[220]": [119.51614251668667, 7.9221017945357435], "[240]": [110.61617091998441, 0.47497752543048244], "[260]": [97.04697512559818, 2.9104770844851373], "[280]": [86.71025310661592, 0.015108813593175858]}