{"[20]": [0.5316850279840846, 6.313243077690929], "[40]": [1.7856094579468476, 0.8362725312413914], "[60]": [5.913923461955235, 6.913546174049088], "[80]": [4.085601240068648, 5.270610760503686], "[100]": [3.7209734629840376, 4.7458084620274406], "[120]": [7.553742556729613, 8.346400585574521], "[140]": [25.165704361641104, 51.93896424611749], "[160]": [9.459482475522464, 52.67671073641077], "[180]": [40.219184886462244, 253.00156180927752], "[200]": [465.91322953652525, 474.145183518247], "[220]": [114.3947765861667, 382.4616619154931], "[240]": [167.76981741014674, 95.45225577351107], "[260]": [16.05105282762318, 82.89999841713961], "[280]": [48.19425829666531, 18.827417931554642]}