{"[20]": [2.593863819407582, 7.9410057617833445], "[40]": [6.540106699332994, 1.2396263438936774], "[60]": [9.42815787695627, 81.18165352837684], "[80]": [174.46203605146908, 485.97621772210937], "[100]": [818.9602761568752, 1035.2595672547254], "[120]": [1268.4860086404676, 138.07925311971343], "[140]": [965.2564384424603, 116.1835462745956], "[160]": [30.00315374194422, 83.82234301764582], "[180]": [111.52155713269977, 12.409992642142594], "[200]": [28.81407743195963, 1.5279757807213028], "[220]": [30.841204097140967, 6.4373211395148635], "[240]": [33.50541145914918, 3.0873246348621315], "[260]": [28.02611693275203, 3.9861058237620806], "[280]": [25.572652055060505, 0.0021580443154774523]}