{"[20]": [6.121853943351236, 6.123252268311015], "[40]": [2.5627101196129245, 1.972695482834686], "[60]": [7.7445105699303305, 233.44382589440357], "[80]": [31.76355698184347, 244.43216487277866], "[100]": [27.294225173391272, 123.37452456240763], "[120]": [13.703380880665488, 51.05146407280735], "[140]": [119.95248741708465, 1208.813373570792], "[160]": [449.5585717278601, 2189.1853231575656], "[180]": [930.6028079214739, 1011.6041638206347], "[200]": [457.85138062757966, 380.2410435054668], "[220]": [71.37505275179197, 77.34023179423565], "[240]": [50.730773677303965, 67.56579204603356], "[260]": [48.94754323264002, 0.4561534926206034], "[280]": [50.45484035905763, 1.9805758300791196]}