{"[20]": [85.53646355566279, 2.9984934228111406], "[40]": [16.37706666717405, 50.05307134557904], "[60]": [6.5925187540970285, 43.62394516189494], "[80]": [37.0127956768917, 173.9868531449244], "[100]": [17.21033125733061, 341.07429365843427], "[120]": [56.38775433519322, 672.4151229740828], "[140]": [127.30608755616504, 1244.7310597190226], "[160]": [98.9788496165529, 921.0948426739642], "[180]": [45.31563090652071, 1385.023243624797], "[200]": [559.1356839759137, 543.0527827020251], "[220]": [663.0047088893898, 187.48147876868643], "[240]": [511.7637174432448, 71.94355960710664], "[260]": [307.4699929911744, 165.33385338393168], "[280]": [45.82977116092502, 125.19134031808369]}