{"[20]": [6.57376650975346, 6.537857316706254], "[40]": [8.460033558775194, 1.3731741112210898], "[60]": [109.7101720913015, 1601.2450550906851], "[80]": [4815.950110838094, 1582.6950587280662], "[100]": [8778.873200184149, 696.8309117522895], "[120]": [3422.2107746293123, 197.92251256130476], "[140]": [230.09716313980448, 54.15149638262426], "[160]": [460.43124675120407, 19.30051207170301], "[180]": [399.25982710060134, 4.0938243990812175], "[200]": [316.20946841557867, 1.3408982179413962], "[220]": [235.07453759211407, 0.03996991675680328], "[240]": [207.4870921690436, 0.004686133259715906], "[260]": [236.04310025136522, 0.000549404800574524], "[280]": [227.84361777319276, 6.441109487142101e-05]}