{"[20]": [4.0, 4.000001266604183], "[40]": [3.404309932098812, 9.93790701742686], "[60]": [4.95843792672413, 0.8773232791067169], "[80]": [2.369489924006988, 0.5176022473519879], "[100]": [5.754140068689921, 2.050439098709127], "[120]": [11.116268133483487, 5.004927342954645], "[140]": [11.560481005928267, 9.000308556576059], "[160]": [13.822694719378575, 42.11931596466724], "[180]": [11.385132749015156, 16.000003575960704], "[200]": [8.087631615382634, 169.00000124112427], "[220]": [15.98285285258521, 474.0000000220193], "[240]": [22.155514559042786, 818.0000000024802], "[260]": [136.63178647770928, 177.99999999982447], "[280]": [16.66257954316916, 743.9999999999895]}