{"[20]": [1.0, 1.0000019429504663], "[40]": [5.4543357646441235, 3.9455239929646977], "[60]": [8.607437716570324, 32.86731179988905], "[80]": [47.979026788147564, 228.45380440482757], "[100]": [232.27056478073064, 521.5403401598701], "[120]": [1032.1710519387125, 651.9372670943776], "[140]": [3099.967051005655, 387.1294686749452], "[160]": [201.94179025590802, 157.8916017006229], "[180]": [0.7098586634756998, 2.471273969839899], "[200]": [45.81978320283325, 17.502706393419572], "[220]": [46.43496411564709, 4.379666240836007], "[240]": [43.60187262630134, 0.9836921535105894], "[260]": [47.18148301327101, 0.166160118370556], "[280]": [53.72515170405118, 0.025914566899072386]}