{"[20]": [1.2791094914017211, 1.4742702062473223], "[40]": [4.416200340084527, 7.231441218174864], "[60]": [8.968321908481908, 81.63378700440312], "[80]": [38.126231491450376, 88.90987765458527], "[100]": [1.7233663039317662, 38.77086945126899], "[120]": [42.36423270060955, 7.02356267602764], "[140]": [289.0562718517125, 375.50654639168135], "[160]": [1100.136419416685, 112.2924998371491], "[180]": [2602.9901587747963, 583.0364168367003], "[200]": [1694.8763043343042, 444.4196152071044], "[220]": [88.10734626889553, 7.137416912322884], "[240]": [66.19137783116979, 2.6481480642656874], "[260]": [73.99404412652976, 9.64138500692363], "[280]": [202.9619029592551, 0.39657872224248497]}