{"[20]": [0.6972016321006382, 6.313243077690929], "[40]": [2.2664877687420217, 0.9953326501697717], "[60]": [0.8373522382067762, 1.7036520342237065], "[80]": [3.3486210425543748, 2.763038375517038], "[100]": [0.29999903323537513, 0.020918459794816567], "[120]": [0.7305692200652877, 1.0018710713849912], "[140]": [0.0873878635985541, 0.0002335562819315573], "[160]": [0.9742027336977093, 1.0000195680155954], "[180]": [0.2591869628308713, 0.9999985270248677], "[200]": [0.3070164000391489, 1.5920204312467165e-07], "[220]": [0.25892699628147914, 1.509342171275953e-08], "[240]": [0.2207241003769051, 5.8262811215197e-10], "[260]": [0.1604585335345812, 1.2611903183501157e-10], "[280]": [0.1439735675868563, 1.1697054139716489e-11]}