{"[20]": [3.2092595940350215, 3.7454940151485268], "[40]": [11.44165960273686, 4.740376650971854], "[60]": [21.274542734776063, 8.7708859801253], "[80]": [20.003161186604984, 35.64471289037586], "[100]": [20.96794256846998, 50.73445040256398], "[120]": [17.62687929292042, 102.72597268133805], "[140]": [23.75748112685369, 154.63830117059092], "[160]": [68.15986425046822, 128.87693070114892], "[180]": [149.36353027431278, 289.6856322509964], "[200]": [79.4174235575365, 586.7540211452952], "[220]": [82.53899423303119, 6.530702160082001], "[240]": [918.6301968209464, 433.031277037313], "[260]": [2319.075148429296, 428.79291677080073], "[280]": [746.5336695131418, 474.74922580987277]}