{"[20]": [1.0, 1.0000010490286289], "[40]": [4.128541771917506, 1.058809020088482], "[60]": [0.36550040006335566, 3.854518541820839], "[80]": [0.8945375715965885, 1.357808165597427], "[100]": [1.5117738801153668, 2.3970304710251424], "[120]": [0.35359973110209136, 0.9401268379897703], "[140]": [4.174393794348112, 5.005055978900666], "[160]": [0.8382653469894068, 13.000434594154001], "[180]": [32.061607785473, 62.00002977365493], "[200]": [2.5770585510376867, 298.99999996315677], "[220]": [14.058838451686997, 922.9999990605335], "[240]": [160.62870140201304, 574.9999995241501], "[260]": [150.1239786913407, 421.999999939925], "[280]": [323.6719459863621, 413.99999999660923]}