{"[20]": [1.2791094914017211, 1.4742702062473223], "[40]": [4.416200340084527, 7.231441218174864], "[60]": [4.1171357997692395, 103.90165593780446], "[80]": [538.5541240715153, 616.1542603286397], "[100]": [288.2459013637694, 1853.002673499857], "[120]": [1984.4071461730007, 588.5938732784152], "[140]": [1294.264157215367, 398.4383945036571], "[160]": [137.10788453021593, 194.838868447662], "[180]": [94.43723968033743, 78.29490689909655], "[200]": [136.84185482631028, 3.8526981773022073], "[220]": [114.1750376953116, 16.430976996939865], "[240]": [104.62562191138719, 4.39898669508663], "[260]": [95.39635972450483, 0.10036057989740559], "[280]": [85.45463794880037, 0.016898654379054485]}