{"[20]": [0.4677634947077262, 3.364836224855799], "[40]": [1.7609163763211446, 1.405514457210327], "[60]": [0.44572498657586085, 1.6315244546328678], "[80]": [2.5650033132698535, 2.755095531875378], "[100]": [0.2591431758334385, 0.02008900117046022], "[120]": [0.391093014569481, 1.0018105621564177], "[140]": [0.2009728747446291, 0.00022731412944698031], "[160]": [0.5281649420378755, 1.0000190783798155], "[180]": [0.2127663199629107, 0.9999984788861581], "[200]": [0.21674997502188328, 1.5472557522681335e-07], "[220]": [0.19949086213784747, 1.4323961661250847e-08], "[240]": [0.1852021619165728, 5.693128249607793e-10], "[260]": [0.16894475265230563, 1.230046087011785e-10], "[280]": [0.16142423785971466, 1.144667212500304e-11]}