{"[20]": [2.7653198230140204, 10.270210014301488], "[40]": [14.314295122905758, 3.860398218638028], "[60]": [13.318008322426403, 125.92443548935566], "[80]": [27.46771787192659, 67.74949191588844], "[100]": [13.471478342423405, 52.92937641088514], "[120]": [20.11959400609322, 9.156655853080734], "[140]": [679.8169192836555, 711.4354611203435], "[160]": [892.5876930082551, 246.1514145079111], "[180]": [12671.52550764858, 570.8157210765464], "[200]": [16552.440981253298, 831.292187477201], "[220]": [7212.632492097813, 498.8101406934533], "[240]": [369.2525107083259, 387.2006783457707], "[260]": [607.6985715999542, 32.277137151606965], "[280]": [402.70980300470836, 10.730978472646452]}