{"[20]": [0.5635729999257189], "[40]": [4.298907232059268], "[60]": [0.7584523220501254], "[80]": [3.8541801936045417], "[100]": [20.494621365615046], "[120]": [30.401894211599256], "[140]": [0.4375929133477712], "[160]": [20.771407009906056], "[180]": [19.133357898172108], "[200]": [33.376961299189134], "[220]": [25.900282755628723], "[240]": [47.815621871147414], "[260]": [71.84989303834209], "[280]": [67.31954808889395]}