{"[20]": [0.1831689466132198], "[40]": [1.4379181972790749], "[60]": [5.7126166888570244], "[80]": [189.43047249322746], "[100]": [223.82484741274905], "[120]": [469.2459779210549], "[140]": [238.6161147434357], "[160]": [51.39580211219859], "[180]": [30.71795946939388], "[200]": [31.82279138432927], "[220]": [33.82622941747626], "[240]": [34.02405478805225], "[260]": [34.26797841574535], "[280]": [27.726674118506452]}