{"[20]": [1.0, 1.0000019232466324], "[40]": [1.398297702649785, 0.5565816741464857], "[60]": [3.0018254899629664, 1.736856542960048], "[80]": [9.657025252084155, 12.98971972164902], "[100]": [1.788984064078548, 7.443300551104613], "[120]": [5.268896498741242, 1.7121392710327292], "[140]": [2.456072469743553, 10.706806328470975], "[160]": [4.304255819490763, 7.735233898490151], "[180]": [5.591982961194745, 9.195704405507868], "[200]": [2.860334204713041, 17.782516630305736], "[220]": [43.28336882779507, 23.69811551092124], "[240]": [11.088784371580232, 33.501975880547775], "[260]": [66.19032495997317, 30.408961547832632], "[280]": [126.02882259528769, 34.36317481210153]}