{"[20]": [0.0, 1.266604183032739e-06], "[40]": [7.557876133515151, 10.867114286878575], "[60]": [1.758972456242482, 24.411725366397413], "[80]": [1.9837414922980798, 28.92919596458033], "[100]": [19.39570653720756, 7.703295514149495], "[120]": [7.524966397185871, 1.4735103332501396], "[140]": [24.566441797653596, 53.55583992317489], "[160]": [70.02701224331577, 181.93284148255543], "[180]": [348.2970813433667, 315.44167943409593], "[200]": [1122.1897493163706, 201.02503338877068], "[220]": [343.05949291899447, 112.18976864526326], "[240]": [42.61976032519664, 10.877134981863918], "[260]": [27.86132082243182, 0.8678945971998608], "[280]": [105.2684664725803, 1.306282246168899]}