{"[20]": [2.5812917652276335, 10.276435895534574], "[40]": [48.34280463853911, 3.860398218638028], "[60]": [14.282702221345616, 327.7714600052623], "[80]": [2045.7277339301324, 1762.564729571966], "[100]": [1466.1225475374129, 4574.635315640689], "[120]": [942.6385025275077, 4644.714829101807], "[140]": [3079.223481106105, 101.34257602660031], "[160]": [1782.131191591943, 729.4772069902019], "[180]": [62.069458471912135, 469.6668650957266], "[200]": [60.1066516438402, 185.44317516505583], "[220]": [69.45287368042703, 85.87529022248705], "[240]": [85.76493688788892, 8.82737345966323], "[260]": [81.8505835551305, 5.247700163521331], "[280]": [73.5063990590105, 3.864381455993849]}