{"[20]": [1.603895319290048, 21.15737953617189], "[40]": [14.565337805501107, 7.231441218174864], "[60]": [55.06655377081528, 50.26284054855169], "[80]": [53.46153288260437, 28.915322652533547], "[100]": [21.82758892651926, 27.18474114210097], "[120]": [4.426098275014567, 46.74192554756713], "[140]": [336.82790468627763, 357.1072297418276], "[160]": [420.75845722077776, 91.2364313831576], "[180]": [4973.235993972471, 1142.207163476687], "[200]": [4605.503486209941, 812.9086585102491], "[220]": [310.73957173895144, 61.95911889681813], "[240]": [107.14608695908358, 31.462876126097324], "[260]": [376.6411260977168, 0.20072300880351762], "[280]": [287.660094174117, 0.5497550157790834]}