{"[20]": [1.0, 1.0000010490286289], "[40]": [0.3461883133594591, 4.420637015770793], "[60]": [9.827499829556803, 21.121363094421216], "[80]": [1.9119810539899975, 5.425426533688884], "[100]": [1.045956797095126, 4.858826451795547], "[120]": [3.4521321246242516, 20.975803070098237], "[140]": [4.76710936933092, 36.259476134023274], "[160]": [26.59200986221842, 14.213433439380058], "[180]": [6.871888963728579, 90.32495476455361], "[200]": [10.202377574248318, 116.18803047234795], "[220]": [221.4141846016808, 239.189487264406], "[240]": [65.46522700586533, 76.08380368970579], "[260]": [8.389743265225384, 98.0370627023797], "[280]": [245.63784180302852, 313.9338243613271]}