{"[20]": [1.0], "[40]": [3.250028781631309], "[60]": [2.5059450646989263], "[80]": [8.440742212823029], "[100]": [14.228386412489487], "[120]": [1.6955750544300228], "[140]": [181.2755595042185], "[160]": [8.980131323996389], "[180]": [65.85630884937741], "[200]": [50.39929792337556], "[220]": [33.0736701434138], "[240]": [98.5086229241008], "[260]": [44.80400967828243], "[280]": [11.479530919978528]}