{"[20]": [2.0, 2.000001266604183], "[40]": [2.0908891280920443, 1.2592726017663267], "[60]": [25.905493442538848, 43.26561077857138], "[80]": [127.8018414653593, 228.5066199922772], "[100]": [582.8535473574668, 725.740790157771], "[120]": [337.9292616810726, 1223.8155084754817], "[140]": [1427.9028992537533, 334.72927894058284], "[160]": [819.7460874666235, 210.9370550589465], "[180]": [147.72187147838486, 118.6638723612324], "[200]": [18.069701056427874, 46.67748517830424], "[220]": [44.86273075336726, 2.938360431131258], "[240]": [31.359570026298876, 5.594199218273893], "[260]": [29.013182376869054, 5.321959905720122], "[280]": [30.06925347886662, 0.13491449067489159]}