{"[20]": [2.0, 1.9999644134491577], "[40]": [1.5748942366733147, 3.63612176073723], "[60]": [7.442872533423727, 86.4915837084934], "[80]": [28.9861838053366, 40.953862845508596], "[100]": [17.650611977651128, 19.068652445299136], "[120]": [15.800104102817885, 10.583949914937312], "[140]": [203.47773807955693, 200.45773560531111], "[160]": [453.0531413417945, 364.9355303040496], "[180]": [3747.5406073922513, 115.0650468141579], "[200]": [3756.8468108927, 454.1392501912344], "[220]": [211.62353761276276, 53.13135506284329], "[240]": [88.22572266364953, 50.41011373328693], "[260]": [104.9583914233419, 5.1474468497606045], "[280]": [254.5793986662239, 3.2045103973700626]}