{"[20]": [0.0, 1.0490286287641973e-06], "[40]": [4.226315438657379, 2.669642666584196], "[60]": [6.897545718519933, 59.94664184224163], "[80]": [248.4962736750823, 452.46794167188835], "[100]": [546.1699833724559, 1469.8105516378812], "[120]": [719.8339340073256, 2416.645917319898], "[140]": [3019.1861679991807, 811.7026676216757], "[160]": [1661.8365742770313, 357.23487387347956], "[180]": [222.07071458412915, 340.05230800132614], "[200]": [90.00918627656515, 110.84809361986704], "[220]": [142.0871169863012, 38.04546710229456], "[240]": [128.22002247580164, 23.038002082681388], "[260]": [117.75082073791964, 11.616989231951232], "[280]": [109.99907974838699, 5.72539933419283]}