{"[20]": [0.0, 9.761921106394878e-06], "[40]": [1.7830886443702516, 37.33776516803466], "[60]": [44.967291836298095, 214.7693134494248], "[80]": [4.961255588925973, 388.3485692474042], "[100]": [6868.40611061956, 1270.453028399262], "[120]": [10083.746713570983, 1112.4833199088932], "[140]": [2053.740590672617, 274.1036352236939], "[160]": [256.7433745639915, 29.562074437863085], "[180]": [278.557951284663, 19.578411220452622], "[200]": [273.3715749845133, 5.829283968335884], "[220]": [216.54420309619104, 0.7137464217850722], "[240]": [209.79726509082727, 0.17767981578596456], "[260]": [206.65550923362412, 0.02446356791008062], "[280]": [255.6054670851312, 0.003364610727900226]}