{"[20]": [0.0, 1.8974962758536654e-06], "[40]": [0.7685211396469298, 2.5848445397125985], "[60]": [4.098466647250621, 1.788579609576617], "[80]": [7.555963941636374, 1.6777151211675267], "[100]": [0.11885017683470656, 2.057106528248224], "[120]": [0.3872915979877054, 1.322522035191505], "[140]": [0.4984065313346915, 0.05569174303711444], "[160]": [8.770251837910514, 15.019787519901467], "[180]": [44.840774386460424, 85.01028554605632], "[200]": [57.534885434805005, 133.00212079248263], "[220]": [19.589853393396652, 100.32826874178068], "[240]": [802.4069890633423, 619.1777012399325], "[260]": [602.5542816804946, 111.67174196174597], "[280]": [88.12488280138666, 121.7354786462455]}