{"[20]": [2.313811210334034, 18.117031179424988], "[40]": [19.50873980027275, 4.240331789568742], "[60]": [10.619190485320814, 84.34344277161748], "[80]": [14.915765854643496, 90.75735559119238], "[100]": [41.58695452767614, 2.827415108242377], "[120]": [6.843205871003704, 36.248275295341784], "[140]": [327.3800166842194, 642.6519827508114], "[160]": [1855.3028048221204, 317.81609920454866], "[180]": [713.6846357774175, 426.33306516124867], "[200]": [424.34541089770664, 269.2450542100041], "[220]": [233.66325218188638, 52.20052927025972], "[240]": [15.60703379633594, 18.999857039789447], "[260]": [29.967897555108237, 1.945128401731644], "[280]": [89.16979689805048, 1.930082352912938]}