{"[20]": [7.739602049094524, 6.537671930492249], "[40]": [60.314442949695575, 2.6396537732696714], "[60]": [125.31086167881358, 1643.1702160102088], "[80]": [6397.170155123289, 1574.0203109904833], "[100]": [3061.1039941314375, 564.1993774312668], "[120]": [313.2166835355747, 189.38560372054735], "[140]": [254.53660267463988, 139.91367445929154], "[160]": [163.97991668856963, 38.22304033493259], "[180]": [71.40030934044819, 5.7311230455464965], "[200]": [64.14245406235885, 3.691417727233376], "[220]": [53.3713787653203, 0.018862325935713686], "[240]": [51.283324315937854, 0.004588093915200668], "[260]": [56.421704261397814, 0.9994630022408445], "[280]": [65.66530035319711, 6.212411462484231e-05]}