{"[20]": [1.5390426014328253, 173.36192985187657], "[40]": [3.034445167049156, 17.13969156174876], "[60]": [8.517885998450163, 44.3249322138706], "[80]": [49.78510457362891, 82.53089611403537], "[100]": [49.37273239638521, 132.51306301796217], "[120]": [10.088656782371244, 324.87549262531235], "[140]": [17.069681273257252, 506.0844007246284], "[160]": [35.877588143084076, 784.2237722443679], "[180]": [587.534433079756, 954.4149004070845], "[200]": [76.1069786873333, 834.3367936269294], "[220]": [862.5393586282124, 305.81725964067715], "[240]": [3088.4450045288463, 36.341400861627164], "[260]": [2726.2818255472803, 57.556757180321945], "[280]": [1294.1585485262858, 359.5000419962043]}