{"[20]": [0.0, 1.923246632497935e-06], "[40]": [3.2919605670910057, 1.231876016475412], "[60]": [1.9216172284444824, 5.396706579896184], "[80]": [0.6429523004806441, 3.347907175309203], "[100]": [12.182722793997243, 41.0131646002681], "[120]": [91.31398431433729, 22.400350178372832], "[140]": [83.64028897530306, 194.22692582876743], "[160]": [236.60519367608185, 93.38570823169584], "[180]": [205.65116087699744, 114.48371587060137], "[200]": [243.16583182258682, 26.258672938830387], "[220]": [329.82355193095714, 17.694677149671634], "[240]": [152.15378108859613, 20.870305367556966], "[260]": [21.287019552896993, 25.41563563049965], "[280]": [126.72650557649234, 34.69866185268086]}