{"[20]": [0.6341570221504957, 3.744700299766273], "[40]": [8.877218937720695, 8.422923122232994], "[60]": [2.6454474150046394, 84.73375623248313], "[80]": [1290.3791213003526, 798.8042458783657], "[100]": [1066.8744941683253, 525.0398714388621], "[120]": [855.4654226741332, 35.11602182198385], "[140]": [388.79887547254543, 190.04544116040825], "[160]": [27.78661962275541, 26.292830590965877], "[180]": [106.72906618435513, 26.62687165692772], "[200]": [116.55853730075714, 7.7075773074748355], "[220]": [112.03145896516693, 1.6594567767642232], "[240]": [104.80742598075322, 0.05055836441662365], "[260]": [92.16825757145534, 0.9924945818351674], "[280]": [83.41918590852384, 2.001114168206165]}