{"[20]": [5.999999999999993, 8.626558102614865], "[40]": [30.910091024241297, 4.740931534745414], "[60]": [102.86655005776339, 114.42854530537605], "[80]": [24.546007610168544, 90.9480012712944], "[100]": [3.270673262402852, 82.78413163784103], "[120]": [9.424772210679293, 58.98740692537888], "[140]": [8.997551392426885, 1417.657257270716], "[160]": [3056.352084144175, 2722.394755289708], "[180]": [9619.779838711733, 851.3323287439089], "[200]": [6550.331430317545, 418.9302177826594], "[220]": [319.10155881631727, 9.474871039934783], "[240]": [110.281752735113, 30.988320026618425], "[260]": [220.60066390251905, 5.873573754776682], "[280]": [607.4033421489074, 2.0774614139051195]}