{"[20]": [1.0, 1.0000010490286289], "[40]": [3.017814319585791, 1.058809020088482], "[60]": [0.34118063392292436, 3.854518541820839], "[80]": [0.5210326760934738, 1.7425911490893236], "[100]": [1.5101891319513963, 2.4073623445881505], "[120]": [0.3046254188303303, 0.9408954865603801], "[140]": [1.8010555086127837, 5.004999390229338], "[160]": [3.991193756284223, 13.000438083609524], "[180]": [2.905402797979707, 62.00003075987196], "[200]": [99.04619251373165, 298.9999998542292], "[220]": [55.27085312479563, 922.9999990192689], "[240]": [209.29791829542782, 574.9999995530402], "[260]": [113.66765041614937, 421.99999994724016], "[280]": [134.3253498063157, 413.99999999621605]}