{"[20]": [8.426838029193888, 16.958599483722985], "[40]": [5.300344728264264, 22.23854954283351], "[60]": [1.7338594233135467, 15.79975677885912], "[80]": [4.994889236205509, 36.281408897640645], "[100]": [15.477005889158704, 69.94379205427516], "[120]": [33.882639298459935, 172.1582919520207], "[140]": [18.13302360728096, 214.34130303695122], "[160]": [13.389779774842282, 258.02076609818914], "[180]": [82.09881712596098, 527.6625390051522], "[200]": [100.07523253383079, 603.9814730176522], "[220]": [159.95923958634012, 626.6141532365], "[240]": [75.2383898203152, 5.210282245328926], "[260]": [190.15991713234052, 787.9706545048775], "[280]": [87.5104605495726, 68.0945697098814]}