{"[20]": [2.2129021460929064], "[40]": [4.064674109382388], "[60]": [0.463888040656947], "[80]": [0.2954279431127276], "[100]": [1.7232223775111493], "[120]": [76.43419016650341], "[140]": [9.832005011815], "[160]": [59.33942704967285], "[180]": [90.89871786356525], "[200]": [224.67668080987255], "[220]": [227.42220362288003], "[240]": [173.8027944505369], "[260]": [57.419354736163996], "[280]": [4.42178016827512]}