{"[20]": [2.0, 2.000001049028629], "[40]": [18.00009751970504, 5.9446061055940325], "[60]": [107.73838277159288, 178.40307646448292], "[80]": [592.7242180289558, 957.7582952844136], "[100]": [1496.5094218169868, 1188.0167969384827], "[120]": [3226.2457409667077, 10.45563107327098], "[140]": [991.439833230807, 188.5373051247802], "[160]": [58.423106497766796, 118.83058996668852], "[180]": [108.37231837837216, 28.919841489704847], "[200]": [122.52066552776539, 15.788630773269144], "[220]": [117.67467045715563, 5.878122418325074], "[240]": [103.7451202469079, 4.825631743902218], "[260]": [90.89613311118401, 14.97290221137541], "[280]": [86.87303459666, 2.0041807253281867]}