{"[20]": [6.524580490185549, 5.279680867106414], "[40]": [17.324676355558267, 9.534395778492609], "[60]": [4.825883482493751, 20.188317195431466], "[80]": [9.463368766212767, 29.36210863997468], "[100]": [47.42452919236342, 84.28029402410732], "[120]": [31.85901345741928, 127.18071303142403], "[140]": [51.17283036886192, 223.6153268696945], "[160]": [13.34642480628736, 154.3912433968576], "[180]": [196.6579760522261, 490.04850575592286], "[200]": [55.214173747606765, 359.0891174199087], "[220]": [259.4309559273388, 414.6520384494452], "[240]": [936.8147585406114, 336.42272029315063], "[260]": [3075.0454687980528, 592.5704190286924], "[280]": [451.34368674896086, 279.6867029155401]}