{"[20]": [5.497441776809083, 5.280616415225159], "[40]": [7.165672960907287, 4.575850915129422], "[60]": [91.56057189894204, 144.4562552061464], "[80]": [20.285786211502966, 104.96160804349131], "[100]": [19.230412943608485, 30.71823877770055], "[120]": [11.04445954296051, 62.929730934723125], "[140]": [256.7886650570215, 884.8829832298677], "[160]": [1819.6032038739595, 3171.238424865498], "[180]": [738.5400367935945, 299.5113107164798], "[200]": [12710.683361542491, 660.7871348243971], "[220]": [8775.034621835899, 509.63698814427244], "[240]": [96.71561612771825, 206.23811418295418], "[260]": [24.57926466307552, 15.618293170341389], "[280]": [172.83507311942842, 0.5484275589572576]}