{"[20]": [6.198663275133581, 6.537677578743416], "[40]": [27.512959523919903, 2.6396548521969976], "[60]": [350.1153388871621, 1643.1705653919967], "[80]": [3053.586952745485, 1574.02033350477], "[100]": [895.0707804249287, 566.3013669776992], "[120]": [2783.633887063921, 189.67704061029008], "[140]": [396.2438024462315, 127.70621137630076], "[160]": [54.4610866789439, 34.65120676857222], "[180]": [16.864748859812053, 5.140069827406911], "[200]": [9.231655494579371, 3.6650977781813694], "[220]": [8.000648436625408, 0.039200220963414356], "[240]": [6.885457951363275, 0.004195506174474259], "[260]": [7.5410389909980715, 0.9994630021084551], "[280]": [9.429966848967624, 6.284972605044186e-05]}