{"[20]": [1.9999999999999991, 1.3570214072462905], "[40]": [17.99162604041799, 11.05001741267364], "[60]": [31.93470131096376, 462.4918502620864], "[80]": [794.8306119514764, 2406.637589137157], "[100]": [3193.9876876773233, 1197.248778350604], "[120]": [4990.103244199865, 390.8148320742175], "[140]": [1682.9531577513935, 132.00463566844746], "[160]": [179.18275914449237, 65.50127857756337], "[180]": [166.93755070319543, 40.96086740087992], "[200]": [251.15648428176212, 14.502165052352296], "[220]": [259.0130400460441, 7.79709114379547], "[240]": [248.15557052432246, 5.02748090643167], "[260]": [230.8167597697311, 0.0037218021866394224], "[280]": [197.9923190331973, 11.999495959070494]}