{"[20]": [1.034120850267714, 11.773931881614372], "[40]": [2.408320276469049, 1.6639404606428534], "[60]": [43.87415568585986, 92.01823653195916], "[80]": [225.30860905814862, 551.1298829103093], "[100]": [979.2381886761415, 2171.638142624504], "[120]": [151.49064651669784, 2487.239562791542], "[140]": [3929.0984470610983, 125.52794106588135], "[160]": [1628.1657329177929, 298.4720953228045], "[180]": [205.07463621305277, 189.56530447835806], "[200]": [31.34956249992917, 79.57852232037867], "[220]": [27.68087808034232, 32.51389856592829], "[240]": [27.367006835067638, 10.89243228127019], "[260]": [25.878861611323398, 6.216009126218666], "[280]": [24.83530350607426, 0.8504041763213697]}