{"[20]": [4.000000000000001, 0.5767361826048933], "[40]": [3.3075889769198668, 6.093217010771568], "[60]": [7.59162965459382, 5.4325076780177035], "[80]": [1.043247929649258, 0.20322538819474367], "[100]": [3.7281197249924354, 5.39644551280211], "[120]": [4.3588466308506995, 2.0321401795973806], "[140]": [21.93117980572135, 27.783172714893148], "[160]": [18.77250332854534, 29.52300218503023], "[180]": [11.314686253559287, 5.048892782644458], "[200]": [49.24148535620864, 50.36231790074919], "[220]": [97.84265029320272, 102.6671838674929], "[240]": [141.86958177459383, 57.83090909560815], "[260]": [0.09462028335019568, 82.73670637931718], "[280]": [347.17423493132947, 50.200628294478975]}