{"[20]": [10.448493858553224, 1.0431722376914363], "[40]": [2.2484103297724976, 12.647506016478024], "[60]": [217.01081656299579, 1991.333354404768], "[80]": [3825.603765069779, 10162.204660248666], "[100]": [6177.866592796861, 9365.758172546553], "[120]": [16308.549298105361, 439.4928385083511], "[140]": [5308.795790098905, 1249.330240679201], "[160]": [452.05305955018224, 730.7193186426637], "[180]": [194.7598304961107, 262.6616638670156], "[200]": [261.8626209701105, 93.92601123769641], "[220]": [257.1596861238638, 57.13344244565536], "[240]": [234.82958927854594, 8.733605846990018], "[260]": [214.44083981843437, 9.961981058756939], "[280]": [202.80114385426947, 2.0053542810395153]}