{"[20]": [6.0, 6.000001266604183], "[40]": [9.358942572380919, 11.793461345945957], "[60]": [1.4489209741205684, 18.943759209923243], "[80]": [5.3403027002984516, 50.927991186617106], "[100]": [40.91514240160748, 109.0838191245112], "[120]": [25.197971752391368, 183.83953462664095], "[140]": [58.82968664862483, 249.37952884119977], "[160]": [80.60311358582703, 257.95408272324767], "[180]": [26.876566478376844, 451.37111390578684], "[200]": [238.64898081301544, 522.1757215721718], "[220]": [27.44040571713049, 227.83197403020313], "[240]": [138.12218765277385, 11.507847744470382], "[260]": [10.856704606607536, 38.89831007475004], "[280]": [15.029561227945464, 83.92175413213181]}