{"[20]": [4.526315789473674, 0.9063979977855361], "[40]": [5.351437316564386, 15.26677566404991], "[60]": [75.013144663341, 434.64565926819813], "[80]": [326.8730263908001, 2195.1656746317776], "[100]": [2964.4140921167673, 2385.7576656181554], "[120]": [6071.908008769573, 10.636692333917381], "[140]": [3302.162081673786, 361.9868313160541], "[160]": [574.8379168169861, 156.76137154049525], "[180]": [67.51327048315073, 45.81065983371053], "[200]": [160.04987752599226, 12.86452872336811], "[220]": [159.99147134227803, 1.3952796657588635], "[240]": [147.13098490809043, 3.911617525577924], "[260]": [129.90088088539198, 0.012916518649694009], "[280]": [119.76887966615516, 0.9981123559604899]}