{"[20]": [6.545622924202938, 5.275672548019447], "[40]": [12.060526526866607, 3.200134148286267], "[60]": [23.79111546675044, 13.386268986959607], "[80]": [5.186482972894467, 46.313856289557336], "[100]": [31.66457030984924, 87.91026290307107], "[120]": [7.585529321293734, 99.45420205268124], "[140]": [68.25556617202892, 266.61237869940237], "[160]": [101.59819549937129, 387.07743688094024], "[180]": [61.53909016545913, 648.0624541278112], "[200]": [400.3275415444896, 878.2173435813329], "[220]": [407.62391508397013, 544.2961609158338], "[240]": [108.8075455118742, 38.36806805837841], "[260]": [453.16446986981464, 422.74885884546165], "[280]": [428.6089460108624, 157.2572353849987]}