{"[20]": [0.07085668886211811, 1.8494592135354946], "[40]": [4.090874151491382, 2.428339926416667], "[60]": [46.64497415402366, 226.28457432940064], "[80]": [96.50433420826349, 1208.997671767097], "[100]": [1607.5119449333977, 456.42097888862617], "[120]": [1506.2847673188155, 142.23222248504536], "[140]": [756.2846956124232, 83.3528736736824], "[160]": [28.778489862789822, 39.48776270071746], "[180]": [38.14548160623811, 14.981253763210237], "[200]": [41.02163439770374, 22.1768590360338], "[220]": [39.6681090682926, 0.8876165202759618], "[240]": [40.69053767895242, 0.01520359237012433], "[260]": [35.39365519974598, 5.997906122708504], "[280]": [34.19320054874987, 9.000283454060705]}