{"[20]": [0.0, 1.0490286287641973e-06], "[40]": [0.30379225810870236, 1.973159237575905], "[60]": [1.060054428628188, 1.5816284506494382], "[80]": [4.160236714904325, 10.216255023495687], "[100]": [0.7064734020867257, 26.41937984328671], "[120]": [12.446617222271785, 46.19204155380557], "[140]": [12.088419259284654, 68.9671600900843], "[160]": [104.56064299460468, 11.31970753622684], "[180]": [142.4726483605487, 356.55338811935223], "[200]": [101.14641450033352, 52.77247886584873], "[220]": [130.8531840319511, 62.00958604502476], "[240]": [14.142091939523837, 1.7056132092665852], "[260]": [6.90293846803774, 22.146342449582978], "[280]": [10.386956442337414, 1.8588482421823282]}