{"[20]": [1.00784363434266, 5.936722997432266], "[40]": [44.653012992902504, 22.29760632078657], "[60]": [294.20455244915365, 1529.0822934152143], "[80]": [3090.455984373026, 360.3397426994743], "[100]": [1182.750810937427, 176.07885640272025], "[120]": [2292.7909384060663, 86.08276599390558], "[140]": [262.5890860524693, 51.97995319934651], "[160]": [138.2487528251741, 20.125197350480448], "[180]": [68.60503567789539, 12.696795986184291], "[200]": [162.1623403212432, 9.968065284896436], "[220]": [157.07694604943063, 1.9966372056022221], "[240]": [147.4287661297912, 0.0003540988590451766], "[260]": [171.47750158608352, 3.728547189596329e-05], "[280]": [164.99672378083585, 3.9258041230866205e-06]}