{"[20]": [14.0, 13.999998573665662], "[40]": [302.00445662551704, 83.6243620721635], "[60]": [196.2086794162614, 3675.259619124785], "[80]": [2709.4089918825366, 1804.2174553319765], "[100]": [6573.893268667802, 1043.1213686832002], "[120]": [1221.2468420945218, 260.0374951166709], "[140]": [449.0851352301219, 188.09976161683446], "[160]": [165.4558642048428, 95.85974771821259], "[180]": [143.33448527809165, 25.983349842925374], "[200]": [138.83993378508237, 5.840986381318134], "[220]": [132.40588911204748, 4.974373492658451], "[240]": [127.357599589864, 0.0017112449152278096], "[260]": [124.85307028642838, 1.0000540695048878], "[280]": [125.54425848080204, 0.9999917294445224]}