{"[20]": [6.146850438727196, 3.366252080404216], "[40]": [60.335924051962024, 51.86172750836141], "[60]": [437.8527717924803, 894.7713105734128], "[80]": [141.62099637550637, 962.0693114979831], "[100]": [64.6737555430982, 769.2671447922776], "[120]": [248.33842725047543, 612.0429985577398], "[140]": [5101.915553416999, 9304.276231594511], "[160]": [15950.566830074255, 17341.33082373711], "[180]": [12256.256631916622, 3093.170965864876], "[200]": [7224.907021687979, 475.41988729476907], "[220]": [2217.151136144296, 75.13712623092692], "[240]": [221.43415890859262, 39.05499487181987], "[260]": [181.1023541143029, 0.7049463044388204], "[280]": [480.9330368059686, 2.25105432910032]}