{"[20]": [1.7308194074729537, 4.793413100441821], "[40]": [27.150761301460985, 7.86439619928637], "[60]": [177.31235089800867, 373.3381471741992], "[80]": [34.50645611875422, 429.7478012334038], "[100]": [141.60660668081323, 234.93226124390148], "[120]": [171.95101608326993, 171.27631681259965], "[140]": [3134.7119209710754, 1342.2424382047632], "[160]": [5012.696466442057, 1641.4801489862857], "[180]": [8199.743356628278, 658.7697495503129], "[200]": [2294.282993408092, 77.00093404126038], "[220]": [144.8070752869569, 38.30848057015306], "[240]": [121.7827102972457, 49.57762367434177], "[260]": [145.11040216383233, 8.59912797256302], "[280]": [327.14413798041966, 2.399572314087839]}