{"[20]": [0.0, 1.266604183032739e-06], "[40]": [100.38540195119741, Infinity], "[60]": [4.946766580806106, 20.817397086461625], "[80]": [8.753977178565492, 15.302351469806382], "[100]": [12.492629853851298, 41.044153284022315], "[120]": [4.69951009382882, 80.0562237184352], "[140]": [66.5191992178784, 75.51128445555781], "[160]": [30.413265039595785, 175.28872996502844], "[180]": [94.10927712893726, 181.41105723817907], "[200]": [181.38189485921157, 712.9317279146796], "[220]": [405.829768603875, 687.1178556646391], "[240]": [115.20179075973647, 639.9371717333615], "[260]": [575.6039653634725, 341.2907198103294], "[280]": [668.3505416525632, 307.4674664424865]}