{"[20]": [0.32532326114000815, 0.7745525552740188], "[40]": [4.263248053020987, 9.588501210268827], "[60]": [157.8868663594734, 140.32444937153872], "[80]": [36.033937477949316, 89.76718023493126], "[100]": [34.690887417388865, 26.950617419950166], "[120]": [5.338630241732576, 46.77271073495661], "[140]": [40.72629487708063, 761.4749370770753], "[160]": [491.8620114440879, 1542.95959949582], "[180]": [1071.5343957964392, 731.8018944681155], "[200]": [68.9908134237332, 202.45368583654613], "[220]": [56.545409504791046, 9.06345479578341], "[240]": [40.237643718981666, 14.249103705281906], "[260]": [41.63459036828968, 0.8802987422118962], "[280]": [86.11948140763562, 0.7371668456348904]}