{"[20]": [171.4481741110881, 10.488225206901507], "[40]": [28.493561486916747, 13.886802699791573], "[60]": [265.9309601702896, 1208.12047084007], "[80]": [3891.2854132263483, 1020.224565714483], "[100]": [1183.3657362167746, 1149.4210329220675], "[120]": [5441.235695727792, 322.3857484753931], "[140]": [423.5518581547878, 60.84223885617563], "[160]": [116.55755393654945, 31.221344221436865], "[180]": [108.41778583793403, 10.79738493320216], "[200]": [102.62977606329041, 3.085827828633302], "[220]": [97.76105869851821, 0.8881961509111495], "[240]": [93.65180974127863, 0.9863275349931133], "[260]": [89.90809479102357, 1.9983280205285134], "[280]": [86.81016363965145, 0.00020419671962590273]}