{"[20]": [10.215598543566912, 37.105738333868445], "[40]": [3.7211832748534874, 6.779280126325261], "[60]": [20.186815307711186, 701.162375653279], "[80]": [726.022469936468, 4365.765112013096], "[100]": [3254.63482278234, 8000.0318295381585], "[120]": [14302.491492560439, 665.4309132931958], "[140]": [14166.72418964991, 927.4918634515416], "[160]": [83.61700307087403, 431.14568702537144], "[180]": [101.35003017417404, 172.21688730919414], "[200]": [273.74620583757934, 68.0051591660004], "[220]": [310.31575664607954, 32.45455252037209], "[240]": [350.9513152691153, 0.7118450238944725], "[260]": [325.0081370502626, 2.8885388343224676], "[280]": [284.2937023082837, 2.9825477763951547]}