{"[20]": [16.628510132650362, 6.991197191037785], "[40]": [1.2521268223269852, 7.720618381580083], "[60]": [101.60876813613068, 163.23493377935978], "[80]": [39.62491405506453, 160.78026205194973], "[100]": [10.393014995028576, 148.10047242538946], "[120]": [4.255275410928463, 117.24856489363519], "[140]": [2373.841463254693, 2379.358301376928], "[160]": [3421.187985469081, 1030.9787653040394], "[180]": [17108.923840775165, 804.4478593991132], "[200]": [12572.469882565556, 806.7459095915744], "[220]": [862.0078578278319, 162.06404856829428], "[240]": [352.49703794653686, 106.31512142685345], "[260]": [979.090737534429, 15.622037913753017], "[280]": [758.0641164672772, 1.027150414860862]}