{"[20]": [3.5224398546761035, 0.28473587091784225], "[40]": [8.511646549500014, 1.1617304354302256], "[60]": [2.649520356508198, 11.602652516939294], "[80]": [3.204307740960715, 11.012692388948778], "[100]": [3.446226166008529, 23.146447872130885], "[120]": [0.8707276833449384, 41.93783932231639], "[140]": [1.2413978143831628, 53.17581406616455], "[160]": [15.787081186601142, 88.00961417699392], "[180]": [52.12412875265932, 227.3778280945832], "[200]": [228.34074494449533, 346.3515752867295], "[220]": [353.824643882941, 166.5122475887474], "[240]": [76.01222295154912, 35.62858611507272], "[260]": [162.89049007900576, 405.6258641219092], "[280]": [322.4405928494152, 105.36152685694378]}