{"[20]": [0.7342328873045952, 51.72669000122578], "[40]": [15.289555217587633, 11.614620802636612], "[60]": [22.605830989304323, 598.5581516430091], "[80]": [1642.220499155831, 854.5633377062918], "[100]": [1642.6198317968367, 355.39239233305796], "[120]": [563.0982004114884, 111.71500576137586], "[140]": [58.65711154305173, 5.598991525028161], "[160]": [39.652465127713484, 9.876223291547314], "[180]": [34.44417917593961, 4.930834108062154], "[200]": [32.0003505718447, 0.1242296250575974], "[220]": [30.092690684101445, 0.014511403555445614], "[240]": [28.642224035739822, 0.0016949928759773076], "[260]": [27.844479711697485, 0.00019798190130041097], "[280]": [27.350338494305625, 2.3124736967745494e-05]}