{"[20]": [7.061187201495347, 10.275672548019447], "[40]": [3.8526527401971578, 2.8581515158809765], "[60]": [8.559955069628813, 220.5622826507327], "[80]": [32.77317076382701, 241.71681279058214], "[100]": [21.00870343051963, 163.07554980596854], "[120]": [23.995218472548004, 166.66091212741992], "[140]": [170.59677320692117, 2269.710411548699], "[160]": [639.440939965185, 3246.780148211081], "[180]": [760.5246641905251, 992.2478809210152], "[200]": [596.2448939397091, 304.84908149790226], "[220]": [122.24247620061624, 54.06894426591316], "[240]": [21.608976576557552, 26.324862688199346], "[260]": [11.64360077493238, 6.2753751532649105], "[280]": [42.81776984854669, 0.03244047017056939]}