{"[20]": [0.9820997371596991, 0.49585138304023385], "[40]": [9.797312767813532, 2.918714224975827], "[60]": [9.726889634268245, 15.520988132537624], "[80]": [37.06608076600739, 44.88031894304138], "[100]": [66.5132020686778, 165.83111707776598], "[120]": [147.56288670368485, 196.1389692161012], "[140]": [404.3481002081256, 642.8231042067382], "[160]": [5.600802663153808, 403.52502448875], "[180]": [99.39881926243419, 372.1652357914773], "[200]": [443.35641802121006, 131.83662226726076], "[220]": [698.0988624427845, 89.09913263133777], "[240]": [297.27889363710955, 48.452443480454775], "[260]": [181.33718841903456, 69.01547698714978], "[280]": [68.81308892764794, 16.814057238116046]}