{"[20]": [1.0, 0.999964413449158], "[40]": [3.5523579541722055, 1.058809020088482], "[60]": [0.933884836692603, 3.854518541820839], "[80]": [2.2672665636983944, 1.9348934848682016], "[100]": [1.4727710041121966, 2.2525439866578494], "[120]": [2.0894403431117716, 0.9095697986552165], "[140]": [5.605899556843311, 5.008579194172365], "[160]": [6.508468425316045, 13.001133297970462], "[180]": [4.897570201899566, 62.00004469209473], "[200]": [37.15921530650627, 298.9999179154075], "[220]": [46.19160343030752, 922.9999385761079], "[240]": [882.018150307825, 574.999975732473], "[260]": [469.306195998154, 421.9999974041498], "[280]": [64.88054574222255, 413.99999968651235]}