{"[20]": [4.893724051339078, 5.279091191676791], "[40]": [11.788013531212755, 4.575850915129422], "[60]": [133.45569447235505, 144.4562552061464], "[80]": [46.54821972368313, 104.96161672986864], "[100]": [56.01725684778654, 37.921068325857846], "[120]": [6.290904526221766, 62.34360356528367], "[140]": [190.62603348287803, 890.4689666712311], "[160]": [547.7178950851558, 2214.4401648909407], "[180]": [8316.435002615588, 40.06122915976448], "[200]": [16568.07402151853, 441.4988401379451], "[220]": [7065.030043126153, 500.4876505214115], "[240]": [1377.4315328271855, 252.3449317465779], "[260]": [83.33797934912346, 7.0630239195332365], "[280]": [635.4770410689813, 2.029525954829367]}