{"[20]": [1.0, 1.000001266604183], "[40]": [4.201991130420878, 1.813571878466579], "[60]": [2.26639931090363, 7.989811937049653], "[80]": [3.7526611979003945, 23.676574884943733], "[100]": [9.768759387783973, 61.95564735777697], "[120]": [27.406086940156342, 261.53485396246765], "[140]": [129.68693809592241, 403.9449204117568], "[160]": [153.01143252106158, 788.3786453728271], "[180]": [948.607287971754, 466.17875291014025], "[200]": [2285.9113594828304, 141.83271689360845], "[220]": [710.0225182494714, 160.76227604968335], "[240]": [2023.9845563416757, 146.98994074007214], "[260]": [348.85114802326666, 95.15010117183579], "[280]": [136.2193584552657, 7.093124077379002]}