{"[20]": [2.0], "[40]": [0.30881721451311106], "[60]": [3.41784823773342], "[80]": [0.9995053060927531], "[100]": [2.947970767665645], "[120]": [3.4764731645561273], "[140]": [2.6966280319455387], "[160]": [39.07885242886164], "[180]": [22.174896527642264], "[200]": [40.156950229897895], "[220]": [57.10299398437151], "[240]": [6.5586226106191114], "[260]": [4.464084192983188], "[280]": [6.322102176922482]}