{"[20]": [6.0, 5.99999857127585], "[40]": [24.377248348791465, 12.415820765772576], "[60]": [3.004248883785099, 496.5523130669277], "[80]": [1451.9596664555834, 510.8147790064028], "[100]": [4975.61849489493, 476.7023522610011], "[120]": [6541.086803346802, 959.4655804267791], "[140]": [789.1610448271564, 199.79213199477618], "[160]": [88.98263338866593, 39.34331231684028], "[180]": [95.39714110955876, 18.533613963810517], "[200]": [87.93525533956888, 1.387395530583462], "[220]": [80.3579480171671, 0.29441626911620344], "[240]": [76.87545811565016, 0.01564721797660919], "[260]": [76.13456906588297, 0.011972632338799565], "[280]": [78.99293686299337, 0.0016713859596424255]}