{"[20]": [1.9999999999999973, 2.6357458270494876], "[40]": [16.541914313234216, 10.516915314937705], "[60]": [28.134884088383842, 100.20047512171186], "[80]": [446.6907123732933, 801.3051085269731], "[100]": [83.9361377906971, 1668.5950773528948], "[120]": [3250.016814544364, 806.1323692752048], "[140]": [2225.167946306996, 450.5261075434155], "[160]": [288.72626459944286, 127.5922193545789], "[180]": [162.71262929953468, 91.6384930866102], "[200]": [251.87951695870498, 35.37091623643079], "[220]": [236.3806921104863, 25.15532266994198], "[240]": [222.71294158924513, 0.34835756982811716], "[260]": [198.51472527898625, 3.8895969343001084], "[280]": [188.1047638424402, 6.018703481963743]}