{"[20]": [3.835630978197209], "[40]": [0.7587485644300466], "[60]": [2.925222027497655], "[80]": [172.7292861123479], "[100]": [208.8375476516411], "[120]": [1262.7567686567652], "[140]": [238.83221850534773], "[160]": [103.15945026313764], "[180]": [118.3504653638302], "[200]": [107.30172417555376], "[220]": [81.81938800794973], "[240]": [77.18465125214894], "[260]": [65.1639794640952], "[280]": [61.21498345014513]}