{"[20]": [0.37910514763571435, 3.745639043375972], "[40]": [9.003522865757532, 11.189958878959374], "[60]": [1.1180099446225995, 277.98027951460347], "[80]": [81.70200182042481, 1765.9363587353191], "[100]": [1356.4278325736304, 3323.4014500998746], "[120]": [3975.8332008114558, 1363.8897238622922], "[140]": [2171.509810296746, 565.2470819064492], "[160]": [175.24190097325027, 404.79483691682526], "[180]": [351.36351306430447, 213.72915908192908], "[200]": [465.100015341891, 56.149682118973715], "[220]": [424.15661041913654, 32.58668588883317], "[240]": [385.3785676586011, 11.109518242182332], "[260]": [351.6973273127357, 1.853559966622063], "[280]": [317.26178799901317, 3.9759189509723374]}