{"[20]": [2.5600855644459304, 5.822231203581712], "[40]": [15.216158638568128, 2.454688436282723], "[60]": [1.0352411050087653, 114.25304110597364], "[80]": [29.3680118699873, 83.0109656183665], "[100]": [7.602633717268077, 74.22902966512913], "[120]": [29.50457898270963, 82.2578386773825], "[140]": [507.7821939488051, 679.6179608304224], "[160]": [1688.7399468632666, 146.67905383018842], "[180]": [517.9316700063937, 422.66864780050855], "[200]": [739.6243514497864, 345.442911004352], "[220]": [178.9975472664911, 75.0221807946815], "[240]": [6.673536582592035, 20.689656252991085], "[260]": [16.888147043215465, 9.003740808898286], "[280]": [42.90120743620032, 1.3689935802975817]}