{"[20]": [2.783504937632829, 7.9410057617833445], "[40]": [3.319639122520624, 1.2396263438936774], "[60]": [11.052304316051323, 81.18165352837684], "[80]": [173.0432894431519, 485.97621772210937], "[100]": [516.2439708614647, 1035.2595672547254], "[120]": [95.23822016953211, 138.07925311971343], "[140]": [112.27848694714359, 116.1835462745956], "[160]": [63.69536680668623, 83.82234301764582], "[180]": [14.98428363440537, 12.409992642142594], "[200]": [10.720263935377613, 1.5279757807213028], "[220]": [13.83297179474728, 6.4373211395148635], "[240]": [10.160074192116554, 3.0873246348621315], "[260]": [10.58554409403233, 3.9861058237620806], "[280]": [10.028591854845288, 0.0021580443154774523]}