{"[20]": [2.0, 2.000001961822545], "[40]": [13.644046855151174, 29.072039131602224], "[60]": [265.2337044478372, 1750.6913898816156], "[80]": [11238.858008520896, 6050.576654397664], "[100]": [24235.60608511111, 947.9346963477365], "[120]": [14526.959862681, 531.4233834050574], "[140]": [2292.1698675790776, 184.19072136088698], "[160]": [816.220851582498, 304.76814306914594], "[180]": [1337.5841577123783, 149.8350478767819], "[200]": [1220.6557813776278, 50.8184411280393], "[220]": [1034.4567378149304, 13.59878148321313], "[240]": [953.1213123191133, 0.050510257323128194], "[260]": [1018.9936872129998, 1.0063541799109377], "[280]": [1203.1661061242671, 0.0007991630688524154]}