{"[20]": [1.0, 1.0000018974962759], "[40]": [1.5854969522140365, 1.0591114321310338], "[60]": [1.0065386763943867, 4.864656262310721], "[80]": [5.6189961208245, 1.5782975513852247], "[100]": [3.4653431847196696, 2.246882756705201], "[120]": [2.921599264346698, 4.896941148128932], "[140]": [0.37137907258107083, 0.011077458568891085], "[160]": [3.04364569789879, 2.001316778930809], "[180]": [8.23377634053567, 10.000189238082804], "[200]": [15.145194728234557, 45.00002654162458], "[220]": [20.035483978399725, 180.00000377013077], "[240]": [227.32373818412918, 139.9999995493896], "[260]": [84.3710959408719, 127.9999999474976], "[280]": [69.96594375964233, 111.00000000557918]}