{"[20]": [22.958294709727035], "[40]": [87.0066758501245], "[60]": [840.0451722507282], "[80]": [14820.45716863793], "[100]": [450.6808896771432], "[120]": [1188.9138472997533], "[140]": [530.73551110017], "[160]": [345.83556768257574], "[180]": [295.679830886023], "[200]": [274.3047829067992], "[220]": [257.08595786497364], "[240]": [247.15469742135286], "[260]": [241.62870274821017], "[280]": [239.3968323560756]}