{"[20]": [0.4829931841683397], "[40]": [10.059135475448159], "[60]": [23.419541049189732], "[80]": [1.2603504215906298], "[100]": [6.617819021735841], "[120]": [5.851231214829568], "[140]": [19.88300731297454], "[160]": [28.414730839804633], "[180]": [60.10372812734113], "[200]": [76.59365267374051], "[220]": [97.20385386182716], "[240]": [90.64485575398248], "[260]": [70.31748142550805], "[280]": [8.609924162587049]}