{"[20]": [1.3572350166955598, 5.822231203581712], "[40]": [11.188295605825402, 3.454688436282723], "[60]": [42.315560930444065, 227.92440662113603], "[80]": [37.85293388583841, 1488.961191426736], "[100]": [1869.7870211531917, 2240.578769064685], "[120]": [3894.8119167897694, 653.0474075595557], "[140]": [3338.7073171776656, 425.8383127577463], "[160]": [63.60025624126047, 155.23178604983752], "[180]": [32.04657696209813, 69.27491980352522], "[200]": [353.7062527239634, 19.0265532946692], "[220]": [348.8740798621513, 7.424943996244242], "[240]": [303.8598232869285, 5.751533392386939], "[260]": [277.92772136663905, 2.960811552016972], "[280]": [255.04582071831572, 2.006180640582408]}