{"[20]": [6.57376650975346, 6.537857316706254], "[40]": [7.485149463747845, 10.12475190666504], "[60]": [132.554835812306, 1490.862605429455], "[80]": [5462.104463732292, 1432.4876700576351], "[100]": [8847.584767236538, 742.2115751370511], "[120]": [3451.3339804685547, 277.2262532631098], "[140]": [162.64607039962317, 122.12939223960552], "[160]": [434.0704738971756, 34.47868138049965], "[180]": [372.5244799234238, 6.2430442765143965], "[200]": [298.3649620781248, 2.6778167496594074], "[220]": [224.88033252871693, 0.03763459862480245], "[240]": [198.6414714844929, 0.004395874530386104], "[260]": [225.9360259828732, 0.0005134518885648054], "[280]": [218.0808100909185, 5.9971481269217484e-05]}