{"[20]": [1.8307247654171495, 12.286558969671917], "[40]": [85.0904791420787, 55.90759171371175], "[60]": [17.152028181450454, 5810.922047035998], "[80]": [19338.996890404345, 5021.055645040926], "[100]": [15776.839731095568, 1708.5281935342825], "[120]": [7590.4370162894875, 998.978688710712], "[140]": [1239.5752572399908, 709.7245540116278], "[160]": [577.9387992771653, 268.89259796955776], "[180]": [501.7059459629207, 70.95893410531598], "[200]": [434.2926628041076, 17.587187722869214], "[220]": [387.1508499980688, 2.8336700909952874], "[240]": [362.4917257192651, 0.019378060107273592], "[260]": [369.6144882152486, 0.0022775992981674802], "[280]": [398.49793719811566, 0.00026769518453934055]}