{"[20]": [2.7660669879986033, 6.722695513362548], "[40]": [3.591094210938179, 3.1029170419562244], "[60]": [1.1116390001365626, 11.659410527326802], "[80]": [4.170388483817582, 23.052840082721396], "[100]": [1.3227244610388649, 31.1271743172802], "[120]": [34.360864170308616, 78.30252561382572], "[140]": [13.035263830396833, 93.6502000952963], "[160]": [3.000334065265305, 120.07681178065873], "[180]": [104.02135225441539, 229.47117051179237], "[200]": [141.08959012751032, 231.5601353737477], "[220]": [67.52173974344782, 247.5396707206652], "[240]": [5.039267358418394, 259.40633389099105], "[260]": [751.9570552352085, 239.6055337414769], "[280]": [260.57618702798976, 107.59603086119871]}