{"[20]": [3.2092595940350273, 3.7464160648506635], "[40]": [41.24961402899332, 13.581234739108865], "[60]": [261.1537802509283, 762.8221905105365], "[80]": [584.2908454613707, 184.87381578853592], "[100]": [107.21169556448422, 665.1871512545122], "[120]": [210.91326306655992, 860.9249851291379], "[140]": [5335.289116903448, 5122.598077936851], "[160]": [3896.216429027103, 12941.334530995395], "[180]": [18717.2712904977, 954.77234258729], "[200]": [11482.776018015258, 603.6605163478434], "[220]": [704.0072736031807, 289.8604739162015], "[240]": [426.74876760048437, 288.9477728578522], "[260]": [2155.2186432267754, 92.89844904036727], "[280]": [1716.363013188301, 8.324653720372567]}