{"[20]": [0.0, 1.266604183032739e-06], "[40]": [0.8554981512462203, 4.1959903717371265], "[60]": [1.1011657566089346, 3.264555214613825], "[80]": [2.92303082082093, 6.317379766930883], "[100]": [0.4073781177939022, 5.700753679064141], "[120]": [5.31294534377934, 4.196473934988028], "[140]": [5.93760313437712, 17.92486478483049], "[160]": [7.309128940318274, 0.7715165760482989], "[180]": [5.558819771425533, 14.033144811502353], "[200]": [17.08769400047491, 41.01053343136232], "[220]": [34.456967143158636, 83.15482773142082], "[240]": [27.467539963249124, 14.672472718570475], "[260]": [17.043114485543583, 106.95499693514716], "[280]": [194.20466120743936, 132.2028179399192]}