{"[20]": [0.37910514763571435, 3.745639043375972], "[40]": [9.003522865757532, 11.189958878959374], "[60]": [55.47581908230194, 329.92337295779623], "[80]": [55.11890278280498, 1739.4703157959239], "[100]": [1427.3456953447094, 4016.379822141884], "[120]": [4025.228159047314, 1338.0686475054208], "[140]": [2232.5825963836833, 467.0695845866794], "[160]": [191.89908228060267, 331.23535840793284], "[180]": [356.06498768678875, 212.7053316733759], "[200]": [467.43961492164635, 68.6119046023889], "[220]": [444.42866468484885, 10.94784139047573], "[240]": [389.82184113309233, 14.9953294003231], "[260]": [353.0779014194805, 6.833276520125505], "[280]": [321.89291099900595, 1.9723339366119044]}