{"[20]": [0.11827957798679263], "[40]": [1.0312419011698082], "[60]": [20.578360755089847], "[80]": [626.9171687616333], "[100]": [4086.4200930578263], "[120]": [7937.314050249606], "[140]": [2200.7281361315013], "[160]": [212.85382741709526], "[180]": [488.1287188944853], "[200]": [521.2808353343656], "[220]": [491.30065663803225], "[240]": [439.15629659055963], "[260]": [395.47534692141346], "[280]": [363.77109807884807]}