{"[20]": [11.634728008823368, 2.627409224377427], "[40]": [3.7908605388095253, 29.822924623127506], "[60]": [7.9617929837874755, 44.43389049772202], "[80]": [1.2674948684963283, 71.25719700579299], "[100]": [80.36658450274155, 130.69044384002592], "[120]": [5.809011184905103, 394.6502973225488], "[140]": [129.11611899458558, 414.775104100966], "[160]": [81.71823018182386, 625.2975291759567], "[180]": [720.3931367697942, 958.4041985623644], "[200]": [223.15010187586086, 305.50172498360917], "[220]": [136.38656070286743, 248.29866428685273], "[240]": [906.1752171562548, 287.50260761474055], "[260]": [2129.8582378851315, 794.0315367081585], "[280]": [1982.4564405722667, 181.87789192598757]}