{"[20]": [0.7203664856086153, 66.9011998042452], "[40]": [0.6563192321668342, 4.831598211853408], "[60]": [0.7770464151664148, 12.219692125294872], "[80]": [4.792234232079223, 17.40424628637236], "[100]": [11.496313865239578, 31.327574251550587], "[120]": [32.236113569489575, 76.8225970749389], "[140]": [44.40356477981252, 20.20363313294929], "[160]": [31.440657413085344, 21.47589467640065], "[180]": [44.848712636303596, 159.11984093610832], "[200]": [72.5615271566423, 99.55382364653089], "[220]": [140.65975369285587, 77.43258411030375], "[240]": [481.94824555982166, 228.6723694289584], "[260]": [1245.6862176414238, 167.28578001309538], "[280]": [73.15931026242238, 185.32846706434034]}