{"[20]": [4.0969239631622605, 0.25529970023372694], "[40]": [5.895282960410462, 1.8929527726127873], "[60]": [56.82028768407372, 315.71894887967517], "[80]": [40.504064411424224, 1825.0649489248376], "[100]": [61.25264869273269, 1792.6660569683227], "[120]": [542.0896330713322, 177.3610098379886], "[140]": [278.56203748616576, 187.41347859150483], "[160]": [70.68861320203337, 79.99886055213665], "[180]": [15.357933473473693, 45.872267154988805], "[200]": [35.86202811657, 21.254683889496093], "[220]": [59.66720678621968, 6.60703349991153], "[240]": [55.98045195518891, 5.943773165339152], "[260]": [57.12055090608235, 0.00804466214792754], "[280]": [44.257357217452125, 0.9988490208171843]}