{"[20]": [0.0, 1.8974962758536654e-06], "[40]": [7.1772043353532915, 7.617627227827075], "[60]": [4.852225834809323, 9.10009431715124], "[80]": [2.284780568131649, 1.1047383445085952], "[100]": [0.8905578178489439, 1.5291235651310564], "[120]": [0.21389061104943458, 0.07022975794294928], "[140]": [0.830243249192699, 0.008342316111242965], "[160]": [0.6230010402249707, 0.0013118102777924536], "[180]": [0.4577086952440765, 0.000271417770272682], "[200]": [0.33500564856323134, 5.771174230386652e-05], "[220]": [0.2870939101604829, 1.1140724340570382e-05], "[240]": [0.11718547679006935, 2.167388459344128e-06], "[260]": [0.2978552970103285, 3.5717507530487823e-07], "[280]": [0.25512925028829514, 4.76768742239503e-08]}