{"[20]": [0.0, 1.0490286287641973e-06], "[40]": [7.193707229035627, 7.407577055714152], "[60]": [1.1592790637222294, 24.740931771258044], "[80]": [44.221459794459875, 233.56342298172623], "[100]": [132.31244907606674, 664.3216251888751], "[120]": [488.27904237614746, 411.68560959862117], "[140]": [516.3744033200882, 94.70762674904324], "[160]": [72.8409679456483, 80.34589491774477], "[180]": [19.756878363269525, 50.35551190844393], "[200]": [49.64628641660736, 3.0205960784870745], "[220]": [42.04322703611203, 6.281981859368602], "[240]": [40.65014433686774, 1.4815294773193495], "[260]": [34.796398226829425, 0.9133560362851323], "[280]": [31.37817390491001, 0.0153464413041388]}