{"[20]": [5.1972274571574815, 38.54517330572684], "[40]": [29.059064146635766, 3.5318156505263034], "[60]": [94.26135072709752, 109.04932159366587], "[80]": [16.87613859867386, 79.19545481439054], "[100]": [2.5123788597523684, 63.58179709919665], "[120]": [5.005608526530891, 39.310998862651566], "[140]": [12.32603391719993, 1365.4332438916908], "[160]": [2994.9857407524287, 1588.7045361792239], "[180]": [9276.864484872569, 801.6688889046942], "[200]": [5765.798163815881, 413.70439129346187], "[220]": [253.07017571658852, 8.695483022736065], "[240]": [212.83794666586044, 30.88557340946319], "[260]": [218.24978289722628, 5.857378387312815], "[280]": [328.99348185359503, 2.0761381690550764]}