{"[20]": [3.0, 3.000001049028629], "[40]": [4.784638321123726, 1.4972247346347003], "[60]": [16.600977274658398, 47.46642314010551], "[80]": [13.301091333216633, 29.46481415385757], "[100]": [6.0097094904897475, 15.725222436987254], "[120]": [1.8663043849645782, 0.7813623591473151], "[140]": [48.71949000065651, 156.38828215390467], "[160]": [893.5884477423803, 161.39655749567592], "[180]": [707.3785508031351, 116.12466527422863], "[200]": [2077.25817804079, 231.5588372793605], "[220]": [1635.5284787606306, 560.5823456867503], "[240]": [71.83318545985026, 196.15388942125435], "[260]": [31.245368533935324, 55.44483647145095], "[280]": [32.349798199571794, 29.41721159189821]}