{"[20]": [4.0], "[40]": [0.32293960472034217], "[60]": [45.62309924674355], "[80]": [10.690929526315603], "[100]": [1975.2593604772815], "[120]": [791.9888876748016], "[140]": [99.58456289083425], "[160]": [94.42179885305153], "[180]": [90.32142337429454], "[200]": [83.46741015953559], "[220]": [78.94337323058573], "[240]": [75.68458525414843], "[260]": [73.89533624381258], "[280]": [73.14983094580558]}