{"[20]": [7.038186318366573, 15.385584241249457], "[40]": [60.52444117321289, 6.190419780228922], "[60]": [192.92911313914965, 1775.1298971660044], "[80]": [16181.55136294214, 6039.372289524777], "[100]": [5022.732376373962, 972.1778772351099], "[120]": [1303.4400753519603, 495.6837017242633], "[140]": [1620.8434503559702, 340.4259071508293], "[160]": [682.9029545320636, 139.3884414876286], "[180]": [99.11146767258958, 74.58748279576054], "[200]": [33.55794179126205, 34.679409531398534], "[220]": [102.54331094063042, 13.832659606551275], "[240]": [96.03608443203359, 2.0212021792566333], "[260]": [92.45576758084181, 11.002686312686691], "[280]": [73.33203391586194, 16.000340350432225]}