{"[20]": [0.0, 1.628014534319378e-06], "[40]": [0.6211312075893725, 1.6288802070513437], "[60]": [3.4107620485203656, 1.2974657683518744], "[80]": [0.33032231096261855, 1.3398897530878324], "[100]": [1.9106904754012257, 1.047476106526628], "[120]": [2.1495876507673377, 2.994405404297548], "[140]": [0.27304623631745306, 0.9993557648338234], "[160]": [0.3713820296018584, 0.9999261359245839], "[180]": [1.327697154685247, 0.999991850272948], "[200]": [0.3974653284969354, 1.0000008977233183], "[220]": [0.8511603379081949, 0.999999896249629], "[240]": [2.301115132957835, 1.9999999874946939], "[260]": [5.907270353759583, 7.000000001522229], "[280]": [7.804374666183744, 10.000000000181455]}