{"[20]": [4.0, 3.9999985712758503], "[40]": [31.3979512732162, 14.141920811921585], "[60]": [288.7674293879724, 912.7131428757406], "[80]": [98.84957908824936, 1134.0005334104897], "[100]": [3946.827642428209, 933.9594083807925], "[120]": [4505.900388494157, 549.6491342448212], "[140]": [239.86119382249055, 60.644465591972974], "[160]": [128.89084666774457, 51.772054878027774], "[180]": [128.79020981632172, 3.8510549100340667], "[200]": [111.21842389938647, 5.449756664974819], "[220]": [102.01546177845589, 0.09394699926425965], "[240]": [97.49504769724192, 0.025181991886567865], "[260]": [96.83461072472322, 0.003211349441954011], "[280]": [102.11988292783916, 0.0004095287360753875]}