{"[20]": [3.0, 3.000001049028629], "[40]": [11.350087428502231, 2.2797437897711577], "[60]": [8.923245662757932, 219.64035956458224], "[80]": [8356.683861165497, 1604.5315019189866], "[100]": [126.0824882797187, 3956.268904823567], "[120]": [5708.073481622571, 2125.626920005672], "[140]": [5593.334826721578, 1110.6588588957006], "[160]": [1006.8396830507561, 384.94825646323704], "[180]": [249.6208538796017, 291.752651388822], "[200]": [357.05735154304296, 158.67973842192717], "[220]": [372.72421979489815, 64.09248366244077], "[240]": [355.819349968465, 16.680547161222734], "[260]": [314.63887847377464, 16.41758147721638], "[280]": [289.8650964013686, 2.8978202939177673]}