{"[20]": [6.061193157428801, 0.7745525552740188], "[40]": [5.065479470398942, 9.588501210268827], "[60]": [282.9265719039246, 471.1433152531317], "[80]": [1672.7875334720416, 2344.7787624187526], "[100]": [848.1678225766854, 2521.432423185378], "[120]": [4602.792471638209, 211.40500187884672], "[140]": [1303.93683172013, 330.4699995967698], "[160]": [170.4236017933934, 158.31432765857954], "[180]": [42.33792537718123, 69.90603193112398], "[200]": [28.910939212704637, 16.517721872542673], "[220]": [27.316737535587325, 8.49811217909666], "[240]": [26.369495100842904, 1.9276934229899205], "[260]": [25.133707197575216, 0.010277898439256687], "[280]": [24.210469539863958, 0.9984992133459202]}