{"[20]": [3.2277764116200336, 2.076484879058746], "[40]": [5.04081907940767, 6.683440105487485], "[60]": [45.30766826217751, 323.9780502272161], "[80]": [159.77868795832666, 1669.5013944751427], "[100]": [1523.8186962146663, 3593.336863439105], "[120]": [6995.2394156117225, 1254.172895050516], "[140]": [4447.108029875427, 436.5373967271298], "[160]": [126.43312862114888, 324.3839533179858], "[180]": [226.04230509172734, 211.52432792981483], "[200]": [293.37313325315654, 68.42263183060446], "[220]": [287.18514003896746, 10.91783688747759], "[240]": [258.45019047375547, 14.990563217313294], "[260]": [232.1510730766519, 6.832516975991139], "[280]": [210.13713941287995, 1.972212533021824]}