{"[20]": [6.0], "[40]": [3.6422398397026967], "[60]": [25.578276887813786], "[80]": [657.0710493436218], "[100]": [584.913613680721], "[120]": [1199.592846646403], "[140]": [294.1879149445024], "[160]": [42.384144070589], "[180]": [37.99058868621832], "[200]": [39.76454342207782], "[220]": [32.53933621353495], "[240]": [31.62724571223707], "[260]": [35.655001659447386], "[280]": [43.11122747593597]}