{"[20]": [0.23322811208282782, 7.444196853428406], "[40]": [82.91934040056235, 86.73688363574318], "[60]": [443.62749614124385, 1327.7967023058775], "[80]": [3425.9390786845966, 1997.8703232652647], "[100]": [11017.890805725097, 312.92663994379603], "[120]": [4325.468160553586, 551.3786617178439], "[140]": [250.10669161844314, 306.1028648265344], "[160]": [412.96255514970477, 186.71243151632004], "[180]": [397.18635574497785, 40.552167862885256], "[200]": [325.28654024399646, 4.895543193883907], "[220]": [281.2601467475473, 2.9049298291503702], "[240]": [268.57051492639374, 0.9656171513463911], "[260]": [275.38147133882967, 0.00260592358523814], "[280]": [311.3615196493352, 0.0005483244321337833]}