{"[20]": [0.10897737883818312], "[40]": [8.750857063935044], "[60]": [6.354129455817639], "[80]": [4.1445694548053575], "[100]": [44.57061023841142], "[120]": [3.3012173847549318], "[140]": [199.55447921562606], "[160]": [61.41720402808902], "[180]": [120.47245588861169], "[200]": [505.4047713099242], "[220]": [529.8530141960682], "[240]": [997.7742279023315], "[260]": [426.0101171864811], "[280]": [274.753133263198]}