{"[20]": [3.0, 3.000001266604183], "[40]": [7.606792598305837, 5.978240019687021], "[60]": [103.64861261791486, 357.2855101331632], "[80]": [134.36152177353551, 806.1172209957879], "[100]": [21.291720772424924, 7.554792172781163], "[120]": [70.46918186993025, 190.53832033775143], "[140]": [2195.856334183394, 1080.5512542322358], "[160]": [3142.6872885920893, 1108.9012627878474], "[180]": [2394.8321614129127, 401.698627184991], "[200]": [565.6822659042014, 177.06686329368586], "[220]": [142.26480828517617, 91.59221900988882], "[240]": [86.0907521159991, 108.3850058316172], "[260]": [140.321243904835, 38.717571139130214], "[280]": [382.4411064862589, 2.6069633957877905]}