{"[20]": [1.0, 1.0000010490286289], "[40]": [0.2963169800092284, 0.4739493060636328], "[60]": [2.3793867551960886, 1.0677992461703991], "[80]": [0.16718050170419696, 0.7125306085782102], "[100]": [0.17544489627312201, 0.9682013014987192], "[120]": [0.18652077187885965, 0.0020378679112193175], "[140]": [0.19407853117982696, 0.00019075988731012596], "[160]": [0.1554511993816572, 1.5727218667996708e-05], "[180]": [0.13472200188980668, 1.3242548730511725e-06], "[200]": [0.12588964764572672, 1.1379873964553895e-07], "[220]": [0.11331820359101784, 9.559896790013155e-09], "[240]": [0.10823173757719, 7.499443452187438e-10], "[260]": [0.10396744254098185, 6.290367089589051e-11], "[280]": [0.10691943993635873, 5.675699816432518e-12]}