{"[20]": [0.6246687121122936, 55.314611804511394], "[40]": [1.221134511308899, 0.9930780004972123], "[60]": [0.31468823139077173, 1.7415368102306388], "[80]": [2.7040163028009356, 2.6710896870931484], "[100]": [0.49924194646844894, 0.029709367976350102], "[120]": [0.7163899427576719, 1.0027295233532896], "[140]": [0.22392556636705022, 0.00024955837008786236], "[160]": [0.5099594095712948, 1.0000227121988603], "[180]": [0.5791797296271138, 0.9999978222522741], "[200]": [0.21035314182051063, 1.8478489305479682e-07], "[220]": [0.2144030949097914, 1.6945666720145464e-08], "[240]": [0.19849012448365566, 1.5614795319128405e-09], "[260]": [0.18325533433863792, 1.4671089810378575e-10], "[280]": [0.17524456126606955, 1.3735668110977173e-11]}