{"[20]": [1.7724216371797572, 1.4742702062473223], "[40]": [14.505431537852658, 7.231441218174864], "[60]": [46.63481178851806, 86.90165593780448], "[80]": [43.61352232546822, 89.66022092095425], "[100]": [14.987580571668564, 37.68431107897659], "[120]": [18.495221490299592, 54.860125920197504], "[140]": [328.5965211162005, 293.84205794058255], "[160]": [841.486275010269, 687.0970990854769], "[180]": [4387.684326027849, 296.5015158241642], "[200]": [2702.605784179125, 586.6962570148913], "[220]": [319.8119845063927, 95.3318474876209], "[240]": [79.64136955157277, 4.26212981900665], "[260]": [93.86225884971877, 4.515799174568558], "[280]": [247.2150241875209, 1.4086248711629257]}