{"[20]": [4.208968233848931], "[40]": [0.524267760520047], "[60]": [5.442535592727722], "[80]": [186.32997246959076], "[100]": [242.84731457793168], "[120]": [1349.2091453193862], "[140]": [400.4071936546825], "[160]": [192.74964665904827], "[180]": [222.8796020472878], "[200]": [202.8112211605702], "[220]": [149.91751774094155], "[240]": [140.104508638705], "[260]": [110.9561595684949], "[280]": [101.21365306612073]}