{"[20]": [2.0, 2.000001049028629], "[40]": [7.966068775594758, 3.63612176073723], "[60]": [79.64280329477741, 90.49158370849338], "[80]": [41.21020692011919, 438.2879215388065], "[100]": [362.5576074180208, 1414.7695077335368], "[120]": [2092.0066686795826, 844.1595307373431], "[140]": [1501.7755105262593, 299.05515960903267], "[160]": [149.15162156375018, 155.31602101597989], "[180]": [64.00388644857148, 66.27361903683887], "[200]": [98.67679561379549, 23.001399810013204], "[220]": [93.47014292116238, 7.9221017945357435], "[240]": [84.66843930623436, 0.47497752543048244], "[260]": [75.31765349279169, 2.9104770844851373], "[280]": [68.31584137701707, 0.015108813593175858]}