{"[20]": [0.0], "[40]": [5.63848845367981], "[60]": [2.7478895932412577], "[80]": [0.22815860381305847], "[100]": [0.19734336675097366], "[120]": [0.1728174231727748], "[140]": [0.15656544865876015], "[160]": [0.14579119856959782], "[180]": [0.13929064455793616], "[200]": [0.13119158135212314], "[220]": [0.123931778170799], "[240]": [0.11767876842569269], "[260]": [0.11235426643497717], "[280]": [0.10803443527896307]}