{"[20]": [1.0, 1.000001266604183], "[40]": [2.7505238436720134, 0.6797791768234092], "[60]": [2.063294233412268, 1.76055773361845], "[80]": [7.24101371381818, 12.926479415978253], "[100]": [3.2118271660582174, 7.343194839461525], "[120]": [10.853068255550362, 1.1087055205931868], "[140]": [3.1744495569998037, 11.23448707348156], "[160]": [2.1921629061827304, 7.881004138872896], "[180]": [2.924284075292533, 8.98523932609568], "[200]": [4.137616418001727, 15.97046246338283], "[220]": [52.03923353123906, 11.982006512080488], "[240]": [2.518862738951725, 141.7475366606925], "[260]": [90.87072636484413, 34.13357618699342], "[280]": [44.09417488785448, 75.52883750154751]}