{"[20]": [183.22659011975765, 5.469652628470863], "[40]": [3.77971323289367, 0.8328982052613441], "[60]": [215.94222866996142, 880.3082003128384], "[80]": [2963.978163490483, 1085.744181977896], "[100]": [829.3532556226437, 443.0239258517631], "[120]": [2176.2420140997497, 146.6465781804452], "[140]": [227.86758571617668, 7.171409542373567], "[160]": [10.161567657996095, 7.7053251415655595], "[180]": [5.130759349394243, 8.34051724397656], "[200]": [3.5683227653110876, 0.6836421600242977], "[220]": [3.56573881337804, 0.9623981724660011], "[240]": [3.5949166549681415, 0.00446898797401846], "[260]": [3.827643043369765, 0.0005311356291765133], "[280]": [5.893773895232165, 1.0000631237778335]}