{"[20]": [9.458975510823297, 50.73162462410433], "[40]": [8.20684502347794, 1.972695482834686], "[60]": [207.2628923057678, 124.25133613378148], "[80]": [98.87824993605959, 122.55068259935265], "[100]": [28.42941870948975, 175.1046167413163], "[120]": [24.640926227564492, 75.5761683782676], "[140]": [2367.6268106815637, 2601.4921384907093], "[160]": [1871.7602132688642, 2166.3414897140574], "[180]": [10444.98662186906, 750.3891020119048], "[200]": [6746.801305347679, 445.327000801442], "[220]": [223.41274432197454, 74.96849504402304], "[240]": [181.6610238019571, 65.83680159838723], "[260]": [596.2096812276856, 0.32654298213037686], "[280]": [452.5543922538151, 2.2295514199214703]}