{"[20]": [8.643649746648638], "[40]": [5.002581803273371], "[60]": [0.8626791225059445], "[80]": [2.8839719993628834], "[100]": [11.301006225538478], "[120]": [32.59864076466061], "[140]": [14.039107743305047], "[160]": [6.383991178673744], "[180]": [62.52553709647778], "[200]": [93.12418145792076], "[220]": [147.81640909549608], "[240]": [60.37349152845079], "[260]": [142.105118736873], "[280]": [52.13279317046653]}