{"[20]": [0.0, 3.3570214072462905], "[40]": [8.876803261580811, 0.6947829931658447], "[60]": [38.76209991294462, 230.14048135731224], "[80]": [288.2386625820568, 1264.7231493055115], "[100]": [1490.2069285051384, 486.85644308986684], "[120]": [2746.6530726072087, 150.82208283647333], "[140]": [1023.2461180587597, 85.02322917635775], "[160]": [35.39547522622405, 39.721617324220176], "[180]": [26.250107039772615, 15.012023704671847], "[200]": [118.52311676299763, 22.18086833776121], "[220]": [131.32154793526715, 0.8881392326339643], "[240]": [109.29712443716342, 0.015271931401294125], "[260]": [104.86067844547193, 5.997915085610877], "[280]": [95.61595623294704, 9.000284633067347]}