{"[20]": [2.0, 2.000001049028629], "[40]": [0.4240346142038422, 2.33266704932859], "[60]": [6.797581213045614, 3.4546997398968715], "[80]": [0.6512471895224293, 0.9433941560270797], "[100]": [0.9956085606948292, 2.3502156088371917], "[120]": [0.43512450472458847, 0.9397606286408452], "[140]": [0.8883073949585495, 1.0050386347768145], "[160]": [1.7497813994330322, 2.0004385752877627], "[180]": [4.423153581866121, 6.000038268144943], "[200]": [14.805086397898188, 15.000003271089474], "[220]": [53.50016783529372, 63.00000026435373], "[240]": [13.607696316863795, 45.999999960248005], "[260]": [1.6244146354041733, 17.999999996031164], "[280]": [73.68452165701028, 68.0000000000934]}