{"[20]": [6.165042867774405, 5.706912649064403], "[40]": [0.8256957355683706, 12.052471935840018], "[60]": [63.67129371291467, 634.6060957635716], "[80]": [304.0349129225647, 2473.804558059654], "[100]": [1572.9363797874112, 732.2388030211717], "[120]": [288.1360076790697, 372.24203722227793], "[140]": [415.43046474912626, 219.24918577019335], "[160]": [158.75562124146674, 46.09667709289907], "[180]": [52.62184403405589, 25.074375829358942], "[200]": [43.64037212748118, 14.099955652177295], "[220]": [39.239902418999954, 8.115669845985051], "[240]": [37.057421268772664, 3.9848327940506683], "[260]": [35.71650088333692, 10.001950564185899], "[280]": [35.09797728217645, 0.00025328519472696064]}