{"[20]": [2.0], "[40]": [7.759964775942905], "[60]": [89.63697381584612], "[80]": [35.1157011162511], "[100]": [21.62433812485861], "[120]": [16.085372836769693], "[140]": [9.144478677056043], "[160]": [281.5791496796992], "[180]": [1464.894589128564], "[200]": [1779.4691276310668], "[220]": [378.6254925017138], "[240]": [7.235236173795556], "[260]": [188.14847464875496], "[280]": [249.03402902825596]}