{"[20]": [2.0, 2.0000015874364734], "[40]": [0.5561035820787978, 5.542344847366699], "[60]": [2.936637431219001, 6.1404626045901125], "[80]": [1.3720015387648772, 2.756980891180044], "[100]": [1.926367896997073, 1.5845423460391412], "[120]": [13.999502760623677, 17.622411393576215], "[140]": [4.690561482901835, 4.251442651888347], "[160]": [3.795549154252072, 14.22510422226162], "[180]": [12.228814281865553, 1.1718182618707829], "[200]": [49.431140554385536, 65.6620596439354], "[220]": [27.974087115369628, 7.884217940583028], "[240]": [89.7996337308025, 107.60761124074588], "[260]": [122.3195769764061, 3.168074237701603], "[280]": [230.8931907418014, 52.51008739382132]}