{"[20]": [0.0, 1.2527752120030813e-06], "[40]": [1.8454876713962896, 8.897956849240119], "[60]": [27.33789918742742, 230.07770290330657], "[80]": [511.48340884093585, 298.16702796662275], "[100]": [5809.26739277775, 381.1373641119395], "[120]": [2377.6710033827158, 586.1906055648416], "[140]": [120.55778708608847, 4.719363270181244], "[160]": [176.46800253115018, 8.689661101109506], "[180]": [159.11794389910227, 6.19402740020675], "[200]": [136.26017615516002, 0.6132278914822272], "[220]": [119.91263049267556, 0.2027884652255428], "[240]": [111.27223966145696, 0.026405304818462975], "[260]": [113.31307759472308, 0.0034208613752347047], "[280]": [121.58218652275461, 0.0004432096043802983]}