{"[20]": [0.09915517058145884, 3.744700299766273], "[40]": [8.689842432556597, 8.422923122232994], "[60]": [6.4751301249806374, 84.73375623248313], "[80]": [313.48588692340513, 798.8042458783657], "[100]": [811.0903063846781, 525.0398714388621], "[120]": [846.6687668627674, 35.11602182198385], "[140]": [344.7561242322056, 190.04544116040825], "[160]": [52.658121911610436, 26.292830590965877], "[180]": [101.70936810762917, 26.62687165692772], "[200]": [113.35251210136411, 7.7075773074748355], "[220]": [109.43854724027445, 1.6594567767642232], "[240]": [100.87629301636363, 0.05055836441662365], "[260]": [88.83926269873909, 0.9924945818351674], "[280]": [79.12475106578998, 2.001114168206165]}