{"[20]": [6.531106707000233, 6.123252268311015], "[40]": [2.2098498040773067, 1.972695482834686], "[60]": [74.95704707092068, 233.45483528054126], "[80]": [26.152353873406213, 236.8767750167908], "[100]": [26.552142259887777, 132.02284737903324], "[120]": [8.281678634620965, 53.171590995532505], "[140]": [2675.871411682821, 813.4350612143191], "[160]": [929.8121788127268, 1327.1672869979682], "[180]": [5674.149882374492, 998.6865209022808], "[200]": [858.4371155487978, 335.24422151401416], "[220]": [74.62565550448736, 72.33671537866189], "[240]": [72.99498891323773, 64.2611177797841], "[260]": [67.76109632886536, 0.8424751018464679], "[280]": [113.63811275104057, 1.8782000596417792]}