{"[20]": [0.9843691405698092, 22.110301550347426], "[40]": [0.9214550976464011, 2.769877317578704], "[60]": [49.035540236641395, 22.52216115884842], "[80]": [8.751553703883943, 26.80136614645582], "[100]": [23.436887837402224, 8.615200094522535], "[120]": [15.833502058914775, 2.4576694251220417], "[140]": [126.82688955963916, 139.19829759340666], "[160]": [324.91431045421496, 626.9256222132772], "[180]": [2511.1023218592054, 109.11108470537874], "[200]": [2987.5871616148033, 446.0116363532834], "[220]": [2749.1541657332855, 587.6563022840528], "[240]": [4322.927807317186, 190.35563791487948], "[260]": [215.01068543316785, 105.19261564448482], "[280]": [309.8665621299489, 31.20230691036683]}