{"[20]": [4.0, 4.000001897496276], "[40]": [8.87244486484456, 11.037280842109737], "[60]": [116.29914853734329, 352.3599021802839], "[80]": [214.2405821209286, 377.65564786141044], "[100]": [45.30090559797645, 87.81766710537977], "[120]": [269.6757963961836, 136.07709388119474], "[140]": [3736.279225180373, 6582.183293264548], "[160]": [10925.802426556358, 7048.136513879108], "[180]": [18933.946082778137, 1953.4209129200171], "[200]": [6665.860378380779, 253.9809873949689], "[220]": [463.86549865591905, 129.36639529283593], "[240]": [131.7962412230729, 196.03171081949108], "[260]": [487.1888726166025, 64.42175106273373], "[280]": [1535.9848366522826, 16.088839901102254]}