{"[20]": [1.0, 0.9999985736656617], "[40]": [5.498937626610831, 1.9554096335006361], "[60]": [6.213487922577428, 34.643148783628455], "[80]": [330.6213447757688, 318.19964906978726], "[100]": [397.2534018534575, 483.62889807111964], "[120]": [153.29160627234415, 250.5223236538838], "[140]": [318.27529805183525, 376.5696274661426], "[160]": [129.1153624464684, 111.1581944958436], "[180]": [24.9095496108338, 7.08535122401871], "[200]": [22.27385113443742, 4.680241115258836], "[220]": [21.545405347768554, 2.520989815860105], "[240]": [20.476012355231003, 1.5446406306336689], "[260]": [20.160108186529726, 0.08360485591777259], "[280]": [20.6180954048044, 0.004255335025462545]}