{"[20]": [6.275530350185114, 1.0431722376914363], "[40]": [4.444520283981288, 13.951853842564981], "[60]": [41.30614083603223, 1875.7605716303094], "[80]": [2769.745412315813, 9155.919814379437], "[100]": [15004.465848612876, 9472.305692153745], "[120]": [21145.03148345806, 409.05801498063266], "[140]": [6043.490388043584, 1393.9711927333565], "[160]": [508.16839717526295, 644.2885986874461], "[180]": [372.0292761785433, 278.42184685468527], "[200]": [684.3758933268572, 78.41015060500028], "[220]": [725.8026168771554, 24.052467546830396], "[240]": [668.1497382864013, 13.721002673326565], "[260]": [604.4320819679984, 2.9600327551726777], "[280]": [542.2803160172156, 3.994274432767662]}