{"[20]": [2.0], "[40]": [2.949870368838129], "[60]": [2.82653092224144], "[80]": [0.4394991901187307], "[100]": [0.5820973780344364], "[120]": [0.3868088336516169], "[140]": [0.6843379580675258], "[160]": [1.668297219157107], "[180]": [2.915065742662433], "[200]": [4.004901855781284], "[220]": [2.9084733672715797], "[240]": [17.083261032594454], "[260]": [0.9265547804504649], "[280]": [6.588445565525559]}