{"[20]": [4.057525704117093], "[40]": [37.49835286477821], "[60]": [5.123787300061849], "[80]": [309.82212504310974], "[100]": [943.3675148970906], "[120]": [570.2837604710439], "[140]": [44.89061196321836], "[160]": [115.56174077761443], "[180]": [99.14835758750434], "[200]": [112.91024830399448], "[220]": [99.3242409629866], "[240]": [78.18758709063088], "[260]": [69.56159379556152], "[280]": [61.87144665752882]}