{"[20]": [0.9380601732163727, 55.72281014282773], "[40]": [1.031644169843026, 10.341594357501087], "[60]": [278.8119658883039, 896.491252357208], "[80]": [742.0594504646593, 5815.665934655071], "[100]": [11256.156356989652, 5747.40327481042], "[120]": [20312.041374166347, 1019.8877029955058], "[140]": [10786.245929583742, 773.2798328594489], "[160]": [1704.3843177546585, 393.6531620576229], "[180]": [309.65428797699616, 158.8716117574004], "[200]": [551.9733924907686, 66.76641522504515], "[220]": [597.9860862555215, 37.920905796860225], "[240]": [562.4096489472194, 1.6964502188609003], "[260]": [519.1061455790509, 3.043959079356335], "[280]": [481.9871745799305, 1.0064196758917299]}