{"[20]": [9.458975510823322, 6.123252268311015], "[40]": [8.20684502347794, 1.972695482834686], "[60]": [64.13979319800148, 513.5205157660878], "[80]": [574.2543459416098, 3097.262350256075], "[100]": [5777.332493848155, 4753.2959096758], "[120]": [9190.831802179822, 379.80016894131694], "[140]": [3679.9679923527096, 750.5525062679498], "[160]": [94.24571179280383, 348.1769186488264], "[180]": [348.213388158891, 143.4185133773697], "[200]": [173.27670019287348, 45.089643608013354], "[220]": [233.75296194754063, 16.710073431628867], "[240]": [213.78935886447246, 11.648590646316936], "[260]": [192.43218340789292, 5.9460785916904895], "[280]": [174.16575632932535, 1.0081819387013657]}