{"[20]": [5.0, 5.000001628014535], "[40]": [34.85200279679516, 34.65199176804683], "[60]": [1.2162821413626972, 36.61596771891183], "[80]": [13.639686661839448, 88.9652389638164], "[100]": [6.761619994445141, 177.0375764626619], "[120]": [73.24257645450984, 173.16519224765057], "[140]": [136.53646971949365, 724.6886841866267], "[160]": [204.648242713155, 776.4403039901863], "[180]": [410.4942497936672, 810.207595802126], "[200]": [399.6964612603897, 816.4073206619305], "[220]": [1244.6918668746748, 90.79092408860924], "[240]": [1514.8547745244896, 5.900604118114643], "[260]": [1161.6571490419542, 164.37170729751597], "[280]": [434.08545267512477, 78.59242918397865]}