{"[20]": [0.7205824779258884, 10.363392417273705], "[40]": [8.608169589592535, 8.02853322407131], "[60]": [11.67993042754854, 58.997267680237506], "[80]": [2.302380658317874, 143.91103748026558], "[100]": [12.306594637394578, 27.927393980884617], "[120]": [33.292890796634424, 38.39872136540971], "[140]": [885.9790084307989, 82.39433397167514], "[160]": [1108.3667892352273, 447.7300079256573], "[180]": [848.1820662736924, 139.7875039881986], "[200]": [119.94809481918057, 72.7605519344997], "[220]": [25.0816379793503, 42.48829500914679], "[240]": [20.349959414619065, 13.943680197789869], "[260]": [25.807941819119304, 9.45500453915459], "[280]": [70.17681083117256, 0.7961750748182742]}