{"[20]": [2.7197129310279964, 1.2361776033439429], "[40]": [22.34123520177436, 10.568262537230606], "[60]": [27.367690601488903, 89.68020094267851], "[80]": [4.09443586180185, 179.70170308310816], "[100]": [5.025188031080411, 60.7808571721913], "[120]": [125.4776775869064, 82.40419766245044], "[140]": [758.7901853054153, 1545.388866335637], "[160]": [164.31071798786988, 1016.4814332352984], "[180]": [307.8534550769441, 50.24788990209833], "[200]": [191.70132852375093, 53.95473866062656], "[220]": [75.5026552389602, 4.225584163678255], "[240]": [23.012780531807767, 0.050461264806013074], "[260]": [20.899178079124116, 0.40144231662817037], "[280]": [21.647300167744245, 1.5044622798173422]}