{"[20]": [2.5716442273117006, 4.816044260705385], "[40]": [48.3911680618488, 7.86439619928637], "[60]": [10.3013812983532, 823.6148252993263], "[80]": [1161.996021874176, 3993.2201283020777], "[100]": [3052.8408252239756, 3098.9389409834826], "[120]": [7113.617218096958, 328.708204688899], "[140]": [2196.9828177412755, 449.2807623999518], "[160]": [227.34663038565992, 211.90123135866514], "[180]": [83.787065705471, 70.96404692692293], "[200]": [125.0747376664519, 35.3279832491371], "[220]": [138.78998162780562, 18.340796322269235], "[240]": [121.45071191183675, 5.907018419818724], "[260]": [114.51279557584408, 8.012983592607076], "[280]": [98.91632017730116, 5.0018320127148]}