{"[20]": [3.0, 3.000001266604183], "[40]": [16.113046650322673, 5.978240019687021], "[60]": [103.99119916829193, 357.2855101331632], "[80]": [76.4755451038709, 806.1179510584557], "[100]": [207.10500416417062, 318.6554644366129], "[120]": [96.40838766460911, 197.01863996870634], "[140]": [3262.782541332057, 970.0584641138776], "[160]": [4165.939225094287, 2636.122057531429], "[180]": [3428.8540924769004, 444.46035871892127], "[200]": [1210.5809151409426, 29.825292945981346], "[220]": [107.35865810150085, 40.14863559217679], "[240]": [135.20206645642122, 95.49567527221672], "[260]": [187.51385655452833, 36.67514510249616], "[280]": [529.1471216152734, 2.9299942151748333]}