{"[20]": [2.5568413192061654, 55.72281014282773], "[40]": [15.20528729483646, 10.341594357501087], "[60]": [317.8416947983371, 896.491252357208], "[80]": [910.9532253539921, 5815.665934655071], "[100]": [2946.6207872878213, 5747.40327481042], "[120]": [14796.131136114931, 1019.8877029955058], "[140]": [9257.683015226585, 773.2798328594489], "[160]": [208.40006221223462, 393.6531620576229], "[180]": [279.6234562094415, 158.8716117574004], "[200]": [366.4971238311539, 66.76641522504515], "[220]": [379.05326003461033, 37.920905796860225], "[240]": [392.3426348496264, 1.6964502188609003], "[260]": [358.71953065748784, 3.043959079356335], "[280]": [336.0690347842182, 1.0064196758917299]}