{"[20]": [3.209259594035022, 3.7464160648506635], "[40]": [4.00901586295204, 11.189958878959374], "[60]": [47.757156472316865, 230.9802795146035], "[80]": [93.28270499154155, 203.1749585382504], "[100]": [43.75106039309071, 165.54024282580224], "[120]": [7.112180259851925, 155.99182644263988], "[140]": [1328.860486551485, 1342.30811768082], "[160]": [1344.7929742232482, 2072.377522893923], "[180]": [11065.20488476845, 341.7414499408078], "[200]": [6912.987703566818, 794.0125286531165], "[220]": [156.64381262477855, 55.82831297822486], "[240]": [262.5399784357012, 139.09837886068306], "[260]": [374.7922048758137, 33.16296390836399], "[280]": [1129.8530486026002, 1.3893964930041944]}