{"[20]": [6.64203887112256, 8.535460734428948], "[40]": [54.59991019663996, 6.000780046459119], "[60]": [178.4213106198618, 1735.9986047066088], "[80]": [15856.27198958539, 5700.546570975166], "[100]": [4716.049704429099, 870.5901067609572], "[120]": [989.2004273431003, 469.5850533203579], "[140]": [1283.533490486935, 336.36575769026337], "[160]": [402.0182973970083, 138.878423417474], "[180]": [97.88087741376476, 74.52590507062054], "[200]": [86.56504351769881, 34.67199512922903], "[220]": [90.9476833699456, 13.831763816867769], "[240]": [86.65583407114485, 2.021093539359317], "[260]": [83.32796308648598, 11.002673090670667], "[280]": [77.97118714539037, 16.00033873620844]}