{"[20]": [7.56632308770873, 1.5033573170648076], "[40]": [6.54052650113772, 25.34425417969976], "[60]": [816.8349832539138, 886.3729091687701], "[80]": [0.9711510597371671, 1038.607811809256], "[100]": [94.56905694163106, 914.4318845587713], "[120]": [243.3701661883324, 697.5234434503695], "[140]": [820.7735444304562, 10573.297961473949], "[160]": [9574.12132912963, 8078.732217017772], "[180]": [23885.499641530878, 2099.0183714508603], "[200]": [8685.135281699364, 359.8583402785889], "[220]": [499.10638215189647, 150.41526568318727], "[240]": [8.318878820505404, 121.20305867197067], "[260]": [484.0740921793872, 15.037877137553515], "[280]": [1390.427797498451, 2.497996732744534]}