{"[20]": [1.0165863515887015, 20.298799180014335], "[40]": [104.35999547467357, 50.62304404363161], "[60]": [193.46263680856032, 468.74870596404276], "[80]": [159.31434379873508, 1049.3192784910268], "[100]": [49.697216117077005, 107.41924570494302], "[120]": [262.72923522933434, 293.7811227801667], "[140]": [4048.7431794686945, 3286.2217658079644], "[160]": [4766.568777395227, 1106.0224588111523], "[180]": [3272.97671942787, 225.97459547570452], "[200]": [808.2791816707377, 109.72267533046988], "[220]": [262.9973552155949, 93.42376859646936], "[240]": [223.7584844319067, 76.14640830244412], "[260]": [40.52742458465322, 14.954927056055752], "[280]": [183.9676063943881, 5.64277164926429]}