{"[20]": [2.894736842105263, 0.2313459358671217], "[40]": [71.42567735815402, 54.15883530146198], "[60]": [135.40822110523095, 3266.950924117672], "[80]": [9756.727014031552, 4010.174438282025], "[100]": [17199.093724043407, 1082.4588959679131], "[120]": [5549.872447733886, 542.4773519907121], "[140]": [327.994026488224, 238.25564388994826], "[160]": [788.6771148040277, 59.22001683496677], "[180]": [671.0025517162107, 27.39803415671461], "[200]": [551.2471757153153, 6.345157077099426], "[220]": [416.7444979952246, 1.9234853690163076], "[240]": [370.02619815070534, 0.00893975119104562], "[260]": [420.3460048553918, 0.0010444866145399663], "[280]": [405.7316163422275, 0.00012203119257685321]}