{"[20]": [2.7660669879986086, 3.1311397668615735], "[40]": [6.3523941074711, 1.9067746061857658], "[60]": [5.499471110125056, 221.23019144879368], "[80]": [317.6663336295664, 1434.053765718311], "[100]": [783.1876242502489, 2062.1460954026943], "[120]": [3065.5392271414107, 608.6632782208197], "[140]": [1552.784095197626, 410.31036662668623], "[160]": [157.2144260269446, 152.38633610277535], "[180]": [28.162459400783238, 68.83582342511504], "[200]": [41.915908446673285, 18.960575026848574], "[220]": [40.57645895958286, 7.415020410317767], "[240]": [37.76998309214231, 5.750035532599354], "[260]": [35.26443131831653, 2.9605846843651342], "[280]": [34.073981703804314, 2.00614617588133]}