{"[20]": [1.0, 1.0000019232466324], "[40]": [2.1376158061176964, 0.4017540191406024], "[60]": [4.4969152901489835, 12.648465382558143], "[80]": [15.839370921449834, 30.775798192731806], "[100]": [10.214708548851917, 68.6728975188131], "[120]": [43.04571191714365, 48.503515236450994], "[140]": [58.24706380079124, 237.94627211224952], "[160]": [326.3917025605897, 45.49582406985064], "[180]": [194.8026091281954, 201.09019558986347], "[200]": [326.9015782690358, 18.070634183371112], "[220]": [393.58233307043747, 110.9288789190291], "[240]": [863.66850645049, 33.83100873839521], "[260]": [328.3075440941557, 22.237758033392538], "[280]": [13.539494914741795, 35.97448670756887]}