{"[20]": [1.0, 1.0000010490286289], "[40]": [0.6717483901336407, 1.4897264930455416], "[60]": [0.23129242702751462, 0.5218118304494296], "[80]": [0.2011469870613994, 0.05270117505363053], "[100]": [0.17608114942865943, 0.00450799466626221], "[120]": [0.1518839980347776, 0.0003791420309856777], "[140]": [0.1367469964324903, 3.136535336923035e-05], "[160]": [0.12658361381878414, 2.6062521212182586e-06], "[180]": [0.12148840189080495, 2.1585243924197232e-07], "[200]": [0.11466797226849802, 1.7850231927780554e-08], "[220]": [0.1078950542567397, 1.4778857109340681e-09], "[240]": [0.10235798592568605, 1.2250422880327732e-10], "[260]": [0.09628415098757402, 1.017691708618021e-11], "[280]": [0.09199951117613887, 8.406396715311424e-13]}