{"[20]": [3.0], "[40]": [10.732023666771408], "[60]": [8.483678207242153], "[80]": [235.8134539476114], "[100]": [215.89162692770444], "[120]": [2737.2546572673896], "[140]": [1775.2543894795633], "[160]": [153.31041684951288], "[180]": [136.73230075197344], "[200]": [177.58916370723392], "[220]": [172.1425295354039], "[240]": [162.72453334330368], "[260]": [143.66700105959407], "[280]": [129.79797047265586]}