{"[20]": [6.1791396610651805, 2.629903905517828], "[40]": [21.284042236796004, 3.6027888849679406], "[60]": [208.5535233786584, 73.54518562010992], "[80]": [49.467081397797635, 103.50903938661078], "[100]": [15.53540045210143, 94.07368998679358], "[120]": [45.735279475639665, 21.845204995216662], "[140]": [1063.8292316136194, 1128.7671286904858], "[160]": [20.614725943986542, 1764.5376634014367], "[180]": [8306.58648838123, 88.76428056381447], "[200]": [6715.982167295841, 645.7904860058636], "[220]": [592.9149101121748, 82.41178052734534], "[240]": [168.41163360712773, 60.74646011853661], "[260]": [477.88758920508235, 0.10500026779772077], "[280]": [366.50927701643343, 0.27019272094116453]}