{"[20]": [3.888576751153486, 35.110907161740734], "[40]": [18.81542799835847, 8.802516743892951], "[60]": [3.448184659013781, 39.62907487496129], "[80]": [33.910130853737655, 60.88944601583184], "[100]": [2.802318384048906, 120.68653715462843], "[120]": [120.9763586336966, 105.5848944282532], "[140]": [81.25481851990075, 655.970324606571], "[160]": [353.485471477272, 995.335186752677], "[180]": [654.1529504426933, 1021.9258520557923], "[200]": [1132.3559857309453, 501.72961435126433], "[220]": [63.27930020243646, 349.5422975719375], "[240]": [3593.49618386387, 89.39709756229918], "[260]": [4064.0206234069983, 647.6314376688795], "[280]": [1614.6612820684866, 278.00144585659336]}