{"[20]": [0.3057116930258914, 3.366252080404216], "[40]": [75.94487171990642, 51.86172750836141], "[60]": [92.27967157182411, 2724.1945820098], "[80]": [12.162322172538552, 12527.430915615663], "[100]": [4549.8046433747, 8950.715875699243], "[120]": [534.9100871428891, 983.5322710616892], "[140]": [504.86214498025674, 1210.4517923373187], "[160]": [509.3372784559265, 527.5875549078651], "[180]": [359.9654731175124, 180.5245358809724], "[200]": [326.244373743187, 67.04857137185743], "[220]": [250.32793827346813, 14.759677763493741], "[240]": [236.50714594814212, 16.828188917396737], "[260]": [213.03410691422033, 8.976201501425429], "[280]": [180.09756806840517, 0.003296443651686687]}