{"[20]": [0.0, 1.9618225450192466e-06], "[40]": [0.9999999999999984, 0.34051994225418314], "[60]": [1.3896619993208965, 8.69862675602343], "[80]": [110.39476332441365, 6.496871054057806], "[100]": [336.8473663216182, 85.5021822335093], "[120]": [1461.7058141910984, 613.3612656170699], "[140]": [3673.2545935877133, 486.42360454426307], "[160]": [1445.6222778435967, 227.16171308095727], "[180]": [141.34019005222916, 12.550208404541081], "[200]": [99.3400215609555, 18.473570695756393], "[220]": [105.66901548336807, 3.878978622999691], "[240]": [99.6344468984575, 1.766608099688288], "[260]": [106.10237343203312, 0.2871582174118631], "[280]": [126.00378064629025, 0.04824017959543561]}