{"[20]": [0.7128398234820533, 22.49328289387569], "[40]": [56.84568000979637, 38.79518747866187], "[60]": [661.6155304273065, 1732.212325594721], "[80]": [2892.406560296079, 996.9950030164684], "[100]": [1336.2883262191913, 370.64277864968443], "[120]": [1715.8037289325237, 181.19840363621327], "[140]": [188.60088982638013, 114.15996881269791], "[160]": [71.76600929577081, 68.57639935934394], "[180]": [89.56212250591507, 13.193230684997326], "[200]": [89.61967973349647, 10.9044578048437], "[220]": [83.36203461749692, 4.985870241426508], "[240]": [81.41837702662937, 0.9985807237629625], "[260]": [85.2927173120133, 0.00017154382299647885], "[280]": [97.30003155809082, 1.8972961165733444e-05]}