{"[20]": [5.200940610694591, 5.280616415225159], "[40]": [17.60483934470048, 4.575850915129422], "[60]": [4.880842005123327, 491.6651573492315], "[80]": [195.60730341132694, 2368.4676116699643], "[100]": [1342.355305027795, 7193.099769498127], "[120]": [438.1212680460667, 4409.85540178603], "[140]": [2358.4078283607923, 537.8483148885571], "[160]": [1982.262270447647, 841.9842059461689], "[180]": [171.25781968145088, 386.79064417830705], "[200]": [213.68037782320664, 135.9694601318738], "[220]": [132.9850247940804, 44.08389583934496], "[240]": [91.13878701932597, 23.587566403147818], "[260]": [68.42024132128142, 5.582006534096655], "[280]": [62.587426933901, 0.9275840561409314]}