{"[20]": [1.0, 1.0000019232466324], "[40]": [32.567209961111416, 4.596722469736264], "[60]": [17.566944705910117, 32.80178078752667], "[80]": [47.53572188356955, 85.19384644946699], "[100]": [44.04999094640033, 163.38099746936666], "[120]": [98.76519192194655, 384.5730975728238], "[140]": [11.420408652573315, 782.1394464714854], "[160]": [122.5466632599464, 360.69020274816467], "[180]": [57.783958173652536, 628.9465212644245], "[200]": [215.90917414049363, 559.1335831267352], "[220]": [525.2149329914519, 143.89445004306526], "[240]": [1496.6042874769646, 39.592589702557234], "[260]": [879.4262398267347, 94.33331017831597], "[280]": [105.74060020543288, 201.5479778817139]}