{"[20]": [0.0, 1.0490286287641973e-06], "[40]": [9.589210740348207, 4.717650463849936], "[60]": [6.081560783639366, 74.85670502475801], "[80]": [6.6491839279299665, 563.8634358624108], "[100]": [666.714555790018, 1307.2747268381288], "[120]": [2776.374607351124, 729.0718068509377], "[140]": [2467.11758689045, 209.16257111568706], "[160]": [157.02036116493767, 172.5851182993779], "[180]": [72.92516787008732, 34.267109258021236], "[200]": [154.73978576445995, 11.111101469511237], "[220]": [156.04394548372414, 0.5751100313364692], "[240]": [135.05742754641327, 0.41182171994543887], "[260]": [121.61811022486064, 0.1001553026531116], "[280]": [110.13014856139858, 0.017196555334998698]}