{"[20]": [2.8329925931271704, 1.7447047827521232], "[40]": [3.03560212257905, 7.714205358248719], "[60]": [13.344694540812583, 3.5679112542663276], "[80]": [1.7054653209903101, 7.767679576931732], "[100]": [3.054690339426827, 1.620394666979493], "[120]": [1.886074297906248, 1.0798843713256758], "[140]": [3.9444696089347957, 14.75576980764665], "[160]": [7.331904716526793, 17.755688100152085], "[180]": [12.384098381784014, 28.396310910497363], "[200]": [38.624118497818245, 45.01618742335589], "[220]": [58.60246324306553, 105.61012466805596], "[240]": [16.632570100483463, 112.2844448418416], "[260]": [81.92361975763788, 108.43397291342626], "[280]": [257.70717949797745, 413.2285416092154]}