{"[20]": [6.144510144730747, 11.836566182312561], "[40]": [50.79288400566628, 26.768056413516316], "[60]": [134.3617801289437, 2508.5701600562397], "[80]": [12483.692055428446, 4998.721349937587], "[100]": [23160.274051392662, 846.6533276142962], "[120]": [7396.687354599055, 557.9047894091276], "[140]": [562.1040609764208, 694.4669862512071], "[160]": [966.883363136705, 375.95215506453894], "[180]": [825.7388109617729, 132.0619125161971], "[200]": [693.2121989181634, 41.589929877886945], "[220]": [605.9839265722392, 2.555489309856545], "[240]": [558.1074958747404, 0.9439124061815677], "[260]": [580.9542393833985, 0.9929237505024195], "[280]": [641.5404897479721, 0.9991075777364572]}