{"[20]": [10.653389651336461, 9.99464086711876], "[40]": [26.911431515049514, 42.678827699056455], "[60]": [589.7955542999807, 5097.094483300337], "[80]": [19604.946700789806, 4772.578917054219], "[100]": [14724.815690543637, 1208.5339215561507], "[120]": [3902.215640512387, 518.6184066659575], "[140]": [920.1973822204177, 165.05746763046204], "[160]": [389.29596144047406, 47.6587916414656], "[180]": [272.5527873925038, 8.950520238929002], "[200]": [183.40775956594615, 7.660574447020251], "[220]": [126.57819311957968, 0.9622312270504545], "[240]": [120.59463535593142, 0.00420244685416149], "[260]": [118.69470640554317, 0.0004675939921608769], "[280]": [151.39051293300128, 1.0000520254541616]}