{"[20]": [1.0, 0.9999985674950996], "[40]": [4.577146879424471, 16.80053453956104], "[60]": [18.43643249118329, 61.767414589042495], "[80]": [103.93703520561485, 243.75183309653804], "[100]": [865.8086213814313, 1582.6932660496198], "[120]": [2976.7062381032833, 236.0126783158279], "[140]": [5995.582986877991, 661.9364885887942], "[160]": [126.42463390348206, 411.37139684916656], "[180]": [63.4597902083652, 3.3851301133621012], "[200]": [69.23764826021905, 2.101790741680524], "[220]": [68.76749667250282, 2.6564393804446764], "[240]": [66.12110118802521, 0.1028933614235065], "[260]": [66.86004520791418, 0.2617161371167374], "[280]": [69.93258903029019, 0.044896469579305605]}