{"[20]": [1.0, 1.0000019232466324], "[40]": [0.5474698789831294, 8.591540858481963], "[60]": [0.2576182724999363, 5.787292828672859], "[80]": [0.16792588111508522, 6.12006073364957], "[100]": [8.891584949830083, 19.174866904063112], "[120]": [10.582396598724216, 21.710029927064554], "[140]": [36.59400581059671, 61.49438550187455], "[160]": [3.497289835774751, 36.86795943028315], "[180]": [52.26981386625761, 85.9886241396957], "[200]": [62.382929919469916, 163.7682698100034], "[220]": [200.97767551120273, 159.5280355429204], "[240]": [126.33841051946865, 98.83014364920473], "[260]": [599.3604888515101, 331.47622671317004], "[280]": [195.03296611775568, 215.6748154385773]}