{"[20]": [2.0, 2.000001049028629], "[40]": [0.5569925484621558, 0.7625988591564562], "[60]": [8.367414461841674, 23.171914149289833], "[80]": [1.2276616633491717, 10.793298323065565], "[100]": [1.0937353769914238, 0.12867820057429818], "[120]": [3.6993815936048673, 4.9765717707578645], "[140]": [15.196581493925668, 38.44953299511787], "[160]": [161.69530273563277, 54.874492643951086], "[180]": [243.25196700528605, 222.26568138765762], "[200]": [815.1710861630867, 61.53833224595456], "[220]": [932.2031438967126, 412.32529685623194], "[240]": [20.213421111192527, 126.12139929603883], "[260]": [16.083107598342078, 51.44489711924174], "[280]": [12.64366283437284, 11.452527282668479]}