{"[20]": [2.0, 1.9999673825055972], "[40]": [29.15886425143261, 11.194451751082354], "[60]": [4.998199024057758, 385.21092436769356], "[80]": [2016.635385958689, 489.2133303989951], "[100]": [3526.9996938357067, 199.36019574222638], "[120]": [353.40200745435004, 191.9650504742511], "[140]": [90.0713333847766, 16.669974604437066], "[160]": [153.2739249181221, 2.888843663539608], "[180]": [127.48773062970173, 3.2731162090580126], "[200]": [102.37479636624867, 0.20931432594764948], "[220]": [83.42595092731635, 0.02549958622085553], "[240]": [80.17441532030135, 0.0031062003196075955], "[260]": [78.13390254009052, 0.0003783778908958934], "[280]": [90.212332921698, 4.60917343378948e-05]}