{"[20]": [0.0, 1.0490286287641973e-06], "[40]": [6.29792212452949, 4.717650463849936], "[60]": [28.696916903022544, 74.85670502475801], "[80]": [201.23367809516537, 563.8634358624108], "[100]": [427.8537327460073, 1307.2747268381288], "[120]": [2135.68612573223, 729.0718068509377], "[140]": [1489.876804056354, 209.16257111568706], "[160]": [172.8924808243433, 172.5851182993779], "[180]": [74.55255426013515, 34.267109258021236], "[200]": [104.01634332715375, 11.111101469511237], "[220]": [100.3631769271451, 0.5751100313364692], "[240]": [87.12886360462855, 0.41182171994543887], "[260]": [77.62911608573867, 0.1001553026531116], "[280]": [69.65386071473792, 0.017196555334998698]}