{"[20]": [5.136084313465956], "[40]": [72.91111350131229], "[60]": [168.40185331181866], "[80]": [2766.0280957891014], "[100]": [9904.264924991923], "[120]": [2114.2472804399017], "[140]": [294.40252293530585], "[160]": [389.26702522464234], "[180]": [338.2415356404048], "[200]": [283.0063031700137], "[220]": [253.43671879254444], "[240]": [245.04434531074557], "[260]": [255.70560352968246], "[280]": [287.3190182993451]}