{"[20]": [0.0, 1.0490286287641973e-06], "[40]": [7.717623171726478, 4.717650463849936], "[60]": [1.0048437458940673, 74.85670502475801], "[80]": [101.69905525947263, 563.8634358624108], "[100]": [420.0165773482915, 1307.2747268381288], "[120]": [2304.654444962098, 729.0718068509377], "[140]": [1877.6814552565509, 209.16257111568706], "[160]": [76.83069864135025, 172.5851182993779], "[180]": [86.96766671471944, 34.267109258021236], "[200]": [109.99366685897546, 11.111101469511237], "[220]": [107.41341328956973, 0.5751100313364692], "[240]": [97.27682904108683, 0.41182171994543887], "[260]": [85.63467605226018, 0.1001553026531116], "[280]": [76.82281072433304, 0.017196555334998698]}