{"[20]": [1.813180183886491], "[40]": [10.901754654519664], "[60]": [72.50533297311034], "[80]": [14.092148251542255], "[100]": [0.8377896523908248], "[120]": [4.398593873105881], "[140]": [27.510249413868678], "[160]": [336.0253285297895], "[180]": [1336.165552615037], "[200]": [52.230736503460776], "[220]": [78.62435790871166], "[240]": [22.612659010669816], "[260]": [95.27456625030504], "[280]": [123.3980367310545]}