{"[20]": [0.0, 1.4398603732758724e-06], "[40]": [0.9856153106322008, 0.3405822167346626], "[60]": [2.3838352269229723, 8.69862760636014], "[80]": [95.30488382242856, 5.530829350581712], "[100]": [356.30473053274045, 99.22811251339863], "[120]": [2047.6571548200336, 623.7994017244637], "[140]": [3524.9658305181547, 497.3368654197202], "[160]": [552.5344980471245, 226.97495777676158], "[180]": [698.4252368596071, 12.318879794928307], "[200]": [124.64316080946456, 18.687299849961562], "[220]": [135.58927949772695, 3.9955804305915077], "[240]": [132.53403887967696, 1.828386616757061], "[260]": [133.95584076772815, 0.296734267476778], "[280]": [174.9216559428507, 0.047913163562535596]}