{"[20]": [1.4568771172762585, 10.275672548019447], "[40]": [30.59379836696315, 2.8581515158809765], "[60]": [85.04826583178988, 220.5622826507327], "[80]": [29.99005566920937, 241.71645120546998], "[100]": [6.2699604071355, 174.1319788792016], "[120]": [23.769966179614357, 165.79016054662168], "[140]": [1508.9326133621162, 1902.5268724255957], "[160]": [1482.8560635539689, 1841.4551307828515], "[180]": [1002.5688157829718, 998.3244819544852], "[200]": [1071.395999716795, 294.8877145343895], "[220]": [288.24812691372404, 78.87811963611398], "[240]": [39.61687713406525, 21.546417926780208], "[260]": [29.215660620570738, 6.403156006113537], "[280]": [93.2090239035295, 0.35014140236840374]}