{"[20]": [2.947368421052632, 1.7450009839248901], "[40]": [23.236757720636064, 38.845317892905385], "[60]": [64.7726319860077, 88.5856736060403], "[80]": [25.021384545434728, 75.54467842313082], "[100]": [26.83210691902309, 88.55302455699382], "[120]": [6.5976224771816305, 43.49877870627438], "[140]": [744.1078509549816, 1120.4392697283747], "[160]": [1880.2354505583753, 267.8075535120661], "[180]": [10024.66946819787, 841.8433377529254], "[200]": [7325.550189107707, 659.028956756878], "[220]": [459.4916914799667, 62.51672918958229], "[240]": [136.64484313938806, 57.62353605344754], "[260]": [256.56378864703424, 3.453426494676421], "[280]": [729.4059679596824, 1.2104807496637586]}