{"[20]": [4.440892098500626e-16, 4.636149377083165], "[40]": [7.823582342180853, 6.909456943613918], "[60]": [119.38958255290527, 446.91895788625624], "[80]": [1044.9740425181972, 1686.7643838429722], "[100]": [7011.57920229997, 27.005549249435717], "[120]": [2765.2258369601795, 514.3673401085098], "[140]": [77.23183419366, 81.53017952644586], "[160]": [402.48469761943085, 55.4143682871059], "[180]": [368.1857733311954, 11.465141941789469], "[200]": [297.33475211840073, 4.475834654085878], "[220]": [249.92059105318384, 1.2011482918889895], "[240]": [222.7594692437226, 0.9734586021526034], "[260]": [241.01408149594258, 0.003502035258046158], "[280]": [273.14697991473616, 0.0004620780410801086]}