{"[20]": [6.0, 6.000001937864623], "[40]": [25.80357568841368, 1.6408412341787866], "[60]": [1.6854228453400992, 521.6495133893786], "[80]": [1477.8762350969937, 965.0610737864663], "[100]": [5117.6881046747585, 533.5330780318982], "[120]": [6946.877919404746, 972.4208667510629], "[140]": [1100.4969800482613, 201.78542902723575], "[160]": [82.36939802784718, 40.035185677980905], "[180]": [135.81060211323057, 18.60010650268447], "[200]": [116.67369129233882, 1.3910856835882033], "[220]": [95.0330950435715, 0.29550010523155607], "[240]": [90.58126961336575, 0.015731959996885918], "[260]": [97.32104053112289, 0.011984701650687437], "[280]": [117.68005307886065, 0.0016729933870982604]}