{"[20]": [1.7438924694722795, 13.285078132163303], "[40]": [92.84321776118043, 33.928531672661855], "[60]": [417.8095044300284, 446.5362312896331], "[80]": [7.799656869968198, 1022.3178904907395], "[100]": [303.29190129076267, 812.6961019938659], "[120]": [234.0847841627462, 595.5420972235145], "[140]": [4276.847680830755, 2082.725278109385], "[160]": [2619.082071195799, 3595.7353461175376], "[180]": [3198.54315407721, 100.11486666165555], "[200]": [1462.1647319310441, 121.46879640835822], "[220]": [374.34758026836045, 4.316813138600399], "[240]": [86.01039995202981, 53.07863834685448], "[260]": [89.49416093855463, 9.924970504262584], "[280]": [192.88094392288065, 4.812766375100165]}