{"[20]": [0.0], "[40]": [0.9398918493375502], "[60]": [1.6422855334743243], "[80]": [0.6034308678704209], "[100]": [1.4527058448472494], "[120]": [1.2938435292589792], "[140]": [0.30764873711559093], "[160]": [0.28728949962698547], "[180]": [0.5793968793151588], "[200]": [0.28218304971966235], "[220]": [0.8440598884124759], "[240]": [2.2182823101275715], "[260]": [4.3075587845525956], "[280]": [6.3433912277876825]}