{"[20]": [1.0], "[40]": [4.177163370030233], "[60]": [2.43824148095392], "[80]": [3.428792784854636], "[100]": [28.7697381089356], "[120]": [222.9356780040398], "[140]": [458.2085764315898], "[160]": [211.7360352824569], "[180]": [13.906818356775347], "[200]": [11.796006695183014], "[220]": [12.586264970833012], "[240]": [12.804509148213116], "[260]": [14.434902823366647], "[280]": [17.446153473973148]}