{"[20]": [2.3072592269453853, 12.773211501512135], "[40]": [47.399743832957114, 13.810812598207178], "[60]": [215.3628828591511, 871.0673929189434], "[80]": [1750.4301626001761, 527.4057072219239], "[100]": [761.5490688379464, 244.54241783676662], "[120]": [920.737727550189, 42.56733338567756], "[140]": [197.1456682327791, 60.22528503790562], "[160]": [11.596398501592063, 14.116182948272382], "[180]": [63.67211200544504, 14.461744787865122], "[200]": [66.70221917020922, 4.940797942090786], "[220]": [67.6188857474428, 0.0065114983970451235], "[240]": [62.04049498036036, 2.9992831154015986], "[260]": [69.24931347371478, 7.874360705367945e-05], "[280]": [83.87415870877736, 8.658792237537036e-06]}