{"[20]": [6.121853943351236, 6.123252268311015], "[40]": [2.5627101196129245, 1.972695482834686], "[60]": [4.582341838270364, 207.48086279750996], "[80]": [23.44094291226668, 234.6155669747865], "[100]": [12.085049115423454, 86.75845266510046], "[120]": [13.803437277360946, 99.37514227821254], "[140]": [150.35494475848654, 1210.4686965785843], "[160]": [594.5854742113743, 2241.769456973462], "[180]": [641.8760106825398, 896.4857129395225], "[200]": [411.9688441894246, 292.8370598148785], "[220]": [73.2086943910696, 52.03024640345194], "[240]": [51.13413993640244, 26.037575514738442], "[260]": [48.773954959848176, 6.233844856034337], "[280]": [50.3679082573583, 0.026716588278348333]}