{"[20]": [2.4822239605266336, 49.24670372680679], "[40]": [4.096908174664781, 5.885645335813918], "[60]": [2.923926239924733, 19.424012807473055], "[80]": [16.22149284461196, 30.280073698351035], "[100]": [14.89712604712857, 41.62061782700067], "[120]": [2.207831660492595, 63.688751673406166], "[140]": [4.956843637123817, 76.36638963815221], "[160]": [6.499321198235717, 97.5695889389462], "[180]": [66.20691936209026, 165.08524509723486], "[200]": [63.1041650297283, 181.89575652440575], "[220]": [81.13865703012698, 177.14682378081497], "[240]": [134.06955582647177, 113.97082185834859], "[260]": [1021.9197149597385, 213.45363628864052], "[280]": [1992.4549434688581, 78.82328841912415]}