{"[20]": [1.0, 1.0000010490286289], "[40]": [0.1984900958616502, 0.4739493060636328], "[60]": [1.9901279116798285, 1.067799493625831], "[80]": [0.1591389392002486, 0.6523047749509725], "[100]": [0.21870047434151246, 0.9671465953360129], "[120]": [0.2889591379774503, 0.002247500412940044], "[140]": [0.1993741864246986, 0.00018597739549739418], "[160]": [0.15582983837625533, 1.5663725865078065e-05], "[180]": [0.13530328754172927, 1.3204901984586289e-06], "[200]": [0.12672530030013923, 1.1047628923076136e-07], "[220]": [0.11962685702999536, 9.56537224042262e-09], "[240]": [0.10937671346829225, 7.509085356776095e-10], "[260]": [0.10506188566122995, 6.140386986148094e-11], "[280]": [0.10742055928347125, 5.36150555892535e-12]}