{"[20]": [0.7645877975503521, 3.364836224855799], "[40]": [3.735786902012165, 0.6222935527534542], "[60]": [12.16176497415949, 5.764231763739496], "[80]": [1.04712830520319, 3.6392374923545185], "[100]": [1.3702562361522086, 2.899918660060727], "[120]": [7.652501225627873, 7.204770165671381], "[140]": [52.12408217374526, 51.04043416701906], "[160]": [146.69900336508638, 176.34649853764986], "[180]": [182.79595893368432, 149.71634613780373], "[200]": [288.592348944904, 446.50650801593065], "[220]": [2799.943607297446, 363.8868508069339], "[240]": [44.79800094066336, 76.95974950070217], "[260]": [20.0118653476061, 70.82974587491813], "[280]": [19.40658285017998, 15.185524874725257]}