{"[20]": [2.0, 2.000001266604183], "[40]": [0.7666681205030326, 0.49737379985376995], "[60]": [1.1747463551121111, 2.2953630470450133], "[80]": [0.18463037497970114, 1.0413855912220518], "[100]": [0.18199235860136356, 0.12332281863502222], "[120]": [0.02997265687726116, 0.011362161985825505], "[140]": [0.05054752757431004, 0.0010060009743214694], "[160]": [0.03487810677343625, 8.926061621149547e-05], "[180]": [0.023029650911758622, 8.129636353094787e-06], "[200]": [0.01967348454991094, 7.247580133722938e-07], "[220]": [0.017170851007674987, 6.526292473772803e-08], "[240]": [0.006747745907192498, 6.112032590948761e-09], "[260]": [0.006615530181509676, 5.229895569727254e-10], "[280]": [0.01692576879473743, 4.865774910753201e-11]}