{"[20]": [0.0, 1.266604183032739e-06], "[40]": [7.094722499272814, 3.0751879443196213], "[60]": [3.4261139776220295, 1.8227967947121542], "[80]": [0.18651406791449526, 0.22326830767648448], "[100]": [0.14628378788524157, 0.023215813438718716], "[120]": [0.10333780772720465, 0.001966117303827745], "[140]": [0.07608847912042714, 0.00012282109643055447], "[160]": [0.06704480528596929, 1.5453553612831395e-05], "[180]": [0.07529298361350265, 1.2087114221244718e-06], "[200]": [0.0673786920915577, 9.089649801532938e-08], "[220]": [0.058565255116182144, 2.7713119351299983e-08], "[240]": [0.05105303641980918, 2.417964299908094e-09], "[260]": [0.03764924905164046, 6.275379705776205e-11], "[280]": [0.03409486963852105, 5.855992192778669e-12]}