{"[20]": [4.779229633356625, 2.045462476223365], "[40]": [3.2244374460428116, 2.456144277631697], "[60]": [1.2115256819341165, 5.985726755723936], "[80]": [3.7805500483116656, 7.972438955304226], "[100]": [0.7260612289139459, 22.44796161075601], "[120]": [16.776884362019977, 19.11935454607353], "[140]": [1.903671348986427, 61.3283492133236], "[160]": [5.71836160406647, 91.68543211820503], "[180]": [51.697213137152964, 187.60632393867886], "[200]": [235.56812687581353, 76.60383205060339], "[220]": [70.81619867474126, 273.9484765699014], "[240]": [148.41279341419389, 48.91194691122128], "[260]": [1141.3045820074535, 307.9517369162055], "[280]": [338.94368471403186, 95.08638205306023]}