{"[20]": [1.3572350166955713, 5.822265649389932], "[40]": [9.658424069667852, 2.454688436282723], "[60]": [64.0505077072682, 114.25304110597364], "[80]": [22.0148077362021, 83.01113995546748], "[100]": [13.315175721600554, 74.90751698992369], "[120]": [25.44802864650501, 84.01453703108734], "[140]": [585.3257038616787, 742.4396265355008], "[160]": [1676.0286906934398, 15.2702281094098], "[180]": [4137.676290342621, 1620.6344092939617], "[200]": [2721.7832608017907, 358.04646138823864], "[220]": [365.9985269933047, 67.73575858195807], "[240]": [1.076862945673426, 22.23946234542936], "[260]": [73.15006757898065, 5.540641130439393], "[280]": [198.50003134551667, 1.2959601039691289]}