{"[20]": [0.045766339752792956, 10.363392417273705], "[40]": [6.3929874627416154, 8.838051105428812], "[60]": [49.96548621697795, 205.26665077077934], "[80]": [248.23216396359837, 1247.6530482021312], "[100]": [1335.360312764504, 1254.3838344960534], "[120]": [1758.870576301618, 316.720403357494], "[140]": [284.3986597271544, 146.69386520994823], "[160]": [62.21792630459037, 53.1171333788083], "[180]": [100.74916213085923, 40.666054996759655], "[200]": [112.70795072491062, 19.800047047670578], "[220]": [105.13110655375316, 12.379690728519005], "[240]": [89.33236618512784, 14.908433973454382], "[260]": [86.50686346363202, 5.013426924443898], "[280]": [76.43319120502879, 9.00198232966128]}