{"[20]": [2.030310396747384, 5.974741479072397], "[40]": [1.2711545626919136, 5.141999324330196], "[60]": [15.294398109868332, 482.59307241527154], "[80]": [419.50083676255474, 2630.0708801872115], "[100]": [4903.506836323636, 465.7200352752774], "[120]": [1627.5016376078427, 565.3143864980872], "[140]": [123.42996073323563, 182.57783450301133], "[160]": [180.22666354764354, 81.41934722144936], "[180]": [160.61192942187378, 33.94824980725369], "[200]": [138.57802302876502, 8.224438302158687], "[220]": [124.63177785232452, 2.8343695277323193], "[240]": [120.63009686076086, 0.027748572959907857], "[260]": [125.33971010623665, 0.001526167640892654], "[280]": [140.60526555030964, 3.7692855287951774e-05]}