{"[20]": [6.662010321849312, 6.537686244205281], "[40]": [20.642966829673057, 10.124751865529873], "[60]": [126.10908581606509, 1490.8624381680245], "[80]": [3999.575405974305, 1432.4884317175092], "[100]": [4219.280253851057, 742.2115808612707], "[120]": [1774.7352408435358, 277.2262428987865], "[140]": [425.87359378915596, 122.12939239697914], "[160]": [89.08450404750715, 34.478681382497925], "[180]": [62.41381198712725, 6.243044287852108], "[200]": [47.98109892953778, 2.6778167540627287], "[220]": [41.864583224958864, 0.03763459826076587], "[240]": [37.4880035243049, 0.0043958745935875855], "[260]": [40.59510463792507, 0.0005134518986185798], "[280]": [46.28018501442324, 5.997148060331089e-05]}