{"[20]": [6.006180516459883, 3.19325567099721], "[40]": [20.427223606788967, 10.565771774303956], "[60]": [17.296512840869223, 745.9036116715198], "[80]": [5125.95565069489, 4379.444300621949], "[100]": [3528.0130095080503, 4967.388980526944], "[120]": [515.1000331258213, 38.84550338708489], "[140]": [603.7248262063845, 714.780102438996], "[160]": [286.1716404446261, 281.15603425920426], "[180]": [74.03233015993608, 115.73509755540776], "[200]": [75.03972367077776, 24.951387681655117], "[220]": [71.03703247427848, 13.66812523233367], "[240]": [61.640188820427696, 1.8040587399701822], "[260]": [58.88794730540736, 2.971174873556093], "[280]": [56.538332722386734, 2.9957594772145986]}