{"[20]": [6.544157655139658, 3.8003590427214675], "[40]": [21.17908408054359, 1.5721634549813075], "[60]": [63.91781698030354, 1452.6975217174722], "[80]": [1915.2272299481701, 8195.945369072573], "[100]": [9343.916186496703, 5565.7430991380315], "[120]": [20880.5469716608, 908.9992801166882], "[140]": [11269.114550340179, 633.8996627376928], "[160]": [46.19810932876635, 338.0704329339337], "[180]": [378.98588200274867, 137.81843632855475], "[200]": [1305.3685874381576, 52.63952743628289], "[220]": [1391.4000252761798, 28.67918046075755], "[240]": [1208.9221361989764, 0.18631070519816717], "[260]": [1139.6074979417508, 14.973720884536235], "[280]": [1044.8063321684376, 6.996293362724572]}