{"[20]": [6.0, 6.000001942950466], "[40]": [21.55540546220687, 1.6408439205123457], "[60]": [48.01909334874961, 521.649527152852], "[80]": [1239.5221826036177, 959.1818119001091], "[100]": [7246.583829542047, 530.0308968940699], "[120]": [5652.655246663979, 973.072838168293], "[140]": [1860.3088277040242, 201.78533072840855], "[160]": [289.3141645752554, 4.976626187273155], "[180]": [226.89017399464228, 10.528015890222953], "[200]": [194.4764861157496, 1.4041954591291477], "[220]": [161.662452752594, 0.6149901142585289], "[240]": [145.97712921040704, 0.08585335190621729], "[260]": [157.79663567193575, 0.01198469553719607], "[280]": [179.42781774900863, 0.001672993523531955]}