{"[20]": [2.3406551597893523, 4.816044260705385], "[40]": [2.2199624111649574, 7.86439619928637], "[60]": [40.632107102767584, 373.3381471741992], "[80]": [41.48321950565967, 467.25208244901717], "[100]": [14.411229723544906, 164.46093696841376], "[120]": [9.851514008330222, 135.70937142484598], "[140]": [305.0872173549956, 2336.716277524936], "[160]": [452.0427553850744, 4246.7208649912845], "[180]": [1168.180827117006, 850.9150503622421], "[200]": [471.71927021475153, 56.128145500426534], "[220]": [83.3875359902131, 2.4522704015789305], "[240]": [52.47936683815594, 36.03217640703128], "[260]": [50.97032585094892, 6.504923714075242], "[280]": [58.4086243966489, 2.07842829959044]}