{"[20]": [2.0, 1.999918430038698], "[40]": [0.7161665285711483, 5.918569745142107], "[60]": [2.026578110263259, 6.128544907772257], "[80]": [0.5506841299224683, 2.3598122411232048], "[100]": [0.3757919855849224, 1.2846731048286113], "[120]": [13.124124674236164, 17.526510594049583], "[140]": [3.1235424564449064, 3.8836429995631883], "[160]": [2.2178294444283857, 11.538639181300566], "[180]": [2.506319582345147, 2.3074213299789146], "[200]": [52.63518398608716, 61.28329419118163], "[220]": [13.645566068768883, 21.224901682233188], "[240]": [115.69884406907018, 75.99340693787437], "[260]": [172.63836034165715, 64.1380253972995], "[280]": [213.52679865879375, 70.45001471416762]}