{"[20]": [3.685560549050782], "[40]": [2.7382600936871926], "[60]": [0.43176121815651886], "[80]": [0.9707293103496595], "[100]": [5.658066940968291], "[120]": [6.063162250887963], "[140]": [3.2544446884167746], "[160]": [7.987433566175301], "[180]": [1.3192906101582929], "[200]": [49.51367321492149], "[220]": [49.350357875274845], "[240]": [91.0020915497673], "[260]": [13.111155396880172], "[280]": [71.44912739546402]}