{"[20]": [7.160282797106282, 5.759752394510443], "[40]": [16.384077366468716, 21.850690192892813], "[60]": [48.303486055470444, 191.58752372476272], "[80]": [0.3429748838979094, 179.20193460158708], "[100]": [43.78205041598028, 51.59827289247539], "[120]": [18.02572784664494, 52.05540676376273], "[140]": [1499.3710428524048, 1440.305404160763], "[160]": [1113.3013323948217, 1601.8633436224336], "[180]": [5080.716092592633, 696.7775400468563], "[200]": [993.7691947081648, 380.68231422782355], "[220]": [57.59269948619317, 99.35881733143242], "[240]": [186.8283438936403, 40.98957887979327], "[260]": [13.525483848859864, 4.221923652024692], "[280]": [37.513103989310665, 1.2186796212080342]}