{"[20]": [9.458975510823317, 50.73162462410433], "[40]": [7.826843823802268, 1.972695482834686], "[60]": [239.6004927804582, 233.44382589440357], "[80]": [34.02241660967329, 204.89954586117378], "[100]": [38.18421245382731, 168.7653371296437], "[120]": [5.548623038388854, 59.18197534317222], "[140]": [943.4336893392073, 2954.5032737823913], "[160]": [3584.757730476269, 2087.74482019254], "[180]": [10766.391169365439, 1136.0723832783076], "[200]": [5106.226721153382, 421.1600830284768], "[220]": [210.71315008505442, 56.3365844709614], "[240]": [209.82325293673705, 63.567718838008226], "[260]": [228.70146075288002, 2.335404138339001], "[280]": [595.3254362448326, 2.546575086236082]}