{"[20]": [0.20269813153291782, 2.076484879058746], "[40]": [7.9871128738849615, 6.683440105487485], "[60]": [1.561859815290803, 260.4449813014322], "[80]": [60.87597444240783, 245.0894971341319], "[100]": [15.568749660955923, 79.1118029660524], "[120]": [4.32336201849545, 117.0827853013645], "[140]": [343.1255367864815, 905.7775484679063], "[160]": [297.61038336276545, 772.2850052917512], "[180]": [5396.615628340691, 2279.006300530346], "[200]": [2332.119522683802, 575.7169175648502], "[220]": [114.46437447060872, 100.67423782290018], "[240]": [115.07389771951769, 147.13380040165225], "[260]": [148.24831807516176, 11.512223238775725], "[280]": [382.57966836294867, 2.0747066158139926]}