{"[20]": [1.0], "[40]": [1.4420032689676068], "[60]": [0.5707038159310799], "[80]": [7.123717076755134], "[100]": [9.670311303937538], "[120]": [18.598911924953484], "[140]": [3.7728466389532516], "[160]": [24.600406672987546], "[180]": [1.751868591061994], "[200]": [36.712884817629394], "[220]": [20.31222597239037], "[240]": [106.12236833237672], "[260]": [83.53530345435462], "[280]": [34.960101490878216]}