{"[20]": [19.413955344516147, 0.42948901117817684], "[40]": [1.1803391723832277, 14.13052189931011], "[60]": [137.24958986980096, 241.98050464469662], "[80]": [36.523381838177556, 267.18594332710006], "[100]": [53.40493545866639, 205.60641524866185], "[120]": [30.886210436527108, 137.1628632484061], "[140]": [662.3740093388924, 2234.312872516015], "[160]": [6631.943730536448, 612.61342546792], "[180]": [15139.048306516699, 1092.196956461019], "[200]": [10871.634987379966, 732.2962089781759], "[220]": [1910.2429585284171, 146.07366285759144], "[240]": [91.61218960559461, 110.08476970555546], "[260]": [305.634882850837, 17.405320151056294], "[280]": [906.4422033197078, 0.4404729640247478]}