{"[20]": [11.343846549314183, 12.286465221586104], "[40]": [17.232526533201714, 56.257876878452784], "[60]": [69.68233115183315, 6076.129559575604], "[80]": [535.8229419053333, 9412.281256246722], "[100]": [5889.4790303573345, 933.2867253918223], "[120]": [1455.893258044961, 1432.797848375582], "[140]": [267.92347970742304, 848.0537695020126], "[160]": [273.5119142972388, 286.44301649177197], "[180]": [266.0721939950691, 73.62038126812959], "[200]": [243.54293093958276, 18.137187048679916], "[220]": [228.5354518757237, 2.914099447521611], "[240]": [219.3810421318159, 0.006552361320126515], "[260]": [216.59927790667078, 0.000800944273246027], "[280]": [221.6352015747545, 0.00018057805521355866]}