{"[20]": [6.418469203073448, 3.0717597413194304], "[40]": [77.35700630740193, 3.6027888849679406], "[60]": [215.60597712468493, 150.06695569530908], "[80]": [10.021511916155047, 163.64329887904395], "[100]": [3.1273325029430703, 93.98112835872824], "[120]": [19.203314722193646, 17.68466335426996], "[140]": [1117.9200944950462, 1055.3901917996939], "[160]": [530.0056764892954, 1402.2617919383476], "[180]": [6572.805670864197, 294.5029970618761], "[200]": [3667.823885631263, 612.2192818553593], "[220]": [900.6588920072397, 92.7480944133911], "[240]": [80.47492927665587, 59.18196858884618], "[260]": [87.08471717831242, 1.3147436443215337], "[280]": [185.07281821862057, 0.2340618989703497]}