{"[20]": [4.526315789473673, 0.9063979977855361], "[40]": [3.1062052301654433, 14.26677566404991], "[60]": [8.682054256313108, 399.0443634888379], "[80]": [548.1457969245967, 1983.2635138461083], "[100]": [3673.801446419351, 2488.4248989962543], "[120]": [6450.428643945079, 220.27955172127258], "[140]": [2095.009378161343, 354.2694174341559], "[160]": [160.92998288978367, 127.36672334329637], "[180]": [248.45025582859512, 45.04103276172589], "[200]": [174.42491360109537, 6.897091514277022], "[220]": [199.08148887064905, 6.39986656585201], "[240]": [185.28531705829275, 0.9122620667573464], "[260]": [167.99320262700215, 0.01282610076078794], "[280]": [154.04175175686612, 0.0018749824019623773]}