{"[20]": [0.0, 1.266604183032739e-06], "[40]": [0.32047447044242006, 3.5848445397125985], "[60]": [0.7538283632542075, 1.6155786194579327], "[80]": [8.813685206551343, 10.630574784488644], "[100]": [12.247526766785782, 26.9217968210998], "[120]": [4.8266179169006875, 48.10988962362215], "[140]": [55.893877509950585, 87.63396273289231], "[160]": [180.95968378462453, 10.063741825136503], "[180]": [272.767945312366, 493.5967677022245], "[200]": [388.0993522237104, 58.486919799522184], "[220]": [355.2793603041473, 64.38006067536503], "[240]": [61.42239095440823, 2.5756526261369572], "[260]": [0.9100989789697564, 22.4441039839177], "[280]": [4.265546227252493, 1.9501712416502244]}