{"[20]": [1.0, 0.9999375874574534], "[40]": [1.1670996428925406, 7.476059326645431], "[60]": [9.963172878618229, 20.661879510878016], "[80]": [1.201157228486823, 5.321396212946418], "[100]": [2.124692892639988, 4.771228488352774], "[120]": [11.708265804556664, 21.60966713000806], "[140]": [13.125656564146395, 38.988502322431025], "[160]": [28.322201032400976, 11.309202377731545], "[180]": [45.02369848762957, 70.78283807714328], "[200]": [67.60989454672688, 69.04634437084943], "[220]": [254.14846434481936, 156.34369484199686], "[240]": [34.38772376787667, 56.94545884861794], "[260]": [75.78585318866129, 201.1011683743976], "[280]": [378.78620342951785, 135.45562525461807]}