{"[20]": [7.748171704330221, 5.575202246623011], "[40]": [48.309003885480024, 39.37689490853833], "[60]": [131.94538373321825, 263.07639463384726], "[80]": [78.28800898453096, 225.83007330894202], "[100]": [4.10747155698823, 239.9092045807265], "[120]": [22.81576571738708, 204.27782077888776], "[140]": [413.5945211053613, 3547.228266866926], "[160]": [5185.120361356559, 6349.818712243388], "[180]": [7200.250475657645, 2067.811444952229], "[200]": [3772.8709459773418, 19.657662824173713], "[220]": [1131.8537614585994, 48.66299276083271], "[240]": [106.94691426785218, 28.1925117091358], "[260]": [73.5315867581956, 4.437776508514883], "[280]": [200.4068471974202, 1.6694139700257669]}