{"[20]": [4.8329925931271704, 0.25529970023372694], "[40]": [40.30080919416008, 1.8929527726127873], "[60]": [68.79798473796643, 140.4820990721283], "[80]": [8.647979928121345, 223.22467418498826], "[100]": [5.159776072891532, 153.56768431122669], "[120]": [0.5779063816029293, 53.214384511240496], "[140]": [304.97166141031084, 1999.2582314130755], "[160]": [3127.5552103701048, 4572.457762996426], "[180]": [2014.02199857509, 556.0353521720235], "[200]": [996.2188811465435, 110.35192510740649], "[220]": [291.37566805628103, 7.28057266147465], "[240]": [73.10412690142954, 7.357034951259948], "[260]": [76.63829664331926, 5.634203565556051], "[280]": [210.03831094758553, 0.3454566420542591]}