{"[20]": [3.0, 3.000001266604183], "[40]": [8.583391978635845, 2.758667483473694], "[60]": [61.00031558381099, 50.02185352726879], "[80]": [16.00290554353961, 30.878767178177185], "[100]": [13.745151155292518, 15.885270942490337], "[120]": [9.387899038761503, 5.042967768953972], "[140]": [172.83107541535463, 160.68886819223326], "[160]": [467.4983985540398, 314.99250350840475], "[180]": [613.2816772888691, 31.730864817047404], "[200]": [4442.769092339149, 78.88843399809775], "[220]": [4447.551996286735, 562.3748106503417], "[240]": [188.89821581551655, 217.52448193627515], "[260]": [9.54457109365103, 42.78348418076257], "[280]": [138.33632199023654, 26.40772388076781]}