{"[20]": [1.9999999999999973, 2.6357458270494876], "[40]": [16.541914313234216, 10.516915314937705], "[60]": [59.00229696567877, 78.2010635444623], "[80]": [51.070134143501946, 89.26407786183913], "[100]": [33.3699701219021, 42.711873019217364], "[120]": [4.807208416088486, 50.04955275751183], "[140]": [318.4689405350232, 274.0171184435146], "[160]": [1087.980854107761, 227.82689161312646], "[180]": [3617.137053027589, 540.7196156934369], "[200]": [2362.0384101393356, 767.3532966894318], "[220]": [411.46285023869245, 77.27756768846893], "[240]": [15.74631377884657, 32.875719436295924], "[260]": [133.16910210146403, 1.2665959063997079], "[280]": [365.9319040889552, 1.2544507632206905]}