{"[20]": [2.2685751596015575, 15.727670768513248], "[40]": [82.30239382942591, 33.928531672661855], "[60]": [489.2089653622711, 446.5362312896331], "[80]": [8.770500146218339, 749.9881115509622], "[100]": [159.84899224866095, 380.59907754680137], "[120]": [22.761981455205497, 318.35385105968965], "[140]": [3218.075918081761, 4286.068852619707], "[160]": [7111.293092176312, 1011.7006059892261], "[180]": [3085.2448631131915, 729.0485070869843], "[200]": [4795.500157205321, 236.71000496948295], "[220]": [133.48673322358596, 117.51070900068513], "[240]": [379.60861074050956, 76.1134927794761], "[260]": [151.44432377891354, 15.48191892724012], "[280]": [528.2763131987383, 5.631362837352683]}