{"[20]": [2.647629231786055], "[40]": [11.26903411410207], "[60]": [8.768132550676796], "[80]": [25.506261530840675], "[100]": [643.7156118339699], "[120]": [490.5332831185151], "[140]": [1410.018853633188], "[160]": [583.9841400227697], "[180]": [66.84599311137322], "[200]": [69.92646227758934], "[220]": [101.55700193527788], "[240]": [122.41532562510108], "[260]": [119.49796578180778], "[280]": [102.93422609789228]}