{"[20]": [142.14215023870722, 10.579149959341118], "[40]": [1.8906509626927483, 15.812429810515411], "[60]": [224.35043971822748, 762.1637409927453], "[80]": [1619.2417598316983, 820.777238551682], "[100]": [3870.1030959503505, 581.650900314608], "[120]": [1333.630181708195, 143.66020391629417], "[140]": [139.65636422367083, 6.904369815735717], "[160]": [90.60279434844851, 7.674265070730444], "[180]": [79.0190768515353, 8.336137612038527], "[200]": [71.59150881035659, 0.6832340047162899], "[220]": [66.70749062157267, 0.9623513193100367], "[240]": [63.41372978483656, 0.004463620363867932], "[260]": [61.8657923190973, 0.0005301944761082647], "[280]": [62.22157766666773, 1.0000630542843523]}