{"[20]": [6.1741209988703005, 5.051083703614059], "[40]": [7.737532363745461, 18.095820332331023], "[60]": [11.375829375031794, 1484.097630523088], "[80]": [8006.256541025046, 1380.0099127369033], "[100]": [8647.59422447919, 662.4554592439608], "[120]": [3185.5826780236225, 193.33766747652788], "[140]": [349.1400518181551, 53.58201501009608], "[160]": [275.5639244273012, 19.235911219597156], "[180]": [253.99529249727655, 4.086593448986342], "[200]": [238.77502359598526, 1.3400751224141112], "[220]": [226.62137437032248, 0.039876857317889584], "[240]": [216.82761962513572, 0.004675614013363262], "[260]": [208.25751710583125, 0.0005482214992035557], "[280]": [201.40228519230223, 6.42785763729646e-05]}