{"[20]": [1.7915516791634523, 4.745639043375972], "[40]": [17.32567940466941, 11.668500558789745], "[60]": [0.01249550403669275, 49.46527528398684], "[80]": [21.432446562330114, 99.77800892957521], "[100]": [71.56671357581075, 189.9484165567667], "[120]": [92.99885870932349, 440.4273609441765], "[140]": [154.1060443036513, 673.0734120820966], "[160]": [134.82239248488168, 732.3322806072056], "[180]": [125.96825639041344, 1875.3526272554855], "[200]": [576.1313804229612, 2834.473899728753], "[220]": [645.6739548651749, 1680.0659904315362], "[240]": [1329.2821302908524, 59.26025283195486], "[260]": [1073.5045246589925, 321.3122502815004], "[280]": [949.0919335719236, 367.2490488890535]}