{"[20]": [6.174120998870299, 15.900523808008428], "[40]": [2.6797825960080246, 22.114575949493748], "[60]": [117.5405966174429, 1352.246132243363], "[80]": [8154.569552191248, 1121.7190272991932], "[100]": [11348.74502986869, 707.1910698306963], "[120]": [4349.741562467402, 271.97839389999893], "[140]": [412.1962462903043, 121.46924343527442], "[160]": [87.03679416717398, 34.40368361403012], "[180]": [83.90073514177763, 6.234617170219687], "[200]": [79.40152975816991, 2.676867402910948], "[220]": [75.25106937731645, 0.03752755875069378], "[240]": [71.89207887665964, 0.00438383012565327], "[260]": [69.21939606210186, 0.0005121017344950292], "[280]": [67.78856355367603, 5.982077143023969e-05]}