{"[20]": [5.114300299589513, 7.442274886814804], "[40]": [70.3714906477613, 60.01418977914782], "[60]": [182.18000305011773, 1442.4608336885778], "[80]": [3537.918692079389, 6503.350036090252], "[100]": [10011.33449826328, 1122.3626777357706], "[120]": [2131.1372183170397, 1050.824304450213], "[140]": [273.1463708347586, 448.6310729164125], "[160]": [381.4141306907006, 176.78861710061193], "[180]": [337.75825745035655, 43.43284381915144], "[200]": [281.8202900114146, 15.555008269056291], "[220]": [253.2867938588323, 0.9047149351813262], "[240]": [243.29646175802262, 2.987458720039362], "[260]": [254.4108762927538, 0.998925684560723], "[280]": [286.1547544041907, 0.00015084556537738958]}