{"[20]": [9.564629403353386, 19.371054562622575], "[40]": [139.6477364264108, 73.54043956807732], "[60]": [395.3971087480695, 6269.314627244357], "[80]": [2288.2862881000474, 5521.056956471148], "[100]": [10359.8542720068, 1877.9074224828073], "[120]": [11024.74495543948, 1030.0522772638342], "[140]": [1212.321011125954, 716.7797286074656], "[160]": [561.4216833071466, 269.392787189656], "[180]": [680.4549015028861, 71.0156328799396], "[200]": [555.053534621931, 17.590913921753625], "[220]": [461.0851391674828, 2.8343995009622587], "[240]": [439.7374219320643, 0.019459079404964497], "[260]": [472.2213450648213, 0.002286918214588902], "[280]": [569.8658201409556, 0.0002687411588407443]}