{"[20]": [2.78442823623669, 3.1311397668615735], "[40]": [8.050496126325477, 1.5525552186481242], "[60]": [56.83770437221297, 226.6623584957795], "[80]": [130.9977319422186, 1093.7728538466172], "[100]": [600.2724404830172, 2493.4468194800775], "[120]": [3338.6971941969114, 483.56843891014506], "[140]": [2370.630999450193, 388.22607540124767], "[160]": [46.417842084762825, 106.0512148166483], "[180]": [54.937457025684026, 39.77457802427505], "[200]": [59.10749124134984, 23.88610380048274], "[220]": [59.59309844099526, 7.228759175111458], "[240]": [57.954742970904945, 0.7180471085227722], "[260]": [50.968526709499095, 3.9551251273294836], "[280]": [47.949136131141685, 0.9928578828989285]}