{"[20]": [0.0, 1.0757718549574329e-05], "[40]": [10.93056576828829, 4.717650463849936], "[60]": [8.016431587142554, 67.85670502475801], "[80]": [34.15562849907702, 44.483496822739504], "[100]": [1.553922945490178, 30.18986645985389], "[120]": [6.237673497869326, 16.915819013512827], "[140]": [236.95960537173164, 199.55343190057488], "[160]": [294.13158152209746, 304.86439480803205], "[180]": [2569.357755559231, 251.47896433177235], "[200]": [2677.011039772107, 536.9751200319162], "[220]": [275.4992152720486, 38.54614834899319], "[240]": [50.535735850909276, 60.386881638859926], "[260]": [66.41124231406948, 4.320180463369127], "[280]": [180.58544546611037, 2.4665736587446245]}