{"[20]": [0.11827957798679263], "[40]": [1.8990057506019915], "[60]": [146.84518309861377], "[80]": [434.1206907224025], "[100]": [110.35884691875358], "[120]": [12.84493561347483], "[140]": [2630.8581965885264], "[160]": [2345.5993617868176], "[180]": [8753.616653368861], "[200]": [2518.107398059489], "[220]": [202.03850081395214], "[240]": [225.63242022629203], "[260]": [506.71976069443474], "[280]": [681.6044988085085]}