{"[20]": [0.0], "[40]": [8.058336643259018], "[60]": [0.45443641670086327], "[80]": [166.69249075154985], "[100]": [2117.3800036945645], "[120]": [2580.5771603604603], "[140]": [456.6947774289533], "[160]": [82.97204698763066], "[180]": [96.91728221967045], "[200]": [85.73836120714385], "[220]": [76.80629761075257], "[240]": [73.93750123541078], "[260]": [76.781346481744], "[280]": [85.85410280505424]}