{"[20]": [10.448493858553224, 1.0431722376914363], "[40]": [3.3644717909951836, 14.604027755608458], "[60]": [184.60048199148483, 2034.6885311849821], "[80]": [2914.1705613530294, 10448.084693424942], "[100]": [5546.970873380021, 9469.298056273778], "[120]": [15908.31907048843, 565.5462796074584], "[140]": [4742.440893943385, 1510.1119402904496], "[160]": [371.4742729020238, 743.8822365881397], "[180]": [178.88635167111008, 243.35732071870478], "[200]": [225.44404616891876, 77.65338650632229], "[220]": [223.362801611119, 24.244960234986426], "[240]": [203.9488959966531, 2.750604672466335], "[260]": [187.04762104247828, 5.964561301634448], "[280]": [174.39961695572723, 0.9949639680843193]}