{"[20]": [2.53904260143282, 31.645414484074944], "[40]": [2.125262196053523, 6.683440105487485], "[60]": [38.64018461747835, 225.245675815294], "[80]": [82.20585269588076, 158.18336016626634], "[100]": [30.53044685988713, 98.67717275888121], "[120]": [4.917307942066526, 107.25029916552604], "[140]": [1301.8293630352991, 1321.046793845111], "[160]": [1221.2107306406858, 1350.5441029316523], "[180]": [10703.72331859141, 180.79889479669708], "[200]": [6180.9658589177, 770.2930565027149], "[220]": [216.4077461706326, 51.81813010008818], "[240]": [224.16984111213546, 138.1310041727607], "[260]": [244.78534224109947, 33.027340643079796], "[280]": [634.4723323730544, 1.3777015378426478]}