{"[20]": [1.0, 1.000001266604183], "[40]": [3.6152934982912655, 1.813571878466579], "[60]": [4.485522081573752, 7.989811937049653], "[80]": [2.8008434051340885, 23.676574884943733], "[100]": [22.31448588214576, 61.95564735777697], "[120]": [26.66320587039729, 261.53485396246765], "[140]": [106.76406026749692, 403.9449204117568], "[160]": [213.49966948274323, 788.3786453728271], "[180]": [103.0162411753754, 466.17875291014025], "[200]": [1821.5484293363352, 141.83271689360845], "[220]": [1612.510210892282, 160.76227604968335], "[240]": [725.5333663796578, 146.98994074007214], "[260]": [234.03670940770974, 95.15010117183579], "[280]": [18.376623424970603, 7.093124077379002]}