{"[20]": [6.0, 5.999998573665661], "[40]": [73.1325842630395, 17.56668482509503], "[60]": [12.659386110485979, 207.41554860778754], "[80]": [5514.019229854332, 8008.4256922531995], "[100]": [9218.782524195816, 786.5776060493343], "[120]": [1115.401517600692, 150.91664605889713], "[140]": [214.3967219880756, 140.8240142324726], "[160]": [276.6275876528117, 151.62099113998516], "[180]": [288.72307233372834, 66.76270720137987], "[200]": [254.94124619717311, 44.542518903412606], "[220]": [235.09426856385377, 1.91163099602178], "[240]": [226.27689744511636, 6.989866235537425], "[260]": [239.8071670753843, 1.9993785303673395], "[280]": [270.511135773702, 6.251169057197242e-05]}