{"[20]": [22.285800077775207, 37.10574959830294], "[40]": [6.029072200236172, 6.779280126325261], "[60]": [352.1669129206946, 193.03967080566986], "[80]": [21.742585977910153, 205.9983297909389], "[100]": [34.71258026751616, 141.5565189789802], "[120]": [45.98729906273297, 174.58777412732445], "[140]": [1025.6677191244817, 3849.1005872065098], "[160]": [7396.540921235719, 1538.1441071501176], "[180]": [19892.659869155075, 2726.682257546796], "[200]": [12597.883845107655, 596.039310740869], "[220]": [205.28431214194893, 133.0383931331412], "[240]": [11.58049392012083, 89.04929097599825], "[260]": [565.5316250886956, 3.4516748287667127], "[280]": [1542.6035093131736, 0.955108633158865]}