{"[20]": [1.0, 1.0000015874364736], "[40]": [0.6808153419083496, 2.7062840236930885], "[60]": [1.0132971894174276, 0.19422658512578317], "[80]": [0.37058637711637865, 0.08748979747298072], "[100]": [0.2864604479363307, 0.0077709281647089104], "[120]": [0.17970527739655995, 0.0006654270052133759], "[140]": [0.15269696395743565, 5.6665013954868735e-05], "[160]": [0.12441199241198278, 4.804201846058997e-06], "[180]": [0.13431302066519907, 4.0632251138698294e-07], "[200]": [0.11910157730874973, 3.376650739149028e-08], "[220]": [0.10074106964285834, 2.9226265676170917e-09], "[240]": [0.08790091731126899, 2.500446501096997e-10], "[260]": [0.06692929905781954, 2.1478825299236054e-11], "[280]": [0.05687440493638101, 1.8557095306831065e-12]}