{"[20]": [0.11280809902703048, 57.62598934293136], "[40]": [4.286414513143501, 10.219242154109327], "[60]": [79.30789453367663, 424.1494518077703], "[80]": [2131.2199553909923, 1491.0343645487796], "[100]": [7354.063380986828, 16.14297582829826], "[120]": [4766.105038278755, 508.14990768538337], "[140]": [198.83444772735444, 80.7087672062684], "[160]": [448.93738804068056, 55.300238280049896], "[180]": [363.9371845509498, 11.450436944309411], "[200]": [285.98443668731454, 4.47393463206374], "[220]": [209.3965236796735, 1.2009056842817833], "[240]": [201.17298089503657, 0.9734276686671919], "[260]": [199.33205620315837, 0.0034968476354515572], "[280]": [265.47720482632275, 0.0004615856977499761]}