{"[20]": [19.136404600095094, 5.489979330346462], "[40]": [18.28226086706851, 34.328308657504415], "[60]": [3.22807322731857, 49.08089575923696], "[80]": [43.52836934767085, 115.21264177732519], "[100]": [167.2263316191258, 239.70931608332793], "[120]": [125.13639145544047, 190.70575155476865], "[140]": [502.61921555966, 874.412589655967], "[160]": [493.7874917504272, 791.0671743164934], "[180]": [88.56078826824512, 1545.3952945074213], "[200]": [873.2664511759822, 345.5779877848492], "[220]": [1300.0611299134096, 329.9930840225807], "[240]": [196.91647825212414, 49.10435755825575], "[260]": [909.6643836846426, 723.9408188978841], "[280]": [1076.0199270881412, 200.10754325751037]}