{"[20]": [4.831556563193799, 3.0592960787755232], "[40]": [14.455875223053889, 3.4650423523177802], "[60]": [2.647849653845176, 484.2818819464885], "[80]": [173.55154894875037, 2272.0552584617762], "[100]": [1258.175567602065, 6778.486339781491], "[120]": [301.2943527408826, 4165.808303736756], "[140]": [2109.0210688743073, 452.4504350289473], "[160]": [1763.9471825472285, 820.1206368356603], "[180]": [93.88635955821246, 382.8341088140977], "[200]": [112.97432341321114, 135.30884548487091], "[220]": [76.7472334102488, 43.97460832153202], "[240]": [62.29248743881906, 23.56944305773696], "[260]": [55.85474478635704, 5.5789912344247945], "[280]": [53.24195782077383, 0.927080882992914]}