{"[20]": [2.0, 1.9999985712758506], "[40]": [8.908385774725138, 6.549937212090148], "[60]": [229.50871689009054, 384.216571263095], "[80]": [1495.6636972063125, 1419.4636249566443], "[100]": [1954.3644257199305, 385.5540425185571], "[120]": [462.18958002135935, 13.228412821968403], "[140]": [51.96539568198837, 55.25916306015951], "[160]": [81.35297172895002, 23.29010290969504], "[180]": [76.09761011305703, 21.341213770289137], "[200]": [68.61799069322466, 7.8001096267755345], "[220]": [62.12107004426695, 0.023946288438480824], "[240]": [59.58021468126471, 0.0028842682468794346], "[260]": [61.461665644058634, 0.999650888769289], "[280]": [71.51591339076177, 4.184356486821539e-05]}