{"[20]": [2.0, 2.000001266604183], "[40]": [1.427067174474228, 1.3721526578556595], "[60]": [3.1218571243424886, 0.488491484581834], "[80]": [0.9688080489593895, 2.298400393760297], "[100]": [1.8426884385180404, 3.4473998185776287], "[120]": [0.9531542440431977, 4.046209488933766], "[140]": [8.420042312138666, 12.00293725929204], "[160]": [6.479427082097686, 3.998825824810808], "[180]": [1.637396242919472, 6.001090498820062], "[200]": [5.63855607727146, 31.000030930562957], "[220]": [2.439864345230575, 65.00000136247064], "[240]": [1.8292200538462566, 212.00000012008968], "[260]": [34.53715102041224, 207.00000007880317], "[280]": [44.869291830566, 80.99999999971055]}