{"[20]": [10.589569830532588, 4.726707751279616], "[40]": [4.102074085197162, 4.369203958120714], "[60]": [0.9344687349243237, 10.091428127770785], "[80]": [20.256189758317454, 28.054969500697784], "[100]": [13.877421204326962, 39.05819659951072], "[120]": [45.81143904439237, 24.02496230803532], "[140]": [65.94923930327334, 145.57106672048826], "[160]": [42.76682782719416, 248.3081062699271], "[180]": [194.65048392593036, 275.0927859853901], "[200]": [7.332610094958122, 118.33412905794614], "[220]": [653.0491105351821, 241.33284631409467], "[240]": [1417.4111000477285, 95.92213705474106], "[260]": [1122.2578352951934, 79.26337512605674], "[280]": [314.87860739978356, 19.598189540087077]}