{"[20]": [2.5390426014328176, 31.645414484074944], "[40]": [34.65138181181104, 7.406147017768099], "[60]": [265.354097474329, 808.3478218875717], "[80]": [322.0240782123947, 723.0747368932712], "[100]": [178.42959860365698, 513.7351664958554], "[120]": [276.74252163531463, 389.34964114902544], "[140]": [5590.176575586833, 3065.459143025163], "[160]": [7345.15231259398, 9146.113521041416], "[180]": [18595.57440159343, 503.938930312313], "[200]": [6805.581644550882, 535.6602833023137], "[220]": [400.927709159355, 290.82540727359674], "[240]": [294.739248058264, 297.2971752632554], "[260]": [367.10319374395067, 95.76448912568414], "[280]": [1003.3363283100363, 9.302237315509357]}