{"[20]": [3.2023719582228476, 0.7745525552740188], "[40]": [2.339777423714981, 9.588501210268827], "[60]": [18.79083292131699, 390.3793163518064], "[80]": [636.2459579097929, 1857.2508835016558], "[100]": [2014.620586835397, 2352.168712802616], "[120]": [4851.539931525654, 182.5285991674284], "[140]": [2490.001573445067, 345.3283518500611], "[160]": [93.98459220516463, 126.00069828822025], "[180]": [72.76449520947949, 44.84932748681608], "[200]": [182.85067327643608, 6.870466770369979], "[220]": [170.15894763424683, 6.39615693265406], "[240]": [148.13829640419817, 0.9117431416720033], "[260]": [134.79466898782965, 0.012753253037292621], "[280]": [122.00290614159586, 0.001864724830605706]}