{"[20]": [0.0, 1.6575032016945218e-06], "[40]": [3.377567055157087, 13.391840907205747], "[60]": [43.622702014845345, 844.3943155801493], "[80]": [3270.062714942338, 3070.493733412808], "[100]": [26723.785629449267, 1745.7847203286801], "[120]": [17077.838683632363, 1824.2655098977702], "[140]": [1099.2576926509855, 162.1383953434197], "[160]": [1536.3881007510795, 199.05430035926008], "[180]": [1485.5484975613451, 98.36861511638489], "[200]": [1323.8055013574558, 11.804012186586831], "[220]": [1007.0777761970724, 5.180785807581376], "[240]": [892.8748788233712, 2.892029293986732], "[260]": [1014.0571352245038, 0.014204043416117595], "[280]": [974.1000839992547, 0.0018673702797055124]}