{"[20]": [2.0], "[40]": [4.869166827566076], "[60]": [147.91408084689272], "[80]": [205.78919523337117], "[100]": [69.41465118217434], "[120]": [8.15449399289082], "[140]": [1156.0577635375212], "[160]": [2292.55663557383], "[180]": [3516.5735144300415], "[200]": [1017.1141195077225], "[220]": [12.146273734411466], "[240]": [136.94587278090867], "[260]": [373.39845307392517], "[280]": [464.44425077071156]}