{"[20]": [7.072720325528612, 49.10664698142035], "[40]": [22.46945908775959, 32.76973989145591], "[60]": [301.5940568386033, 5026.80387546606], "[80]": [192.6640844925045, 7001.780140733893], "[100]": [1976.3731865053883, 907.7582125405505], "[120]": [998.7244977179431, 399.2825468453647], "[140]": [221.15150657919986, 241.88777915044867], "[160]": [120.17907396701204, 109.17344654198378], "[180]": [125.88481309934004, 33.62587975005011], "[200]": [126.49105825190644, 11.852541719066247], "[220]": [122.76088080444373, 0.010985736375976928], "[240]": [119.36862921615379, 3.9986842675036103], "[260]": [123.22448068818083, 6.900051099100833e-05], "[280]": [133.59151949735636, 2.6559117651761584e-05]}