{"[20]": [3.4378091449165185, 5.822231203581712], "[40]": [7.9516820133652715, 2.454688436282723], "[60]": [6.045981205189264, 114.25419071504999], "[80]": [30.687995149672872, 83.0111164083904], "[100]": [5.125918439613827, 73.95550382313559], "[120]": [27.2835769878767, 82.71856303288462], "[140]": [827.6797757685013, 705.5486863158543], "[160]": [292.61517238012675, 578.1803922223808], "[180]": [3319.921383060606, 349.8721348067411], "[200]": [732.4025489896649, 351.8047982159442], "[220]": [69.48661380140265, 73.803041114508], "[240]": [34.43804671609581, 19.12422375778658], "[260]": [37.418349429884245, 5.390751230901833], "[280]": [98.56655529551372, 1.2821127092920879]}