{"[20]": [0.832992593127171, 3.744700299766273], "[40]": [8.815877333754164, 8.422923122232994], "[60]": [6.130769369041644, 84.73375623248313], "[80]": [456.538105747313, 798.8042458783657], "[100]": [1392.821182596539, 525.0398714388621], "[120]": [1547.1225243932859, 35.11602182198385], "[140]": [738.024429285223, 190.04544116040825], "[160]": [92.88049496083565, 26.292830590965877], "[180]": [129.04821909607915, 26.62687165692772], "[200]": [138.6345662019633, 7.7075773074748355], "[220]": [133.6233064110651, 1.6594567767642232], "[240]": [127.77983590539836, 0.05055836441662365], "[260]": [112.53511473535997, 0.9924945818351674], "[280]": [102.60956046528281, 2.001114168206165]}